1000
2.8062199959e+21 7.2721202429e+19 1.2085591481e+19 4.8184910171e+34 -4.8958027572e+05 -3.7708470330e+05 -2.3208191672e+05
5.7701082024e+20 1.5774139754e+21 -2.6647384736e+19 9.9657786557e+34 2.1705158316e+05 2.4295389791e+05 -2.1382204962e+05
2.0757201236e+21 2.6548459369e+21 4.6567085881e+18 5.3249146498e+34 -1.4562701210e+05 3.1729051607e+03 9.7394183362e+04
2.0886078331e+21 1.4322789940e+21 1.8207426181e+18 1.4874300089e+35 1.5032723813e+05 6.3934919541e+04 2.3024531306e+04
2.1899206694e+20 1.9378348706e+21 -3.6938320413e+18 1.8645299949e+35 4.0835860074e+05 -1.2616620307e+04 -1.1415259766e+05
3.2409059252e+19 1.4965059228e+21 2.9662948055e+18 2.2554228866e+34 -9.3435267600e+04 1.8843904232e+05 -1.2075477998e+05
8.4487442616e+20 1.8660915954e+21 -8.6616114622e+17 1.4801597043e+35 -4.5095186833e+04 -3.9871304070e+02 8.9486503339e+04
2.7173462094e+21 2.6161772115e+21 -5.3910354813e+18 1.3406192526e+35 -1.3855712531e+05 -2.7953844402e+05 9.1513033938e+04
3.9332699598e+20 2.1518230772e+21 -1.7455709137e+18 1.0727625680e+35 9.3096176480e+02 -1.3834076474e+03 -9.4080259519e+02
5.9120611753e+20 2.6034708576e+21 -2.2523198669e+19 5.2876863220e+34 2.0616573141e+05 1.7470817109e+05 -4.3896780105e+04
3.8283021081e+20 2.9419589214e+21 1.6490445055e+17 1.5532564400e+35 1.9969197357e+04 -2.6783144194e+04 -4.3162238101e+04
8.1199678245e+20 6.2639487486e+20 -4.7660505142e+18 1.4316082443e+35 3.2315902539e+04 -1.4075664343e+03 -7.0898861974e+04
1.8973275945e+21 2.8504207402e+21 6.4936154711e+18 5.1355255658e+34 -1.2124413537e+03 -5.6867978795e+04 -5.7667669072e+03
6.7318871934e+20 8.8416049453e+20 1.2394559094e+18 6.1127001878e+34 9.8758380115e+04 1.6643510086e+04 1.8034410321e+04
1.8500553296e+21 2.1596258373e+21 -1.3279286298e+19 6.1050074098e+34 1.7982436230e+05 2.1062702138e+05 -2.3246479610e+04
1.0330400350e+21 2.1507269092e+21 -8.3507457345e+18 1.4860658695e+35 1.2590313834e+05 1.6448534739e+05 4.2818793413e+04
7.6535536928e+20 6.2819868896e+20 -1.1395891263e+19 1.8898041297e+35 -4.9938503376e+04 2.0214735762e+05 -4.6858209160e+04
1.9486185514e+21 2.7025499600e+21 -8.6932195977e+18 1.0902890180e+35 1.7020785311e+04 2.7502197428e+04 -1.3729408948e+04
1.9925186650e+21 9.0065739501e+20 -1.5095073014e+19 1.8355970849e+35 -5.6568066663e+04 3.6476679296e+04 1.5750642024e+04
2.2194888305e+21 2.9243870048e+21 -6.2013876538e+18 1.9345994978e+35 -1.1043416550e+02 9.8139376748e+01 1.3833503469e+02
2.9026709057e+21 2.0454327531e+21 9.1966551523e+18 1.8420613076e+35 3.0697909880e+05 -1.4819460190e+05 2.4672275835e+05
1.9248423457e+21 6.7408512574e+20 -5.3025491030e+18 1.0542205998e+35 -1.7178111820e+04 -2.5938039076e+03 7.3817050301e+03
9.9090355476e+20 1.1853268114e+20 -4.6073490988e+18 1.6667411714e+35 4.1776909568e+04 -1.4696395685e+05 8.3842289979e+04
2.7424959169e+21 2.1370706093e+21 -1.2802114048e+18 1.0900328402e+35 1.3970562284e+05 -3.0962195864e+05 1.1143466277e+05
1.1000233499e+21 3.8714816588e+20 3.5926450772e+17 5.1334823793e+34 -1.5004244372e+03 -1.5964880716e+04 6.8475840642e+04
2.9307725250e+21 2.8298640169e+20 9.2615551475e+18 1.5130811695e+35 -2.7919592743e+05 -8.8131928189e+04 -1.2234299746e+05
8.3415235950e+20 2.6205048855e+21 -2.2630521124e+19 1.9789868505e+35 -1.7412076907e+03 -3.4538597878e+04 -1.6340367572e+04
1.6402853301e+21 1.2956130247e+21 -1.2355593609e+19 2.6668162505e+34 -2.1380536734e+04 -3.2181751898e+04 -1.5206366797e+05
2.6122863799e+21 1.3288406873e+21 1.3289446945e+18 7.6177855267e+34 5.5448564091e+04 -3.1789813315e+03 4.8964825181e+04
6.1465087577e+20 1.1181380501e+21 -9.5373245167e+18 1.1303540203e+35 -4.2327866302e+05 2.9075385243e+05 1.5677418359e+04
9.7397124610e+20 8.1826080200e+20 -2.0419947349e+18 1.6420028153e+35 -1.2439448010e+05 1.3951994552e+05 -3.4757889808e+04
2.6671225990e+21 2.6858262119e+21 1.8017892376e+18 6.9686016762e+34 -3.0033617947e+05 -2.0147811455e+05 2.0261339165e+04
1.6912208810e+21 1.5706727931e+21 -5.8812014683e+18 1.4252964842e+35 1.1183163902e+05 -1.9093399917e+04 -4.5438134446e+04
1.4279191342e+21 1.0375306002e+21 2.1255459305e+18 2.7233978543e+34 -1.9344822116e+04 2.4914408222e+04 -9.1786279808e+02
1.5383440131e+21 3.4330530096e+19 -6.9051009577e+18 2.6004351337e+34 -2.4769802050e+05 -3.1794482425e+05 4.6372853917e+04
2.0687538327e+20 2.5506049287e+21 8.8943494121e+18 1.7263209711e+35 1.6903123131e+04 -3.3595779950e+05 -7.7812852429e+04
1.9114896455e+21 2.0568648309e+21 2.8638927342e+18 1.0317526171e+35 -9.8699893328e+04 3.3517121821e+04 3.3129045796e+04
5.5468717649e+20 1.8676698745e+21 -6.8279023852e+18 1.4441438330e+35 5.9728279542e+04 -1.1898405445e+05 -5.2913482320e+04
1.9601259000e+21 1.8057428086e+21 -8.8487657563e+18 5.7120651489e+34 -2.9198924420e+05 8.2199146182e+04 1.1203243257e+05
2.6492052935e+21 2.0658794813e+21 3.4398617614e+18 5.1147164518e+34 -7.6069578944e+04 -1.6860866889e+04 -1.6945016778e+05
6.3506147083e+20 1.0968564417e+21 -2.8837916371e+18 1.6292365533e+35 7.2191450094e+04 6.2837059225e+04 -7.8587992703e+03
1.1702364900e+21 2.9953062781e+21 9.7161745489e+18 1.7112679926e+35 3.1342634209e+04 -6.1598745069e+04 5.6198735346e+04
8.4792429452e+20 8.5568292451e+20 -7.9787564431e+18 5.5349767775e+34 -6.5632584185e+05 -1.8182848838e+05 -1.1580493541e+04
2.8691451199e+20 2.6306029009e+21 -2.4348074952e+18 7.1558798717e+34 -9.3557976897e+04 1.0711917548e+05 1.7254895788e+05
2.5234455600e+21 1.2071199928e+21 1.2856651743e+19 1.7775785265e+35 2.0617826227e+05 1.5564710240e+04 -2.1363229617e+04
1.6485796936e+21 2.6145695589e+21 2.3446736320e+18 1.3667568117e+35 -1.6278285661e+05 3.0917923345e+03 -6.1722839907e+04
1.3128337600e+21 1.1286259187e+21 6.8057826942e+18 1.8365576208e+35 -1.4477053686e+04 -1.4124858850e+04 3.6113820035e+04
2.5373942488e+20 2.3213988179e+21 3.5362009990e+18 1.8848790638e+35 -2.9263483280e+05 -1.0009751688e+05 -1.2143342563e+05
1.2405454030e+21 1.0733433072e+21 -3.4168180949e+18 1.7086596626e+35 1.1070140060e+05 -1.4435040938e+05 2.8512295277e+05
2.0019078537e+21 1.4517809480e+21 5.3288437600e+18 1.0319532208e+35 1.3529179111e+05 -2.7655073049e+04 8.0094280201e+04
2.4345696463e+21 6.6641909255e+20 1.8316026892e+18 1.0120605466e+35 6.5934804953e+04 1.8498089164e+05 5.0951257551e+05
2.5483362289e+20 1.6034360589e+21 -1.1734669016e+19 1.3674778316e+35 4.6403894384e+04 -1.2677380124e+04 -6.8172934692e+04
1.0407959838e+21 6.2163826610e+20 1.4462762968e+18 1.1554011259e+35 3.0816808958e+04 -1.2559996081e+05 -1.2830231097e+05
1.8624791738e+21 2.8854946405e+21 3.1774752598e+18 9.4493037054e+34 -6.9307398872e+02 -9.5643308981e+01 4.4562759078e+02
2.9212994240e+21 2.3643963404e+21 -4.6747615270e+17 5.7756022159e+34 -5.3428237570e+05 2.8177505322e+05 3.0459896663e+04
1.7441205689e+21 7.2665993241e+20 5.4756410031e+18 2.8583633367e+34 -6.7674029639e+03 1.4512001062e+04 3.1616731857e+04
7.8164945001e+20 2.9949690789e+21 1.8225007468e+18 3.6930703065e+34 -3.9475068559e+05 -4.0792526938e+05 2.4408853223e+04
4.3108722871e+20 2.2865085363e+21 -1.1837335088e+19 1.8082630691e+35 -8.4696424543e+02 -4.7311087847e+05 2.0483315997e+05
1.0278039756e+19 1.7209457820e+21 1.2111827952e+18 6.2821776533e+34 1.7944072393e+04 -4.3654343629e+03 -1.2183087997e+04
1.2123511559e+21 2.8417412742e+21 7.8369661760e+18 1.9199413280e+35 -9.4053964559e+02 -3.3679170725e+02 -1.8344330884e+03
2.0045848805e+21 6.1076118829e+20 -1.0352045178e+19 6.3241790980e+34 -4.8460477993e+04 1.5574051940e+05 -1.6722302148e+05
2.0987449283e+21 1.9661138751e+19 -1.1061265588e+19 8.1552063076e+34 -4.7852694101e+02 -1.7408770919e+04 1.2444386522e+04
4.3804200634e+20 2.7640795894e+21 1.0644737214e+19 2.3846892042e+34 3.4978273469e+04 1.8726814404e+05 -3.7137726984e+05
6.2103019097e+19 2.1168355709e+21 -6.6572650967e+18 1.2030827430e+35 1.7990392824e+05 -1.8968345450e+05 7.8634813760e+04
1.1648545521e+21 3.5874912919e+20 -4.2359787534e+18 1.4402978187e+35 3.3143982170e+03 1.2791852760e+03 -3.3581038727e+03
1.4653290525e+21 7.5343142761e+20 -7.3054146080e+18 1.9238997202e+35 -3.3919213876e+05 -2.9182208317e+05 -3.2092561800e+04
6.3782652802e+20 7.0987631035e+20 -7.3835505522e+18 4.6467853204e+34 -1.3303026725e+05 1.2082620514e+05 -1.9237822418e+05
9.9511152652e+20 1.8238474937e+21 -1.9625100511e+18 8.4794010518e+34 -3.4605379696e+05 1.9718708752e+04 1.6257795304e+05
1.1557600610e+21 8.2418987775e+20 8.9780046031e+18 1.3915278443e+35 -9.9779265099e+02 -3.5199582830e+02 6.7106621808e+02
1.9594385599e+21 1.3598734494e+21 -2.3119807513e+18 1.5624343809e+35 1.7410660009e+05 1.6874812939e+04 2.1731850519e+05
1.5679804751e+21 1.2052013566e+21 -6.0892920751e+18 8.5654205522e+34 1.5753760927e+05 -5.7027653631e+04 -1.3421364579e+01
1.0077803870e+21 1.7097279705e+21 -9.6101906244e+18 1.6181865108e+35 -3.2325209774e+05 2.2093991397e+05 -1.1505044660e+05
1.6754918181e+21 2.6358757708e+21 4.1462711850e+18 1.5104856904e+35 1.6705259949e+05 -3.1996500306e+05 -1.7777500729e+05
1.1017978904e+21 2.0972496204e+21 -3.7118127942e+18 1.5406744393e+35 -1.9853821362e+04 1.9271048038e+05 4.0074301275e+04
2.4109411543e+21 3.6351548251e+20 -5.9039471865e+18 9.6120273145e+34 1.3613837874e+05 -2.9578200681e+05 2.0837689460e+04
5.2435717182e+20 1.7943772342e+21 -6.3660399610e+18 4.9292296792e+34 -2.7224338068e+04 -2.1015610424e+05 2.2980603748e+05
8.5751224229e+20 5.7827640095e+19 -3.6234474456e+18 8.2961220017e+34 1.6353666259e+05 -1.7205617789e+05 4.7503698178e+04
2.2838074192e+20 3.9919682041e+19 6.7746762744e+18 1.0162297175e+35 1.2712851305e+05 -1.7341471535e+05 9.9911894037e+04
7.2069679233e+19 2.2293369583e+21 -4.2970488026e+17 7.1810930285e+34 1.0509622575e+05 2.9274308899e+04 1.3658342295e+04
2.6004935163e+21 8.1061841621e+20 1.8821383961e+19 1.4789230679e+35 1.7561070073e+05 -7.1851281737e+03 -4.7290112107e+05
1.0320741387e+21 2.0854644612e+21 -4.3883528151e+18 9.4284420666e+34 -3.3011110605e+04 -1.3204673645e+05 -4.2549205494e+04
1.7951089068e+21 9.3859726832e+20 1.2925933476e+19 1.4962195476e+35 2.0936005116e+04 2.1593348640e+03 -4.7232764786e+03
4.1393100444e+20 2.3744481700e+21 7.0334432291e+18 1.8051697952e+35 3.8355408022e+04 -5.3649260824e+04 -1.5117694127e+04
6.5335761340e+20 8.1184092177e+20 9.8411567093e+17 1.2485172803e+35 9.7234405618e+04 -2.9119809448e+05 4.6654764933e+04
2.7062774151e+21 9.7796807359e+20 1.5624647779e+19 1.1588814446e+35 3.3389184421e+05 5.5951470692e+04 -2.2215241487e+05
2.1927706475e+21 1.7349014111e+21 -7.3315105126e+18 1.0132202646e+35 -4.2164725568e+04 7.7049723581e+04 -2.2984336203e+04
1.7140107843e+21 1.1747968358e+21 2.1120907632e+18 4.4770611089e+34 -1.7986704564e+05 7.8168073975e+04 -2.9778667603e+05
2.4654795148e+21 2.2994730787e+21 -1.6659669047e+19 8.9732946965e+34 -6.3454465883e+04 6.0229721744e+03 1.0840030243e+05
2.3501716110e+20 2.1847776250e+21 -7.3306258263e+17 4.6837158937e+34 4.1806584821e+05 5.6329259665e+05 5.6384607573e+05
2.2300477806e+21 5.9088833429e+20 1.8200116328e+18 1.5287355443e+35 -1.0735527101e+04 1.5884765805e+05 1.1889528171e+05
1.0506843698e+21 1.8965066228e+21 1.7075507480e+18 4.7198084534e+34 1.9549982504e+05 -2.1119065127e+03 -1.4155416585e+05
1.4099302884e+21 1.0152180978e+21 -9.2815991034e+18 1.6673231435e+35 -1.3393286331e+05 -4.8312687917e+04 2.1268466829e+04
2.0170779377e+21 2.0288341099e+21 -2.4793680641e+18 8.6067295245e+34 7.7039026302e+04 2.1990864000e+04 -5.2644532825e+04
7.9481996083e+20 1.2762006400e+21 9.6161526749e+18 1.0279366285e+35 -1.7503985968e+05 8.8936073465e+04 -2.6805765599e+05
1.7365484461e+21 1.3790397351e+21 2.9772646693e+18 7.5927126407e+34 6.0944780289e+03 -1.3472041188e+05 9.7807992648e+04
2.0502558048e+20 1.7011383171e+21 2.8559081494e+18 1.6196349840e+35 -1.8664618395e+02 1.5531029003e+05 -4.3749435414e+04
2.8312764037e+21 3.3535783902e+20 3.3458036323e+18 8.4732462790e+34 8.7930692715e+03 1.4582764580e+04 -5.0026243800e+04
2.3128514583e+21 1.1530571956e+21 -8.4422961375e+18 1.6372002579e+35 8.5405259004e+04 5.2513322827e+03 -1.1350227462e+05
1.8929522131e+21 1.6033324786e+21 -7.9232304301e+18 1.2218187414e+35 -6.7144047271e+04 -6.0908080124e+04 -1.3265568745e+05
7.4571663593e+20 9.0198179252e+20 1.8963114614e+18 6.9840189780e+34 2.0545164027e+05 6.8749180781e+04 2.0292693848e+04
2.1984690840e+21 1.2778667845e+21 -3.8889090409e+18 1.3485341284e+35 2.3916293391e+04 1.5474506067e+04 4.7110601599e+04
1.4969424533e+21 1.1517734062e+21 5.9216053507e+17 1.0075234519e+35 -4.9848458604e+04 5.3884656325e+04 -3.5193208316e+05
3.2729391241e+20 4.0620934386e+20 8.5372571660e+18 7.2308688270e+34 -5.8053662452e+05 -6.6858202522e+05 -1.6116855510e+05
2.4904327228e+21 1.4720142922e+21 -3.9418056690e+18 1.5184010714e+35 3.1212076732e+05 2.2320948722e+05 -1.3790842184e+04
7.8332185476e+20 2.0082212838e+21 -1.0037343411e+18 6.6994774664e+34 -1.4927670647e+04 1.7324058985e+04 1.7652698480e+04
2.3551648857e+21 3.6145089657e+20 -1.2040316075e+19 1.1447199655e+35 -4.5790393870e+03 -1.5811388499e+04 -6.0179429592e+04
2.5170661460e+21 1.6193865730e+21 6.9890996193e+18 6.9262379452e+34 1.8807588586e+03 8.8774781453e+04 9.7097052010e+04
1.7270011210e+21 2.2053761010e+21 3.3978592485e+18 1.9841821852e+35 -1.1525090012e+05 2.8393355264e+05 7.0540068566e+04
1.4688099005e+21 3.2797059941e+19 -9.1509089541e+18 1.0671945915e+35 -8.3999845207e+03 8.5298500548e+03 4.9032701174e+01
2.2295264661e+20 7.1861575037e+20 9.1666914022e+18 1.8822077670e+35 -1.1335556140e+05 1.5467799946e+04 1.2591341166e+04
2.5603481308e+21 1.0673392866e+20 7.1354993919e+18 1.7649810485e+35 -1.2118805293e+05 1.8301917841e+05 -1.9940883331e+04
2.4358222317e+21 1.9766152485e+21 -4.1492516696e+18 1.6613944877e+35 -4.2950833147e+03 -5.9769781057e+03 -9.3400415963e+03
9.3673873627e+20 1.0983596675e+21 3.8683021176e+18 1.9403079032e+35 -1.8489843795e+04 1.5450317635e+05 -3.0338491983e+03
1.5073327638e+21 1.5253913124e+21 1.1179397760e+19 7.8557951336e+34 1.4472440480e+05 1.0699437602e+05 1.5057420725e+05
2.0850698324e+21 4.0456205471e+20 -3.4699673114e+18 1.1590341978e+35 -1.1364688854e+04 1.5141331564e+04 -1.6392665725e+03
2.4913962187e+21 2.1776541270e+21 7.2053625896e+18 9.7924954612e+34 -3.1952418532e+05 -3.1057598680e+05 -1.7680268097e+05
6.0820233772e+20 1.4900576377e+21 3.6409103961e+17 9.7701216914e+34 -1.0773369290e+04 9.0856669396e+04 1.3850280476e+04
6.3130746271e+20 2.5483197714e+21 8.1703355319e+18 1.0046843255e+35 -1.0646810679e+05 -8.5504826286e+04 -1.3944073793e+05
1.9014607865e+21 1.3067138742e+21 -5.4711920572e+17 1.6431632476e+35 1.2403223708e+05 9.8940052212e+04 2.1754217970e+04
1.7302843978e+21 4.0870000701e+20 -1.4077423853e+18 1.8125292983e+35 -1.1356383795e+04 1.6920041557e+05 -2.0101616802e+05
2.0454477980e+20 2.8987727236e+21 -2.7061981718e+18 1.7349434190e+35 3.9239256377e+04 1.0021574171e+05 3.0381040528e+05
2.3065638002e+21 9.0341560901e+20 1.1649638611e+17 2.6682463316e+34 -5.4969330052e+04 -1.2959424329e+04 -1.2567084269e+05
7.0159718183e+20 2.3706698778e+21 5.3897543467e+18 1.2636075731e+35 -2.2955020926e+04 2.0404006071e+04 1.8603768871e+05
6.2035330658e+20 7.2289553006e+20 4.4846267317e+18 1.3751372853e+35 -1.3410077580e+05 -1.3522965176e+05 8.0761580271e+04
1.1620923468e+21 2.7813903449e+21 -3.3628233319e+18 6.6336547713e+34 -1.2884768988e+05 1.7150922002e+05 -8.6880750159e+03
3.0974483968e+20 1.7222068851e+21 3.5727622887e+18 1.3106824024e+35 -1.8685994838e+05 -1.4364334874e+04 -2.8584978830e+05
1.9597907933e+21 2.3341385930e+21 6.3138671472e+18 1.9561315343e+35 -7.8327423812e+04 1.7387307575e+05 4.6632585142e+03
3.0069390932e+21 2.5497947577e+21 -6.5813749536e+18 1.3514152190e+35 6.2634164038e+04 -6.5164183491e+03 -1.9372892167e+04
1.9704205904e+21 4.4375243715e+20 -2.3036248725e+19 8.3107227442e+34 -2.0901714012e+05 -2.9634436456e+04 4.7083686077e+04
9.3743754933e+20 2.0029860642e+21 4.7942442509e+18 3.1459676883e+34 -1.1052848905e+04 4.0195786441e+04 -2.9349685932e+04
1.3282986694e+21 2.8504848574e+21 4.2296099164e+18 9.6566520606e+34 -2.0607142571e+05 -4.4279593259e+04 1.5368234906e+05
6.0844178867e+19 2.2794064959e+20 6.2629384032e+18 1.7884684911e+35 1.0769099967e+04 -1.6089634880e+05 -2.5720120660e+05
1.5526929896e+21 1.2687517423e+21 -1.1029020627e+19 2.8789511310e+34 -4.8575565645e+03 -1.6788121508e+05 -1.5311793641e+05
1.0773863874e+21 1.3290886691e+21 9.1163737330e+18 8.0161153041e+34 -4.4883003613e+04 1.9136595395e+05 4.3760028439e+04
4.7752907531e+19 2.7007430572e+21 5.0289966800e+17 1.1119725545e+35 1.0135709328e+05 -7.4793426023e+04 -9.4682474997e+04
1.5087683300e+20 6.3585168581e+20 -7.6338879811e+18 1.6053409559e+35 6.5891199139e+04 -7.7633949852e+03 1.6450177945e+05
6.2624558157e+20 2.4716708658e+21 6.6233039420e+17 1.3973341928e+35 2.4703391004e+05 -5.9103323052e+04 2.2298535877e+05
2.8501673797e+21 1.9203427913e+21 -2.8732351626e+18 7.0217887473e+34 6.2224899409e+03 -5.6910550969e+03 1.3188205528e+04
1.8896939930e+21 1.5739598222e+21 3.1387417955e+18 1.0640185564e+35 -1.3328121368e+05 4.6741606814e+04 1.1353214523e+05
2.4537363598e+21 2.0369753215e+21 -5.0715126567e+16 1.4014809040e+35 -1.9477009571e+05 -2.5081959899e+05 -1.3987427503e+04
1.7322868242e+21 2.5397029156e+21 9.9309541515e+18 2.5999881057e+34 -2.0230852388e+05 -1.2236180851e+05 1.6166840183e+05
3.0103709174e+21 1.0468920546e+21 -5.1835396881e+17 1.1568665717e+35 7.3481500419e+04 -2.2394675361e+05 1.5455426785e+05
2.7519520690e+21 2.4406689655e+21 -6.4480773918e+18 5.7643726551e+34 1.0914240005e+05 3.6346796327e+04 5.6397703668e+04
1.6676535019e+20 2.4104882014e+20 -1.2737564972e+19 8.3598956586e+34 -1.9838878602e+04 1.9126176003e+05 -1.3135669018e+05
2.9106317429e+21 2.6741202190e+21 3.7984859247e+18 1.0419226793e+35 1.1077480944e+05 -3.1883014047e+05 -3.3087019451e+04
1.0054708795e+21 2.7741511656e+21 1.0966425670e+18 9.0079899765e+34 -1.5573171816e+05 -4.4743690770e+04 1.8601879505e+05
2.5770353281e+21 8.8790885598e+20 -1.4953028568e+19 9.0079829452e+34 3.2332325932e+04 -4.2540249166e+04 -4.4289283215e+03
7.7940073795e+20 1.8034034124e+21 -6.6904283512e+18 5.5543327854e+34 -2.2352531580e+05 1.5981664922e+04 1.9992916594e+05
3.7814632895e+19 9.5372846830e+20 7.5492325015e+18 1.1054715549e+35 -5.6147674263e+04 -1.6756361160e+05 -2.7029483759e+04
1.2297445478e+20 1.2044680803e+21 -1.9141734659e+19 1.1401138492e+35 1.6222640808e+05 -4.4287834777e+04 -1.1698204358e+05
2.9577256810e+21 9.4380669413e+20 -2.3511757045e+18 1.8821023736e+35 1.1105839007e+05 -1.4037590596e+05 -1.3374934813e+05
2.9580461390e+21 1.6784726470e+20 6.5641362956e+18 7.3091682147e+34 -8.4599950410e+04 -1.5255361701e+05 -1.5883350447e+05
8.7874500778e+20 1.3536751832e+20 -4.7069201882e+18 1.4574379595e+35 -1.6242442151e+05 3.7196310307e+04 9.6727719873e+03
6.6421279703e+20 1.2534976377e+21 7.7067430836e+18 1.2460258034e+35 -9.0077151231e+04 9.3653080308e+04 2.0207669099e+05
1.4887585618e+21 5.5802783370e+20 6.4835500674e+18 3.0893272308e+34 7.7385004488e+04 3.4627616925e+04 1.8004884616e+04
2.3327752851e+21 2.0869431921e+21 -7.3995545807e+17 3.5275073339e+34 -1.6916065461e+04 -1.6082450436e+05 2.9167550904e+04
1.6198805918e+21 2.1395870375e+21 7.5346402183e+18 9.9041245867e+34 -5.9622639346e+04 5.7998930502e+04 5.3142394893e+03
1.2401457215e+21 1.7573073651e+21 -3.3421750791e+18 9.9084274297e+34 1.3737006800e+05 1.0309216526e+05 -2.2157555396e+05
2.7687738656e+21 8.7026462072e+20 3.9767146211e+18 1.7029064322e+35 -5.0611929502e+04 -9.7467816085e+04 4.5662595152e+04
1.0244537471e+21 2.5320190402e+21 -4.7493133334e+18 1.5362638201e+35 -8.9645844175e+04 -1.7537594334e+05 -5.3192017859e+05
2.6675045422e+21 6.3556053935e+20 3.4027440626e+18 1.1095988862e+35 -9.9734149544e+04 -6.8826802182e+04 9.8626530344e+03
1.7301344591e+21 1.3687378820e+21 4.2116773381e+17 4.4526477156e+34 -3.3108486426e+04 2.8026880719e+05 9.9092129876e+04
2.5123871750e+20 2.6039790787e+21 4.0322271170e+17 1.3607275477e+35 6.2682135673e+02 -2.0653637034e+03 8.0840880990e+03
2.8219704835e+20 3.0154909068e+21 2.5423451265e+19 7.9306090767e+34 2.6664754838e+04 -3.4656326801e+04 -4.0150264177e+04
2.2187070737e+19 2.6827225269e+21 -1.8353107996e+18 7.1056017122e+34 -8.1799049289e+03 -7.6506140701e+04 6.1820498936e+04
2.1808996619e+21 2.7773875112e+21 1.1258502440e+18 1.1995608446e+35 -2.2348927060e+05 1.7711397784e+05 -6.7160351514e+04
2.7068006616e+19 3.4771549008e+20 1.1707283076e+19 1.9016387220e+35 1.5012568670e+05 2.0051879117e+05 2.3688477261e+05
2.5241344637e+21 1.0975506406e+21 2.2096073763e+18 1.3790631308e+35 3.1017120720e+05 9.3354616640e+04 1.8187058051e+04
2.0113267992e+21 1.4763575208e+21 -4.1410050849e+18 5.0013648924e+34 8.5036052922e+02 1.8478147036e+03 6.3626740048e+02
1.8123979813e+21 2.5956458469e+21 -6.7432067170e+18 7.8678775927e+34 3.1395445977e+04 -9.1618347633e+04 -3.3043362456e+03
1.9319090263e+21 2.6531036492e+21 5.2518049833e+18 7.7687269952e+34 3.3543439013e+04 -2.0913125024e+05 -1.6219629465e+05
2.2979281757e+21 1.5554079321e+21 1.1270456043e+19 4.4282736487e+34 -2.3423377090e+05 -2.3190353078e+04 1.1828963444e+05
1.2998831254e+21 3.8455675959e+20 -7.1427250913e+18 8.7282719799e+34 -5.6938815744e+04 9.2395442092e+04 2.1975209780e+05
1.5708699363e+21 1.0688994764e+21 -1.2473304962e+19 3.7677058290e+34 4.7771409428e+04 -1.9025216393e+05 -1.4028098662e+05
2.2618007156e+21 2.3659071512e+21 -7.3116019432e+18 1.8185467602e+35 1.9683412165e+04 -1.8308794076e+05 2.1923411722e+05
1.2093950758e+21 8.1818443768e+20 1.7299478817e+18 1.9112123428e+35 8.4129183172e+04 -6.9564366288e+04 1.7980444967e+05
1.8358818094e+21 2.8642941058e+21 3.4608551809e+18 7.1292778276e+34 -5.9660433812e+03 5.9385495883e+03 2.2465610032e+03
2.6890361911e+21 2.3459202542e+21 -2.0727227807e+18 1.5852648537e+35 5.9395334546e+04 7.7270185463e+02 -8.5212846814e+04
1.2576489593e+21 3.2079880887e+20 4.0598393357e+18 3.3762949603e+34 1.6169363903e+05 -3.3202325755e+05 4.5169986524e+05
1.1707510890e+20 2.8690873561e+21 -9.8286431342e+18 9.7379715990e+34 7.6090587082e+04 -4.0350581605e+04 4.4616197527e+05
2.5687722289e+21 7.7629386796e+19 -1.7994762037e+18 9.8684341229e+34 -9.4573604451e+03 -1.3281457635e+05 -7.1810178976e+04
2.7788785715e+21 4.0025181374e+20 1.3322856470e+18 1.4569999740e+35 -6.9443673812e+05 3.2038317298e+05 9.4474458725e+04
2.8028144966e+20 2.7755176449e+21 -4.6966439972e+18 7.5167209348e+34 4.5224726590e+05 -8.2633948877e+04 1.5462411260e+05
6.9994283829e+18 1.0566780916e+21 1.4273507583e+19 1.3473742016e+35 -7.6965505442e+04 -1.0690495985e+05 -3.3887488359e+04
1.6938590900e+21 1.4421507168e+21 -1.2743748959e+18 9.0828530663e+34 2.4142389784e+04 -5.5176029920e+05 3.5943921756e+05
2.0079672561e+21 1.9593229743e+21 2.4743689519e+18 7.1133542793e+34 -2.0269138096e+04 9.9057674704e+03 4.2497116715e+04
2.7994407610e+20 1.4326557511e+21 1.1795315587e+18 2.8091462459e+34 8.2034689765e+04 3.3298056849e+05 -3.0645047537e+05
6.9823692892e+20 6.4938110299e+20 -2.7847239505e+18 1.8763008889e+35 -1.6848426991e+05 2.8636322132e+05 -2.8887509379e+04
2.8900085924e+21 2.7154985401e+21 3.8761732274e+18 1.9348586318e+35 -1.8242794059e+05 -2.9376014565e+05 -2.1093132335e+04
3.2641209255e+20 1.3261113382e+21 -2.8798118097e+18 5.5995178402e+34 -5.4637156703e+03 3.0714009396e+02 -3.3135699913e+04
5.8021527117e+20 1.0978947835e+21 -1.3686712726e+19 3.4327622813e+34 -2.4739979516e+04 4.6985788729e+04 2.5769987303e+03
7.4486369793e+20 7.1401400488e+20 7.7833437244e+17 9.9200089072e+34 -2.5109240882e+05 -4.2546355221e+05 2.2909470632e+05
1.2584659645e+21 1.0686538966e+21 -9.8107852150e+18 2.2251061767e+34 8.6839278693e+04 2.7057312038e+05 7.5680454091e+04
1.2573318680e+21 2.1425927956e+19 -9.3650034099e+17 4.5047808930e+34 -9.1608873289e+04 1.6300736717e+05 1.8157998300e+05
1.0018225141e+21 2.3874552652e+21 3.6750979036e+18 1.6093047338e+35 -4.8228958183e+03 4.4416697011e+03 1.2410907116e+04
2.8151511159e+21 8.1162325038e+20 -3.3474045415e+17 3.6216474236e+34 -3.4743000874e+04 3.4710456699e+04 2.0975274595e+04
4.2347728807e+20 1.2111409700e+21 -7.0375332776e+18 1.2754944148e+35 -1.1647662600e+05 1.4699982264e+05 -1.3113013537e+05
2.7955305492e+21 2.2466914838e+21 -2.4992007785e+18 1.1739224290e+35 1.4012534174e+05 -1.1414476705e+05 -1.2309425484e+05
3.9270214700e+20 6.8038300082e+20 -2.7750707583e+18 7.6723947676e+34 9.0922592737e+03 -1.3756529711e+04 1.8783129797e+04
1.4471679591e+21 2.4805809390e+21 1.1535289673e+17 7.2165550744e+34 1.9856856878e+05 -1.9626770494e+05 2.5630967530e+05
2.0075022868e+21 9.2639397039e+20 -9.0704258390e+18 7.7579717880e+34 2.7250761915e+03 2.8177316595e+05 -2.6073162434e+05
2.4716704669e+21 1.9160490052e+20 7.9494449093e+17 1.6408588400e+35 -9.6810537705e+04 1.0811983478e+05 -7.9970876088e+04
4.0084149170e+20 1.9325028734e+21 -3.9245260758e+18 4.3637429871e+34 -1.2898925848e+05 -9.5928169754e+04 2.0052578609e+04
4.2644292595e+20 1.2096073512e+20 4.8779246458e+18 8.3070131551e+34 2.0435383920e+03 -1.6693390260e+05 -3.3822562180e+05
6.8997285377e+20 2.1160069665e+21 4.2940899744e+18 1.7084556449e+35 -1.1084107273e+04 -7.9622959136e+03 -2.8737724108e+04
2.9849751768e+21 1.6456895530e+21 -7.0529161059e+18 1.6428091629e+35 1.1907181426e+05 -3.2445375883e+05 -2.9471638738e+04
3.3662568968e+20 9.7087630404e+20 -1.9142828818e+17 9.6904429252e+34 6.7122250037e+04 7.6570696945e+04 5.0427221093e+04
4.6633572194e+20 2.9245772612e+21 8.7173401009e+18 3.8161174988e+34 -1.3203064493e+04 -3.2152863532e+04 -7.6551194904e+04
7.2634793169e+20 2.1836517169e+21 -8.5787606267e+18 1.2343637330e+35 1.0914906262e+05 -1.1765985875e+05 7.5190888206e+03
1.2968155780e+21 2.6337291276e+21 2.5636159696e+18 1.6039441456e+35 -2.5015529002e+05 1.7938437296e+04 2.7945810486e+05
1.8146923704e+21 2.5395164122e+21 -3.9147116924e+18 1.8485705749e+35 1.4678053184e+03 1.6961566523e+04 1.9512557392e+03
2.9568703939e+21 1.0374603550e+21 4.5994310407e+18 1.9566969156e+35 2.3195428588e+04 -1.2113336418e+03 -1.7876798693e+04
1.9405327100e+21 1.4436257542e+21 2.7917669127e+18 2.6293196445e+34 -2.6777248361e+04 3.5866718230e+05 -4.2750137578e+05
2.4589701560e+21 1.8521930815e+21 -2.8897027078e+18 1.7070788329e+35 8.4316828299e+04 1.5348776033e+05 -1.7250398677e+03
1.1722350449e+21 2.6807397424e+21 6.6050729748e+18 3.7907231477e+34 1.8771204782e+05 9.9342752976e+04 5.9532917828e+03
6.0067313808e+20 2.5126732616e+21 -2.5396212955e+18 1.6216627065e+35 -3.4732530306e+04 7.2185229025e+04 -1.7906725611e+04
2.8283777392e+20 1.9470202639e+21 6.5530713183e+18 1.9341312404e+35 -4.5641428886e+04 -1.0786452443e+05 -1.6492880113e+05
2.1424486510e+21 4.8352771875e+20 -1.1586985752e+19 5.0749554438e+34 -1.9606970545e+04 5.1308047495e+03 3.9279660664e+04
1.2544751433e+21 2.6800929690e+20 -3.9881937547e+18 1.1944678122e+35 -3.9211011058e+04 4.0709673576e+04 -6.4501615093e+04
2.5117765372e+20 7.3133486682e+20 1.3868563932e+18 1.0444597145e+35 1.6221045798e+05 1.5114166753e+05 7.9440095382e+03
2.2030881533e+20 2.2635310658e+20 5.4325891762e+18 3.1991411906e+34 -6.6137103053e+05 4.5185396935e+05 -4.1038561178e+05
4.8316070102e+20 1.6700702732e+21 6.6197252761e+18 1.1554732139e+35 1.1201444916e+05 -6.9942801216e+04 -1.6307456991e+03
1.4226443500e+21 8.5544202740e+20 2.1047459768e+18 1.0618890378e+35 -8.1819650253e+02 -1.3070032716e+04 5.7271329102e+03
1.3052481815e+21 6.2727119711e+20 -6.1587543902e+17 2.3322769327e+34 6.1509381432e+04 4.8320793933e+04 3.2067187427e+05
3.2161972636e+20 1.0454379065e+21 -9.1004192571e+18 1.5295194793e+35 2.2850802445e+05 8.2600127166e+04 -1.0333063823e+05
3.4750972900e+20 2.8106518923e+20 4.9597748442e+18 7.9954446188e+34 8.4505886463e+04 -3.1423694139e+04 -2.7552485694e+04
8.2388751196e+20 2.7099786319e+21 -1.9601324809e+18 1.2181788349e+35 1.6742205058e+04 2.6958807612e+05 -1.8901364387e+05
1.3817524517e+21 6.5756955024e+20 -1.3405294570e+19 3.1390772384e+34 -2.2177659162e+04 -4.5641331193e+04 2.7191533187e+04
2.4780744722e+21 1.4670069981e+21 1.0196408859e+19 1.4271210542e+35 -3.1884646816e+04 -2.2229705883e+05 -3.1675925408e+05
1.1549414055e+21 1.8203394906e+20 -3.5309086844e+18 5.4870289680e+34 2.8727383489e+05 -3.4804965056e+04 2.0219546920e+05
2.4781961552e+21 1.2001866840e+21 -3.3833958114e+18 4.3507928193e+34 -1.1478521763e+05 5.2278101802e+05 1.8295497635e+05
4.2078311270e+20 3.2229534669e+19 4.3652209651e+18 2.5074311513e+34 1.0153637862e+05 5.6892414723e+04 -1.0172428721e+05
1.2018563664e+21 1.9170687342e+20 -7.4583748073e+18 8.0436070134e+34 1.9009186548e+05 3.3129550838e+05 8.6450995489e+04
8.7880295013e+20 1.7936143050e+21 8.1301170153e+18 1.6495349532e+35 2.4007211941e+03 -2.0304597320e+05 -1.3217209506e+05
2.1038409880e+21 1.1750109855e+20 1.4319796817e+19 2.5306842825e+34 2.2193850468e+05 -2.1415977837e+05 -9.3715475374e+04
3.3416036966e+20 2.3768993201e+21 -7.7206124498e+18 5.4710161402e+34 8.5953754948e+04 7.0038941240e+04 1.3225977434e+05
9.7405453135e+20 1.5312666266e+21 -1.7013293772e+19 6.9090106808e+34 4.2603704012e+04 1.4140490803e+05 2.5278053592e+04
2.4445487514e+21 2.4633117224e+21 -3.2971705282e+18 1.2018275293e+35 -2.7764978650e+01 1.9589809622e+03 1.7621377666e+02
2.1788205384e+21 1.3032783586e+21 -1.2395843240e+19 1.1244508986e+35 -2.6605139778e+05 -2.2775966322e+05 -1.7935941797e+05
2.7156535380e+21 1.8795060687e+21 -1.0245843719e+16 6.5728810846e+34 -2.5352766302e+05 -5.1775558835e+05 -1.4675701422e+05
4.1791141291e+20 1.4481067154e+21 2.8842885082e+18 6.0719476953e+34 2.2209910876e+05 6.6931545967e+04 1.5848968624e+05
1.7376762055e+21 7.6712625710e+20 5.9641047004e+18 1.2284159965e+35 -1.9790125598e+05 -9.6985609110e+04 -1.0766588443e+05
5.6896570625e+20 2.2730813682e+21 6.9228060806e+18 7.3738487436e+34 5.2294417441e+05 1.0192538049e+05 -2.2586580731e+04
6.8154272191e+20 8.1915656470e+20 1.4099735529e+19 9.8489879850e+34 -1.3460830683e+04 1.3816246667e+05 1.9749420525e+05
1.0370057041e+21 1.0024551745e+21 9.9448895253e+18 6.6411334090e+34 3.0587710364e+05 -3.1497336247e+04 3.0590822762e+04
1.6078269883e+21 6.1611528796e+20 2.8335526739e+18 2.5039896297e+34 9.7073113131e+03 -5.3132218389e+04 1.5331052275e+05
2.5928380132e+21 2.8729185460e+21 -9.3900702535e+18 1.5462293583e+35 -1.0987831442e+05 2.8937918272e+05 3.9670948465e+04
1.1848630462e+21 1.6178288356e+21 -7.6999283329e+16 1.8028314379e+35 5.1924043180e+04 1.5335538253e+04 1.7740919124e+04
2.7088430629e+21 1.6348669013e+21 -1.5005424308e+19 1.2929754003e+35 4.6856762934e+04 5.6229412752e+04 1.3445289050e+05
1.5878655986e+21 1.6467657751e+21 7.7467299366e+17 2.4844108136e+34 -1.3952491073e+04 1.5592353068e+05 1.3190848748e+05
2.7444475529e+20 2.3064940046e+21 2.3241127508e+18 4.6376275164e+34 9.9685003739e+04 7.8656967064e+04 3.4925550222e+03
1.3834504011e+21 2.7398420692e+20 8.3563115620e+18 7.9257625996e+34 4.6048951905e+04 4.1903917477e+04 -1.0925079868e+05
2.0829154691e+21 1.5512368156e+21 4.3609935705e+18 8.3098629035e+34 5.5537043117e+03 4.9698271737e+04 -2.3034073261e+04
1.2103033048e+21 5.8740272859e+20 -1.1238655099e+19 8.1391790475e+34 7.9214860204e+01 -9.0179112185e+02 8.6615281939e+00
3.0039395391e+21 2.5511533761e+21 6.3722117070e+17 1.7557056936e+35 6.7810465547e+04 -6.1502738148e+04 -5.6326689720e+05
2.6292732453e+21 2.3053464975e+21 -4.5715019742e+18 4.3530061023e+34 1.7268002468e+05 1.6158464779e+05 1.0103713372e+05
2.7307057073e+21 1.1339303969e+21 1.0988144547e+19 1.7021731092e+35 3.7646462025e+04 4.2680729056e+05 9.2459729251e+04
1.4339156882e+20 8.8110715765e+20 -1.4938878096e+19 5.9958662714e+34 1.8690946138e+04 1.6986733084e+05 -3.3872571625e+05
5.4966972634e+20 1.1729310562e+20 -1.3462826161e+19 4.4497982700e+34 -2.9928905714e+05 1.0362511097e+04 3.0901337222e+05
1.7945800388e+21 2.1550516959e+21 2.8223577404e+18 5.4842269936e+34 -5.1970618937e+04 8.9483523982e+04 2.0702504312e+05
6.7567234539e+20 1.3556507610e+21 3.3144957832e+18 1.8206108529e+35 -7.6667379283e+04 -3.0850970013e+04 7.0007863947e+04
2.1437779387e+21 1.1821274483e+21 -5.6298631643e+18 9.1756715685e+34 -1.9363419898e+05 -1.2557520643e+05 -5.9271470149e+04
1.4221834829e+21 1.6174533622e+20 2.8751431542e+18 4.0399679570e+34 2.9439904488e+05 4.3798156932e+04 -2.3019968737e+05
1.8197138860e+21 1.9916848359e+21 1.2026936878e+18 9.5958669366e+34 2.3020577284e+05 -2.1031027352e+05 6.5864031571e+04
1.9812926349e+20 1.8024274741e+21 1.2057278855e+19 2.5637412590e+34 6.3511911941e+04 2.2919607932e+04 -1.6764190788e+05
1.0956028029e+21 2.5008527448e+21 -3.3837917601e+18 6.5406148927e+34 -1.9843091629e+05 2.1782079477e+05 -5.1813829831e+03
2.8806091622e+21 1.6665758013e+21 3.7664035994e+18 1.3500017651e+35 5.8247523694e+04 5.5227331082e+04 -3.4843481414e+04
4.1893645123e+20 5.4037012690e+20 -7.0265226436e+18 4.8838047226e+34 -2.4487625862e+04 9.9038774978e+04 1.7367749632e+05
1.3368989939e+21 2.2357025786e+20 6.3872192568e+18 2.4425026750e+34 -2.5329160189e+05 4.7246758231e+04 -2.7917933584e+05
1.7965912060e+21 1.1028837944e+21 7.3632064001e+18 1.6428269875e+35 -1.6962354212e+05 -2.3139332727e+05 -5.4775929298e+04
1.6400095054e+21 1.2981035565e+21 7.7636531083e+18 1.5172860052e+35 -7.4329307632e+04 -2.7309833296e+04 1.1016967151e+05
2.3041643341e+21 9.9934429750e+20 -1.1725165986e+19 1.0364676829e+35 4.0634031087e+05 -1.1155805095e+05 -2.6840165337e+05
2.7055917216e+21 1.0086180475e+21 4.3745663303e+18 2.4780568816e+34 3.5135860111e+04 1.7310879663e+05 2.6799986588e+04
1.2254850718e+20 2.2841527564e+21 -1.3759697132e+19 6.8316548329e+34 4.4083122550e+04 5.3831984759e+04 -2.2666804754e+05
2.7338916311e+21 1.5164310712e+21 2.3667061434e+18 4.9179915915e+34 -2.6426697409e+04 -1.3404076465e+03 -3.4010025160e+04
1.7873239051e+21 1.2875259353e+21 8.8822873187e+18 8.3803950330e+34 -3.1852128901e+05 4.2057595854e+03 -1.0106734338e+04
2.7596935434e+21 2.1717229640e+21 -2.5278898936e+18 9.0522980802e+34 -1.2435350774e+04 2.6505165294e+04 -2.2718908576e+04
9.1551799994e+20 8.5259559613e+20 -9.0099318172e+17 7.0256932856e+34 -1.5748674423e+05 -1.5180774062e+04 1.3492910011e+05
7.8185129705e+20 1.7540664110e+21 -1.1454282343e+18 9.5111171312e+34 5.0813642100e+02 -3.9262015717e+03 -4.6532020528e+03
1.0294078585e+21 1.4785256365e+21 -7.0604296540e+17 1.8461141337e+35 -2.5411360847e+05 -9.7043286673e+04 1.1523967409e+05
2.7538677659e+21 2.5500929670e+20 4.5967898283e+18 1.1513080584e+35 8.5504957067e+04 -4.1086790594e+05 2.5308443316e+05
1.1365750771e+20 1.1089247824e+21 -1.8225667453e+18 1.1793475754e+35 1.9072296777e+05 -1.5610599921e+03 -9.5451836824e+03
2.5105234824e+21 2.4516435484e+21 -4.9801957069e+18 1.9067116152e+35 -6.5167841260e+04 1.4941894999e+05 1.5878037422e+05
1.1936203542e+20 7.9052678500e+20 6.4976574918e+18 1.5664761260e+35 -3.7192539600e+03 -5.8593480440e+03 2.2386172097e+03
2.4241113791e+21 1.0418152812e+21 1.0838884262e+19 7.9130644910e+34 2.2014843718e+05 -2.9054347999e+04 1.6176743423e+05
2.4520372218e+21 1.9836439658e+21 -7.0660374980e+18 1.5035829639e+35 3.6287735791e+04 4.7548022697e+04 -3.5722355382e+04
2.2672841041e+21 5.6030455728e+20 5.4601034638e+18 3.1948895946e+34 1.5729371054e+05 4.4699359961e+05 6.4528464053e+04
2.4496432610e+21 8.0061996294e+19 -1.7882109094e+18 6.8552821259e+34 5.4697387429e+04 -5.0669711725e+05 7.1152740269e+03
1.6945568754e+21 2.2140800220e+21 5.2053156556e+18 1.7478864511e+35 6.8471158164e+03 -5.2313545731e+04 7.1409977723e+03
2.5718876164e+21 7.3363461155e+20 2.4990133886e+18 1.3538870854e+35 1.4287577017e+05 -2.1764287536e+05 -2.8936508006e+05
1.5147909205e+21 1.9196431427e+21 -1.2386547652e+19 1.2148452555e+35 3.9862012410e+05 1.0954552968e+05 2.1587071212e+05
2.0932030727e+21 1.5447551246e+21 1.1794180063e+19 4.6177528666e+34 1.2995755526e+05 -5.8063758074e+05 1.3136197249e+05
1.2728812799e+21 2.9096335409e+21 -3.3452841957e+18 1.7103462959e+35 -2.1884778610e+05 -1.5303845421e+05 -2.2793403803e+05
5.5658703543e+20 1.9427025127e+21 -8.1487656869e+18 1.9118957342e+35 7.1825445107e+04 1.2782154004e+04 -1.4643537970e+05
2.8623813161e+21 2.7738401182e+21 1.7085376129e+18 1.9039424572e+35 4.0110884922e+05 -3.7530265692e+05 -1.7184762086e+03
1.4162201212e+21 1.8156534183e+21 -8.0909706175e+18 6.1353262097e+34 3.0301560336e+05 -3.5135382822e+05 9.9468564975e+04
1.2316229842e+21 1.2607415655e+21 3.1213778271e+18 1.1942032439e+35 -2.3159650810e+05 5.3767991120e+04 4.5636956197e+05
2.9352240180e+21 2.1892822584e+21 1.1533930059e+18 3.0877225304e+34 1.1597554891e+05 4.1310171921e+05 -4.9243380429e+04
2.3823284210e+20 1.4664768877e+21 -2.1005266632e+18 4.2602187818e+34 2.1407697594e+05 -1.8157218996e+05 -1.1941327500e+05
1.4834168954e+21 1.9794968476e+21 2.5527721757e+18 9.7774901014e+34 1.5947722874e+05 1.7025449815e+05 5.5345394893e+04
2.1732313167e+21 2.9512879530e+21 4.5032416399e+18 4.1684108171e+34 -8.4454131216e+04 -7.9623937977e+04 2.4369420284e+04
1.6234501355e+21 1.6356124159e+21 -1.2664572947e+18 7.6468478311e+34 3.2653009242e+04 -2.0582761024e+04 -5.8368802221e+03
1.8617379954e+21 1.0803378201e+21 -1.0028693640e+19 1.4893405298e+35 -5.0513151004e+05 1.3849357895e+04 -2.2416252751e+05
1.2035111532e+21 7.7387220038e+20 8.0322149290e+18 1.2048002165e+35 5.2852682760e+04 1.3068896423e+04 -1.2537610162e+05
1.0063264026e+21 2.2938237959e+21 -1.6664400689e+18 1.5568106181e+35 8.9687799741e+04 -2.0625064677e+05 4.4407578774e+05
2.6351549787e+21 2.5182356515e+21 -3.5011181509e+18 1.5931839215e+35 -2.8770906893e+05 2.8851587540e+05 2.4410330802e+05
2.6244246726e+21 1.9453058601e+21 -4.0545867097e+18 8.5535183838e+34 -2.8473316573e+04 6.2906719121e+04 5.0548037464e+03
2.8895652141e+21 2.6160816716e+21 -4.8244439818e+18 4.5113236636e+34 -6.8458723877e+04 -6.0857711185e+04 -1.3536333732e+04
3.4530672434e+20 1.5513648824e+21 -4.8424339667e+18 1.0322046900e+35 3.5959006106e+04 -1.9425289102e+05 3.8144053150e+03
3.2563098020e+20 1.1527181080e+21 1.6950088373e+19 1.5955002181e+35 -5.7735198808e+04 -2.6259883800e+04 9.0596006058e+03
2.2082965421e+21 8.9168044734e+20 7.0582825445e+18 1.4542065047e+35 -2.3687685830e+04 -2.2812294861e+04 5.0993861114e+04
2.6181499903e+21 1.9002430835e+21 -2.7174942078e+18 1.8266097231e+35 1.9017083317e+05 -4.6992158661e+05 -2.2649469295e+05
6.2763116879e+20 2.1950498047e+21 -1.1370834483e+19 1.9122088750e+35 1.5307020720e+05 3.7898698164e+05 -1.4148106471e+05
1.6874051673e+21 2.5246966152e+21 -1.3409942924e+19 1.1390811448e+35 3.7616623051e+03 3.8208138563e+03 -7.1044530703e+02
1.4133238862e+21 1.6951040549e+20 -5.8333567512e+18 7.8074199465e+34 1.2116820958e+05 -2.6878120142e+04 1.2946966316e+05
2.9417149338e+21 2.5406331302e+20 8.6933326839e+18 1.8327044857e+35 2.0606616700e+05 -2.5349944398e+05 -1.6528055502e+05
2.5446272841e+20 6.9196955996e+20 -6.4068140854e+18 9.2870262005e+34 3.4363250520e+05 -7.3043712638e+04 -8.9552862072e+04
1.6329300885e+21 1.0052300066e+21 -2.6382516668e+18 1.4540441315e+35 -3.9990460114e+05 -1.4875855368e+05 -1.0831981314e+05
1.4361804397e+21 1.8288779943e+20 -1.2788791405e+18 1.7264809066e+35 -6.1508143088e+03 5.9340398202e+04 3.8990854273e+04
2.9892115554e+21 1.3159942527e+21 1.2358638093e+18 1.9712353035e+35 3.6648930958e+04 -5.8590281439e+03 -2.5770066346e+04
2.9081124483e+21 2.7532981883e+20 1.6307891340e+19 1.3546492820e+35 2.2171036492e+05 4.1213102216e+04 9.1862828291e+04
2.8246447829e+21 2.5051636856e+21 3.6235688584e+18 7.6450791259e+34 2.2450406439e+05 1.4850192499e+05 -1.2008763977e+05
9.3517527240e+18 1.1636730951e+20 -2.2513920820e+18 1.4273123645e+35 -8.9973229453e+04 1.3484464074e+05 -5.7308136655e+04
1.2457409475e+21 1.9316595671e+21 3.3721302998e+18 1.5990497446e+35 1.3055677005e+04 3.9937203319e+04 -2.5037413398e+03
6.4927846765e+20 2.7285630467e+21 4.5966055400e+18 1.1310496495e+35 3.1573496780e+04 1.6164113642e+05 1.2599598072e+05
2.0993623758e+21 1.9680272327e+21 -4.4754094682e+18 8.3132537036e+34 -4.9182275930e+05 -2.8774090047e+04 5.1976661359e+05
4.6183026790e+20 1.9007672814e+21 4.4822208797e+18 1.7358570822e+35 3.0581379323e+04 2.1972617417e+04 4.2032492563e+03
1.7754263898e+21 1.5344108228e+21 -7.8245374034e+17 9.6027854000e+34 -4.5056596328e+03 1.0319999115e+05 -7.4090417323e+04
1.6414397984e+21 1.2789365875e+21 -2.9428301139e+18 3.3507222179e+34 -3.5947163203e+04 -2.0500350979e+04 8.7341713885e+04
1.1780439359e+21 2.2716181253e+21 -2.0846391567e+18 6.0901710508e+34 5.6964778990e+04 -2.7714236027e+05 1.7719355122e+05
1.1464897338e+21 4.6918444916e+19 1.0007496163e+19 5.1021833380e+34 -5.5602700395e+04 -3.5420342895e+02 -2.3309800953e+05
1.7326168731e+21 2.1811715305e+21 -2.3491972909e+18 7.6132187819e+34 3.3639949763e+04 1.0251379920e+05 -8.4258597343e+03
2.1298625576e+21 1.0156619072e+21 -9.4086401133e+17 1.6181621867e+35 -5.5137037400e+04 -7.2921894322e+03 2.3089263377e+04
7.7900134235e+20 2.9875007015e+21 4.2238877109e+18 8.7024201123e+34 -2.1255818624e+05 -2.1996078281e+05 -5.2320782633e+04
7.0600288401e+19 1.2438344960e+21 1.5174469241e+19 3.6369481518e+34 5.0545554454e+04 -2.5498582476e+05 5.1157060749e+05
2.5319052664e+21 2.8622129983e+21 -9.1618799159e+18 1.2845958700e+35 -5.5320382305e+04 -3.6560654522e+04 -2.0524998694e+04
2.2794775875e+21 5.2301105196e+20 2.2127373146e+18 3.2802523900e+34 2.3813873589e+04 4.7189796592e+05 -2.5114704192e+05
1.0428836380e+21 4.5498517161e+20 -6.0499797373e+18 2.9168330448e+34 2.7783451338e+04 -7.4597145577e+04 3.9516220365e+04
1.4695339702e+21 2.9525196845e+21 7.7504666677e+18 1.3314154906e+35 -2.1076357871e+04 -9.4878955829e+02 -2.6351713949e+02
2.5206154438e+21 1.1089922222e+21 7.1885098216e+18 1.5296738320e+35 -1.2755830451e+05 4.6037406399e+04 8.1181814111e+04
2.5139557863e+20 2.1481050221e+21 3.9867471257e+18 8.7123867076e+34 -6.1638736052e+04 -9.7715666827e+04 1.4507450320e+04
2.8939252485e+21 2.3617261662e+21 -3.1086568723e+18 1.1148367927e+35 1.4921024265e+05 1.3235298020e+05 3.4584224106e+04
1.4750508622e+21 1.8841519173e+21 -1.0894673185e+19 6.6676973310e+34 1.9341701537e+05 -7.6420558903e+04 -1.9156669848e+05
1.6690282678e+21 1.2167350938e+21 6.5419508330e+18 8.1691095111e+34 -1.9421727168e+05 -3.5920480187e+04 6.9911776201e+04
5.6666829331e+20 8.0416831587e+20 -5.0193689163e+18 3.7233913751e+34 8.6482401492e+04 -1.0629010093e+05 -7.2551609534e+04
2.8958541300e+21 1.6637300083e+21 -7.1425780696e+17 4.0259667772e+34 2.6346523971e+04 1.9143073991e+04 -1.6270314381e+04
2.0273531016e+21 1.6544126015e+21 1.0001891742e+19 1.1254434180e+35 -2.4017952046e+05 -4.2339003172e+03 -1.3977016892e+05
2.6199326197e+21 2.7722590578e+21 -1.3422730554e+18 6.4762373083e+34 8.4886475400e+04 5.0722935421e+04 -4.0705743380e+04
2.0188693469e+21 1.1595805497e+21 7.0221241309e+17 1.4437139764e+35 4.0397741396e+05 -3.7013822648e+05 1.2315082289e+05
6.4131910767e+20 2.0231018744e+21 -1.4904105552e+18 4.6538382156e+34 -4.1996607367e+04 -2.3208919264e+04 5.9986209891e+04
9.4021365778e+20 1.1018763179e+20 8.5014153632e+18 1.9396481252e+35 -2.8994548630e+04 5.4560276692e+05 4.6776177773e+05
6.0943728888e+20 1.5466845036e+21 4.2768689086e+18 6.4705905037e+34 -1.0690797433e+05 -3.0709133485e+03 6.5963253655e+04
2.8315487609e+21 1.7323324615e+21 9.9023622383e+18 1.9494916992e+35 -8.6989098602e+04 4.4800973855e+04 -5.5918101073e+05
1.7912123690e+21 2.6944320534e+21 1.0044540958e+19 1.7085171020e+35 -4.1951186982e+05 -9.6812888464e+04 2.7295058559e+05
1.0753546772e+21 1.0082302458e+21 -1.4242720779e+19 1.1054675504e+35 6.5134820800e+04 -1.0959858641e+05 -1.4921153747e+04
1.8567819256e+21 4.6852147033e+20 -4.3008017911e+18 9.7813845090e+34 3.2147682204e+03 1.1605132720e+03 -9.1903426204e+03
1.8444657594e+21 1.8492567412e+21 6.8580647052e+18 1.3426711006e+35 -1.7917957333e+05 -8.1965318117e+04 3.2504690550e+05
2.0676412297e+20 2.0110128825e+21 -8.0166604300e+18 5.8672984922e+34 2.3115155197e+05 1.7895562109e+05 -1.0556892856e+05
2.0749047713e+21 2.1402747684e+21 -9.1775789170e+18 1.2854824987e+35 2.7273925093e+05 1.7756744214e+05 6.2957607393e+04
5.4004164775e+20 1.4274827939e+21 -7.4886138806e+16 1.0614808115e+35 -2.1401579089e+05 -1.2791663999e+05 -4.3486688727e+04
1.6666901900e+20 1.2781534031e+20 6.3007889136e+18 5.0099700480e+34 -1.3586352950e+05 4.1421353596e+05 -1.7325146234e+05
1.1789027432e+21 2.5290707332e+21 -1.9859022358e+19 1.4283963722e+35 2.5559277847e+05 -1.8982178294e+05 1.2276623275e+05
2.0388947400e+21 1.4942064468e+21 1.7231267055e+18 1.4342272865e+35 3.4394540112e+03 2.1944928006e+04 5.9815920264e+03
3.7610413855e+20 2.6368482825e+21 -5.1084018918e+18 7.5003107110e+34 2.0149681871e+05 1.6976669191e+04 -1.1727795754e+05
3.4497399928e+20 2.2927328975e+21 4.7259931445e+18 5.6616707834e+34 9.1570494555e+04 8.5060303736e+04 -7.2101034599e+04
2.0953958144e+21 1.4345777606e+21 1.3141533400e+19 1.3047344684e+35 -1.8999134007e+04 -6.3082854727e+04 -2.7568404613e+05
4.1007715144e+20 1.6265369132e+21 3.6866526114e+16 1.2945718956e+35 -3.8112073879e+05 3.9642321438e+04 2.0388568129e+05
2.3070004886e+21 2.9541289027e+21 -2.2799588933e+18 1.7676722022e+35 1.7112515498e+05 6.4528184911e+04 -4.4522041705e+04
2.2170282324e+21 9.7103691221e+20 -1.3156906704e+19 1.3228891256e+35 -1.2393338113e+05 -4.3624721660e+04 3.6939467040e+05
1.4454778155e+21 1.1015207103e+21 1.3951681858e+19 7.3881269767e+34 1.6097409965e+04 -6.1234463501e+04 -4.4069506398e+04
1.9734729515e+21 6.8825593954e+20 1.8894829469e+18 3.1440692372e+34 7.3396845928e+04 -6.0321251951e+05 -1.0216937207e+05
2.6731593457e+21 1.5274194826e+19 -5.0512487094e+18 4.9497510009e+34 -1.1371181807e+05 1.2340227570e+05 -5.0277854345e+04
3.2512769807e+20 6.4927568283e+20 -4.8040135541e+18 9.3119183290e+34 -1.7904818490e+05 3.1660271229e+05 -2.4986122025e+04
2.2143888921e+21 1.8732287438e+21 7.2359970601e+17 1.2433741177e+35 1.2443253712e+04 2.0731799490e+04 9.0114843562e+03
2.0453362110e+20 1.2651917051e+21 5.3436831673e+18 1.5696418682e+35 1.3243151756e+05 6.6201920797e+04 -1.3067923954e+05
6.5891190833e+20 9.5706552374e+19 -7.4046515300e+18 8.4784744627e+34 -4.6377430609e+04 4.2812353516e+05 6.8097717538e+04
6.7234564595e+20 2.2313260445e+21 9.7101738314e+18 9.6991272744e+34 -4.1902534564e+04 2.5375455470e+04 -2.8232017447e+04
1.2499399793e+20 3.4883544554e+20 5.4811747549e+18 1.7561492265e+35 -1.3833406110e+04 -2.7704453689e+04 -1.8251301558e+04
1.0732679769e+21 8.4237613659e+19 -6.7883096639e+18 3.7941978219e+34 -1.8983616936e+05 4.1242738773e+04 1.8977729145e+04
6.9494432219e+20 1.2814063196e+21 -2.1141608485e+18 1.0029973037e+35 -9.7155851722e+03 1.2527172406e+04 3.9691426117e+03
1.8890313424e+21 3.8928534293e+20 -3.5282880643e+18 1.5168301565e+35 -6.4832322793e+04 -1.1989651194e+05 -4.5519102345e+05
1.0570317405e+21 4.5117839950e+20 -1.0690282931e+19 9.2399408666e+34 -4.7293805035e+04 1.0158908121e+05 -7.9365290717e+04
1.4602093483e+21 9.3712907167e+20 4.7930227119e+18 9.5860335708e+34 8.9617097090e+02 8.8459288662e+02 6.4515087996e+02
1.1090359161e+21 6.8627027909e+20 -4.4881091504e+18 4.8330820756e+34 -9.3287985562e+04 -6.5389829565e+04 -1.9732809181e+05
1.7624777906e+21 9.1596892024e+20 5.8340043453e+18 1.3681250192e+35 2.3105750522e+05 -7.4256244833e+04 -7.2965823381e+04
2.1095865230e+21 3.2242665253e+20 -3.7653929744e+18 5.6136491244e+34 1.1563918113e+05 -4.3686839583e+05 -1.8994480272e+05
1.7567215411e+21 1.8266372559e+21 8.3424049243e+18 1.2496292312e+35 -4.2548313117e+04 -3.0869613481e+05 1.5850715401e+05
1.0586084041e+21 4.4743617823e+20 7.2556188588e+18 1.6058569972e+35 -1.9119745495e+04 1.2321059997e+05 1.1513243305e+04
1.7210292369e+21 1.5749846769e+21 1.0910281463e+19 1.3955674060e+35 -1.6371001541e+05 -3.2002444852e+05 -2.5781268563e+05
3.7477417520e+20 2.3954441297e+21 8.0150335741e+17 1.2097759656e+35 -1.1338867060e+05 1.1451015115e+05 1.9523175689e+05
2.1995663056e+21 1.3078740070e+21 7.7541776132e+18 1.2612609324e+35 2.4519799524e+04 3.4837736590e+04 -9.3975771250e+04
8.4999956116e+20 2.4803939525e+21 8.1191284140e+17 1.6061568448e+35 -2.8348172869e+05 3.0222408926e+05 -3.8363768936e+04
5.6901604121e+20 2.3332933272e+21 -3.2722747077e+18 3.6590956237e+34 1.2505298971e+04 6.0132495127e+04 -1.3020498563e+05
1.2348159868e+20 1.7839520714e+21 -2.1853738042e+18 1.6093259769e+35 3.0996446415e+05 4.0675225494e+05 -1.8066575447e+04
1.1972092281e+20 5.0967713530e+20 -8.5167991441e+18 1.4810551964e+35 1.1198762752e+05 6.1639130469e+04 -3.0048213254e+03
2.7879869187e+21 2.9262107404e+21 -9.4835397942e+18 7.3785304879e+34 -5.0093624711e+04 -1.0262321583e+05 -7.6731737387e+02
7.8807571239e+20 3.0923665653e+20 -3.3188408019e+18 1.8793426426e+35 -6.9413629498e+04 -8.5553204590e+03 8.5090918359e+04
1.9951862041e+21 3.1250343720e+20 8.9637379653e+18 6.0281041062e+34 -4.2506242660e+04 1.4611305387e+05 1.5351858147e+05
1.4077458376e+21 2.8741768335e+21 1.0440028593e+19 1.8348849262e+35 3.9533094143e+04 5.3070983676e+03 -3.1293573468e+04
1.4863029927e+21 2.4153316775e+21 -1.5819051109e+19 1.5595989999e+35 3.4031620104e+04 -1.8274037367e+05 1.8238600383e+05
1.7897137740e+20 3.9086533666e+20 3.1388875670e+18 2.8123342984e+34 1.3484981575e+05 -6.1510979144e+04 7.1285034661e+04
6.9098441771e+19 1.6450299145e+21 -5.4266745101e+18 1.6772335459e+35 4.7816112979e+04 -8.1559675235e+04 1.6069386642e+04
4.6090556392e+20 2.4515988193e+21 1.5762045687e+19 1.3633862933e+35 2.6686355388e+05 -4.1326993552e+03 5.8350091464e+04
6.1107417261e+19 2.6067913798e+21 -6.0908394627e+18 1.5523756307e+35 5.0027489327e+04 -6.7570507485e+04 -1.5399364805e+05
2.2247653659e+21 6.2986195769e+20 9.5328170868e+18 4.4135076762e+34 5.7916192205e+04 1.6958844788e+03 8.9063516321e+04
8.2292569281e+19 2.8854235128e+21 -1.2668565534e+18 1.8818606416e+35 2.7471339976e+05 -3.1046911236e+04 1.5653936181e+05
2.4464767840e+21 1.5501307825e+21 6.0957536319e+18 1.8370349611e+35 -6.4637424686e+04 -4.0452698241e+04 3.1727849597e+04
1.6708615311e+21 1.0662108314e+21 5.5752937369e+18 6.5805943200e+34 2.1130524498e+02 -1.0647682919e+05 -1.1062649666e+05
2.5672369454e+21 1.8982828375e+21 1.8986022656e+18 9.5066162669e+34 -1.0333209617e+05 1.9388623736e+05 -2.0838055107e+05
9.0964716476e+20 1.1106114078e+21 9.1623641370e+17 1.9554959259e+35 2.9518078389e+05 -3.4199326538e+05 -2.1118552574e+05
1.8479313644e+21 2.8059135178e+21 -2.7535620441e+18 1.3502911429e+35 3.2048250437e+04 6.5486163943e+04 4.5050170435e+04
1.9580843585e+21 2.8585110947e+21 -2.5013324982e+17 4.6312972021e+34 1.2367208384e+04 5.6681186894e+03 2.2263125358e+05
9.5814945040e+20 2.8721895651e+21 1.0553850296e+19 7.5963906627e+34 -1.3034169166e+05 3.9265433354e+04 4.8173520668e+04
6.0743038408e+20 9.6003504013e+20 9.5399055870e+17 8.6279160760e+34 3.8555843008e+02 7.7720675883e+04 8.2083108713e+04
1.0581105814e+21 4.6224897250e+20 -2.7893652763e+18 8.1802741428e+34 -9.7475450047e+04 -1.9244327998e+05 3.6504682049e+05
1.6646936579e+21 2.5091220633e+21 1.1018760537e+18 1.4062728729e+35 -2.7507564925e+04 4.0751642915e+02 -2.9148295109e+04
1.4639662830e+21 1.0919333036e+21 5.6480534827e+18 1.1171041590e+35 6.2064675292e+04 -2.2915349495e+05 1.4963584277e+05
1.2890769691e+21 2.2446844510e+21 -5.5310354554e+17 1.8931160986e+35 -1.3258150945e+05 2.9942696092e+05 7.7149183673e+04
6.2972907112e+20 1.1867325691e+21 -1.0611544321e+19 1.9094600243e+35 -2.9705332754e+05 -5.5738375044e+04 1.1154138408e+05
4.3863152978e+20 6.8291286569e+20 -5.2923419346e+17 5.7361294143e+34 2.1139254129e+04 2.0262783446e+05 -3.3780633779e+04
2.2569888960e+21 1.3866112955e+21 -2.4546493386e+18 1.2220958975e+35 1.2939827843e+04 -2.1468767812e+04 1.9472256070e+04
2.9276566812e+21 2.1860285397e+21 -5.9553979134e+18 2.8958482682e+34 1.2194902048e+05 -1.8977328214e+05 -5.9019986640e+04
5.9327323812e+20 1.9995247867e+21 -4.1560562876e+18 1.3475768582e+35 -2.4476787608e+05 5.0533393135e+05 -6.0530509376e+04
2.7991710996e+21 1.1857913502e+21 1.5582959014e+19 6.7324202427e+34 4.6405743908e+05 -1.8196997016e+05 -1.7526999898e+04
2.7591972806e+21 1.3198037659e+21 1.3467302288e+19 9.5464013380e+34 -4.4078934793e+04 -9.0843532981e+03 9.7151209996e+04
2.5308796178e+20 1.2689227950e+21 -2.4179472240e+18 1.5212870864e+35 -1.2159402327e+05 1.4157283140e+05 -1.9724516039e+05
9.3725623514e+20 1.1001906535e+21 -4.0667769472e+18 1.6263065990e+35 4.2865997004e+04 -7.4346864587e+04 7.0483157702e+04
2.9607858962e+21 2.8941852451e+21 -6.0627465009e+18 4.8590523514e+34 -2.6591033251e+04 -4.3153484612e+04 2.1842100825e+05
2.8065516896e+21 2.3801839032e+21 -4.9500707690e+18 4.5515739147e+34 9.5466909360e+04 -8.1762916076e+03 1.9527907846e+05
2.1369595727e+21 1.3184585840e+21 -3.2123806229e+18 5.6962815889e+34 3.2340121030e+05 -1.3057625628e+05 -6.6782752961e+04
2.9640451902e+21 1.7535643801e+21 -3.8964751164e+18 9.8606330180e+34 -1.7080492242e+05 2.8747136431e+05 -1.7019907334e+05
2.7561263476e+21 2.9104214329e+21 -2.4907292719e+18 1.2350398335e+35 -1.4440202136e+05 2.2498720409e+05 -5.5780639317e+04
1.1124736380e+21 1.2251439596e+21 3.9081983032e+18 1.6118317910e+35 1.2796298030e+05 7.2867013629e+05 1.4336491868e+05
1.3909803586e+21 1.9945417204e+21 -1.1763781066e+18 1.5880672521e+35 2.1205837881e+05 6.1573436690e+04 2.3735482566e+05
2.8343163895e+21 2.0227838844e+21 -1.1088118852e+19 1.4537547151e+35 -2.7233108763e+04 -6.5354662085e+04 5.4772815852e+04
6.5576790784e+20 2.1975120694e+20 -7.1111149467e+18 1.9696607607e+35 2.5860749934e+04 2.4113396973e+05 1.6182916780e+05
1.8688801168e+21 2.9634180864e+21 -6.5897521371e+18 1.7654135377e+35 8.1564314275e+04 -6.9627691100e+04 2.1149049942e+03
1.4950460244e+21 1.5795495439e+21 -3.2677744146e+18 1.5777628202e+35 1.1297494865e+04 2.7206289095e+04 1.9738166825e+03
2.5052330341e+21 1.6336881164e+21 1.2004924516e+18 1.8317622323e+35 5.4215569057e+04 -4.1817251214e+04 1.0891390840e+05
2.7654011759e+21 2.0966121426e+21 7.7363008215e+18 3.0561730282e+34 -1.0136083712e+05 -7.6288142311e+04 6.5363975129e+04
2.6551369642e+21 2.1196825389e+21 3.7622099889e+18 1.5559340017e+35 -4.0240998060e+05 2.4940413739e+05 1.8111537878e+05
2.6640342565e+21 2.5704595354e+21 1.0163814905e+18 1.1806221441e+35 -1.2278563269e+05 1.8766301809e+05 1.4420076843e+05
1.1135972447e+21 1.5017298850e+21 -1.1271005213e+19 1.2503876089e+35 2.3733150936e+04 9.9763824167e+04 -2.1997137629e+05
2.7049646680e+21 1.2063717579e+21 8.8279725846e+18 7.8099020980e+34 -1.2847730483e+05 1.5474795137e+05 3.7458154753e+05
1.0583214810e+21 1.3226613107e+21 1.6228937535e+18 8.8044055075e+34 2.0691856019e+03 -8.1812855461e+04 6.5668290124e+04
6.0351375688e+20 5.6010793701e+19 -1.3288225265e+18 9.2191640950e+34 7.3780451284e+04 6.8948173849e+04 -1.9283895607e+05
2.9909434902e+21 2.5185566591e+21 -4.1876523343e+18 3.0645635156e+34 5.7140575830e+04 4.8700800436e+04 -3.1983578167e+04
1.2086203581e+21 2.7314599758e+21 -8.0731977039e+18 1.8928210730e+35 -1.1573924792e+04 -2.3611430704e+04 -8.8588563297e+02
1.5189493653e+21 1.5590896936e+21 3.6161630779e+18 7.7871389791e+34 -2.8394798967e+05 -4.8066643855e+05 1.3554237448e+05
2.8809044684e+21 5.9350905404e+20 3.3600916948e+18 1.9387273611e+35 -1.2594923121e+05 1.3503490378e+05 -1.7235591232e+05
2.5369972070e+21 9.7490837212e+19 3.3442444907e+17 4.6840303507e+34 8.9330160165e+04 4.0594363243e+04 9.0954666401e+04
6.9906403395e+20 2.3754746561e+21 -3.6184374362e+18 1.5044970897e+35 4.3454187467e+05 -3.9232095813e+05 2.5075237507e+05
1.5960212449e+21 1.0533968951e+21 9.9764307914e+18 1.8593817958e+35 1.7801882609e+05 3.4911202680e+05 -3.1012550012e+05
7.7993309199e+20 1.0540722079e+21 6.0755083031e+18 8.0398275915e+34 5.9815589351e+04 4.7968373394e+04 -5.5550525885e+04
1.2804461289e+21 5.8682697430e+20 -6.5420690664e+18 1.2609326859e+35 -1.1421864220e+05 9.1950606698e+03 9.1254614384e+04
3.9987418534e+20 1.5851429261e+21 1.5982609317e+19 1.5747392843e+35 1.6665361194e+04 -2.8046691809e+04 -6.7518666409e+04
1.5229366237e+21 2.2722855594e+21 -1.0231900076e+19 5.6200941055e+34 3.0187603672e+03 9.8818387211e+03 4.7900597465e+03
1.4750408144e+21 1.2155254073e+21 5.5530541731e+18 4.1942021163e+34 4.5855298401e+05 -1.2072113834e+05 -1.2897457526e+04
9.4799030952e+20 2.7552647158e+21 7.9298619084e+18 1.3522682472e+35 -1.0431732463e+04 1.9865075641e+04 -2.0304569910e+04
5.3862946478e+20 2.9631401202e+21 -7.7911437108e+17 1.8242174466e+35 3.1140791532e+04 -1.0927971964e+05 -8.4314260811e+04
1.5644820432e+21 6.6362247545e+20 -8.2257880000e+18 1.5963273506e+35 1.8323316135e+05 -7.7908379933e+04 -3.9611372167e+05
1.2674784084e+21 2.3001008498e+21 -4.7979503662e+18 1.2276433251e+35 -1.6489570502e+05 5.0118715820e+04 1.9512455849e+05
1.9813471401e+21 1.1053094941e+21 6.4629928271e+18 1.0943434262e+35 -3.7037779263e+05 1.2934295278e+05 2.0614054719e+04
1.7946221383e+21 2.6690127624e+21 -7.1562026059e+18 4.6948147021e+34 -8.8247316834e+04 -1.1512577203e+05 -1.8953889215e+04
2.3057285710e+21 1.0394796525e+21 1.7992616739e+18 5.7046008781e+34 1.4598900415e+05 8.6278328487e+04 1.3781779003e+04
2.9011557784e+21 1.5302831581e+21 -1.3008135373e+19 6.5303443400e+34 1.9452408894e+05 -1.8265417544e+05 1.0034659205e+05
2.5732279496e+21 2.3734454167e+21 4.8351194127e+18 1.1841671878e+35 -4.6509406125e+04 3.1471590858e+04 -1.0866834381e+04
1.5648868818e+21 1.8115538369e+21 4.6359985609e+18 5.3476930736e+34 6.3864759729e+03 1.0394239537e+04 -5.7993290752e+03
2.0528985727e+21 1.0732088573e+21 1.1485556067e+19 1.3128620928e+35 -4.7645130241e+04 1.6231149572e+03 -1.9660823368e+05
1.0809401532e+21 1.2472834748e+21 -4.5419263692e+18 4.5780566312e+34 3.0881687608e+04 1.3014430802e+05 7.5539980809e+04
1.7981742425e+21 2.2810942222e+21 -6.3907380067e+18 1.3863291771e+35 1.7574059295e+05 -1.1388150490e+05 1.5511631364e+05
2.4467341536e+21 1.4875005841e+21 9.6819306070e+18 3.2837008751e+34 9.5836637863e+04 -3.8519721033e+05 5.6154701617e+05
9.4973727979e+20 2.0772438929e+21 -1.7903607342e+18 6.2290363125e+34 2.5305082386e+05 -6.7251357179e+04 -1.1165610558e+04
5.5131395663e+20 2.7083377732e+21 4.6027463990e+18 1.3998926826e+35 6.5182086558e+03 -2.4171249018e+03 -6.5145850259e+04
2.0515360885e+21 7.3211913326e+20 -6.3679869693e+18 9.0253255610e+34 3.3935237271e+03 3.0765284102e+04 -9.4153228365e+04
7.2933700406e+20 1.0739070834e+20 1.3964155789e+19 1.5895985459e+35 -2.1513807153e+05 -2.3834493544e+05 -5.1628023011e+04
1.3080041083e+21 1.5739706293e+21 2.8864327118e+18 1.8752433390e+35 3.7465159206e+04 -3.7931932678e+03 -1.1689635461e+04
1.5040522858e+21 1.6933599455e+21 1.0962521776e+18 3.4541305323e+34 2.7105785004e+04 -3.6796505878e+04 -2.1961229459e+04
1.0104641656e+21 9.7063605442e+20 3.4229770833e+18 1.0805472781e+35 -5.2514121401e+04 -5.5482264023e+04 -1.7983533572e+05
2.8499651003e+21 2.5432983169e+21 3.1366970957e+17 1.9670470352e+35 3.0940992318e+05 -1.7723991875e+05 1.4448443293e+05
2.6781534239e+20 1.8415819850e+21 -5.6015981716e+18 6.9614702194e+34 -2.4039821951e+05 -2.1254054420e+05 1.5852553872e+04
5.7597324281e+20 7.5626034190e+20 8.9084170441e+16 4.8857434604e+34 3.5708963682e+05 2.4781135820e+05 9.5723262542e+03
1.6922102589e+21 2.2574295770e+20 -2.8000482279e+17 1.8918838551e+35 4.7025319606e+05 1.3738292972e+05 2.9592879719e+05
1.2679563499e+21 2.6072315434e+20 1.0647541677e+19 1.2852998173e+35 3.9196588942e+04 1.3742338964e+05 -6.2208077424e+04
1.3420518276e+21 2.2140181644e+21 3.7803088248e+18 1.6158663325e+35 -1.6607780583e+05 2.5710164103e+04 -7.5596746089e+04
4.2121629105e+20 2.8066181677e+21 -8.8840166037e+17 1.6498165086e+35 -4.4982332925e+05 2.9377395247e+05 2.0188007825e+05
2.6271580532e+21 1.5081785754e+21 6.0945908161e+18 1.4237690421e+35 -4.2328830759e+05 3.0580035146e+05 -3.6054685287e+05
1.2116277621e+21 2.3118946904e+21 -5.4648097244e+18 1.2796298639e+35 -6.7825300669e+03 -3.1769004141e+05 -1.9466096891e+05
1.5748274785e+21 2.9801475662e+21 -2.5782712382e+18 1.5500728472e+35 -4.0446075711e+04 6.8786565922e+04 -7.1846526971e+04
2.7116240140e+21 4.3294738259e+20 1.2771206097e+18 1.5122139051e+35 -9.1994498515e+03 -9.6764265226e+02 1.5028518541e+03
2.9128973076e+21 4.9346005879e+20 -8.2267615281e+18 1.2203147280e+35 9.3669007489e+02 1.1528178411e+05 5.4622979749e+04
4.3122096962e+20 2.2769204179e+21 -5.7117285670e+18 1.5564652386e+35 -2.0374237717e+05 -2.0229682216e+05 3.8562323490e+05
1.3537638548e+21 4.2189878426e+20 -2.5182649680e+18 1.4764671324e+35 -1.4318097662e+05 4.9689160697e+05 -1.3425896199e+05
1.3284140622e+21 2.8254719443e+21 -2.1890748696e+19 3.0372775179e+34 1.6544462702e+05 5.5111549001e+05 6.7496534506e+05
2.4174131062e+21 3.6344632310e+20 1.0081698384e+19 1.3152619273e+35 -1.4195093681e+04 -3.2363483380e+04 1.1765506966e+05
2.4672180129e+21 1.7680044350e+21 -4.2973377620e+18 5.3007468646e+34 9.5382519189e+03 1.5674148574e+04 2.4729965462e+04
1.0775506968e+21 8.5562616960e+20 -1.0503772264e+18 1.5079778351e+35 -3.1144544968e+05 1.5998519612e+05 -3.6427824105e+05
1.7597093579e+21 2.0497060573e+21 1.5605123797e+19 7.6678186047e+34 1.4217520585e+05 -2.1404542269e+05 2.6637577249e+04
2.5817805685e+20 2.4079751090e+21 -7.8034713060e+18 1.9395524712e+35 -8.0877744408e+04 3.2049821717e+05 -3.3325747390e+05
1.6601490297e+21 1.7825318516e+21 -8.1111030099e+18 1.1394299017e+35 -3.0703892695e+05 -1.1655856969e+05 6.2170084204e+04
1.1470832794e+21 2.6012091730e+20 7.2417985138e+18 1.8361487144e+35 -1.4897445390e+05 -2.1363800535e+05 -1.7902131625e+05
2.7033590412e+21 2.8718423925e+21 -1.3426523475e+16 1.3073799590e+35 2.8474880283e+04 -4.4223874032e+04 -6.6503841058e+04
1.3750659420e+21 1.4696252060e+21 -1.5962392981e+18 5.9696485029e+34 2.9776940207e+03 -1.2744653713e+05 -2.1197339775e+05
3.7104804200e+20 1.5248375300e+20 3.2234702876e+18 9.5490805292e+34 -1.7494675691e+05 6.0193580065e+04 -8.3166452459e+04
2.2268014047e+21 3.9190871545e+20 -7.7020978756e+18 1.7259335653e+35 -1.4949556803e+05 -1.1532318874e+05 1.6318882748e+05
2.0626088207e+20 2.0972343804e+21 -4.7839884784e+18 1.5754393033e+35 -8.8052091534e+04 3.8314820499e+05 -2.1789141034e+04
1.5594623572e+21 4.4544545238e+20 3.2981985114e+18 5.3691404567e+34 -1.1455695217e+05 1.8829065653e+05 -7.9569343905e+04
3.4275073804e+20 1.4879834683e+21 1.1116801838e+19 5.8839282381e+34 7.9331466551e+04 3.1753404429e+05 -1.2967621346e+05
2.0945013580e+21 2.8734172392e+21 -2.7160062748e+18 8.2344480529e+34 -8.1058318324e+04 1.0543573455e+05 -2.9597804941e+05
1.4807687630e+21 4.3964910670e+20 -9.7177446833e+18 1.8698475989e+35 3.5197658626e+02 -1.4908026377e+04 -6.8266206516e+03
4.5952116115e+20 1.7604761422e+21 -1.1510335924e+19 9.4016742544e+34 3.5116088120e+04 -1.8319589877e+04 -1.1447852678e+05
7.7068541790e+20 1.0325655183e+19 -8.1772343161e+18 3.2464693517e+34 -4.2248072212e+04 -4.0334447264e+04 1.3422263944e+05
2.5938679607e+21 2.3076313376e+20 -3.0539807053e+18 7.1344421195e+34 -8.1658437675e+03 3.5902739566e+02 -1.0497516625e+03
1.4961274413e+21 1.4944961596e+20 -1.0032632834e+19 1.3394613945e+35 -2.5223292257e+05 1.8019319830e+05 -8.3635981888e+02
5.1629131256e+20 7.8461200459e+20 9.3752516796e+17 1.8988439649e+35 -8.5019264904e+04 -7.5937516475e+04 9.2992671832e+04
2.7309580721e+21 2.4068614360e+21 7.6241413773e+17 1.8281518764e+35 -6.4358933087e+03 1.5389053881e+04 -9.4938622135e+03
1.8214928449e+21 1.5280411098e+21 -5.9755106917e+18 9.0782739351e+34 3.2479277401e+05 -4.7983931465e+05 -1.3164731295e+05
8.7537762161e+20 1.2860297999e+21 8.6455330922e+18 1.0011553958e+35 4.3738562122e+02 4.8856045705e+05 2.2290993376e+05
1.7238125446e+21 1.7401642130e+20 -9.5535215773e+18 5.3653721358e+34 -6.6844082176e+04 -2.2143604496e+05 -3.7392455000e+05
2.3663445357e+21 2.9308502343e+20 -6.3071477292e+18 2.3170364984e+34 5.2495674108e+04 8.5913102527e+04 -1.1787051932e+05
2.9707684486e+21 8.7510843949e+20 -1.1523589334e+19 5.0760338479e+34 -1.0680460563e+04 -4.7488797095e+04 -1.0372531997e+05
1.5336654325e+21 1.2593853461e+21 1.5251123580e+17 8.6279698403e+34 3.1642482799e+05 -1.6449746287e+05 1.8860628867e+05
2.9295653597e+21 1.9323495062e+21 5.4619376072e+18 1.4494916565e+35 2.1521935409e+05 -2.2501449608e+04 -2.5866448262e+05
2.8594967998e+21 2.5236682602e+21 -5.6517823228e+18 1.7182467534e+35 4.4974985094e+04 -4.3774066062e+04 7.9279336820e+04
1.6699341419e+21 2.2195043217e+21 -1.7771785764e+18 7.3767002771e+34 3.9823925095e+04 -2.6326471980e+04 -3.2541925401e+04
1.1540915304e+21 7.0502348617e+20 -3.6986761284e+18 6.9841480785e+34 -2.7677311571e+05 3.0945616075e+05 -1.5656397803e+05
1.3414093817e+20 2.3333088894e+21 -3.6839143467e+17 6.8039419935e+34 7.4954855016e+04 -2.6509458620e+04 9.5512774271e+04
1.1351035885e+21 2.1228824576e+21 -7.4572275853e+18 3.8037137718e+34 -1.5299512265e+05 -1.3273533392e+05 2.0334818894e+05
2.0764747662e+21 1.7278109849e+21 -2.1700935933e+17 1.5880364953e+35 3.2368098334e+05 -1.3482649725e+05 -2.2783124052e+03
2.4306983040e+21 2.0581099392e+21 4.8803197159e+18 1.8415915735e+35 -3.0361150638e+05 6.2128378302e+04 -1.6241958003e+05
2.8277901376e+21 1.5883903502e+21 -5.2081689846e+18 1.9379613795e+35 -1.5777579660e+05 6.3310563257e+03 -9.6346773948e+03
4.8401176196e+20 1.1218694110e+21 -1.4638973100e+18 2.4114127469e+34 -4.2774004392e+05 -1.1332968252e+05 1.5261986392e+05
2.1113271094e+21 1.3156661907e+21 -1.1863652097e+19 6.5946500109e+34 1.9533887983e+04 -9.0891591472e+04 1.3785771139e+04
1.4289595519e+21 1.2997831318e+21 4.5323243149e+18 9.8904641772e+34 -1.1608983819e+05 -4.4340586748e+05 -1.5262621318e+05
2.2858577525e+21 8.7224842819e+20 5.6828534254e+18 2.4725401721e+34 -1.0757294400e+05 1.2563089201e+05 9.1519710465e+04
1.7098692471e+21 1.5418990029e+21 -8.6476654635e+18 8.5904883684e+34 -1.1845210593e+04 8.8226424580e+04 5.9855254883e+04
8.2475972361e+20 1.5307574312e+21 -3.9424682588e+18 1.9085956963e+35 6.6220481286e+04 -2.0561082314e+05 3.8781933551e+05
5.3136220042e+20 2.7120515393e+21 -3.5754446811e+18 1.7095442971e+35 -1.3263945673e+05 1.7960196467e+05 -1.1534758102e+05
4.8880121349e+20 1.6314879701e+21 -1.3082871358e+19 3.7496824643e+34 -9.1302426018e+04 8.3538271618e+04 -7.5924395192e+04
7.6378338383e+20 1.4674949949e+21 -3.2290009006e+18 2.6600581003e+34 3.0547647355e+05 1.7340125373e+05 -4.4679758841e+04
8.8838721359e+20 1.1396191481e+21 -6.1288234625e+18 6.0810291813e+34 -1.1993705112e+05 8.2990768154e+02 -7.6858590577e+04
1.5230216835e+20 2.3903060717e+21 5.9074816512e+18 1.3448696363e+35 -2.1838957223e+04 1.1409441805e+05 -1.0445807724e+05
1.6648936044e+20 2.1063237045e+21 9.8936787983e+16 1.6021812596e+35 -8.8890954302e+04 4.6561402056e+04 1.5682611031e+04
2.5661107033e+21 1.3470675933e+21 -1.8519832224e+18 3.7392878737e+34 -3.1772723859e+04 6.1098443974e+01 2.3733905006e+04
1.0780691067e+21 1.5787721722e+21 1.9158399367e+16 1.1581982390e+35 -8.2823481289e+04 -1.9418411025e+05 6.6582104515e+04
2.4586986944e+21 1.5455781275e+21 3.0069668410e+18 1.2193026889e+35 -1.9932445697e+03 -1.0999043760e+03 -3.0421267810e+03
2.5370807308e+21 2.8424293982e+21 3.5328149970e+18 1.2850680212e+35 -8.4165699517e+03 1.8961681903e+04 -3.7316565593e+04
5.0891809126e+20 7.2269637400e+20 -8.1872597757e+17 1.6410190077e+35 -4.5108264998e+03 -8.1040756982e+03 1.2237277884e+04
2.5914063704e+21 2.7593073532e+20 5.3651816234e+18 2.7987913902e+34 -5.5491505698e+04 -9.6848530864e+04 -7.4267899960e+04
2.6064503234e+21 2.4717131096e+21 -3.0030334574e+18 5.8679710860e+34 1.3734289883e+04 -1.9158914800e+04 -2.9578104530e+03
8.8015152270e+20 1.2032523966e+20 -4.0374201873e+18 4.0431958907e+34 8.4098851230e+04 8.6011751925e+04 3.0301555121e+04
2.4956540505e+21 2.5888989033e+21 1.3890044810e+19 5.2260412539e+34 8.2220351344e+02 -1.9426775570e+03 -3.0365031107e+04
1.4500884164e+21 9.3965061954e+20 -7.1700274371e+18 1.7893072265e+35 5.2006669977e+04 -8.5053187708e+04 2.4781108325e+05
2.6762128982e+21 1.0819143725e+21 1.3168166299e+19 1.1673848618e+35 -5.3503469449e+04 -1.3795161517e+04 -1.7990695458e+04
6.2363331906e+20 1.0126958982e+21 2.1014534251e+18 1.1572457000e+35 -2.2958775454e+05 -8.6065169940e+04 2.8516458863e+05
1.9305709604e+21 2.7834480121e+21 -1.8422300455e+18 1.3182697262e+35 4.8597072676e+05 -2.9965197949e+05 3.8652482157e+05
9.7747644069e+20 2.7380082285e+21 -3.7982090321e+18 1.2775117975e+35 -5.6907766782e+04 1.7154711801e+05 4.9433686762e+04
1.7990520389e+21 6.7553599733e+19 -3.1305708947e+18 1.0201319274e+35 1.2251912225e+05 7.3505079278e+04 -7.2458661239e+04
2.7077740755e+21 2.5291373670e+21 -5.6999471675e+18 1.6561328541e+35 -3.7573369774e+04 -2.6340171562e+03 9.2777836402e+04
1.7782824809e+21 8.1106471030e+19 6.6384030851e+18 3.7045916892e+34 -5.6942706396e+04 6.1556826460e+04 -3.8779700353e+04
6.7835298502e+20 2.5037386409e+21 2.2315757108e+18 8.4294509963e+34 -4.7444422984e+04 1.0035880090e+05 7.7719646370e+04
2.6359003936e+21 4.8671524787e+20 3.7889889382e+18 8.3007833424e+34 -1.1277200666e+05 4.0202678564e+05 -6.4726073499e+04
1.3634861647e+21 1.4217178875e+21 3.1213520398e+18 5.7568502220e+34 1.9453844951e+05 -6.7654794388e+03 1.7572592334e+05
9.0784332198e+20 7.1014807355e+20 -4.8576108743e+18 6.9455208211e+34 -2.7053834422e+04 7.6568384569e+04 -7.5326605468e+04
2.2475054609e+21 1.9040263283e+21 2.1722509337e+18 1.0728722301e+35 1.2745109482e+05 -1.3886961612e+05 1.0828929053e+05
1.7859237764e+21 1.3405262482e+21 4.0751170805e+17 3.1656629563e+34 9.1367692566e+03 6.7718579679e+04 1.7574261063e+04
3.9126019177e+20 1.5359339099e+20 -6.1220625520e+18 1.2565206804e+35 -1.3104837845e+03 1.1639641868e+04 6.0511359598e+04
1.4092597004e+20 2.2547640903e+21 -2.0171313618e+18 1.3995619121e+35 5.6453407903e+05 -3.1484782359e+04 -4.4840081052e+05
2.1499156588e+21 1.8654990565e+21 2.3716843235e+17 8.1293087169e+34 7.2721343246e+04 -8.7654982709e+04 -7.9014638761e+03
1.1559976549e+21 2.9424984382e+20 -1.2085324598e+19 1.5096099981e+35 -7.3633767841e+04 -1.3814109672e+05 1.2531866732e+05
2.7234594261e+21 2.0303001288e+21 -1.1272458537e+17 1.0290794480e+35 -1.4512677423e+05 2.8717063743e+04 4.9432605635e+04
7.9693226698e+20 8.4801879230e+20 6.1672814499e+18 1.2767885407e+35 -7.4622581626e+03 -5.2864820732e+04 -4.9071606699e+04
2.3118559847e+21 1.0108504246e+21 9.7630507675e+17 6.1232058151e+34 4.3491966658e+03 -1.1187437613e+05 8.1077088229e+04
1.1176587571e+21 2.0913545964e+21 -4.8928529563e+18 1.7080024586e+35 -4.0443273443e+03 7.4752588007e+03 7.1550672119e+03
2.7775442296e+21 2.5095735245e+21 -5.8309994514e+18 6.8161418105e+34 -2.7585452354e+04 3.5135540132e+05 4.3879990832e+05
8.2730215773e+20 1.0319825264e+21 2.9656774702e+18 1.0877422798e+35 -6.6570188052e+03 -5.4306562244e+03 1.2102493762e+03
7.4994570424e+20 1.3359853605e+21 -3.8711290087e+18 1.7251054290e+35 1.0233323068e+04 4.7340507247e+04 1.4509533337e+05
6.2534232896e+20 9.0714933441e+20 -9.1459800489e+18 3.3456842889e+34 2.9144759288e+03 -1.1420163851e+04 -9.0620820775e+03
2.6237338296e+21 2.0195535744e+21 6.8050981710e+18 1.0534794941e+35 -5.7649667061e+05 -3.5700367128e+05 4.9504568707e+04
1.8410707987e+21 8.9909255534e+20 3.1829722317e+18 5.3749663692e+34 4.6554451315e+03 8.7304088890e+03 9.4685030673e+03
2.2491573594e+20 2.9345135502e+21 -1.2542902821e+18 2.9989367084e+34 -9.5976720265e+04 3.8805225388e+04 6.4331452868e+04
1.3867216116e+20 9.2193432504e+19 2.5559405366e+18 1.6495348643e+35 1.1636634525e+05 6.0474857860e+04 1.6241434913e+05
2.5514373665e+21 4.4092881208e+20 -1.2143763498e+19 1.2644840040e+35 1.5330177092e+05 2.6405216651e+05 -1.0373407765e+05
2.2516876483e+21 7.1375526057e+20 1.6159525710e+18 4.1361179595e+34 -1.0446080770e+05 3.5549464235e+04 1.0849855821e+04
1.8478792609e+21 9.3164572260e+20 1.8757947850e+19 3.5601990171e+34 9.6391417149e+04 -5.4381406980e+05 1.7068403120e+05
1.4697352643e+21 1.0370733944e+20 9.4160041217e+18 1.4032865398e+35 4.8237599575e+04 5.0621880134e+04 -7.1060865704e+04
3.1887173256e+20 5.1470417608e+20 -3.7408960949e+18 1.3006012691e+35 -8.2500599560e+04 5.4835839302e+04 1.6465548036e+04
2.9033076829e+21 1.2687622891e+21 -1.3357527613e+19 2.7030831498e+34 -1.0472179217e+05 1.1616783730e+05 9.4993128082e+04
1.7171678726e+21 6.6246735237e+20 7.0306161717e+18 1.0668928921e+35 -1.9469250380e+05 -3.9161552894e+04 -3.4576507308e+05
1.7471427364e+21 1.3948718185e+21 -1.1611437371e+19 1.6240155208e+35 -1.2532589821e+05 -3.0120421098e+04 -2.1683471616e+04
2.5021035573e+20 2.8281596606e+21 8.4076263313e+18 1.6808767553e+35 -1.0236459050e+05 -6.7700587770e+04 -1.8436917966e+05
2.0922069904e+21 1.7724128550e+21 6.7801877263e+18 1.8420502121e+35 -7.9865081110e+04 -2.3187068671e+05 7.8737113902e+04
2.3374538202e+21 1.6375061164e+21 -7.3087343186e+17 1.4818455403e+35 2.8311748964e+04 2.0768111430e+05 -1.4603745548e+05
2.0811840592e+21 2.1086083336e+21 6.3928988978e+18 1.0496919862e+35 6.2746521492e+04 1.4958257704e+05 -2.8772942028e+04
1.0868847275e+21 2.8995086043e+21 2.0143975600e+17 8.8881445648e+34 4.2893256904e+04 -2.5381763964e+05 5.0222357027e+04
1.1751682213e+21 1.9487428639e+21 9.6724721832e+18 6.6746767837e+34 5.2338994594e+03 6.9510319758e+04 -1.4116081518e+05
2.2033563566e+21 1.1899678391e+21 -4.1860991523e+18 3.5177059090e+34 2.5351141626e+03 2.7446418826e+04 8.4495006009e+04
9.8342356566e+20 9.4519078880e+20 -5.2400746050e+18 1.8759436912e+35 9.8749677586e+04 3.4343276946e+04 1.1231233108e+05
2.0967288009e+21 4.3491832146e+20 8.3692311270e+18 8.6642349733e+34 -6.1301074679e+04 2.7214831768e+04 1.1734433919e+03
2.3824372804e+21 6.7940062217e+20 -9.8244183910e+17 5.6981053178e+34 -2.5241181883e+05 1.7196255034e+05 -1.0981204976e+03
8.4229587664e+20 1.0462216699e+21 -4.1676734400e+18 6.4956512700e+34 5.5390095574e+04 2.0719019166e+05 -1.3200739668e+05
1.6621718505e+21 1.5230931858e+21 -6.0366034848e+18 7.5356997330e+34 5.2917765643e+05 -1.7000706144e+04 1.9968400755e+05
2.3480645110e+21 1.5226661869e+21 2.9862901613e+18 1.5947599467e+35 1.7867973860e+05 -1.0061959472e+05 -2.9966356419e+05
9.2321688125e+20 1.1981425710e+21 6.6808620083e+18 9.4302397712e+34 9.7408398217e+03 1.8421314103e+04 4.3547334047e+04
8.5380744359e+20 1.8847407620e+21 -4.5363964806e+18 1.7477502061e+35 -3.6430253921e+04 -4.3862203097e+04 -4.7987807646e+04
2.6478227211e+20 3.1539171921e+20 9.1279003797e+18 1.4863865669e+35 -1.4646346312e+05 2.7955885301e+05 1.7099413927e+05
3.0005577672e+21 1.1633146862e+21 4.9618883528e+18 1.7978448045e+35 -3.2482028212e+05 -1.6934613523e+05 6.1271567088e+03
8.3458770280e+19 7.7738399256e+20 1.4402234606e+19 9.8733180959e+34 -4.8627609923e+04 7.7388432500e+04 -1.7031392155e+04
1.9544544286e+21 1.8227340701e+21 -4.7004529029e+18 3.8517369873e+34 -5.3307897340e+04 3.5798205857e+05 4.2528999768e+05
1.9684437362e+20 1.1504247593e+21 -1.2839051773e+19 5.0500480051e+34 1.4318339701e+04 5.0938270854e+04 -2.7262447984e+04
2.3980431702e+21 2.6418323049e+21 -9.5000836914e+18 9.6018116031e+34 1.3186142747e+04 1.0312973241e+05 -2.1614366383e+04
1.3402286586e+21 2.3790149248e+21 -6.5587208087e+18 1.9006863963e+35 -9.6146376782e+04 -1.6829062731e+05 4.0077442686e+04
2.5687947981e+21 1.0472192509e+20 6.2472391982e+18 7.6061248333e+34 5.1535365447e+05 5.3633550484e+02 -3.2418374762e+05
2.2731095198e+21 2.6680411177e+21 -2.7700176171e+18 3.5291475588e+34 2.0889333510e+04 7.4890583065e+04 -5.2611406405e+04
1.8302413838e+21 9.7230335140e+20 -2.0800237289e+17 1.1967998785e+35 -1.9984562027e+05 1.7425390290e+05 5.0276232174e+05
2.7406813491e+21 2.7748923627e+21 -1.8594291412e+19 1.1364194372e+35 -4.4750726875e+04 1.4524649200e+04 6.1663952798e+04
2.8385998581e+21 8.0019222876e+20 -1.2328018030e+19 8.9298477853e+34 -5.4165895284e+04 2.1032590849e+04 -3.5169485343e+04
1.7830824331e+21 2.4342679591e+21 1.5588367177e+18 1.6976543333e+35 2.0001040076e+05 5.8827327886e+04 2.7659955168e+04
2.5425334900e+21 1.0809484043e+21 -2.8253168164e+18 3.1947500283e+34 4.5231353122e+05 -1.5579484666e+04 -1.2682150702e+05
1.2038127340e+21 1.8848317664e+21 4.2354708505e+18 1.1911983100e+35 1.0032593578e+04 2.2102283536e+04 -2.0911939495e+05
2.8525437961e+21 1.4950722273e+21 1.2887636252e+19 7.4328840090e+34 -1.2057819212e+05 2.6713119984e+05 -2.9652533040e+05
2.7306927482e+21 8.0043694987e+20 7.1321835152e+18 6.5009940101e+34 -3.2865168371e+05 4.3790392084e+04 -4.8831133145e+04
3.0058848714e+21 6.3178068267e+20 4.9986962209e+18 3.4211345237e+34 -8.5882835268e+04 -1.9119564274e+05 -1.6744070248e+05
8.0772805073e+20 1.2641010534e+21 -1.0885447291e+18 1.1016467175e+35 -1.7812656335e+04 -1.7799174138e+05 -1.4940906028e+05
7.1385152351e+20 2.8134684829e+21 -2.4036229881e+18 7.2112343921e+34 -8.7072622821e+04 1.4594507232e+05 7.1718638831e+05
1.1073582216e+21 2.4228639201e+21 9.6296410757e+18 1.6452049480e+35 1.6434879718e+05 8.3676617715e+04 7.2612045362e+04
8.8750450318e+20 2.2304384034e+21 -4.5971888261e+18 1.1289118013e+35 2.3478512409e+04 1.5998755241e+05 -2.4434781714e+04
1.3475995924e+20 4.5240476813e+20 1.1051855496e+19 1.8326677641e+35 -1.6284024762e+04 2.5538252871e+05 1.6261619244e+05
2.3250254295e+20 1.7679985880e+20 1.3648025484e+18 6.4482815088e+34 -3.7771622547e+05 2.0609835834e+05 -2.1091055442e+05
8.0561725093e+20 1.1569250634e+21 7.9347655015e+18 1.6147068376e+35 -2.1028096110e+04 4.6976856564e+03 9.3375575317e+03
2.4622489110e+21 2.3852948870e+21 -1.1363288912e+18 8.6889825581e+34 7.3319673753e+04 7.5453530982e+04 5.4653760286e+04
8.6959556250e+20 3.0036762238e+21 -9.7859025384e+18 1.0223675396e+35 -2.0057332297e+05 3.1425439459e+04 3.0289233703e+04
5.6281024776e+20 7.3071352903e+20 2.3085779942e+18 1.9265410880e+35 -1.0252648278e+04 3.1345887991e+04 3.3898675649e+04
3.5480778258e+20 1.5096124144e+21 3.6815415994e+18 1.6802348340e+35 -1.2553771055e+05 -2.8303353608e+05 -4.3596376652e+04
3.0637978169e+20 1.3451415523e+21 -5.1414118951e+18 1.3793935009e+35 -3.3062068874e+04 -1.4685625651e+04 -6.4307297245e+03
2.0345261817e+21 3.5524424847e+20 1.0751826719e+18 3.4172804676e+34 -2.5766237177e+04 8.4224846425e+03 1.0267178205e+04
2.9512696210e+21 4.2913988763e+20 -5.5159673441e+17 1.9765399528e+35 -1.8074237215e+04 3.6165170686e+03 1.7367060556e+05
1.7466772981e+21 2.9365489874e+21 -3.2541088973e+18 1.2036292076e+35 -1.4952995677e+05 1.8173533337e+05 -1.2357324987e+05
1.6874055575e+21 1.5989115924e+21 -4.7560186712e+18 4.6712313824e+34 -2.1842835546e+04 -1.1767918520e+05 -1.0448958313e+05
2.0499540233e+20 2.8304169595e+21 -4.5833763169e+18 1.3713053596e+35 4.2171905352e+04 1.4527751524e+05 -2.7719363141e+05
5.8933771203e+19 2.2841266224e+21 -5.1747443849e+18 8.8622373502e+34 9.0938502348e+04 -9.2242312305e+04 -2.8375118417e+04
1.6498925048e+21 2.6654473066e+21 3.3660150808e+18 7.5013571280e+34 7.1046152791e+04 -2.0877517499e+05 3.0544853643e+05
4.5055587802e+20 1.0974245039e+21 -4.2514055047e+18 1.7162141446e+35 -5.5015016696e+04 1.5709875258e+05 4.9126881782e+05
2.4122228104e+21 1.7812842967e+21 4.0343235565e+16 1.4283839482e+35 1.1081608880e+05 1.2965579980e+05 -1.1055823079e+05
2.7912431294e+21 1.4804110379e+21 -8.6466785012e+18 1.6880795759e+35 1.4873431008e+05 3.3981777876e+04 -4.7480397978e+04
2.0081611090e+21 2.8486811981e+21 -6.1150808175e+17 1.6384728877e+35 9.7277997188e+04 1.1430006952e+05 -2.9185527165e+04
2.7162855192e+21 1.7538069785e+21 1.6896594437e+19 1.4760340546e+35 2.4044655318e+04 3.3255474954e+04 -3.2265542969e+04
2.0497824547e+21 9.0758314179e+20 -6.6125600503e+18 1.8785431730e+35 7.1253199937e+04 4.8172097179e+04 -3.2188844527e+04
2.5733581399e+21 1.1784345724e+21 -4.3073398926e+18 1.1628657352e+35 -8.9150481148e+04 -2.0748791263e+05 -3.1965314963e+04
1.3702724562e+21 1.7373783071e+20 -6.0994971275e+18 9.2963930238e+34 -6.8007711695e+04 -2.1841221315e+05 2.9471451846e+04
9.3085567607e+20 4.8791114528e+19 -1.2193437894e+18 7.3642088131e+34 -1.4375479814e+05 -4.0476009609e+05 5.1832118648e+05
1.8185664712e+21 1.5793561192e+21 -2.8435944663e+18 6.2278072001e+34 2.1750362676e+04 5.2988818556e+04 1.9697140191e+05
1.2729439337e+21 4.4441201034e+20 4.9659214115e+18 1.1502119641e+35 -1.1897232795e+05 7.1951041609e+04 -6.5327071922e+04
1.2841999651e+21 1.4644626048e+21 -1.7348423241e+18 1.0378996878e+35 -1.1411200497e+05 -1.7619707457e+05 3.1618329308e+05
1.3401224016e+21 1.4156006823e+21 6.0577947193e+18 1.2213859119e+35 -9.6394960160e+04 2.7801206940e+05 7.7437231238e+04
1.1512859700e+21 2.2037405111e+21 -2.5777541072e+18 1.6802365848e+35 -2.1464316333e+05 8.7275630198e+04 -5.7803772198e+04
1.8040120849e+21 1.4876995017e+21 4.6307207784e+18 5.7844378315e+34 1.7962827899e+04 6.3234573605e+04 -9.1954397149e+04
2.4736226511e+20 5.1495549405e+20 -1.4933228745e+18 4.9991718018e+34 -1.4153265010e+04 -8.2732682637e+04 1.4182253804e+05
2.0661441200e+21 2.9460774870e+21 2.6117565155e+18 2.8760270496e+34 -1.0348479974e+05 -3.6434195259e+05 3.5292591825e+05
2.9563520186e+21 1.5441420866e+21 -3.5097648538e+18 3.0065318269e+34 -2.2772865395e+05 -9.0172360400e+04 1.1340842822e+05
2.9411075553e+21 1.0045724459e+21 -6.6006890274e+17 3.9651932529e+34 7.8212898422e+04 -4.8418141416e+04 -6.0927533258e+04
6.1673281562e+20 2.9900229617e+20 -6.6213774481e+18 1.4557459282e+35 2.3906031568e+04 9.9537361458e+04 -2.6978617583e+05
1.0848913591e+21 2.9916437193e+20 -9.9996839316e+18 1.0755120309e+35 -7.3768593385e+03 -4.9896879069e+04 -2.8311582778e+04
1.3933185717e+21 2.0810136641e+20 -1.6476174055e+19 2.7806800112e+34 2.8814640775e+05 1.4240527407e+05 1.4975736053e+05
9.1073231280e+20 3.9860862838e+20 3.4399994153e+18 1.7998761684e+35 1.5156016609e+05 3.6652145607e+05 7.0541940524e+04
2.0111114886e+21 4.2640617429e+20 -6.0235646407e+18 2.7861925976e+34 1.7349299620e+04 -8.2653381875e+03 1.8412308661e+04
2.2920189550e+21 4.8064807801e+20 4.2909857688e+18 6.5383000732e+34 2.7368118892e+04 -1.9319884455e+04 -5.5196471801e+04
2.0617195813e+21 2.0328464570e+21 6.4547398129e+18 9.1708955000e+34 -2.7848826634e+04 -5.5352957557e+04 3.4299815082e+04
4.8077722399e+20 1.9756341455e+21 1.6663341667e+19 1.5137464483e+35 -3.9688265449e+04 -6.6689923711e+03 -2.2335463075e+05
2.0711323033e+21 1.5791988388e+20 -1.6590357478e+18 1.5095417431e+35 1.1721285129e+05 -3.1765137283e+05 2.1648585828e+05
1.6850081305e+21 2.0054402593e+19 -2.0650068024e+15 1.4013021426e+35 6.5084264879e+04 -2.2571757238e+05 3.4979066197e+05
2.8341094766e+21 1.4590598706e+21 2.1059860031e+19 1.6468375031e+35 1.0898461763e+05 -1.0306425819e+05 2.8921028407e+05
6.0277123439e+20 2.1038734662e+21 -4.3709635195e+18 2.8424924059e+34 -4.6233031413e+04 -3.7535603367e+04 2.0043157996e+05
1.1499344072e+21 2.0351025369e+21 5.9738157884e+18 8.0009610165e+34 -1.6456197081e+05 -1.9557624234e+05 -8.6087123144e+04
3.8222826686e+20 1.2051239414e+21 7.6164227173e+18 1.0536432155e+35 5.3755274588e+04 4.8607739461e+03 -1.5379497751e+05
6.4506518414e+20 1.0184873766e+21 -4.7610794993e+18 4.3808502464e+34 -2.2225525863e+05 3.2976997084e+05 -1.4154056428e+05
2.3246801051e+21 2.0103320368e+20 -5.0918491646e+18 1.4996823269e+35 -3.4346819238e+04 1.9439069084e+05 -1.1598753427e+05
8.0194083244e+19 1.8571126492e+21 -4.1017505679e+18 1.4265045603e+35 -2.8329032545e+05 -1.5656638975e+05 -2.1833890825e+05
1.7370192865e+21 2.2763990539e+21 2.0490544170e+18 1.0277512546e+35 -2.6463994341e+05 1.7836505841e+05 1.8946620044e+05
1.4044731251e+21 1.3521131979e+21 1.1654308159e+19 1.8026686102e+35 1.8528786956e+05 1.2862638647e+05 -1.0486211325e+05
2.3823758202e+20 7.7478978985e+20 -1.6602265421e+19 2.5142539289e+34 2.2847688882e+05 1.1790140039e+05 1.1186693923e+04
2.9090022394e+21 2.9557280974e+21 1.5553593815e+19 6.8789157813e+34 -9.6414449425e+04 1.0625712694e+05 4.8378117293e+04
2.9743429360e+21 8.3444305547e+20 1.2282456706e+19 1.6222968458e+35 3.6409441409e+03 1.3418503484e+04 -9.7076124734e+03
1.8007007909e+20 7.9671116893e+18 2.5946120324e+18 4.2126658971e+34 2.5959859478e+05 -9.2728607804e+04 1.5145332281e+05
4.5350290279e+20 1.3997117860e+21 -7.3866265533e+18 1.8271953840e+35 9.8365265022e+04 -2.3401473435e+05 5.9774990415e+04
2.8207060334e+21 4.4614436334e+20 4.5768535881e+18 3.2859421758e+34 -2.2062660689e+05 -1.1462438934e+05 -1.9875243817e+05
7.1280043412e+20 6.6084673089e+20 -1.3957946269e+18 1.8255477877e+35 -6.1600557745e+04 5.7335104936e+04 2.2481118991e+05
1.0795288062e+21 1.9109438783e+21 -2.7086574461e+18 1.9593211653e+35 -4.0309898585e+04 2.2511275438e+04 -7.5233623870e+04
2.8800576899e+21 3.0001845115e+21 6.4251302781e+18 3.9494737059e+34 1.3434341425e+05 7.8314996316e+03 -1.5447999526e+05
2.5732664069e+21 7.9617107645e+20 -4.6783930119e+17 1.9476093515e+35 8.0659967357e+03 -2.2115787876e+05 1.1351900927e+05
2.6008457523e+21 4.2443895417e+20 6.9133375325e+18 1.8847396569e+35 -2.9012754262e+04 -1.7059786028e+04 2.4109123066e+04
2.2279000180e+21 7.1816906350e+20 -2.4323596295e+18 7.3644796443e+34 3.6149086915e+03 2.3679060515e+05 3.3550093705e+05
2.7902680443e+20 1.2796048026e+21 -7.8880308596e+18 4.5677415887e+34 -1.5229126292e+04 1.6456768203e+05 2.4470567535e+04
1.3877992060e+21 2.9301046966e+21 1.1365068536e+19 1.6423193817e+35 -1.4375997373e+04 2.6793117676e+04 -1.9015890764e+05
2.9186409302e+21 1.8011720294e+21 9.7515308138e+18 1.4555718795e+35 -4.7495980416e+04 7.6379051142e+04 4.9732167318e+04
1.1129032368e+19 4.0569087362e+18 -1.7797862288e+19 4.0063296421e+34 -1.3277819596e+05 -9.7683831618e+04 4.3048503830e+04
2.8869025487e+21 9.3095378451e+20 1.9869232687e+17 1.1209964290e+35 -3.3269144473e+04 -5.4195648117e+04 5.7312745646e+04
8.5817041034e+20 4.4336137366e+20 -6.1049442620e+18 4.4789833461e+34 -1.6972434939e+04 1.8281889718e+05 -4.5518993612e+04
1.5125318524e+21 1.9314133108e+21 -2.8950884995e+18 1.7011447228e+35 2.4987236694e+04 -9.5087461482e+03 2.9689076052e+04
1.5724752763e+21 4.0039688876e+20 -4.1078052094e+17 1.8926934348e+35 -1.0015298677e+04 7.6892935458e+04 -3.3167538744e+03
1.3554137426e+21 1.4322957365e+20 1.9630122782e+18 1.5741428657e+35 -1.9135947797e+05 2.5875286699e+05 -1.1562146803e+05
2.7695577523e+21 4.4356033685e+20 1.7322728668e+19 4.4179785916e+34 5.1532994219e+03 -7.0375565756e+03 2.1648400654e+04
1.9220669882e+21 1.0096934288e+21 -1.5740243282e+18 1.4337283231e+35 9.1382336760e+04 3.5748415987e+04 1.8616375618e+05
1.7942545755e+20 2.0176447641e+21 1.4485569284e+18 1.0905404256e+35 -1.9395551491e+04 -9.0741316477e+04 -8.5014678641e+04
1.1426262093e+21 6.7702761969e+20 -1.0093592516e+19 1.0355987093e+35 -3.7887074879e+05 2.3220924516e+05 7.7622739872e+04
7.3179664083e+20 1.1389080992e+21 -5.2800307832e+18 6.1840978144e+34 -3.4462310395e+05 -3.8393425972e+05 -1.6963255318e+05
1.0976957648e+21 1.2126146609e+21 2.5932302461e+18 8.7721773285e+34 1.8443839599e+05 3.0373729689e+05 3.1939401414e+05
4.4708393137e+20 2.7762288197e+21 1.7527938705e+18 1.9300909786e+35 1.7051002035e+04 -7.7483021155e+04 1.8028241374e+04
2.7776557229e+21 1.8133973214e+21 4.7841444748e+18 1.6823307831e+35 -1.2433403260e+04 1.9735041149e+04 -6.3142925980e+04
4.5319514185e+20 1.5749613142e+21 1.2084498824e+19 1.0125321980e+35 8.8897062301e+03 2.0246514977e+04 -9.3761257084e+03
1.2998281498e+21 2.0666174712e+21 -6.6429436598e+18 1.9821416673e+35 1.4493607812e+05 -2.0489325285e+04 1.2857152952e+05
1.1841652636e+21 8.8992206824e+20 3.9286824164e+18 1.8694301577e+35 -6.1719737066e+04 4.6969422189e+04 -2.3332788008e+05
1.0457762416e+21 9.7806179320e+20 -4.4858331538e+18 8.8138208387e+34 -1.4126673558e+05 1.1314883850e+05 -2.2091612625e+05
1.1270897817e+21 2.7865568786e+21 -5.3063468120e+17 1.7232315758e+35 1.4672818177e+05 -8.1107804865e+04 9.7662382053e+04
1.8854480048e+21 1.7458913484e+21 5.3455168438e+18 8.6654349078e+34 2.0930873067e+04 7.9049741856e+04 -7.9476879680e+04
1.8283655119e+21 7.7250490211e+20 4.5239359960e+18 1.5839244639e+35 4.5394951457e+04 3.9780312458e+05 2.1456948101e+05
2.8930169408e+21 2.9096406379e+21 -2.6329316658e+18 1.8736772490e+35 3.7257821182e+04 -6.1085882116e+04 5.0146008616e+03
2.7200225475e+21 1.7017865262e+21 -2.0240500238e+17 7.4640728055e+34 -7.6350803394e+04 1.2855210492e+05 -6.9977342223e+04
1.3866073857e+21 2.6285076019e+21 -8.8348468756e+18 1.0206770940e+35 -1.2293093821e+05 1.9000889264e+05 -1.0935947762e+05
2.5833910396e+20 2.0245137125e+21 -1.0566274600e+19 1.9352634962e+35 -2.8318419501e+05 1.7261170996e+05 7.2021066089e+04
1.6764080767e+21 7.8320044006e+20 8.3339942568e+18 7.6930755889e+34 -9.0808844674e+04 -3.1005915254e+04 4.1176737475e+04
2.2650901311e+21 2.1492455091e+21 4.3019447319e+18 1.2798132189e+35 1.0328281746e+05 -9.3102046949e+04 -7.3844065521e+04
1.5850362016e+21 1.5293649591e+21 -9.0729922411e+18 1.6092168860e+35 2.1554509001e+04 1.4068555389e+04 -6.2176418142e+04
2.6195925924e+21 1.6535871542e+21 1.6296989587e+19 1.4589673466e+35 3.6597388172e+05 3.2238848541e+05 -1.2175549259e+04
1.4355960715e+21 3.0527833646e+20 8.6593782326e+18 1.2898164664e+35 -1.7550931208e+05 -1.3839245712e+05 -3.7684339911e+03
3.2266050842e+20 1.2948055283e+21 9.0990351044e+17 1.9525312082e+35 -5.1245500308e+04 -1.9270876270e+04 1.1124297211e+04
1.6768239992e+21 1.8882836945e+21 6.8574602349e+18 1.7634329021e+35 -6.8464720425e+04 3.2338635564e+05 2.1322796381e+05
1.0430609265e+21 3.4145322372e+20 1.1644511904e+19 1.0423700123e+35 -2.0784711769e+05 -4.4053236177e+04 -5.0274776591e+05
2.6151670452e+21 9.4165946372e+20 5.8258975038e+18 1.5405559562e+35 3.0529833130e+04 1.8715609799e+05 2.7355894304e+04
2.4470433229e+21 2.9286401289e+21 2.4086455876e+17 5.4224506162e+34 1.3726588234e+03 1.3623000840e+05 -1.0090978672e+05
2.9870080774e+21 1.0443154494e+21 -2.0308761782e+18 1.2869500700e+35 -9.7213094707e+04 1.6920579607e+05 1.9123804529e+05
5.6234932858e+20 2.7212693185e+21 -7.2471694735e+18 9.4783214733e+34 -1.4834143157e+05 4.8534034667e+04 2.8257374162e+05
2.0693300634e+21 7.1069829385e+20 3.9265310312e+18 1.6866944798e+35 1.1410885501e+05 -5.9271682659e+03 3.2588126716e+04
1.3026096581e+21 4.1454754088e+20 -4.7599559459e+17 1.7729046522e+35 -1.9130293475e+04 -4.8038311632e+04 -2.4043614259e+05
1.9813193995e+20 2.4752135465e+21 -6.7025399856e+18 9.9601984924e+34 1.9942994850e+05 -3.9421126638e+04 -2.1738153233e+05
6.2554659176e+20 5.0907084933e+20 7.8295386926e+18 1.8377463007e+35 2.9192761319e+04 -7.3691846111e+03 -7.0118274298e+04
1.6550115218e+21 2.2230541152e+21 -4.4518544179e+18 1.8465708969e+35 -2.5004238646e+05 -2.2975249714e+05 1.8333770015e+05
6.5059093178e+20 2.3973475627e+21 9.2810854359e+17 4.7208532326e+34 -6.0637837344e+04 -4.3707645333e+05 -1.2171806442e+05
4.9872449392e+20 1.6070739278e+20 1.3014271529e+18 1.6558714143e+35 -1.3438271991e+04 -7.4477027560e+03 4.8054501089e+03
9.9487475799e+19 1.2304204910e+21 3.4186130926e+18 1.3569530097e+35 -5.2155073058e+04 -6.9019355644e+04 -6.7197139317e+04
1.2233720336e+21 9.7518698206e+20 5.9668547256e+18 1.1732795016e+35 -3.1911647900e+04 5.0772104366e+04 1.7911533977e+04
2.8052078349e+21 9.2845534005e+20 2.8750083442e+18 7.2753260459e+34 1.3971581222e+05 -2.7318382573e+05 -7.4215045325e+04
2.2232563029e+21 2.0482639950e+21 1.4341023319e+17 7.9926740024e+34 -1.0271354069e+04 -3.7062349833e+05 3.5622677471e+05
1.2379552153e+21 1.9496676521e+20 6.8942558264e+18 1.9673641072e+35 5.3812521151e+04 2.8656474256e+05 1.4104638410e+05
2.6379592662e+21 2.0956942371e+19 7.3386507021e+18 1.7002264530e+35 -1.0123241392e+05 5.2229474986e+04 5.5950036866e+04
1.7418872544e+21 2.8035722948e+21 3.3307997979e+18 1.8979821125e+35 5.6805362810e+04 3.4291523589e+05 -1.4279087547e+05
1.9255587396e+20 1.3922551076e+21 5.2281819695e+18 3.7749337088e+34 -6.1466574014e+04 2.5930923744e+05 -3.1859976618e+05
7.6876802653e+20 2.7839199789e+20 -2.3446755720e+18 4.8017559825e+34 -2.8152672875e+05 2.5748862937e+05 -6.0069371639e+04
2.8153547273e+21 5.3473073694e+20 6.7696479073e+18 1.6195890582e+35 3.6600148972e+03 8.4395200358e+03 3.5904975874e+04
5.7899588776e+20 2.5852264970e+20 1.3632027296e+19 1.5080916663e+35 7.4012822921e+04 -6.9599168470e+03 -3.2660008992e+04
4.5823632528e+20 2.0342987694e+21 -1.8064767988e+18 1.0475517644e+35 -9.5393472017e+04 1.1826244060e+05 -2.1431313123e+05
2.5887500084e+21 1.3827783422e+21 4.9837188719e+17 2.5539460320e+34 -1.8958005669e+03 2.7443725923e+04 -2.0849755151e+05
2.4470633617e+21 1.8922612223e+21 8.3086271640e+18 1.2343203690e+35 -8.3790220899e+04 -1.9234371339e+04 5.8330397479e+04
6.6727805661e+20 1.7368578426e+21 -1.4999438350e+19 9.2466532321e+34 2.9482173656e+05 -3.3762483173e+04 -2.2758043331e+05
9.5492130529e+19 6.9211744033e+19 -1.0304542594e+19 1.3350027527e+35 -7.0872070814e+04 3.2576295937e+04 1.7017863602e+04
1.6008519876e+21 4.4586580000e+20 -1.6943320953e+18 1.2284711660e+35 9.1458957037e+04 5.9140846921e+04 -3.4065855774e+04
1.5689766284e+21 2.6729511105e+21 2.2280918355e+18 1.5707196031e+35 -4.5332223520e+05 -1.1343267067e+05 3.5864866139e+04
1.8610248310e+21 1.1688204532e+21 1.6920164933e+18 1.4544081205e+35 -4.8201392553e+04 -3.9130540956e+05 3.8139986231e+05
8.2773405692e+20 5.9569651952e+20 2.2376148099e+18 1.0247883488e+35 -2.3601578685e+04 1.1689416392e+05 3.4224693980e+05
1.1161720927e+20 2.5186954694e+21 4.5208086525e+18 9.9112666194e+34 -8.1497832798e+04 -2.1011307278e+05 -2.2892594888e+05
2.1396541394e+21 8.8839557575e+20 6.8157627435e+18 1.4759888785e+35 -1.7412012213e+05 -2.8803287545e+05 -2.7723339080e+05
2.2091867146e+21 2.5702439616e+20 -1.6969325524e+19 7.1664727548e+34 1.4359596776e+04 4.3747511818e+04 2.9800454121e+05
9.7868449185e+20 1.1669261840e+21 -7.0051687641e+18 1.3578532238e+35 1.5620002112e+04 -9.2537832373e+03 1.1750849623e+04
2.5136826921e+21 5.0301194542e+20 -1.4121366582e+18 7.3481590761e+34 3.2465019762e+03 -2.5422357012e+04 -1.1491621494e+04
2.9405869277e+21 1.9847454903e+21 -9.2258906099e+18 1.2246790829e+35 -3.9194039991e+05 -2.2638608614e+05 1.3747183890e+05
1.6127686258e+21 1.7668427856e+21 -9.0301419136e+18 6.3780278191e+34 -1.1322525872e+05 -2.6620402136e+05 -1.5820485489e+05
1.3869464808e+21 8.8695327239e+20 6.7315846112e+18 1.9218122891e+35 -4.6853113098e+05 -1.7839967668e+04 -2.4022271602e+05
2.1596853169e+21 1.6523195680e+21 5.5955092486e+17 1.5588303094e+35 3.8810597395e+05 4.4611487139e+04 -3.6801245923e+05
1.6712808415e+21 2.2682754496e+21 -2.2991834772e+18 3.3414459935e+34 8.0240901960e+04 1.8887729492e+05 -3.3380411210e+04
1.7602163714e+21 8.1370445398e+20 -8.3127976225e+18 3.1862912736e+34 9.2251870100e+04 2.2455894537e+04 5.9191470350e+04
2.1065594919e+21 2.7268973357e+21 -1.0802687544e+19 4.5044746167e+34 -2.4101296101e+05 1.4559684181e+05 -1.7060716199e+05
2.2665689398e+21 2.9940679328e+21 5.7410186837e+18 7.8320925801e+34 -4.8357605869e+04 1.0740061267e+05 -4.5502149480e+04
2.3025155259e+21 3.6982226302e+20 -5.7742938980e+18 9.3790424572e+34 -4.2205873117e+04 3.1186682750e+05 -2.5205799033e+05
2.1965811066e+21 1.2426369827e+21 6.0233316216e+18 1.9398355038e+35 -4.2489291057e+04 2.2320338274e+03 9.2933661858e+03
1.3353261277e+21 5.9166905370e+20 -6.5823366873e+18 7.4923637957e+34 1.0050692890e+05 -2.7359420179e+04 -3.2454837701e+04
2.6227536577e+21 5.7526484075e+20 6.5157288992e+18 1.9028543611e+35 1.3534342280e+05 -4.6507022520e+04 6.5575499562e+04
8.8861320939e+20 2.4941986502e+21 1.1519285659e+19 1.2885992594e+35 1.2244064033e+02 8.0442995431e+04 -8.1960314288e+04
2.1534575460e+21 1.9959448228e+21 2.2803880700e+17 7.4540685500e+34 -2.4003727325e+04 -4.9977956233e+04 1.7510391516e+04
2.8776205356e+20 9.9158950070e+20 1.4700672426e+18 1.0781164497e+35 -8.4932679228e+04 7.3817788815e+03 -9.4729882706e+04
8.5498703627e+20 1.9387788773e+21 6.8243462932e+18 1.9389816820e+35 5.1036859232e+05 -2.2656816859e+05 5.2210312791e+04
3.8397369691e+20 2.6149261084e+21 1.1897954665e+19 1.3667263482e+35 -1.3248573432e+05 3.2934877674e+04 -8.2808071866e+04
6.5514406880e+20 1.5834037745e+21 -1.4207085442e+19 1.1070810716e+35 2.4287492019e+04 -5.7207199915e+04 -1.0623862873e+05
1.8741499446e+21 2.6705466431e+21 3.7639756464e+18 1.7374363126e+35 1.5145044949e+04 1.5897721794e+05 -2.3112518486e+04
2.3047039106e+21 1.6025967287e+21 9.7613703646e+18 1.7624218874e+35 -9.8022349169e+04 -1.6043930720e+05 -2.0909994450e+05
1.4526748884e+21 2.9111203452e+21 5.9798106305e+18 1.3296122163e+35 3.4387304805e+05 -1.0039120161e+05 1.1525741874e+05
2.2524530004e+21 1.3750069482e+21 -5.2866440358e+18 1.9477207545e+35 -8.5392725741e+04 3.0774786393e+05 1.6347754981e+05
1.9460170795e+21 1.2514181554e+21 -1.3352250297e+18 7.4959034366e+34 -5.4300746031e+04 1.2080130717e+05 8.8348886661e+04
3.1005048141e+20 2.3116049739e+21 -1.5888814617e+18 1.6893937998e+35 4.0874111322e+04 -1.4184723244e+03 3.6936832801e+02
4.5236119794e+20 3.1205391186e+20 -3.3727121823e+18 1.5467242490e+35 -2.1450033170e+05 -7.2882452596e+04 1.1282674868e+04
1.9206367500e+21 2.8186870030e+21 1.1347855345e+19 1.0710766384e+35 -3.4409334559e+05 -1.6779199232e+04 4.9766031500e+04
5.2615309962e+20 7.0833031550e+20 4.7785337803e+18 1.3769346312e+35 -9.1198184587e+04 -7.9148497172e+04 3.5839683191e+05
1.0036046449e+21 1.4456549343e+21 6.7265985626e+18 1.1289297419e+35 3.1861945132e+02 -1.1579850616e+03 -3.6859864496e+04
2.0572717680e+20 7.4421537820e+20 -4.7355848977e+18 6.3895311910e+34 1.3347782704e+04 -2.0128813387e+04 -6.0546252425e+04
2.1476717234e+21 2.2177241227e+21 -2.3205347160e+18 1.5712830360e+35 -2.1050088551e+04 -7.0951384077e+04 -4.7489295008e+04
1.1030308260e+21 3.8571709120e+20 -8.4989086120e+18 1.2046945070e+35 4.5823668685e+03 1.7630207459e+05 -1.6696736145e+05
2.4354914732e+21 1.4257364356e+21 -3.0861026783e+18 1.7878838900e+35 -1.3192074603e+05 4.8927007937e+04 2.4879576245e+05
1.5315882114e+21 1.0799956537e+21 -9.1806778451e+18 1.9667038014e+35 4.5730007261e+05 3.3076354143e+05 3.1556183304e+04
1.6567451638e+21 1.3989388843e+21 1.9234671978e+19 3.2950462641e+34 2.3216888657e+03 -4.5902204243e+05 5.3538123056e+04
2.5534398849e+21 1.0051081649e+21 -4.3161632398e+18 1.1125197586e+35 9.2820886468e+04 8.3380039425e+04 4.2034645382e+04
5.8772374840e+20 2.1271359722e+21 -4.5073072772e+18 1.4009681912e+35 3.7594247415e+04 -1.7865368940e+05 1.5352727989e+05
8.9553824944e+20 2.9182631444e+21 -1.1409674898e+18 1.7548724793e+35 3.4538047508e+04 1.1083926055e+05 3.5909089003e+03
1.2972237884e+20 5.1303655866e+20 1.1234971462e+18 1.2905463035e+35 1.4772735958e+05 -1.1258450938e+05 1.0246783721e+04
2.8930527665e+21 2.7212098914e+21 6.3539205620e+18 1.3304093653e+35 4.9181848186e+04 -2.1094273041e+04 8.3839140949e+04
2.5664021445e+21 1.4218810349e+20 -5.4822380085e+18 1.5842384379e+35 -5.3842276592e+03 -5.4857335996e+03 1.4073402192e+04
5.9631633466e+20 7.6278973224e+20 4.7776219638e+18 7.9209982814e+34 2.1532864514e+05 -1.6256342491e+05 2.6287823386e+04
1.2869899341e+21 9.5348752573e+20 3.7622083371e+18 1.0900885515e+35 -8.6147520172e+04 -8.9059634279e+04 -2.7007818097e+04
7.7613980754e+20 1.8455828274e+20 -8.3144186204e+18 8.5149986436e+34 1.9718319698e+04 -2.7856310620e+04 1.7957263465e+04
2.5463885264e+21 1.7141126818e+21 -6.7683841116e+18 1.3400107370e+35 3.7042705281e+02 1.5734695677e+05 6.0186693023e+03
2.9570515343e+20 1.1337464417e+21 1.1910274716e+18 1.0998423404e+35 -1.8503186783e+04 -5.2668138706e+03 -1.6786377067e+04
2.5345657526e+21 2.8879978053e+21 3.9389786407e+18 1.6285758303e+35 -1.6500971724e+05 -2.7815835720e+05 3.4451812933e+05
1.0311650069e+21 2.6722723424e+21 -1.2508655020e+18 3.5744739026e+34 -8.9710955819e+04 1.0905557437e+04 9.5251951388e+04
1.6479550619e+21 6.0876834931e+20 1.0618321603e+19 1.1647068235e+35 -6.3642515114e+04 -1.9774859960e+04 -4.2826641358e+04
2.4737427443e+21 2.2905353424e+21 1.2791831213e+19 1.9841835560e+35 -2.6897028361e+05 8.6605738225e+04 -1.6908028629e+05
5.7632920930e+20 1.0166066859e+21 8.4373754572e+18 6.2486945530e+34 -4.2675536830e+04 3.8605622425e+04 3.8240362298e+03
2.6964834159e+21 2.9206113115e+21 -5.3230904830e+18 1.9265516588e+35 -1.3037040597e+05 -1.7272033051e+05 -1.7427706655e+05
5.3673758715e+20 1.4452487595e+21 3.7144557923e+18 5.8034777707e+34 5.6932137491e+03 -1.8314762784e+04 -5.0326558320e+03
6.5491233841e+20 1.7576095109e+20 4.0352505865e+18 9.5811152035e+34 1.9119863948e+05 1.1891122678e+05 -7.2371527053e+04
1.1101240390e+21 2.7986881757e+21 -3.8266005608e+18 3.5300808590e+34 1.4201981861e+05 1.0412630976e+05 5.0395610296e+04
1.2113805445e+21 2.3013242647e+21 3.5695322628e+18 2.8838413073e+34 1.8253707984e+05 8.2270736999e+04 6.8801528005e+04
1.2807886021e+21 2.1854909209e+20 -4.8156080714e+18 1.1041672411e+35 5.2387603608e+04 -1.0578092811e+04 -5.6331047647e+04
2.1054888741e+21 3.7239110804e+20 2.8923795204e+18 1.3631272643e+35 -1.1400714424e+05 -2.8215714229e+04 -5.3953139173e+04
2.3071534730e+21 2.9539475860e+21 -5.7160592142e+18 1.4821633552e+35 -8.4358406494e+05 2.9084970416e+05 1.1735576238e+05
2.9944879654e+21 1.9083771979e+21 -1.5066501504e+19 1.2883986999e+35 5.7096926809e+04 3.2264939088e+04 -2.2957654650e+04
2.2353192566e+21 1.6012836131e+21 4.0474866579e+18 8.3751526057e+34 -8.4209662396e+04 -3.8921893506e+05 -1.9649650602e+05
9.8192360229e+20 2.3452691041e+21 3.1538033101e+18 1.0508472164e+35 3.2397755957e+05 1.8871722738e+05 2.4160013630e+04
2.4191551257e+20 2.9350627791e+20 -2.3182120787e+18 1.9595782102e+35 8.3811055086e+04 1.3319194035e+05 -1.5745073168e+05
1.1823681471e+20 4.6821700055e+20 1.3962724344e+19 1.6410234694e+35 1.9593375079e+05 -1.0966177105e+05 -1.5343461297e+05
3.7521487482e+20 1.5129311542e+21 3.3446600307e+18 1.1872923848e+35 -1.1409147611e+05 1.4338118406e+05 -2.0238805643e+05
1.1389559804e+21 1.2179868076e+21 1.4008572717e+18 1.5208061379e+35 3.7632576021e+04 -5.9530155222e+03 2.3085192481e+04
4.3178008408e+20 2.5202677797e+21 6.4264645326e+18 1.0604325893e+35 7.1492340233e+04 -4.6069466410e+04 -2.6649161072e+04
3.6366593974e+20 2.6113929365e+21 1.4644240586e+19 7.8804082513e+34 3.0327136521e+05 -1.0720827129e+05 1.1619081460e+05
2.6228573281e+21 7.0807229948e+20 -1.1043324128e+19 1.0152466484e+35 6.5944026726e+03 -7.3283442823e+04 -6.8980136915e+04
1.2401087486e+21 1.5598612449e+21 7.2495090410e+18 5.5155344349e+34 6.8911803127e+04 1.3388261002e+05 7.4883462924e+04
1.2679345736e+21 2.6051375393e+21 -4.6186989717e+18 1.6076357096e+35 -2.6611661879e+05 2.4649671258e+05 -1.8303097961e+05
5.0545267146e+20 1.9728632756e+21 1.7109136080e+18 8.4144845840e+34 -3.8169410444e+05 -1.9698839283e+05 -1.3244604617e+05
2.9976170986e+21 1.9871653319e+21 -1.0583019988e+19 5.6533284250e+34 -3.1037430117e+05 2.1376992454e+04 -7.8285434681e+04
9.4407381734e+20 2.1139930258e+21 1.2620431676e+19 1.9757584354e+35 5.7905835451e+04 -1.3383751798e+05 -1.5009809001e+05
2.4121076343e+21 9.8144890164e+20 1.5942725492e+18 1.6692509144e+35 3.9924642588e+05 -4.3245592230e+05 2.5105114546e+05
1.2382541874e+21 2.4647450106e+21 -5.2862572736e+18 7.6910250167e+34 -1.8982479488e+05 -1.1318349825e+05 2.7339342403e+05
5.3375366328e+20 1.2859938229e+21 1.2229385923e+19 8.9213470576e+34 1.4161052043e+05 1.0662065249e+05 1.4858203531e+05
8.1831990904e+20 2.8039703288e+21 4.8574489885e+18 1.7920873518e+35 -2.5276597704e+04 3.2709099692e+04 2.9967098185e+04
2.3261372808e+21 1.9596793930e+21 1.8448433809e+18 3.9985017506e+34 -6.2671736972e+04 -8.5338633164e+03 8.9150527650e+04
2.2118680088e+21 1.3413590593e+21 1.4171013802e+19 1.0064811824e+35 -3.4326621689e+04 -7.1535944953e+04 -7.3888832027e+04
6.4424123823e+20 6.4578206668e+20 -2.0453340742e+18 3.9410693478e+34 -1.7196814630e+05 -1.2047258355e+05 1.6934541973e+05
7.3759687031e+20 2.2011383048e+21 -4.8400923323e+18 6.1402375652e+34 -6.9835272162e+04 1.9458074569e+04 7.3558949914e+04
1.5305794919e+21 1.7492035349e+21 9.4996663176e+18 1.3540526905e+35 5.0189005486e+03 4.8101184331e+03 1.3220949426e+04
1.6722310065e+21 6.5442449782e+20 8.3785212540e+18 2.2123900531e+34 1.9508913443e+05 1.2576233231e+05 -7.3554657724e+04
3.9217958604e+19 1.9355381962e+21 -1.0298653656e+19 2.7183236104e+34 -8.3523597013e+04 -3.6171112619e+04 2.6267520276e+05
1.1996247879e+21 1.4249697197e+21 1.5717438172e+18 1.4908103015e+35 1.3980801338e+03 1.0938816537e+03 7.9141490500e+02
2.2012642155e+21 1.2464344522e+21 4.4320335109e+18 1.2537875099e+35 -5.3257998814e+03 -1.6514830261e+04 -2.2752303895e+05
1.5173721717e+21 2.8061496044e+21 -2.0604256841e+18 8.2844423821e+34 -6.2256332884e+04 -5.5702609267e+05 4.2724340213e+05
1.5970926118e+21 1.9704248039e+21 -6.8313328239e+18 1.9459118706e+35 1.8119247009e+05 4.1992781650e+05 -2.4130563321e+05
2.0826046408e+21 1.4042112499e+21 4.6540820570e+18 1.3113114451e+35 1.6621042443e+05 -8.5607327613e+04 1.7124416767e+05
2.6726782270e+21 4.0764995967e+20 -1.6188728644e+18 1.2368305407e+35 2.0349348263e+04 -9.1156972961e+04 7.8548399832e+03
2.1374555553e+21 1.9719192002e+20 4.8284375353e+18 1.0634450990e+35 -5.0401450489e+04 3.7416616192e+04 -7.9357171635e+03
2.6675235611e+20 1.2479301206e+21 6.7710239651e+18 8.5497614541e+34 2.3482723770e+04 5.2371412398e+03 2.9734472220e+04
1.6345182126e+21 2.7804593977e+21 8.1994961698e+18 3.1027515133e+34 -2.2893695163e+04 -2.5807141911e+04 2.2496841369e+05
7.4344839932e+20 2.4641999836e+21 -1.2048696580e+17 1.4208318671e+35 2.3367056361e+05 1.8538575376e+05 -4.1362123486e+04
2.9241438647e+21 2.9148411533e+21 1.7517902773e+19 1.9836071396e+35 -3.8661911777e+04 -5.3694097963e+04 4.9123402599e+04
2.3563935973e+21 8.1529137615e+20 1.6607720712e+19 1.6027883580e+35 1.6753355678e+05 -2.8535240040e+05 -7.7672671500e+04
1.3236988745e+21 6.8161320099e+20 1.5519339847e+18 5.7075022596e+34 6.1021541595e+04 -6.7458677399e+04 2.3935528598e+05
1.1371065964e+21 1.0411759678e+21 4.9576151801e+17 1.7017861368e+35 -4.2351814315e+04 5.7387392299e+05 2.6972103534e+04
2.6236637929e+21 2.5509267882e+21 4.5252202533e+18 6.4473697219e+34 9.6285292106e+04 7.0717150977e+04 -3.2606062894e+05
6.0996597895e+20 6.4666887027e+20 1.1658467003e+19 1.3097637174e+35 1.5532880434e+05 -5.1375691174e+04 1.4112273709e+05
9.1947297513e+20 1.7644482273e+21 -3.5113819098e+18 5.6275050213e+34 -4.4005559910e+04 5.3877352181e+04 1.2367381445e+05
4.4528891756e+20 1.0427254582e+21 4.2823477619e+18 9.2047327637e+34 1.2754128785e+03 -1.9096464908e+03 2.9357423957e+03
1.4532245796e+21 2.0719600253e+21 8.2133531619e+16 1.5164005800e+35 -1.7087566003e+04 -4.9576218919e+04 1.8204437402e+05
1.1279197166e+21 2.1349824049e+21 -5.2577219163e+18 6.2459885958e+34 4.2416691834e+05 2.7879642019e+05 3.0158590598e+05
1.8921860882e+21 4.5394133618e+20 -3.7549570494e+18 5.5145823150e+34 -3.3283350988e+03 -8.2793524127e+04 4.6194579374e+04
7.6128539851e+19 1.1621550469e+21 9.8489189032e+18 9.1879441523e+34 1.2260927666e+05 -2.2377167054e+05 3.0623297823e+04
2.8777634014e+21 1.9610316450e+21 -8.6811688546e+18 9.0977325325e+34 2.8467827345e+05 -1.8921317036e+05 3.5664007497e+04
1.2464681953e+19 1.6960492890e+21 -4.3729979372e+18 7.6718403555e+34 5.9475705259e+04 -1.2642935477e+05 -4.0934207923e+04
1.7774722159e+21 1.7317507722e+21 -4.3568331778e+18 1.3879432925e+35 1.8421876296e+05 5.7004174955e+05 2.0637307740e+05
2.6826213715e+21 2.8448063594e+21 5.4970845835e+18 5.9517382990e+34 -2.6345180265e+04 -2.4498672118e+04 3.9643826358e+04
2.5165145152e+21 6.8359738359e+20 9.9962070837e+18 1.9395618984e+35 7.2578463903e+04 7.2481009687e+04 2.0595920961e+05
1.4759177752e+21 6.1586719933e+20 -8.2809317359e+18 1.2559567554e+35 -5.2596837397e+04 -1.1507230959e+05 -7.4501575560e+04
1.2378155224e+21 1.5781004378e+21 7.7083761845e+18 8.2151193409e+34 4.2250196482e+04 -1.4269058946e+04 -1.1730976042e+03
5.4526590137e+20 1.0529489937e+21 -4.3853322265e+18 1.1188833606e+35 -5.5993835763e+04 -8.2899709176e+04 -4.4729099704e+04
4.2853743162e+20 2.3874429639e+21 5.6566932619e+18 9.7133815971e+34 8.2811165931e+04 4.6733860545e+04 1.3125162729e+05
7.5063476952e+20 2.3635443878e+20 1.2374827811e+19 5.8383227877e+34 5.6620184660e+04 -1.3869477640e+05 -2.5834498388e+05
4.3306819546e+20 4.8476138308e+20 -8.8938646174e+18 7.4269417741e+34 2.5901745306e+04 3.0196985943e+04 -1.8827736063e+04
1.2822273481e+21 4.4663036073e+20 -7.2803155493e+18 1.7639627398e+35 1.4205603045e+05 4.5703826239e+05 2.3339507033e+05
2.2744075984e+21 2.4225502431e+21 5.7571551333e+18 4.7248178489e+34 1.1552108539e+05 -1.2544974798e+05 2.9387645890e+04
1.2917667074e+21 5.3812427203e+20 1.2595278542e+18 3.5084367627e+34 -1.0906191161e+05 -1.4434368993e+04 2.5754336121e+04
1.8858751763e+21 8.6938360327e+20 2.6806888232e+18 1.5694572580e+35 -5.5265420058e+05 -2.9570826168e+05 -2.2627248170e+04
2.6659448853e+21 2.0805369435e+21 -1.5056788715e+19 3.3634799203e+34 6.5254799074e+03 -1.5549621058e+04 4.1132477411e+03
7.5542958349e+20 1.9426586828e+21 3.8065661784e+18 1.6806918140e+35 -2.2488949522e+05 1.6458108867e+04 -9.5158549705e+04
2.8693387150e+21 2.9620876206e+21 1.2044849173e+19 1.7290252227e+35 -4.0744973533e+03 6.3815261883e+04 -5.6456404631e+04
2.4945667363e+21 1.4188719908e+21 7.1165132061e+17 7.9029642673e+34 -1.9593312230e+04 -4.2091998368e+04 -6.7537988878e+03
6.9675325505e+19 2.1081284298e+21 2.4987871713e+18 1.8065622350e+35 -1.0379449877e+04 2.5629551896e+04 -5.0481828165e+03
1.7299106778e+21 2.5921826724e+21 4.5107166162e+18 3.7134226756e+34 -1.5591383824e+05 -2.3287346334e+05 -4.8230162328e+04
1.7642988079e+21 2.2964543857e+21 -3.2137140115e+18 1.4445323938e+35 7.2572774312e+04 -2.1726803338e+05 1.9946911039e+05
2.5916262742e+21 2.9837080595e+21 -5.9800662631e+18 1.9645631143e+35 -1.8071677741e+05 2.1757426493e+05 3.9290151359e+05
5.9432443251e+20 2.0581780821e+21 8.8627193383e+18 3.5867935669e+34 1.6532532011e+05 -6.5221798813e+04 -8.9895345497e+04
2.9206410674e+21 2.7350138000e+21 -2.9987825638e+18 4.9309789039e+34 3.7066654376e+03 2.5552577071e+03 -5.1442439538e+03
2.0085331343e+21 6.7205078141e+20 -8.5343783838e+18 1.5618417535e+35 -1.5568412430e+05 -4.9541750188e+04 -1.5242074051e+04
1.8038142988e+21 1.5557461226e+21 -1.0003531029e+18 1.2883659778e+35 2.4273685336e+05 2.1269365590e+05 -1.3464966618e+05
9.0862271375e+20 1.3586758143e+21 -3.0885537793e+18 1.1730494100e+35 6.8520677903e+04 1.8849642769e+05 -1.3426415901e+05
6.7638981041e+20 2.9754412128e+20 -1.0828560963e+19 1.2837885365e+35 -1.1770194589e+03 8.1299606054e+04 4.0783996282e+04
1.2241673868e+21 1.6130465571e+21 4.5798346870e+18 6.2401946115e+34 3.2212504761e+04 9.0277684980e+03 -2.0096063835e+04
1.2814537971e+21 2.5183633660e+21 -1.8389840888e+18 4.8631140444e+34 -1.1020965211e+04 2.3681977594e+03 -6.0526305723e+03
2.9082057307e+21 5.9377743100e+20 -5.8328815042e+18 7.2227283588e+34 -2.3278044464e+05 5.1069255075e+05 -3.6035046418e+05
9.7062411949e+20 7.0347425494e+20 2.4166769996e+18 7.0433740750e+34 1.6480551372e+04 -2.5740496675e+04 1.3731281042e+04
1.8624661100e+21 1.9101120756e+21 8.0316125141e+18 2.5741161900e+34 -4.5821637688e+02 -7.4371400296e+03 -5.7363305080e+03
1.9864505826e+21 1.4476241970e+21 8.4675103129e+18 1.6175114954e+35 -3.4038978484e+05 3.0602792815e+05 1.1886350146e+05
2.5415305171e+21 1.4284914098e+21 7.7294260625e+18 1.7962040814e+35 2.9627897686e+05 -8.1457046408e+04 -6.1398026889e+03
4.8303140217e+20 2.3472474767e+21 2.8124034956e+18 1.2394107079e+35 2.3699348670e+05 -5.1893529982e+04 -3.6946505155e+04
1.4679528211e+21 2.2198512209e+21 -7.1014661097e+17 1.2501983227e+35 -9.9472521690e+04 -7.8838985323e+04 3.4692492505e+04
8.3585632991e+20 2.5458702163e+21 4.3017138226e+18 5.6632704611e+34 8.9363581768e+04 1.1769266523e+05 1.2632451646e+05
2.6712123099e+21 2.2327408165e+21 -1.8213118482e+19 8.0617184526e+34 -7.1257326778e+05 -1.5987718694e+05 -1.9104591311e+05
1.4476197834e+21 2.2380721487e+21 9.9950042073e+18 1.2261798371e+35 -2.3267178394e+04 3.2694902948e+05 -5.4909950118e+05
6.1530198291e+20 7.0128628675e+20 -9.6416680547e+18 1.3619002649e+35 1.6286983431e+04 5.3400072043e+05 -3.0849201116e+05
2.7004391896e+21 3.9695705398e+20 -2.3107123499e+18 1.4685339423e+35 -3.9183957277e+04 -2.5686001671e+05 1.4114930012e+05
7.0859029791e+20 1.0411847959e+21 4.8988029641e+18 1.2112937667e+35 -1.6541517718e+05 1.0894665434e+05 -3.1693540243e+04
2.6477065275e+21 2.5971345400e+21 -1.2859724853e+19 7.0814150627e+34 1.3369555653e+04 3.2977354015e+04 -7.8503364990e+03
2.0704610664e+21 4.4939699211e+20 -1.3396336090e+18 2.4041019621e+34 6.1979169940e+03 -3.1892104906e+03 1.5007327311e+04
1.4870554267e+20 1.5627476953e+20 -3.9726071166e+18 1.1962988483e+35 1.3205001482e+05 1.1054849297e+05 8.0078640406e+04
2.2955314858e+21 1.6186483695e+21 4.8773175352e+18 1.8623291566e+35 1.1091264475e+05 2.3280870392e+05 3.4345150738e+05
3.6731672933e+20 2.2285033259e+21 1.5838985427e+18 1.3833375981e+35 1.4166907132e+04 -5.6207332467e+04 6.4333803228e+04
7.4923975095e+19 6.0886076757e+20 4.2682723893e+18 1.9040096819e+35 7.7755692751e+03 6.1915201895e+04 -1.0204349166e+05
3.5782755286e+20 1.2204653795e+21 1.1859706217e+19 8.1985981736e+34 2.9006668818e+05 -5.5390314098e+05 1.3239038272e+05
2.5254215583e+21 2.3689218670e+21 -8.4261925292e+18 1.0249653493e+35 3.9175697074e+04 -5.1238476704e+05 -1.1493419864e+05
2.4309567103e+21 2.3212751670e+21 3.8612955004e+18 9.1500315179e+34 1.3397721963e+03 6.6096945667e+03 -5.6253224075e+03
1.8073788641e+21 2.3421524221e+20 -1.5450459905e+19 2.4826380307e+34 2.2107212448e+05 -1.7314099666e+05 -2.0180109039e+05
3.7713512413e+19 9.2455934093e+20 -9.8245605004e+17 1.6174528883e+35 -2.1198658856e+05 2.3904272656e+05 -3.4445485125e+05
6.1056216913e+20 2.4830387614e+21 1.2718432565e+19 1.7752273282e+35 3.0996801240e+04 -2.2986942426e+05 5.5932614684e+04
2.3297712753e+21 1.8688621512e+21 1.2924949964e+19 6.2960758758e+34 -1.2240239008e+05 1.4140249971e+05 -3.1385441767e+05
1.1507627162e+21 1.9537525953e+21 -1.7756270334e+18 5.8824598959e+34 1.6756636203e+05 5.3396579132e+04 5.7558699826e+04
6.0512323175e+20 6.7826494983e+20 2.4496481177e+18 1.4889763053e+35 1.6681611483e+05 2.3036842848e+05 -7.4464927284e+04
2.4207532944e+21 2.9549556009e+21 5.6074381085e+18 1.6832891071e+35 5.8955702973e+04 9.7364850047e+04 3.9126646399e+05
1.8232993619e+21 2.8613570594e+21 7.3077659882e+18 7.6863891386e+34 -5.6235563865e+04 -2.6528735595e+03 2.6803296561e+04
2.3362635630e+21 2.2866493480e+21 -1.3305847473e+19 1.6693761173e+35 7.4776037859e+03 -2.3642716629e+04 -5.3816390526e+03
2.3663699835e+21 5.4190151788e+20 -1.3201399471e+19 2.5705551710e+34 -1.8341885531e+05 -6.0041794866e+04 1.1386179498e+05
2.6981161725e+21 2.1217890884e+21 1.0536706972e+19 1.3963184876e+35 1.0576181334e+05 -1.1447662367e+03 -1.7887943164e+04
1.0447910206e+21 2.7560512082e+21 -6.3412385781e+18 5.5338252478e+34 -1.5104434351e+05 -5.1790143556e+04 4.9964671043e+04
1.2762037477e+21 1.7649383258e+21 6.4988272709e+18 1.1881759360e+35 7.2323133446e+02 1.2890922234e+05 8.4329539346e+04
2.6490594081e+20 1.3935743640e+21 8.4518462664e+18 1.0728888116e+35 9.1193129561e+04 -2.0203903159e+05 -1.8103177143e+05
2.8144052985e+21 3.8124189309e+20 -1.1892535940e+18 7.1706641589e+34 -2.0574435788e+04 2.5512913107e+05 -2.1779201968e+05
1.8207897465e+21 2.3662501794e+21 -3.8925184696e+18 1.1870994914e+35 1.6391961049e+05 -5.8237681908e+05 -4.1677731542e+05
1.8862055850e+21 2.2322315139e+21 -8.2869701937e+18 9.0702963152e+34 -2.2588507079e+05 1.1634769803e+05 -4.8780344244e+05
3.3563689812e+20 1.8020497145e+21 -6.6304544589e+18 7.3799655824e+34 -6.5743936334e+04 1.1478718522e+05 4.6408523247e+04
2.7729153431e+21 2.7427544744e+21 3.1506117423e+18 4.8687770482e+34 -1.6603459653e+05 -1.4503621217e+05 9.0839774421e+04
2.9054856762e+21 9.0230164981e+20 -1.0138115208e+19 6.2912817149e+34 -2.1331097189e+05 2.2657835920e+05 1.9708656680e+05
3.0152392648e+21 2.3392800182e+21 2.8223269256e+18 4.9777754098e+34 -3.9195607795e+04 7.0305189668e+04 -9.1674038131e+03
1.5766041249e+20 2.9326072006e+21 -1.8697025587e+19 3.4096316977e+34 -7.4761238025e+04 5.0633779619e+04 4.3382464833e+04
8.0438174642e+20 2.8102079434e+21 6.1578218869e+17 6.4416425072e+34 -2.0405627030e+05 1.3903894774e+05 -8.3278355684e+04
1.6933404357e+21 2.8953544392e+21 6.6068868162e+18 6.9214654534e+34 1.9082559428e+03 1.4834079487e+04 -5.0856075494e+04
1.1626601255e+21 1.3535780990e+21 -8.1460797910e+17 7.4964276457e+34 1.1108597981e+05 4.7244824226e+04 2.9864696143e+05
1.1991812745e+21 1.3953803951e+21 -3.6317339512e+18 2.5688460673e+34 -1.6215966498e+05 -1.2761521481e+05 1.4267915981e+05
4.5862112563e+20 2.0528773041e+20 -1.8973320000e+19 8.1822177884e+34 6.6292670030e+03 -9.6246098287e+03 3.1153581385e+04
2.3588996747e+21 9.2899621489e+20 -6.9389432556e+17 1.3541045079e+35 -4.0004212397e+04 6.5050016968e+03 -1.2178175465e+04
2.5469496134e+21 2.1954971642e+21 1.1344309166e+19 1.1494836277e+35 -9.5380574824e+04 6.1395407197e+04 -1.1361963973e+05
2.8699523313e+21 6.9780960596e+19 -4.2745360089e+18 1.2567015427e+35 -4.3583979414e+04 -9.8585303058e+04 1.1100029555e+05
5.3362415287e+20 1.9262810837e+21 8.1265569152e+18 1.6951590890e+35 -2.5195073144e+05 -7.3191336386e+04 -7.2892067911e+05
2.5566075531e+21 9.6512221479e+20 -2.6060057901e+18 1.6656029706e+35 -1.1872257194e+03 1.4684331413e+04 5.9381707443e+04
8.4087125131e+20 8.4699232030e+20 -1.4907333554e+19 1.3074949554e+35 2.0427708558e+05 2.2222687266e+05 -3.9553442305e+04
9.5975517638e+20 4.0873101942e+20 7.4151173301e+18 2.9662585116e+34 -4.0848537437e+04 2.2109765942e+05 9.0972291725e+04
7.3612410146e+20 6.0531314160e+20 9.5788578434e+18 1.8556241271e+35 -6.9667380129e+04 -6.8151976650e+03 -4.2185751671e+04
6.4157716776e+20 2.8229006359e+21 4.2225083258e+18 8.8688825729e+34 2.5287025792e+04 1.9765687995e+04 -2.5897970352e+04
4.4147321536e+20 3.0483587841e+20 6.7975351200e+18 9.5186113004e+34 -2.4182166938e+04 -2.0569472396e+04 -3.8613808020e+04
1.2046011379e+21 2.2251881004e+21 -8.7962765694e+18 8.6510912625e+34 -5.2024055506e+04 2.6835562763e+04 -1.3856934824e+05
1.8964710880e+21 2.5010568300e+21 3.9568676172e+18 1.8036241410e+35 3.8564092390e+03 -3.8087790287e+04 3.2944128119e+02
2.8887886244e+21 9.7860460431e+19 -1.1909504126e+19 1.1952627375e+35 1.6149877048e+05 -3.2067334424e+04 -1.4529551496e+05
2.9503119622e+21 7.7618328521e+20 2.2136307247e+18 3.2750559561e+34 -2.2202681264e+04 -1.4933477173e+04 -2.0287785901e+04
2.3279945287e+21 6.6123956476e+20 1.8869179000e+17 1.7845543982e+35 -1.2519476104e+05 -9.9862778313e+04 -8.7724179206e+04
2.3569383049e+21 4.3900897681e+20 -7.9283419426e+18 9.2360039703e+34 -1.9282336083e+05 -5.6260997093e+05 4.9957236337e+04
2.6837605557e+21 1.6961673906e+21 -1.3001833890e+19 1.7141196712e+35 4.5058407523e+04 -1.0055643407e+04 3.2883208554e+04
1.6419120101e+21 1.1663902134e+20 3.8111314619e+18 8.3032465063e+34 -2.2448244976e+04 9.9899775120e+04 1.2640246086e+05
2.6917807867e+20 6.2321080449e+20 1.1203150283e+19 1.7365459436e+35 6.8368440122e+03 6.0730754508e+03 1.4302594369e+05
1.6864822664e+21 2.2163016806e+21 -7.4421701058e+17 2.9257138847e+34 -1.7886800225e+05 6.0630213858e+04 1.5841973052e+04
2.7026111223e+21 2.4550109795e+21 5.2269149761e+17 1.2407922523e+35 1.9156936835e+04 -1.9130026484e+05 1.1619274077e+04
1.2462660854e+21 2.7720756283e+21 1.5333628643e+19 1.3625690045e+35 2.0822906391e+05 1.4226696080e+05 -7.2662482037e+04
2.7459723470e+21 2.2614085882e+21 -6.4048312965e+18 5.9425346630e+34 8.0255974883e+04 -1.8628565751e+05 2.4372433007e+05
2.5001478138e+21 2.5511075808e+21 -4.2879933814e+18 1.0370475462e+35 1.2669783163e+04 -1.4613066450e+04 1.1259044410e+04
1.3236518730e+21 4.5338599980e+19 -5.2249145360e+18 1.5592343172e+35 5.3190042577e+04 3.8386821533e+05 1.9929068765e+05
1.7895333502e+21 2.9820993626e+21 3.3294192688e+18 3.9744876965e+34 -1.1740850492e+04 8.7191130707e+04 2.9662687632e+05
1.5629163858e+21 9.1583467072e+20 2.4190506096e+18 4.0800705407e+34 -1.3612351200e+04 -7.7419909492e+03 -5.4601267722e+04
7.1774109582e+20 7.9686561992e+20 -5.4422354436e+18 3.4007149740e+34 -9.0634644670e+04 -9.4552372337e+04 -6.8607068925e+02
1.2863968426e+21 2.8979577706e+21 8.6201587937e+18 7.2688937850e+34 -6.5091738481e+02 9.6123843810e+04 2.1163021712e+05
2.2880952590e+20 5.7540959300e+20 -9.4138303438e+18 7.2861049704e+34 5.0801537833e+04 -6.6423874915e+04 2.5773587534e+04
1.9130724073e+21 1.6132704028e+21 -1.9124035267e+18 1.9150057078e+35 1.4326706267e+05 8.9327658213e+03 -1.7076269161e+04
2.3639759950e+21 2.2617425258e+21 2.0861252073e+18 1.1492460564e+35 -7.4068086022e+03 4.1968454191e+03 1.1009460676e+04
1.2634169552e+21 1.9455411206e+20 9.5513608691e+18 1.6904784353e+35 2.6108257445e+03 -1.0614882407e+05 -4.5918906376e+03
7.9421914973e+20 2.9653684893e+21 -1.1766348729e+19 5.9573650614e+34 -3.2691015109e+05 -2.7313682256e+05 -3.7862499190e+05
1.2705928217e+21 2.2667559628e+21 -1.7653599188e+19 3.0787410007e+34 1.2195341963e+05 -6.0209818079e+04 3.5223274561e+04
2.4476786979e+20 2.3666248536e+20 -5.1293641564e+18 6.6117549301e+34 1.1314446238e+05 1.6377272568e+05 1.7231673111e+04
2.0095954343e+21 1.2332010855e+20 -1.3534073362e+18 7.0451029274e+34 6.4282627820e+03 -1.1433179951e+03 -3.4094350953e+03
5.0989334558e+20 8.3256838188e+19 -4.0517900589e+18 8.5036454991e+34 3.3364061222e+04 1.0657588825e+05 -2.8238537398e+04
1.3429418205e+21 3.3202685982e+20 5.0863590988e+18 3.6178610270e+34 -1.1872755942e+04 5.5307678604e+04 -3.9954510215e+05
2.1904379151e+21 2.6075239082e+21 1.7888689897e+17 1.3980059919e+35 2.0908192742e+05 5.6559208426e+05 -3.5636489551e+05
7.4771516049e+20 7.6356900396e+20 -8.4203416362e+18 8.5552564398e+34 -1.8885299021e+03 1.0478072501e+04 -1.4505935714e+03
3.4170588876e+20 1.9738315770e+21 1.7596861853e+19 1.0850466915e+35 8.3856944611e+03 4.7788594863e+03 -3.1820774604e+04
1.6977474057e+21 1.2485515500e+21 -1.0404510006e+18 1.7742262655e+35 -4.2994055548e+05 -7.4701778821e+04 -2.8621478572e+04
1.8215939384e+21 1.7280014587e+21 -3.6505563022e+18 6.1971045693e+34 2.0597420248e+05 -2.5508376340e+04 -8.3282008388e+04
9.3868070902e+20 1.6819718655e+21 6.5092430003e+18 1.2428305760e+35 1.6135830451e+05 1.4876896285e+05 1.0956435440e+05
2.6266884414e+21 4.4037578768e+20 5.9479069173e+18 5.6808240397e+34 2.8271605084e+05 -1.7015265274e+05 8.3060075881e+04
2.8999492634e+21 1.4170930852e+21 6.3500222652e+17 1.6939549064e+35 7.9813490096e+04 5.2929460512e+05 -9.7148263399e+04
1.3347403547e+21 2.1963719939e+21 3.1139129479e+18 4.3811104668e+34 8.9947248675e+04 -8.4532030669e+04 2.0917967663e+04
2.3179192223e+21 2.2467041782e+21 -2.6918624327e+17 4.8610663629e+34 -1.3933171209e+05 -9.5110856928e+04 7.9051094618e+04
2.0603890394e+21 1.9141814054e+21 -1.6284303177e+19 4.5411520961e+34 7.0221182256e+04 -1.1875453199e+05 -1.3770126576e+05
