1000
1.1303620787e+21 5.5873117923e+20 -6.6243786171e+19 1.1759564413e+35 0.0000000000e+00 0.0000000000e+00 0.0000000000e+00 -2.3076136055e+13 4.9928185650e+14 0.0000000000e+00
2.8692557767e+21 1.6354570592e+21 -6.2388122712e+19 1.4511863193e+35 0.0000000000e+00 0.0000000000e+00 0.0000000000e+00 -5.1673960934e+13 8.1830956196e+14 0.0000000000e+00
2.2091577164e+21 2.6345505327e+21 -1.7087832394e+19 1.4613023492e+35 0.0000000000e+00 0.0000000000e+00 0.0000000000e+00 -5.5641123783e+13 6.5017838731e+14 0.0000000000e+00
1.8067513053e+21 2.2098547072e+21 2.7717727489e+19 5.2256918199e+34 0.0000000000e+00 0.0000000000e+00 0.0000000000e+00 -6.1793016570e+12 5.8444938033e+14 0.0000000000e+00
4.7086425686e+20 2.4342015442e+21 6.8929960049e+19 1.1037670140e+35 0.0000000000e+00 0.0000000000e+00 0.0000000000e+00 -7.0921373152e+13 7.0352505417e+14 0.0000000000e+00
4.7079146237e+20 1.9882082007e+21 -6.0599851829e+19 9.4776105873e+34 0.0000000000e+00 0.0000000000e+00 0.0000000000e+00 -8.3269713070e+13 7.4789085897e+14 0.0000000000e+00
1.7529634152e+20 2.0892906717e+21 1.1262335253e+20 1.7592834131e+35 0.0000000000e+00 0.0000000000e+00 0.0000000000e+00 -3.9332466747e+13 4.4463419059e+14 0.0000000000e+00
2.6141196079e+21 2.5628724764e+21 -2.0456275699e+19 1.3361375438e+35 0.0000000000e+00 0.0000000000e+00 0.0000000000e+00 -2.9043899300e+12 4.9658696297e+14 0.0000000000e+00
1.8141651054e+21 7.5349805074e+20 -1.6121623586e+18 1.1610894302e+35 0.0000000000e+00 0.0000000000e+00 0.0000000000e+00 -5.8901703687e+13 3.6470780350e+14 0.0000000000e+00
2.1369630398e+21 1.4770845403e+21 -5.6377121192e+19 4.2293722837e+34 0.0000000000e+00 0.0000000000e+00 0.0000000000e+00 -8.8799605884e+13 8.2956018759e+14 0.0000000000e+00
6.2124003785e+19 6.6761009541e+20 -1.8290892764e+20 1.2905132439e+35 0.0000000000e+00 0.0000000000e+00 0.0000000000e+00 -6.2549820289e+13 6.2614711194e+14 0.0000000000e+00
2.9271879338e+21 2.9807820481e+21 6.6701225155e+19 4.2613905446e+34 0.0000000000e+00 0.0000000000e+00 0.0000000000e+00 -4.6774833677e+13 1.1880861265e+14 0.0000000000e+00
2.5123118899e+21 2.8491710872e+21 5.5594872036e+19 8.1547443205e+34 0.0000000000e+00 0.0000000000e+00 0.0000000000e+00 -7.9343095578e+13 7.5061893886e+14 0.0000000000e+00
6.4083943603e+20 1.1899011671e+20 -2.1226164185e+19 4.7151033763e+34 0.0000000000e+00 0.0000000000e+00 0.0000000000e+00 -3.2368420330e+13 4.7176797617e+14 0.0000000000e+00
5.4874775103e+20 2.1294258707e+21 5.0544496146e+18 1.4434772892e+35 0.0000000000e+00 0.0000000000e+00 0.0000000000e+00 -2.1307164412e+11 1.5304185184e+14 0.0000000000e+00
5.5351481074e+20 2.7923994220e+21 3.8927613976e+19 5.8372631358e+34 0.0000000000e+00 0.0000000000e+00 0.0000000000e+00 -5.1905358938e+13 5.1115688685e+14 0.0000000000e+00
9.1820308925e+20 5.4497639159e+20 -1.1789408490e+20 9.1219265647e+34 0.0000000000e+00 0.0000000000e+00 0.0000000000e+00 -6.1089654294e+13 3.8903013886e+14 0.0000000000e+00
1.5837149107e+21 1.7140587058e+21 -3.9917024506e+19 1.8037871122e+35 0.0000000000e+00 0.0000000000e+00 0.0000000000e+00 -5.6737014554e+13 7.8582673016e+14 0.0000000000e+00
1.3036100663e+21 2.7629436821e+21 5.9927270077e+19 5.8030068088e+34 0.0000000000e+00 0.0000000000e+00 0.0000000000e+00 -8.3771588882e+13 1.8471587390e+14 0.0000000000e+00
8.7892954512e+20 1.0244896337e+20 -9.4636136978e+19 1.1173799813e+35 0.0000000000e+00 0.0000000000e+00 0.0000000000e+00 -1.1050814987e+13 7.8781545315e+14 0.0000000000e+00
1.8465720363e+21 2.1048143666e+21 2.2148945982e+19 9.6070376544e+34 0.0000000000e+00 0.0000000000e+00 0.0000000000e+00 -5.5400093680e+13 5.1445425563e+14 0.0000000000e+00
4.2099247145e+20 8.9739930425e+20 -1.0235409716e+20 2.5079892549e+34 0.0000000000e+00 0.0000000000e+00 0.0000000000e+00 -5.8008447102e+13 8.3195345725e+13 0.0000000000e+00
8.8169254928e+20 2.7898277176e+21 3.5192142175e+19 1.6216570577e+35 0.0000000000e+00 0.0000000000e+00 0.0000000000e+00 -3.2218074729e+13 8.9052056786e+14 0.0000000000e+00
1.1056800431e+21 2.9306537839e+21 -2.6891498393e+18 3.4091457569e+34 0.0000000000e+00 0.0000000000e+00 0.0000000000e+00 -5.2824258347e+13 4.7862502599e+14 0.0000000000e+00
1.3764192124e+21 2.8497962641e+21 -1.2186169551e+20 1.0580069807e+35 0.0000000000e+00 0.0000000000e+00 0.0000000000e+00 -3.3302722454e+13 3.0921321375e+14 0.0000000000e+00
2.3696610515e+21 1.4311785059e+21 8.7879584294e+19 1.2109489337e+35 0.0000000000e+00 0.0000000000e+00 0.0000000000e+00 -8.8855507664e+13 4.0577783297e+14 0.0000000000e+00
6.0261547455e+20 2.6016447207e+21 -5.5424934469e+19 1.3308418247e+35 0.0000000000e+00 0.0000000000e+00 0.0000000000e+00 -1.7635332624e+13 8.0797965268e+14 0.0000000000e+00
1.5519595351e+21 2.5488500848e+21 -6.1133546373e+19 1.4373860028e+35 0.0000000000e+00 0.0000000000e+00 0.0000000000e+00 -5.6326573698e+12 3.4883443526e+14 0.0000000000e+00
1.7879071688e+21 9.6304522825e+20 1.5132945931e+19 6.6693736944e+34 0.0000000000e+00 0.0000000000e+00 0.0000000000e+00 -3.3252364349e+13 2.2559136119e+14 0.0000000000e+00
1.4018734559e+20 2.5016669010e+21 8.6664688014e+19 2.3638437504e+34 0.0000000000e+00 0.0000000000e+00 0.0000000000e+00 -4.3013707303e+12 2.0034725639e+14 0.0000000000e+00
1.8335703630e+21 1.1168904157e+20 -7.6643756242e+19 1.4989923280e+35 0.0000000000e+00 0.0000000000e+00 0.0000000000e+00 -8.0336278788e+13 2.6812917048e+14 0.0000000000e+00
5.1464180529e+20 1.7995424933e+21 4.6537446710e+18 1.1666684198e+35 0.0000000000e+00 0.0000000000e+00 0.0000000000e+00 -4.9474472577e+13 7.0984235624e+14 0.0000000000e+00
1.9632570763e+20 6.9416667093e+20 3.2354204950e+19 1.6983898638e+35 0.0000000000e+00 0.0000000000e+00 0.0000000000e+00 -3.7698071439e+13 4.5882642548e+14 0.0000000000e+00
2.8637365514e+21 3.6387086128e+20 5.2294818068e+19 1.6723235744e+35 0.0000000000e+00 0.0000000000e+00 0.0000000000e+00 -3.9598162726e+13 2.4890152061e+14 0.0000000000e+00
2.9142774758e+21 2.3224476252e+20 1.3312515346e+19 1.7111465739e+35 0.0000000000e+00 0.0000000000e+00 0.0000000000e+00 -5.6665289281e+13 1.7960630380e+14 0.0000000000e+00
2.4397431966e+21 2.1013995256e+21 -2.7692250459e+19 1.0771897250e+35 0.0000000000e+00 0.0000000000e+00 0.0000000000e+00 -6.2665402329e+13 3.1551127832e+14 0.0000000000e+00
9.1932435537e+20 1.0257426407e+21 -6.2441682148e+19 8.0914218183e+34 0.0000000000e+00 0.0000000000e+00 0.0000000000e+00 -8.2666014678e+13 8.1287423485e+14 0.0000000000e+00
2.9477444007e+20 2.1873461165e+21 6.4995559758e+18 1.6195335935e+35 0.0000000000e+00 0.0000000000e+00 0.0000000000e+00 -5.7585445326e+13 3.2936504887e+14 0.0000000000e+00
2.0650152740e+21 1.9724543653e+20 -8.0892888454e+19 1.0173734113e+35 0.0000000000e+00 0.0000000000e+00 0.0000000000e+00 -7.9273245184e+13 8.5733581198e+14 0.0000000000e+00
1.3283802261e+21 9.5154623957e+20 -2.2041589398e+20 5.4335994975e+34 0.0000000000e+00 0.0000000000e+00 0.0000000000e+00 -2.5148345183e+13 4.8296758785e+14 0.0000000000e+00
3.6831139276e+20 1.6281847204e+21 3.2938437224e+19 1.7317596000e+35 0.0000000000e+00 0.0000000000e+00 0.0000000000e+00 -7.4902190610e+13 1.7242815762e+14 0.0000000000e+00
1.4944439147e+21 2.3864025115e+21 6.8201883760e+19 1.7805778718e+35 0.0000000000e+00 0.0000000000e+00 0.0000000000e+00 -8.9128258566e+13 7.6484509058e+14 0.0000000000e+00
1.0378455673e+20 9.6199505385e+20 -1.7828325226e+20 1.0439463664e+35 0.0000000000e+00 0.0000000000e+00 0.0000000000e+00 -4.2378751108e+13 4.4454223842e+14 0.0000000000e+00
2.7443289735e+21 1.8889401741e+21 -7.6184181670e+19 3.5268974147e+34 0.0000000000e+00 0.0000000000e+00 0.0000000000e+00 -3.8320734560e+13 6.6103122396e+14 0.0000000000e+00
7.8099798447e+20 2.6738808442e+21 4.6715188993e+19 9.0505501644e+34 0.0000000000e+00 0.0000000000e+00 0.0000000000e+00 -1.2126349132e+13 9.2072302064e+14 0.0000000000e+00
1.9994922542e+21 1.8586751019e+21 1.5523803319e+20 1.6407334561e+35 0.0000000000e+00 0.0000000000e+00 0.0000000000e+00 -4.0048335204e+13 9.7376632948e+13 0.0000000000e+00
9.4074402764e+20 7.0307169481e+20 1.5688852441e+18 1.8145808638e+35 0.0000000000e+00 0.0000000000e+00 0.0000000000e+00 -6.1965160232e+13 1.1509674225e+14 0.0000000000e+00
1.5695652879e+21 7.3641558738e+19 -5.4927821916e+19 5.7880770241e+34 0.0000000000e+00 0.0000000000e+00 0.0000000000e+00 -1.8649416743e+13 6.8989229620e+14 0.0000000000e+00
1.6499716231e+21 2.6259584014e+21 -1.3799536481e+19 3.3724726802e+34 0.0000000000e+00 0.0000000000e+00 0.0000000000e+00 -4.3523084401e+13 2.9128017515e+14 0.0000000000e+00
5.5789074678e+20 6.4191081946e+19 1.0373442582e+20 1.7713588340e+35 0.0000000000e+00 0.0000000000e+00 0.0000000000e+00 -8.7167113469e+13 1.6454065017e+14 0.0000000000e+00
2.9262064066e+21 2.6398496482e+21 -4.8737997315e+19 9.0784908160e+34 0.0000000000e+00 0.0000000000e+00 0.0000000000e+00 -4.1102143074e+13 8.7109151309e+13 0.0000000000e+00
2.3393508609e+21 1.5963322705e+21 -6.0299036902e+19 1.1774712215e+35 0.0000000000e+00 0.0000000000e+00 0.0000000000e+00 -8.7081418530e+12 1.0457926270e+14 0.0000000000e+00
2.8354078056e+21 2.8341063141e+21 -3.6422998749e+19 1.9318964245e+35 0.0000000000e+00 0.0000000000e+00 0.0000000000e+00 -5.7152774069e+13 6.9742451139e+14 0.0000000000e+00
2.7005889436e+21 2.4107278056e+21 -7.1928643493e+19 3.3652367203e+34 0.0000000000e+00 0.0000000000e+00 0.0000000000e+00 -6.6618806622e+13 1.4259869422e+14 0.0000000000e+00
1.8044621361e+21 3.0117651456e+21 9.2554753418e+18 1.3660435996e+35 0.0000000000e+00 0.0000000000e+00 0.0000000000e+00 -8.1090144790e+13 4.1210643820e+14 0.0000000000e+00
2.7822164413e+21 1.0584482590e+21 1.2258198969e+20 3.4986832464e+34 0.0000000000e+00 0.0000000000e+00 0.0000000000e+00 -8.0335028391e+13 5.3059530365e+14 0.0000000000e+00
2.6707037119e+20 2.3153742560e+21 2.4376331157e+19 8.8318673583e+34 0.0000000000e+00 0.0000000000e+00 0.0000000000e+00 -5.3701111817e+13 4.0595106729e+14 0.0000000000e+00
5.9147627878e+20 1.2130274973e+21 -1.9040071735e+19 1.6412234566e+35 0.0000000000e+00 0.0000000000e+00 0.0000000000e+00 -3.8278123143e+13 7.9491040935e+13 0.0000000000e+00
1.3649595793e+20 1.4482646221e+21 -2.2017160240e+19 9.8583430092e+34 0.0000000000e+00 0.0000000000e+00 0.0000000000e+00 -8.7040713869e+13 6.7521861562e+14 0.0000000000e+00
9.8184693824e+20 1.8938114880e+21 -1.1794274652e+20 1.9834235256e+35 0.0000000000e+00 0.0000000000e+00 0.0000000000e+00 -5.7212108849e+12 9.7909436755e+13 0.0000000000e+00
1.1730280603e+21 2.6367575306e+21 6.6630632686e+19 1.2080837964e+35 0.0000000000e+00 0.0000000000e+00 0.0000000000e+00 -2.3182186062e+13 7.2066286027e+14 0.0000000000e+00
8.1893137789e+20 2.9699639100e+21 -5.8728165146e+18 7.8708086091e+34 0.0000000000e+00 0.0000000000e+00 0.0000000000e+00 -3.9135471109e+13 8.1668206801e+14 0.0000000000e+00
2.5011298026e+21 2.3186491630e+21 -1.3617209480e+19 6.0825275031e+34 0.0000000000e+00 0.0000000000e+00 0.0000000000e+00 -1.6242191394e+13 4.4723411411e+14 0.0000000000e+00
1.0766815400e+21 1.2608201486e+21 2.4091996599e+20 8.3903594223e+34 0.0000000000e+00 0.0000000000e+00 0.0000000000e+00 -8.7081295210e+13 4.6390325381e+14 0.0000000000e+00
8.4786035024e+20 1.2716554329e+21 2.2540906936e+19 8.7799155236e+34 0.0000000000e+00 0.0000000000e+00 0.0000000000e+00 -4.9529128296e+13 4.5155985170e+14 0.0000000000e+00
1.6378567790e+21 2.2260233862e+21 -5.6722634730e+19 3.4032663581e+34 0.0000000000e+00 0.0000000000e+00 0.0000000000e+00 -3.5020119419e+13 3.9127990796e+14 0.0000000000e+00
4.2530931097e+20 7.2062942593e+20 -3.2168680634e+19 8.7275492353e+34 0.0000000000e+00 0.0000000000e+00 0.0000000000e+00 -1.6221909150e+13 8.3458558082e+14 0.0000000000e+00
2.4210304879e+21 3.3341087343e+20 8.6650228759e+19 1.0402809309e+35 0.0000000000e+00 0.0000000000e+00 0.0000000000e+00 -2.0499543035e+13 8.3585395319e+14 0.0000000000e+00
2.2499384263e+20 1.0702496718e+21 8.5462524751e+18 1.4977430896e+35 0.0000000000e+00 0.0000000000e+00 0.0000000000e+00 -6.8441878336e+13 3.1236500140e+14 0.0000000000e+00
2.9784247747e+21 8.6688727681e+20 -1.0851807346e+20 1.3809292629e+35 0.0000000000e+00 0.0000000000e+00 0.0000000000e+00 -5.5970398834e+12 6.1314914239e+14 0.0000000000e+00
2.3306347137e+21 8.9425790754e+20 6.9355823114e+19 1.4730168821e+35 0.0000000000e+00 0.0000000000e+00 0.0000000000e+00 -8.2900631023e+13 8.0154857722e+14 0.0000000000e+00
5.9972392687e+20 7.0502819267e+20 -5.0411471254e+19 2.3352616638e+34 0.0000000000e+00 0.0000000000e+00 0.0000000000e+00 -1.1821449951e+13 9.0257829678e+14 0.0000000000e+00
1.6665749479e+19 1.2703724632e+20 1.4134031722e+20 6.0392777108e+34 0.0000000000e+00 0.0000000000e+00 0.0000000000e+00 -2.7511679372e+12 5.2558282904e+14 0.0000000000e+00
2.4610625911e+21 5.3943535025e+19 8.1489626558e+19 1.3896977036e+35 0.0000000000e+00 0.0000000000e+00 0.0000000000e+00 -7.7901179927e+13 4.0260335010e+14 0.0000000000e+00
2.1332954637e+21 2.9809461722e+21 -3.3750437027e+19 1.0752337069e+35 0.0000000000e+00 0.0000000000e+00 0.0000000000e+00 -2.6312783917e+13 3.0582295718e+14 0.0000000000e+00
2.2001436331e+21 1.2910193176e+21 9.6652684493e+19 2.2812826286e+34 0.0000000000e+00 0.0000000000e+00 0.0000000000e+00 -9.0858857138e+13 8.2082570855e+14 0.0000000000e+00
2.3276939063e+21 1.1598978211e+21 5.1196982693e+18 1.6424270143e+35 0.0000000000e+00 0.0000000000e+00 0.0000000000e+00 -5.6290285960e+13 1.6006818480e+14 0.0000000000e+00
2.2346675893e+20 2.0511754992e+21 6.4341773788e+19 1.5863544295e+35 0.0000000000e+00 0.0000000000e+00 0.0000000000e+00 -4.5794814472e+13 5.4292479091e+14 0.0000000000e+00
1.0818495687e+21 6.5869023358e+20 3.6573091065e+19 1.1892541345e+35 0.0000000000e+00 0.0000000000e+00 0.0000000000e+00 -3.9701490657e+13 2.9571973404e+14 0.0000000000e+00
3.4969282165e+20 2.8669828532e+21 -6.3857609619e+19 3.3634422221e+34 0.0000000000e+00 0.0000000000e+00 0.0000000000e+00 -6.0650000840e+12 3.2633826455e+14 0.0000000000e+00
2.6048461393e+21 2.3731892535e+21 -4.8555834848e+19 1.5752151066e+35 0.0000000000e+00 0.0000000000e+00 0.0000000000e+00 -3.1028945132e+13 4.0869944558e+14 0.0000000000e+00
1.8811137468e+21 2.6984240498e+20 7.7710543686e+19 1.2517141409e+35 0.0000000000e+00 0.0000000000e+00 0.0000000000e+00 -4.9108868780e+13 8.9659064591e+14 0.0000000000e+00
9.9865023901e+20 1.2602587813e+21 -2.5258798807e+19 1.6025477600e+35 0.0000000000e+00 0.0000000000e+00 0.0000000000e+00 -1.8018597227e+13 1.2348853034e+14 0.0000000000e+00
1.9181910116e+20 2.6531790522e+21 -3.0455276552e+19 1.5490803006e+35 0.0000000000e+00 0.0000000000e+00 0.0000000000e+00 -4.6831963483e+12 5.8293916827e+14 0.0000000000e+00
9.3854464694e+20 2.8512012433e+21 -7.2063998612e+19 1.6397856350e+35 0.0000000000e+00 0.0000000000e+00 0.0000000000e+00 -9.2583735919e+13 7.2445100710e+13 0.0000000000e+00
9.8140326588e+20 1.4106177610e+21 3.1960549499e+19 1.1354360795e+35 0.0000000000e+00 0.0000000000e+00 0.0000000000e+00 -1.6547600960e+12 2.2467831661e+14 0.0000000000e+00
2.2019514462e+21 1.8512755726e+21 1.5561750516e+20 4.6705525065e+34 0.0000000000e+00 0.0000000000e+00 0.0000000000e+00 -8.6518429225e+13 3.8268626104e+14 0.0000000000e+00
1.9241484486e+21 5.0410844931e+20 -8.0545358380e+19 1.4064622549e+35 0.0000000000e+00 0.0000000000e+00 0.0000000000e+00 -1.7572523324e+13 5.1204048598e+14 0.0000000000e+00
2.6776080571e+21 2.9913469137e+21 1.8273580060e+18 1.3167681028e+35 0.0000000000e+00 0.0000000000e+00 0.0000000000e+00 -6.8132724039e+13 2.4704549323e+14 0.0000000000e+00
1.4251446441e+21 6.9918519478e+20 1.0655204091e+20 1.5322792580e+35 0.0000000000e+00 0.0000000000e+00 0.0000000000e+00 -8.2158981697e+13 2.8215276224e+14 0.0000000000e+00
3.6093543424e+20 2.8451644943e+21 -6.0089429695e+18 5.1936091751e+34 0.0000000000e+00 0.0000000000e+00 0.0000000000e+00 -5.3030434993e+13 1.1574306685e+14 0.0000000000e+00
2.1525727678e+21 1.9606335867e+21 3.4131452027e+19 5.6376973056e+34 0.0000000000e+00 0.0000000000e+00 0.0000000000e+00 -3.3707627545e+13 3.1932516602e+14 0.0000000000e+00
2.2960492767e+21 1.8341496469e+21 -8.0157591699e+19 1.7944692610e+35 0.0000000000e+00 0.0000000000e+00 0.0000000000e+00 -5.8607022166e+13 8.5962692221e+14 0.0000000000e+00
1.6939345823e+21 1.5472939262e+21 3.2315770484e+19 1.5459493850e+35 0.0000000000e+00 0.0000000000e+00 0.0000000000e+00 -8.9506940015e+13 8.1010869702e+14 0.0000000000e+00
2.3267789491e+21 6.9616149176e+20 -1.4120034795e+19 1.8260032237e+35 0.0000000000e+00 0.0000000000e+00 0.0000000000e+00 -3.7920135417e+13 3.4208745306e+14 0.0000000000e+00
1.4902751098e+21 5.3276160059e+20 7.4373328174e+19 1.5614120460e+35 0.0000000000e+00 0.0000000000e+00 0.0000000000e+00 -9.2397551214e+12 5.7183210973e+14 0.0000000000e+00
1.5776076791e+21 6.6542737897e+20 8.9588277591e+19 1.2755017452e+35 0.0000000000e+00 0.0000000000e+00 0.0000000000e+00 -5.8392728303e+13 8.1130555459e+14 0.0000000000e+00
1.2903187934e+21 5.6267067515e+20 1.9538257679e+20 1.3763338380e+35 0.0000000000e+00 0.0000000000e+00 0.0000000000e+00 -7.4191970210e+13 2.5749788027e+13 0.0000000000e+00
7.6714924514e+19 2.3527859412e+21 4.3733322919e+19 1.7922012449e+35 0.0000000000e+00 0.0000000000e+00 0.0000000000e+00 -5.2772763444e+13 7.3264718822e+14 0.0000000000e+00
3.2561632667e+20 1.0566780322e+21 2.4581332086e+19 1.2430305928e+35 0.0000000000e+00 0.0000000000e+00 0.0000000000e+00 -9.0094166729e+13 8.1264184225e+14 0.0000000000e+00
9.4853282403e+19 1.7456919787e+20 1.4666295554e+19 1.3378583908e+35 0.0000000000e+00 0.0000000000e+00 0.0000000000e+00 -1.6994943012e+13 1.5549242382e+14 0.0000000000e+00
1.9206866212e+21 2.9247517378e+21 -2.6646396793e+19 4.9563954936e+34 0.0000000000e+00 0.0000000000e+00 0.0000000000e+00 -1.6440801673e+13 2.1579433874e+14 0.0000000000e+00
9.4872635089e+20 2.6672658008e+21 2.5538605989e+19 1.0574162584e+35 0.0000000000e+00 0.0000000000e+00 0.0000000000e+00 -3.9005149726e+13 8.7427653343e+14 0.0000000000e+00
1.5348663459e+21 2.7999563907e+21 -2.2288036395e+19 1.4865221550e+35 0.0000000000e+00 0.0000000000e+00 0.0000000000e+00 -6.1243560816e+13 4.9144311378e+14 0.0000000000e+00
2.7390356183e+21 3.0026318087e+21 1.2710380660e+19 6.9820825668e+34 0.0000000000e+00 0.0000000000e+00 0.0000000000e+00 -1.8955069494e+13 8.7814046730e+13 0.0000000000e+00
7.5236394757e+20 5.2481586214e+20 9.9412734062e+19 5.7665123183e+34 0.0000000000e+00 0.0000000000e+00 0.0000000000e+00 -4.2159026240e+13 2.7203045799e+14 0.0000000000e+00
1.2385356617e+21 1.1958584130e+21 -7.5943636550e+19 7.7409961351e+34 0.0000000000e+00 0.0000000000e+00 0.0000000000e+00 -1.6479475739e+13 4.6157017163e+14 0.0000000000e+00
2.2802533361e+21 2.2883637197e+21 8.6003837437e+19 6.4610507278e+34 0.0000000000e+00 0.0000000000e+00 0.0000000000e+00 -3.4890828022e+13 6.5017861274e+14 0.0000000000e+00
6.9051286345e+20 2.1005902253e+21 9.9376331831e+19 5.9905270972e+34 0.0000000000e+00 0.0000000000e+00 0.0000000000e+00 -2.0410937516e+13 6.9895497511e+14 0.0000000000e+00
2.3232536786e+20 4.6445784533e+20 -8.9082703615e+18 9.7057715841e+34 0.0000000000e+00 0.0000000000e+00 0.0000000000e+00 -3.8005165456e+13 9.0482171082e+14 0.0000000000e+00
8.7446988489e+20 2.4621843712e+21 -1.6009395213e+20 1.8253130912e+35 0.0000000000e+00 0.0000000000e+00 0.0000000000e+00 -5.5464905477e+13 2.8418330702e+14 0.0000000000e+00
4.8656584493e+20 6.7736164580e+20 -4.5860168926e+19 1.1160608278e+35 0.0000000000e+00 0.0000000000e+00 0.0000000000e+00 -3.9813831924e+12 5.4928465335e+14 0.0000000000e+00
2.8058275148e+21 6.7548156153e+20 9.7858238538e+19 5.5128492457e+34 0.0000000000e+00 0.0000000000e+00 0.0000000000e+00 -4.3444039080e+13 5.0564986316e+14 0.0000000000e+00
2.4389073055e+21 1.6205888083e+21 -1.7253953005e+18 3.5494067800e+34 0.0000000000e+00 0.0000000000e+00 0.0000000000e+00 -3.7387281029e+13 4.0291767164e+14 0.0000000000e+00
1.9116125371e+21 1.7894927234e+21 -7.5397353427e+19 1.4507020240e+35 0.0000000000e+00 0.0000000000e+00 0.0000000000e+00 -7.3798617811e+13 1.6500945348e+14 0.0000000000e+00
2.6300680612e+21 1.7507001753e+21 -3.8085267807e+19 8.9615823502e+34 0.0000000000e+00 0.0000000000e+00 0.0000000000e+00 -3.5440687943e+13 8.9207905949e+14 0.0000000000e+00
2.4254823281e+21 2.7610727527e+20 6.3424781000e+19 1.6731068080e+35 0.0000000000e+00 0.0000000000e+00 0.0000000000e+00 -4.0557103322e+13 7.8118904283e+14 0.0000000000e+00
5.6306843772e+20 2.6481768834e+21 4.1251047721e+19 1.3858512587e+35 0.0000000000e+00 0.0000000000e+00 0.0000000000e+00 -7.7173631319e+13 4.4210641677e+14 0.0000000000e+00
2.6937430574e+21 8.0158092853e+20 -1.8027426882e+19 1.6278214662e+35 0.0000000000e+00 0.0000000000e+00 0.0000000000e+00 -8.9031522650e+13 5.1963967662e+14 0.0000000000e+00
1.6277348861e+21 3.9087603243e+20 -2.7676901871e+19 6.9998385416e+34 0.0000000000e+00 0.0000000000e+00 0.0000000000e+00 -3.7456410997e+13 2.5085535145e+14 0.0000000000e+00
2.4368543883e+21 2.6822417050e+21 -2.9558152345e+19 1.4439821368e+35 0.0000000000e+00 0.0000000000e+00 0.0000000000e+00 -2.2371914522e+13 5.3563748650e+14 0.0000000000e+00
2.7044035432e+21 2.8841562217e+21 -6.9595848420e+19 6.8603156247e+34 0.0000000000e+00 0.0000000000e+00 0.0000000000e+00 -4.5120926691e+13 6.4170478908e+14 0.0000000000e+00
9.5973448747e+20 2.6019011489e+21 1.2188009577e+20 1.8805802861e+35 0.0000000000e+00 0.0000000000e+00 0.0000000000e+00 -7.3203600598e+13 4.6041994481e+14 0.0000000000e+00
3.3213670822e+20 2.4431195135e+21 -2.4319079402e+19 1.3449069695e+35 0.0000000000e+00 0.0000000000e+00 0.0000000000e+00 -3.1571298205e+13 9.0687913087e+14 0.0000000000e+00
6.8790832055e+20 1.9775202976e+21 9.1834610396e+19 7.9300868119e+34 0.0000000000e+00 0.0000000000e+00 0.0000000000e+00 -8.7088966566e+13 5.2848067062e+14 0.0000000000e+00
1.2890113061e+21 1.6624875445e+21 1.1478329612e+20 6.9567612794e+34 0.0000000000e+00 0.0000000000e+00 0.0000000000e+00 -5.2843166032e+13 3.5791971485e+14 0.0000000000e+00
2.4687685636e+21 2.6252604141e+20 7.5322557265e+19 5.5660495850e+34 0.0000000000e+00 0.0000000000e+00 0.0000000000e+00 -7.9206411555e+13 6.7338253877e+14 0.0000000000e+00
2.5976849003e+21 1.2327117970e+21 -3.2565752595e+19 1.4480206219e+35 0.0000000000e+00 0.0000000000e+00 0.0000000000e+00 -7.7209545151e+13 1.6270672425e+14 0.0000000000e+00
2.0981529943e+19 1.1247739443e+21 3.0461435316e+19 6.0578277842e+34 0.0000000000e+00 0.0000000000e+00 0.0000000000e+00 -7.5521065410e+13 3.4678043314e+14 0.0000000000e+00
1.5414353592e+21 7.8393691939e+20 -1.8255585022e+18 1.2722242181e+35 0.0000000000e+00 0.0000000000e+00 0.0000000000e+00 -5.8062160130e+13 3.3223881773e+14 0.0000000000e+00
1.2597464075e+21 2.1832819031e+21 -6.8184305392e+19 6.8704566659e+34 0.0000000000e+00 0.0000000000e+00 0.0000000000e+00 -8.9830266813e+13 3.7276601397e+14 0.0000000000e+00
6.7032137200e+20 1.4965529685e+21 2.4472907806e+19 1.3902014557e+35 0.0000000000e+00 0.0000000000e+00 0.0000000000e+00 -5.7012581126e+13 7.0377978481e+14 0.0000000000e+00
3.6175367861e+20 2.4459747961e+20 -8.8958552243e+19 1.6609115243e+35 0.0000000000e+00 0.0000000000e+00 0.0000000000e+00 -4.6228023201e+13 4.6098692655e+14 0.0000000000e+00
1.0189225873e+21 6.6451290348e+20 8.9610409859e+19 1.5955845211e+35 0.0000000000e+00 0.0000000000e+00 0.0000000000e+00 -4.8917976818e+13 7.2229896441e+14 0.0000000000e+00
2.8457014864e+21 2.0620749487e+21 -3.5055375081e+19 1.5651921099e+35 0.0000000000e+00 0.0000000000e+00 0.0000000000e+00 -5.8433557419e+13 5.2743961024e+14 0.0000000000e+00
9.7542644884e+20 2.2976293394e+20 1.5177496036e+19 5.5093457100e+34 0.0000000000e+00 0.0000000000e+00 0.0000000000e+00 -1.5228441003e+13 3.7090639956e+14 0.0000000000e+00
1.5657100964e+21 2.5689424666e+21 2.1374069908e+19 3.7513858173e+34 0.0000000000e+00 0.0000000000e+00 0.0000000000e+00 -8.0914315114e+13 7.0390508533e+14 0.0000000000e+00
2.1217112179e+21 1.4943522185e+21 -1.9534380266e+19 1.4556441932e+35 0.0000000000e+00 0.0000000000e+00 0.0000000000e+00 -4.6797073315e+13 2.5091167959e+14 0.0000000000e+00
1.0974341400e+21 1.4504102904e+21 4.4266047321e+19 8.7058354573e+34 0.0000000000e+00 0.0000000000e+00 0.0000000000e+00 -8.8799165341e+13 1.9706031939e+14 0.0000000000e+00
2.9328383257e+21 1.7878866941e+21 -3.5831480892e+19 9.8384162461e+34 0.0000000000e+00 0.0000000000e+00 0.0000000000e+00 -8.7936292645e+13 4.3660084721e+14 0.0000000000e+00
2.9046659361e+21 2.4888871552e+21 6.5739381093e+19 2.7384916140e+34 0.0000000000e+00 0.0000000000e+00 0.0000000000e+00 -4.0343313187e+13 2.7658744325e+14 0.0000000000e+00
7.5987896880e+20 1.0496881894e+21 -1.0155416687e+20 6.7809357869e+34 0.0000000000e+00 0.0000000000e+00 0.0000000000e+00 -4.1086250864e+13 6.1329204518e+13 0.0000000000e+00
1.5006959908e+21 2.0462527484e+21 9.5353392768e+18 2.7832170537e+34 0.0000000000e+00 0.0000000000e+00 0.0000000000e+00 -1.1546908845e+13 6.3551117044e+14 0.0000000000e+00
9.0805073903e+20 1.7073790673e+21 1.4629219298e+20 1.7746067709e+35 0.0000000000e+00 0.0000000000e+00 0.0000000000e+00 -4.1857337079e+13 4.8829561119e+14 0.0000000000e+00
8.5964861203e+20 8.0589131937e+20 -7.5474998441e+19 6.4946049287e+34 0.0000000000e+00 0.0000000000e+00 0.0000000000e+00 -3.8066966834e+12 4.7047187385e+14 0.0000000000e+00
1.1132480712e+20 2.6517052988e+21 -5.1135858026e+19 1.2050361950e+35 0.0000000000e+00 0.0000000000e+00 0.0000000000e+00 -9.0062722356e+13 8.2852062876e+14 0.0000000000e+00
1.8396651600e+21 2.4066317332e+21 3.8774347257e+19 2.8770619652e+34 0.0000000000e+00 0.0000000000e+00 0.0000000000e+00 -8.5394138060e+13 4.9597189687e+14 0.0000000000e+00
1.5170852921e+21 1.9872076370e+21 1.3549445447e+19 1.3988347682e+35 0.0000000000e+00 0.0000000000e+00 0.0000000000e+00 -9.0500961501e+13 7.3986320420e+14 0.0000000000e+00
1.5536287127e+20 2.5670556584e+21 2.6455040990e+19 7.9038166479e+34 0.0000000000e+00 0.0000000000e+00 0.0000000000e+00 -7.7132121804e+13 1.3635997710e+14 0.0000000000e+00
8.4095502907e+20 2.6174938985e+21 3.6909168970e+19 1.8077590093e+35 0.0000000000e+00 0.0000000000e+00 0.0000000000e+00 -4.3429243041e+13 5.3623888374e+14 0.0000000000e+00
2.7411464438e+21 2.1378394637e+21 4.7889734803e+19 1.7904143322e+35 0.0000000000e+00 0.0000000000e+00 0.0000000000e+00 -3.3554673982e+13 8.0068468047e+14 0.0000000000e+00
7.2299778603e+20 2.5261062250e+21 8.3726853076e+19 7.9438694389e+34 0.0000000000e+00 0.0000000000e+00 0.0000000000e+00 -9.0357125459e+13 5.0115396718e+14 0.0000000000e+00
4.3729272397e+20 2.1049688713e+21 3.0920817665e+19 1.8131418750e+35 0.0000000000e+00 0.0000000000e+00 0.0000000000e+00 -5.1150871398e+12 7.0134542701e+14 0.0000000000e+00
1.4771684305e+21 2.0526648492e+21 -1.8202890041e+19 1.9816101643e+35 0.0000000000e+00 0.0000000000e+00 0.0000000000e+00 -1.4942645729e+13 3.9673181085e+14 0.0000000000e+00
2.9746930705e+21 1.8669691395e+21 5.0745685756e+19 1.6794506281e+35 0.0000000000e+00 0.0000000000e+00 0.0000000000e+00 -6.6591665799e+13 1.0685322593e+14 0.0000000000e+00
7.3052280942e+20 2.2716988182e+21 1.4334609199e+20 1.7138810554e+35 0.0000000000e+00 0.0000000000e+00 0.0000000000e+00 -8.7365240388e+13 3.9746388716e+14 0.0000000000e+00
2.0285050821e+21 4.7867020777e+20 -1.0007216165e+19 6.5939205748e+34 0.0000000000e+00 0.0000000000e+00 0.0000000000e+00 -7.8589115095e+13 3.5220190116e+14 0.0000000000e+00
2.2985679991e+21 2.6584679513e+21 -7.3528236037e+19 1.2393065467e+35 0.0000000000e+00 0.0000000000e+00 0.0000000000e+00 -8.2654616905e+13 7.5080132020e+14 0.0000000000e+00
7.1719010777e+20 2.6312237667e+21 8.3529236498e+19 3.3774685347e+34 0.0000000000e+00 0.0000000000e+00 0.0000000000e+00 -8.3001179419e+13 2.1956908673e+14 0.0000000000e+00
2.1977569401e+21 8.8268300198e+19 -9.0827588203e+18 3.8669991444e+34 0.0000000000e+00 0.0000000000e+00 0.0000000000e+00 -4.5579112961e+13 8.7280461263e+14 0.0000000000e+00
1.1099694945e+21 2.4923149532e+21 -1.6392791725e+20 1.9864501434e+35 0.0000000000e+00 0.0000000000e+00 0.0000000000e+00 -7.1397734246e+13 8.3966163305e+14 0.0000000000e+00
1.9082989967e+21 3.8892926003e+20 6.3937965541e+19 7.9677359576e+34 0.0000000000e+00 0.0000000000e+00 0.0000000000e+00 -6.0766710245e+13 2.4490191892e+14 0.0000000000e+00
1.9119926671e+21 1.0113887022e+21 -4.0390511630e+19 1.5427747715e+35 0.0000000000e+00 0.0000000000e+00 0.0000000000e+00 -9.9355947357e+11 3.9023871906e+14 0.0000000000e+00
1.6169679965e+21 2.2439079175e+21 -6.8307361498e+18 1.6462679569e+35 0.0000000000e+00 0.0000000000e+00 0.0000000000e+00 -2.9886853974e+13 8.2784887193e+14 0.0000000000e+00
2.7249452602e+20 4.8517336627e+20 2.5047915941e+19 1.7371558139e+35 0.0000000000e+00 0.0000000000e+00 0.0000000000e+00 -4.8301431048e+12 9.1345814665e+14 0.0000000000e+00
2.5209429317e+21 2.4686244788e+21 1.4373200839e+19 1.9842127050e+35 0.0000000000e+00 0.0000000000e+00 0.0000000000e+00 -8.1176571777e+13 3.9133082168e+14 0.0000000000e+00
9.6811423608e+20 2.5113809491e+21 5.3528139603e+19 6.4609774145e+34 0.0000000000e+00 0.0000000000e+00 0.0000000000e+00 -5.8494585927e+13 3.0968541600e+14 0.0000000000e+00
5.6291286439e+20 1.5315376205e+21 -3.2857446659e+19 2.9013333017e+34 0.0000000000e+00 0.0000000000e+00 0.0000000000e+00 -4.2154786934e+13 5.0077915275e+14 0.0000000000e+00
1.2305937721e+20 1.9272560841e+19 3.8713832472e+19 9.4640445900e+34 0.0000000000e+00 0.0000000000e+00 0.0000000000e+00 -8.7405899358e+13 5.9328422933e+14 0.0000000000e+00
1.7833149025e+21 8.6628108592e+20 -1.9582796824e+19 4.4892686805e+34 0.0000000000e+00 0.0000000000e+00 0.0000000000e+00 -9.4276362987e+13 2.3341181991e+14 0.0000000000e+00
2.0448892440e+21 1.8618854397e+21 5.5743250783e+19 2.5841184065e+34 0.0000000000e+00 0.0000000000e+00 0.0000000000e+00 -3.1200904403e+13 6.9098769369e+14 0.0000000000e+00
5.0062067704e+19 2.9612198853e+21 4.6429476669e+19 8.5656695798e+34 0.0000000000e+00 0.0000000000e+00 0.0000000000e+00 -3.3909949250e+13 1.0477777050e+14 0.0000000000e+00
1.5454968499e+21 1.9068132245e+21 -7.0578850069e+19 1.6056947443e+35 0.0000000000e+00 0.0000000000e+00 0.0000000000e+00 -5.5782273149e+13 8.0892155743e+13 0.0000000000e+00
6.8356424955e+20 7.8408720765e+20 8.1937350665e+19 1.2206864407e+35 0.0000000000e+00 0.0000000000e+00 0.0000000000e+00 -4.8316824319e+13 3.7549442355e+14 0.0000000000e+00
1.9471314815e+21 1.9134292120e+21 -4.0438441934e+19 7.7224353446e+34 0.0000000000e+00 0.0000000000e+00 0.0000000000e+00 -5.5341647894e+13 3.4050982346e+14 0.0000000000e+00
5.2623788274e+20 1.6296758760e+21 6.0967960880e+19 1.3767041772e+35 0.0000000000e+00 0.0000000000e+00 0.0000000000e+00 -9.2400175190e+13 2.7120954726e+14 0.0000000000e+00
2.0852500936e+21 2.3535734026e+21 2.7711827796e+19 6.2932412939e+34 0.0000000000e+00 0.0000000000e+00 0.0000000000e+00 -6.2922230999e+13 4.5012651109e+14 0.0000000000e+00
1.1671672751e+21 3.2286756798e+20 1.3869095841e+20 2.4417571211e+34 0.0000000000e+00 0.0000000000e+00 0.0000000000e+00 -7.7907927051e+13 2.9004758957e+14 0.0000000000e+00
2.8270511060e+21 2.2967822098e+21 -1.6860508370e+19 1.5713896443e+35 0.0000000000e+00 0.0000000000e+00 0.0000000000e+00 -8.5354706430e+13 1.7313245274e+14 0.0000000000e+00
4.1503820943e+20 1.6335425344e+21 -2.6355952267e+19 1.3225537330e+35 0.0000000000e+00 0.0000000000e+00 0.0000000000e+00 -4.0973977065e+12 3.5426054084e+14 0.0000000000e+00
1.0293382475e+21 2.9063098676e+21 -1.4652092642e+18 1.5677604421e+35 0.0000000000e+00 0.0000000000e+00 0.0000000000e+00 -3.7929736623e+13 8.8741531853e+14 0.0000000000e+00
3.4246308710e+20 1.0317701971e+21 -2.2874914615e+19 2.8763310151e+34 0.0000000000e+00 0.0000000000e+00 0.0000000000e+00 -2.5688869334e+13 4.1927525541e+14 0.0000000000e+00
2.7907253400e+21 1.9092528735e+21 6.0355616502e+19 1.7001629546e+35 0.0000000000e+00 0.0000000000e+00 0.0000000000e+00 -6.4816431407e+13 4.0877620262e+14 0.0000000000e+00
2.6478101685e+21 2.8128608224e+21 -1.2195063541e+20 1.3150911760e+35 0.0000000000e+00 0.0000000000e+00 0.0000000000e+00 -5.7452460439e+13 5.2846849628e+14 0.0000000000e+00
7.7846783244e+20 3.0937435908e+20 -7.9500338525e+19 1.2157572660e+35 0.0000000000e+00 0.0000000000e+00 0.0000000000e+00 -7.2242542111e+13 8.6029087299e+14 0.0000000000e+00
1.9918318509e+21 2.8285555745e+21 -8.0565730433e+19 1.3240950634e+35 0.0000000000e+00 0.0000000000e+00 0.0000000000e+00 -8.5492788426e+13 2.1503763549e+14 0.0000000000e+00
2.4663766002e+21 2.0760391099e+21 7.1700707814e+19 1.7484994506e+35 0.0000000000e+00 0.0000000000e+00 0.0000000000e+00 -7.7723373595e+13 5.9743939135e+14 0.0000000000e+00
1.6755960494e+21 2.0473224438e+20 1.2906577896e+20 1.2574176913e+35 0.0000000000e+00 0.0000000000e+00 0.0000000000e+00 -1.9169912292e+13 6.8556136896e+14 0.0000000000e+00
1.5984854455e+21 9.0830804505e+20 -7.8806935387e+18 1.2468241340e+35 0.0000000000e+00 0.0000000000e+00 0.0000000000e+00 -3.0527641495e+13 5.8161908592e+14 0.0000000000e+00
7.2991021394e+20 2.1372633635e+21 -1.2737599015e+19 1.9719149171e+35 0.0000000000e+00 0.0000000000e+00 0.0000000000e+00 -4.2893511910e+13 1.2725292299e+14 0.0000000000e+00
2.8098415324e+20 2.0326411523e+20 5.2854357069e+18 1.5578989490e+35 0.0000000000e+00 0.0000000000e+00 0.0000000000e+00 -4.9694711484e+13 6.2171063087e+14 0.0000000000e+00
2.7077971575e+21 1.7569904488e+21 8.7663717932e+19 1.0014457039e+35 0.0000000000e+00 0.0000000000e+00 0.0000000000e+00 -7.3433635503e+12 1.4194166828e+14 0.0000000000e+00
2.7174616965e+21 1.0438750659e+21 -6.9968793975e+19 1.4705947939e+35 0.0000000000e+00 0.0000000000e+00 0.0000000000e+00 -8.7786778836e+13 5.1483246565e+14 0.0000000000e+00
1.9107001981e+21 1.8739230326e+21 1.7984939747e+19 9.0754032950e+34 0.0000000000e+00 0.0000000000e+00 0.0000000000e+00 -6.8107535328e+13 6.5672925255e+14 0.0000000000e+00
1.0231919094e+21 1.3804945805e+20 7.3578661167e+19 6.2376250947e+34 0.0000000000e+00 0.0000000000e+00 0.0000000000e+00 -6.1543203576e+13 2.1288758877e+14 0.0000000000e+00
1.0539144962e+21 2.6302980810e+21 3.7807555122e+19 1.2749647714e+35 0.0000000000e+00 0.0000000000e+00 0.0000000000e+00 -2.0598357566e+13 7.9118285040e+14 0.0000000000e+00
2.1909342388e+21 2.9379897090e+21 1.4303932972e+19 1.8613148227e+35 0.0000000000e+00 0.0000000000e+00 0.0000000000e+00 -7.0866186833e+11 1.1982725598e+14 0.0000000000e+00
2.7074787645e+21 2.9240733673e+21 7.5528927684e+19 1.8630091577e+35 0.0000000000e+00 0.0000000000e+00 0.0000000000e+00 -7.1887848490e+13 7.4176008982e+14 0.0000000000e+00
2.6772268284e+21 2.2624492282e+21 -2.0395887651e+20 8.2378965445e+34 0.0000000000e+00 0.0000000000e+00 0.0000000000e+00 -1.1899676617e+13 4.7499888469e+14 0.0000000000e+00
2.3536643974e+21 3.9260027271e+20 5.1145692859e+19 1.1525478693e+35 0.0000000000e+00 0.0000000000e+00 0.0000000000e+00 -1.6035417526e+13 2.6403431815e+14 0.0000000000e+00
1.9376515081e+21 2.2884383253e+21 -4.9350010292e+19 5.9325391551e+34 0.0000000000e+00 0.0000000000e+00 0.0000000000e+00 -7.3403855125e+13 1.3525530896e+14 0.0000000000e+00
2.5393441436e+20 7.4203313873e+19 -1.3812125207e+20 1.9806783120e+35 0.0000000000e+00 0.0000000000e+00 0.0000000000e+00 -5.6866866501e+13 8.5007626283e+14 0.0000000000e+00
4.8779545914e+20 6.6768878515e+19 3.8570236134e+19 1.9549945198e+35 0.0000000000e+00 0.0000000000e+00 0.0000000000e+00 -5.5887922380e+13 1.0069996938e+14 0.0000000000e+00
2.7118365410e+21 9.7665564139e+20 1.0364253723e+20 1.3681511566e+35 0.0000000000e+00 0.0000000000e+00 0.0000000000e+00 -2.0619102927e+12 2.6224947345e+14 0.0000000000e+00
1.8302029021e+21 1.4747251486e+21 -1.0370490429e+19 1.6422844082e+35 0.0000000000e+00 0.0000000000e+00 0.0000000000e+00 -7.7547257199e+13 3.1348938261e+14 0.0000000000e+00
2.7756701779e+19 2.3250895869e+21 7.1894384586e+19 1.4842269611e+35 0.0000000000e+00 0.0000000000e+00 0.0000000000e+00 -1.9014277233e+13 6.0413285105e+14 0.0000000000e+00
3.0624111637e+20 2.0621854466e+21 1.2164639457e+20 1.2684281613e+35 0.0000000000e+00 0.0000000000e+00 0.0000000000e+00 -6.3033840010e+13 4.9583955767e+14 0.0000000000e+00
2.0024483392e+21 1.3457343678e+21 9.9210295523e+19 3.1313422440e+34 0.0000000000e+00 0.0000000000e+00 0.0000000000e+00 -2.5479257928e+13 1.7624873313e+14 0.0000000000e+00
1.5275860048e+19 8.2580527884e+20 1.2373532374e+20 1.0235146237e+35 0.0000000000e+00 0.0000000000e+00 0.0000000000e+00 -5.4909182193e+13 2.8662785294e+14 0.0000000000e+00
4.8531869918e+20 3.0093217415e+21 5.5993519201e+19 1.4128841380e+35 0.0000000000e+00 0.0000000000e+00 0.0000000000e+00 -3.9917861818e+13 2.5818462624e+14 0.0000000000e+00
1.6560785763e+21 1.2862151701e+21 5.6914680551e+18 1.4177424744e+35 0.0000000000e+00 0.0000000000e+00 0.0000000000e+00 -1.5847112106e+13 2.6077598749e+14 0.0000000000e+00
2.0881397066e+21 1.3622860394e+21 -1.2086832051e+20 8.7903450664e+34 0.0000000000e+00 0.0000000000e+00 0.0000000000e+00 -1.8540194299e+13 4.2645027555e+14 0.0000000000e+00
1.9676190812e+21 4.9381669236e+20 -1.8565414729e+19 1.8852230669e+35 0.0000000000e+00 0.0000000000e+00 0.0000000000e+00 -1.2646091229e+13 6.8190036891e+14 0.0000000000e+00
6.7684477595e+20 2.3987352181e+21 -6.3622955617e+19 5.1489427945e+34 0.0000000000e+00 0.0000000000e+00 0.0000000000e+00 -8.9028660881e+13 1.9092604077e+14 0.0000000000e+00
2.1493568900e+21 2.0935329574e+21 1.6379762804e+20 1.1042035849e+35 0.0000000000e+00 0.0000000000e+00 0.0000000000e+00 -2.9154436402e+13 3.7794900978e+14 0.0000000000e+00
7.1601774607e+20 6.6628269140e+20 -1.3270584548e+19 1.4413719474e+35 0.0000000000e+00 0.0000000000e+00 0.0000000000e+00 -8.1419803081e+13 3.4633622323e+14 0.0000000000e+00
9.8205628904e+20 2.4862599567e+20 9.2958026719e+18 1.4524357147e+35 0.0000000000e+00 0.0000000000e+00 0.0000000000e+00 -5.5306091874e+13 8.7136157161e+14 0.0000000000e+00
2.2529110606e+21 2.0537468937e+21 4.1609571622e+19 1.3666115787e+35 0.0000000000e+00 0.0000000000e+00 0.0000000000e+00 -4.2736398699e+13 8.6536483494e+14 0.0000000000e+00
1.9605920893e+21 1.9753148447e+21 3.2898045788e+18 7.0589844870e+34 0.0000000000e+00 0.0000000000e+00 0.0000000000e+00 -5.6544325308e+13 7.1988986279e+14 0.0000000000e+00
2.5629562529e+21 8.2469725248e+20 1.2789160100e+20 4.9516147376e+34 0.0000000000e+00 0.0000000000e+00 0.0000000000e+00 -4.5479707739e+13 2.5509983237e+14 0.0000000000e+00
1.9846757090e+21 2.8697062309e+21 -4.6978894343e+19 1.3441390065e+35 0.0000000000e+00 0.0000000000e+00 0.0000000000e+00 -3.2886407237e+11 1.5231548319e+14 0.0000000000e+00
1.7151553649e+21 4.5589271739e+20 1.4683132498e+19 1.2793009225e+35 0.0000000000e+00 0.0000000000e+00 0.0000000000e+00 -8.1871398302e+13 2.8282122014e+14 0.0000000000e+00
2.8271044931e+20 1.3047864295e+21 -5.6019405691e+19 5.3612868835e+34 0.0000000000e+00 0.0000000000e+00 0.0000000000e+00 -3.0725484911e+13 2.9127099827e+14 0.0000000000e+00
1.1097662936e+21 2.8478328471e+21 -9.9595698472e+19 1.4665991032e+35 0.0000000000e+00 0.0000000000e+00 0.0000000000e+00 -5.7182279710e+13 4.6856722912e+14 0.0000000000e+00
8.0038074566e+20 1.2667370425e+21 -4.6157977909e+19 1.0242360342e+35 0.0000000000e+00 0.0000000000e+00 0.0000000000e+00 -8.2080389910e+13 6.7525952005e+14 0.0000000000e+00
7.3636074372e+20 1.9270713101e+21 -2.7944263373e+18 1.4004508449e+35 0.0000000000e+00 0.0000000000e+00 0.0000000000e+00 -7.9644746148e+13 7.4636657720e+14 0.0000000000e+00
2.9365458542e+21 1.1999398931e+21 -3.2390852840e+19 1.7006008665e+35 0.0000000000e+00 0.0000000000e+00 0.0000000000e+00 -4.8024570670e+12 8.0974118020e+14 0.0000000000e+00
1.1863689330e+21 8.2758148069e+20 -5.2243162931e+19 5.1909090348e+34 0.0000000000e+00 0.0000000000e+00 0.0000000000e+00 -1.1398463422e+13 3.8973776883e+14 0.0000000000e+00
2.6921965035e+21 2.9696445415e+21 -1.0610665263e+20 2.5260546742e+34 0.0000000000e+00 0.0000000000e+00 0.0000000000e+00 -8.8005978900e+12 6.7143379807e+14 0.0000000000e+00
1.9047763733e+21 1.2353700311e+21 -6.2703154548e+18 1.5974910791e+35 0.0000000000e+00 0.0000000000e+00 0.0000000000e+00 -8.0161582065e+11 3.6042318892e+14 0.0000000000e+00
2.3987405141e+21 2.6983913967e+21 -1.1353115222e+20 1.2976973427e+35 0.0000000000e+00 0.0000000000e+00 0.0000000000e+00 -7.4950998745e+13 7.1616686078e+13 0.0000000000e+00
1.5169587470e+21 6.9400300058e+20 5.7346222460e+19 1.4568665873e+35 0.0000000000e+00 0.0000000000e+00 0.0000000000e+00 -6.1022362702e+13 6.3142276999e+14 0.0000000000e+00
1.7410959238e+21 6.4314999675e+20 6.2200793589e+18 1.7019951927e+35 0.0000000000e+00 0.0000000000e+00 0.0000000000e+00 -3.1315960624e+13 7.1730456647e+13 0.0000000000e+00
1.4864183999e+21 9.3962662145e+19 -1.0997226063e+20 1.6394473826e+35 0.0000000000e+00 0.0000000000e+00 0.0000000000e+00 -4.8869858904e+13 3.9444909249e+14 0.0000000000e+00
5.8924333717e+20 1.9667304790e+21 -2.3329824863e+19 1.9192508496e+35 0.0000000000e+00 0.0000000000e+00 0.0000000000e+00 -5.5062691384e+13 3.2025942780e+14 0.0000000000e+00
2.1803604839e+21 1.1122125054e+21 -5.6750200802e+19 1.1671612407e+35 0.0000000000e+00 0.0000000000e+00 0.0000000000e+00 -6.0797807154e+13 6.2467093010e+14 0.0000000000e+00
8.4737098985e+20 2.6086331980e+21 2.4081716811e+19 1.0832083746e+35 0.0000000000e+00 0.0000000000e+00 0.0000000000e+00 -3.8457924988e+13 7.0909831455e+14 0.0000000000e+00
7.3385586690e+19 1.4281474984e+21 1.0113698615e+20 9.2993874882e+34 0.0000000000e+00 0.0000000000e+00 0.0000000000e+00 -4.0179758449e+13 3.1359845742e+14 0.0000000000e+00
1.9480353890e+21 2.9220077654e+21 -1.4148176283e+20 4.9070978595e+34 0.0000000000e+00 0.0000000000e+00 0.0000000000e+00 -7.9387134767e+13 7.0683668335e+14 0.0000000000e+00
5.3452003045e+20 5.5991600639e+20 8.6787176717e+18 1.2320593937e+35 0.0000000000e+00 0.0000000000e+00 0.0000000000e+00 -5.0011868711e+13 2.9509423544e+14 0.0000000000e+00
2.8383040076e+21 2.6215047209e+21 -1.2082019426e+19 7.0894993542e+34 0.0000000000e+00 0.0000000000e+00 0.0000000000e+00 -4.2274077225e+13 4.3269341870e+14 0.0000000000e+00
2.8789564454e+21 2.3437693017e+21 5.0652608768e+19 1.8491489727e+35 0.0000000000e+00 0.0000000000e+00 0.0000000000e+00 -4.0682138707e+13 6.7345057773e+14 0.0000000000e+00
2.7610607297e+21 2.3266421271e+21 1.6085685601e+19 1.2507889790e+35 0.0000000000e+00 0.0000000000e+00 0.0000000000e+00 -7.4781363747e+13 6.1029772075e+14 0.0000000000e+00
1.1171389574e+21 2.5495557825e+21 -5.6736086080e+19 1.2678653333e+35 0.0000000000e+00 0.0000000000e+00 0.0000000000e+00 -2.4399888936e+13 9.1156535221e+14 0.0000000000e+00
4.6648068684e+19 2.2967704047e+21 -2.4072619446e+19 8.4682985805e+34 0.0000000000e+00 0.0000000000e+00 0.0000000000e+00 -9.2287131136e+13 1.9423529038e+14 0.0000000000e+00
2.8016654219e+21 1.8899329307e+21 -6.0060150896e+19 3.1072985100e+34 0.0000000000e+00 0.0000000000e+00 0.0000000000e+00 -6.1079874707e+13 5.9792434758e+14 0.0000000000e+00
1.2922597596e+21 3.9609704085e+20 8.1184738607e+19 2.7490154442e+34 0.0000000000e+00 0.0000000000e+00 0.0000000000e+00 -2.0807883968e+13 5.9334755632e+14 0.0000000000e+00
2.9173642439e+21 9.8164009705e+19 1.6079638923e+18 9.6789484945e+34 0.0000000000e+00 0.0000000000e+00 0.0000000000e+00 -4.1287478264e+13 8.3309971840e+14 0.0000000000e+00
2.9082050909e+21 2.7791188047e+21 1.4344483724e+20 3.6837914878e+34 0.0000000000e+00 0.0000000000e+00 0.0000000000e+00 -6.9947821259e+13 1.5795415461e+14 0.0000000000e+00
2.5743825366e+21 1.8610506492e+21 -4.5768584023e+18 1.2926529100e+35 0.0000000000e+00 0.0000000000e+00 0.0000000000e+00 -2.8879642323e+13 7.0636669231e+14 0.0000000000e+00
8.8864675627e+20 2.4039495442e+21 -5.3449290563e+19 1.7777696101e+35 0.0000000000e+00 0.0000000000e+00 0.0000000000e+00 -4.0956310622e+13 5.3791271887e+14 0.0000000000e+00
1.1622249449e+21 1.4532344569e+21 -1.1420975092e+20 1.7812060032e+35 0.0000000000e+00 0.0000000000e+00 0.0000000000e+00 -1.9290188011e+13 3.0941309460e+14 0.0000000000e+00
2.5687304746e+21 3.5403611429e+20 -1.3604688857e+20 1.3850277209e+35 0.0000000000e+00 0.0000000000e+00 0.0000000000e+00 -2.5085907553e+13 4.7383162811e+14 0.0000000000e+00
9.5647061156e+20 3.7781072087e+20 -1.1952305690e+20 5.9253884412e+34 0.0000000000e+00 0.0000000000e+00 0.0000000000e+00 -3.6912174719e+13 3.4215671045e+14 0.0000000000e+00
5.1152910950e+20 2.0690360369e+21 2.0154705819e+19 1.7459574479e+35 0.0000000000e+00 0.0000000000e+00 0.0000000000e+00 -4.8455652581e+13 5.3982414469e+14 0.0000000000e+00
1.6804262101e+21 1.2986631908e+21 3.8383303003e+19 1.7868311565e+35 0.0000000000e+00 0.0000000000e+00 0.0000000000e+00 -8.2064075253e+13 7.7008631799e+14 0.0000000000e+00
2.8253151084e+21 6.0518362518e+20 -1.1930083847e+20 5.6673994305e+34 0.0000000000e+00 0.0000000000e+00 0.0000000000e+00 -6.9931671464e+13 5.0982040089e+14 0.0000000000e+00
2.1006179264e+21 1.4836323421e+21 6.7530640797e+19 1.5237368100e+35 0.0000000000e+00 0.0000000000e+00 0.0000000000e+00 -5.4995479420e+13 5.7793969207e+14 0.0000000000e+00
1.7204446113e+21 1.9378257209e+20 -3.6446956350e+19 7.2577437221e+34 0.0000000000e+00 0.0000000000e+00 0.0000000000e+00 -3.7935458461e+13 4.9873914216e+14 0.0000000000e+00
2.9327865820e+20 1.7563896910e+21 1.1075532754e+19 1.6391454346e+35 0.0000000000e+00 0.0000000000e+00 0.0000000000e+00 -4.6038638965e+13 9.2229996863e+13 0.0000000000e+00
1.8560918102e+21 8.1182209459e+20 1.2164204640e+20 1.9835218245e+35 0.0000000000e+00 0.0000000000e+00 0.0000000000e+00 -6.7389564011e+13 2.2569158024e+14 0.0000000000e+00
2.9879825196e+21 2.4070333657e+21 6.7666526382e+19 2.7186165060e+34 0.0000000000e+00 0.0000000000e+00 0.0000000000e+00 -9.4060801148e+13 4.1982463082e+14 0.0000000000e+00
4.2277355798e+20 9.3667239203e+20 -2.0260637384e+19 1.8067798052e+35 0.0000000000e+00 0.0000000000e+00 0.0000000000e+00 -4.7692443393e+13 3.1131794335e+14 0.0000000000e+00
1.5643188908e+21 1.3738544099e+21 -6.7240453408e+19 1.3205848679e+35 0.0000000000e+00 0.0000000000e+00 0.0000000000e+00 -6.7631787910e+13 1.8191363073e+14 0.0000000000e+00
2.6479119311e+21 3.5070789443e+19 -1.6235447203e+20 1.9413054971e+35 0.0000000000e+00 0.0000000000e+00 0.0000000000e+00 -2.5125375268e+13 4.9909643418e+14 0.0000000000e+00
2.2356396884e+21 2.1864470736e+20 -5.4260117937e+19 1.0416453539e+35 0.0000000000e+00 0.0000000000e+00 0.0000000000e+00 -9.2405740017e+13 2.7731882310e+14 0.0000000000e+00
2.1035935063e+21 1.1845455532e+21 -1.5929776520e+19 1.7183346137e+35 0.0000000000e+00 0.0000000000e+00 0.0000000000e+00 -3.9305513586e+13 2.7528924594e+14 0.0000000000e+00
2.1200969655e+21 1.4484554032e+21 -7.4482695324e+19 3.2914291969e+34 0.0000000000e+00 0.0000000000e+00 0.0000000000e+00 -5.5407978074e+12 4.8447318985e+14 0.0000000000e+00
1.0849442944e+21 1.8108620142e+21 -9.9033381671e+18 8.1206331953e+34 0.0000000000e+00 0.0000000000e+00 0.0000000000e+00 -7.8160986337e+13 1.3007735884e+14 0.0000000000e+00
8.8606018599e+20 8.8023766254e+20 5.7984745692e+18 3.3732323302e+34 0.0000000000e+00 0.0000000000e+00 0.0000000000e+00 -5.0020422092e+13 8.3514295405e+14 0.0000000000e+00
2.4426519672e+21 2.0974553323e+21 -1.6965383827e+19 1.9447749895e+35 0.0000000000e+00 0.0000000000e+00 0.0000000000e+00 -8.6017624053e+13 7.4798526053e+14 0.0000000000e+00
2.4449222251e+21 2.5958493947e+21 -4.9042694723e+19 1.6645113794e+35 0.0000000000e+00 0.0000000000e+00 0.0000000000e+00 -3.5437741457e+13 6.6216685825e+14 0.0000000000e+00
2.6168242575e+21 2.3535902845e+21 1.2724995000e+19 1.7274652858e+35 0.0000000000e+00 0.0000000000e+00 0.0000000000e+00 -4.2552424309e+13 1.4262041980e+14 0.0000000000e+00
2.7561599876e+21 1.1956961490e+20 3.3344422010e+19 1.8786278849e+35 0.0000000000e+00 0.0000000000e+00 0.0000000000e+00 -5.6106365199e+13 6.9965668403e+14 0.0000000000e+00
1.5432313598e+21 1.4501699668e+21 -8.2270610393e+19 3.6933143036e+34 0.0000000000e+00 0.0000000000e+00 0.0000000000e+00 -4.5312577521e+13 7.3778446527e+14 0.0000000000e+00
1.5135761774e+21 3.1667927847e+20 1.0645484805e+20 9.0111127849e+34 0.0000000000e+00 0.0000000000e+00 0.0000000000e+00 -9.7915666737e+12 7.3905906823e+14 0.0000000000e+00
2.4092548501e+21 7.3049185787e+20 -7.4384745808e+18 3.4443444817e+34 0.0000000000e+00 0.0000000000e+00 0.0000000000e+00 -7.6089068776e+13 1.1568895797e+14 0.0000000000e+00
1.9615911431e+21 2.9777477065e+21 1.4222040512e+18 5.9176243045e+34 0.0000000000e+00 0.0000000000e+00 0.0000000000e+00 -9.2536554496e+13 5.5078136864e+14 0.0000000000e+00
2.1185360356e+21 4.3005154848e+20 5.3434778235e+19 6.2463021168e+34 0.0000000000e+00 0.0000000000e+00 0.0000000000e+00 -1.3096572704e+13 7.9246700800e+14 0.0000000000e+00
2.4017022764e+21 1.5056444471e+21 1.7596157104e+19 1.0488969798e+35 0.0000000000e+00 0.0000000000e+00 0.0000000000e+00 -4.0035509883e+13 5.4657425786e+14 0.0000000000e+00
2.6860361216e+21 1.8655940062e+21 7.1914159029e+19 6.9399546743e+34 0.0000000000e+00 0.0000000000e+00 0.0000000000e+00 -1.0351670178e+13 6.3509589520e+14 0.0000000000e+00
1.0200693834e+21 2.1200392811e+21 2.1663518264e+19 3.9742450508e+34 0.0000000000e+00 0.0000000000e+00 0.0000000000e+00 -3.8158324253e+13 4.4706546188e+14 0.0000000000e+00
1.1335093511e+21 1.6890197268e+21 -4.6208399917e+19 5.1513151783e+34 0.0000000000e+00 0.0000000000e+00 0.0000000000e+00 -1.7972581162e+13 5.2718804002e+14 0.0000000000e+00
2.8363749444e+20 2.9488417511e+19 2.7275440977e+19 4.7935640986e+34 0.0000000000e+00 0.0000000000e+00 0.0000000000e+00 -5.3994419606e+13 6.9969361313e+13 0.0000000000e+00
1.7452494655e+21 9.8526022828e+20 -8.6294142342e+19 1.9407642899e+35 0.0000000000e+00 0.0000000000e+00 0.0000000000e+00 -2.3681460697e+13 6.1542310478e+14 0.0000000000e+00
1.0847378232e+20 1.5624537397e+21 8.1908298008e+18 1.5624334828e+35 0.0000000000e+00 0.0000000000e+00 0.0000000000e+00 -8.2326078134e+12 1.5583771346e+14 0.0000000000e+00
1.4051748187e+21 2.6518109442e+20 -2.5072027941e+18 1.9313578266e+35 0.0000000000e+00 0.0000000000e+00 0.0000000000e+00 -4.0508317080e+13 4.2482093010e+14 0.0000000000e+00
1.6377015075e+21 1.0581920784e+21 -1.5702416881e+19 9.9692713422e+34 0.0000000000e+00 0.0000000000e+00 0.0000000000e+00 -7.7557363598e+13 2.6647373418e+14 0.0000000000e+00
8.6478149892e+20 1.0020698233e+20 -9.6981552381e+18 7.1134955248e+34 0.0000000000e+00 0.0000000000e+00 0.0000000000e+00 -6.9224977152e+13 4.9018254405e+14 0.0000000000e+00
1.7831347804e+21 2.3714990441e+20 -1.4198551048e+20 1.6314524110e+35 0.0000000000e+00 0.0000000000e+00 0.0000000000e+00 -7.5866561700e+13 1.3248432075e+14 0.0000000000e+00
9.2049754316e+19 1.1979144476e+21 -4.1401294289e+19 7.9609168068e+34 0.0000000000e+00 0.0000000000e+00 0.0000000000e+00 -7.1302153998e+13 6.1268900320e+14 0.0000000000e+00
1.1271683365e+20 4.0053614570e+20 7.0051477911e+18 7.4853928720e+34 0.0000000000e+00 0.0000000000e+00 0.0000000000e+00 -6.5663591447e+13 7.0640292265e+14 0.0000000000e+00
2.4826084921e+21 1.7128382801e+21 1.2061164776e+19 6.3018740269e+34 0.0000000000e+00 0.0000000000e+00 0.0000000000e+00 -4.2116730033e+13 1.9174307831e+14 0.0000000000e+00
1.0870553558e+21 2.0808052769e+21 -7.7538089383e+19 4.4821600053e+34 0.0000000000e+00 0.0000000000e+00 0.0000000000e+00 -3.9005986062e+13 1.4454732244e+14 0.0000000000e+00
3.8346862718e+20 2.4161706579e+21 9.5497656593e+19 6.7258386285e+34 0.0000000000e+00 0.0000000000e+00 0.0000000000e+00 -5.4294874729e+13 1.6436514906e+14 0.0000000000e+00
1.5761301588e+21 6.0405343713e+20 -6.5352892298e+19 8.4752903856e+34 0.0000000000e+00 0.0000000000e+00 0.0000000000e+00 -3.6409191596e+13 8.0562470858e+14 0.0000000000e+00
2.3238405433e+21 5.0546243326e+20 7.3145545780e+19 1.4114823813e+35 0.0000000000e+00 0.0000000000e+00 0.0000000000e+00 -8.6949873383e+13 4.5776933368e+14 0.0000000000e+00
6.5134786099e+20 3.1558574213e+20 3.2231814603e+19 3.2944513517e+34 0.0000000000e+00 0.0000000000e+00 0.0000000000e+00 -8.6361641791e+13 4.0644331961e+14 0.0000000000e+00
1.8798834560e+21 1.9207464931e+21 -4.8757850528e+19 5.9125601411e+34 0.0000000000e+00 0.0000000000e+00 0.0000000000e+00 -7.8405223865e+13 1.0719193650e+14 0.0000000000e+00
2.5757864935e+20 2.1321437425e+21 1.3394720685e+20 1.6504419129e+35 0.0000000000e+00 0.0000000000e+00 0.0000000000e+00 -4.5624952644e+13 6.0250542060e+14 0.0000000000e+00
1.5597543449e+20 9.5326985084e+19 -9.0059898956e+19 4.7873057859e+34 0.0000000000e+00 0.0000000000e+00 0.0000000000e+00 -7.4413324583e+13 7.5984304129e+14 0.0000000000e+00
1.6036282781e+21 2.8254885592e+21 6.9350182399e+19 8.2509898833e+34 0.0000000000e+00 0.0000000000e+00 0.0000000000e+00 -6.7853472325e+13 7.3247940420e+14 0.0000000000e+00
1.6316367970e+21 1.5684933406e+20 7.5493935896e+19 1.7488988242e+35 0.0000000000e+00 0.0000000000e+00 0.0000000000e+00 -5.6774062924e+13 5.7133190735e+14 0.0000000000e+00
1.9237634427e+21 1.6336323399e+21 -5.0598294775e+19 4.9289405178e+34 0.0000000000e+00 0.0000000000e+00 0.0000000000e+00 -1.7811160815e+13 1.4100326116e+14 0.0000000000e+00
2.1913436452e+21 2.1399446477e+21 1.0506150689e+20 3.6514320498e+34 0.0000000000e+00 0.0000000000e+00 0.0000000000e+00 -9.3360432779e+13 9.7080838691e+13 0.0000000000e+00
2.9451215758e+21 2.6285848155e+21 -1.8866009526e+19 1.0762046035e+35 0.0000000000e+00 0.0000000000e+00 0.0000000000e+00 -3.3194288828e+13 1.0349249005e+14 0.0000000000e+00
1.5581944512e+21 2.1551143612e+21 2.1781934329e+19 7.5391229366e+34 0.0000000000e+00 0.0000000000e+00 0.0000000000e+00 -3.1348385952e+13 2.8271091935e+14 0.0000000000e+00
9.7468263534e+20 2.4196153547e+21 1.9641282735e+19 1.2157802963e+35 0.0000000000e+00 0.0000000000e+00 0.0000000000e+00 -1.9061821037e+13 1.9120203750e+14 0.0000000000e+00
2.3998719358e+21 1.0244606811e+21 -1.0133594544e+19 1.6412063708e+35 0.0000000000e+00 0.0000000000e+00 0.0000000000e+00 -6.3664675509e+12 3.0988161740e+14 0.0000000000e+00
8.1737173431e+20 2.4591421933e+21 6.1175484210e+19 4.6143467861e+34 0.0000000000e+00 0.0000000000e+00 0.0000000000e+00 -9.2766293454e+13 3.2999722522e+14 0.0000000000e+00
1.3248157477e+21 2.4178660639e+20 5.9868723966e+19 1.2463794205e+35 0.0000000000e+00 0.0000000000e+00 0.0000000000e+00 -8.0113666005e+13 8.1803251867e+14 0.0000000000e+00
2.3678135889e+20 2.7005566680e+21 -1.3192673738e+20 1.1133162479e+35 0.0000000000e+00 0.0000000000e+00 0.0000000000e+00 -1.0776482312e+13 6.0397041338e+14 0.0000000000e+00
7.6508543628e+19 1.6526337912e+21 9.8412471325e+19 4.7369912129e+34 0.0000000000e+00 0.0000000000e+00 0.0000000000e+00 -5.1263563866e+13 7.5485299209e+14 0.0000000000e+00
2.9052729155e+21 2.4666046697e+21 -1.2543502050e+20 1.3230057116e+35 0.0000000000e+00 0.0000000000e+00 0.0000000000e+00 -4.1221423358e+13 6.5871006665e+14 0.0000000000e+00
2.5229880037e+21 1.3650965827e+21 7.7905611118e+19 7.0298236991e+34 0.0000000000e+00 0.0000000000e+00 0.0000000000e+00 -3.1902158147e+13 1.5862951923e+14 0.0000000000e+00
2.1004501540e+21 1.9423174841e+21 8.5009902574e+19 1.0820380570e+35 0.0000000000e+00 0.0000000000e+00 0.0000000000e+00 -3.0383663166e+13 6.9133394587e+14 0.0000000000e+00
1.2342199862e+21 1.5886832307e+21 -8.2313417160e+19 3.6432116633e+34 0.0000000000e+00 0.0000000000e+00 0.0000000000e+00 -6.4623271449e+12 3.2260990540e+14 0.0000000000e+00
5.2300225797e+20 2.2079371767e+21 -3.0995938026e+19 1.0320439994e+35 0.0000000000e+00 0.0000000000e+00 0.0000000000e+00 -2.8880719527e+11 6.3893915720e+14 0.0000000000e+00
4.7212699478e+20 2.4635928577e+20 -8.3425417237e+19 7.6106882242e+34 0.0000000000e+00 0.0000000000e+00 0.0000000000e+00 -2.6493476733e+13 3.5869774591e+14 0.0000000000e+00
7.5523306666e+20 1.8214258948e+20 -1.6215791735e+19 1.6740806029e+35 0.0000000000e+00 0.0000000000e+00 0.0000000000e+00 -6.7480763905e+13 8.7726387591e+14 0.0000000000e+00
1.6575660741e+21 7.4575756024e+20 -2.3241186742e+19 3.1955947206e+34 0.0000000000e+00 0.0000000000e+00 0.0000000000e+00 -1.1384176768e+13 3.0784903180e+14 0.0000000000e+00
2.1566504947e+21 4.8150584458e+20 5.8825387160e+19 9.5952801120e+34 0.0000000000e+00 0.0000000000e+00 0.0000000000e+00 -9.0012918202e+13 2.4249445090e+14 0.0000000000e+00
1.9924756829e+21 2.6310428040e+21 9.8862794895e+19 1.0300042021e+35 0.0000000000e+00 0.0000000000e+00 0.0000000000e+00 -7.2795728632e+13 8.1486120622e+14 0.0000000000e+00
8.4484050098e+20 6.6158781385e+20 1.0530434352e+20 1.5017573082e+35 0.0000000000e+00 0.0000000000e+00 0.0000000000e+00 -9.7147814477e+12 1.0595641167e+14 0.0000000000e+00
2.8817834170e+21 2.9451613421e+21 -4.2415577605e+19 1.2350330698e+35 0.0000000000e+00 0.0000000000e+00 0.0000000000e+00 -7.0418431992e+13 6.1787184291e+14 0.0000000000e+00
2.2269728946e+21 1.0167514996e+21 -1.5785790374e+19 1.3994806074e+35 0.0000000000e+00 0.0000000000e+00 0.0000000000e+00 -7.3783146363e+13 6.3890777656e+14 0.0000000000e+00
1.6730405305e+21 5.4963186955e+20 -1.2701541160e+20 1.5938573840e+35 0.0000000000e+00 0.0000000000e+00 0.0000000000e+00 -8.1596091748e+13 7.2571742430e+14 0.0000000000e+00
1.8461732121e+21 2.3833100946e+21 -6.0802896517e+19 1.7445525700e+35 0.0000000000e+00 0.0000000000e+00 0.0000000000e+00 -1.3338284391e+13 9.1161059732e+14 0.0000000000e+00
1.2663529884e+21 1.9879800665e+21 7.2798055717e+19 7.7418577680e+34 0.0000000000e+00 0.0000000000e+00 0.0000000000e+00 -4.7330884439e+13 8.7860860391e+14 0.0000000000e+00
7.4765212631e+20 1.5035546723e+21 1.2189572404e+20 1.1708556816e+35 0.0000000000e+00 0.0000000000e+00 0.0000000000e+00 -3.0778770766e+13 1.1951342996e+14 0.0000000000e+00
1.0743255442e+21 1.6760871967e+21 -9.3131622383e+19 1.7054515701e+35 0.0000000000e+00 0.0000000000e+00 0.0000000000e+00 -7.2039716034e+13 7.2288555248e+14 0.0000000000e+00
2.2871795614e+21 2.1705509668e+21 -4.4701428353e+19 1.9697416980e+35 0.0000000000e+00 0.0000000000e+00 0.0000000000e+00 -2.2906990830e+13 6.2245754895e+14 0.0000000000e+00
4.3439548685e+19 6.8947640934e+20 -1.9923143626e+18 1.7928938767e+35 0.0000000000e+00 0.0000000000e+00 0.0000000000e+00 -2.2720947043e+13 6.2352308473e+14 0.0000000000e+00
3.5030722905e+20 3.0069357587e+21 2.1138159433e+19 8.7610504867e+34 0.0000000000e+00 0.0000000000e+00 0.0000000000e+00 -6.5078269707e+13 1.3895575268e+14 0.0000000000e+00
1.3883597362e+20 2.9419257634e+21 -6.1084585578e+19 5.6410830191e+34 0.0000000000e+00 0.0000000000e+00 0.0000000000e+00 -5.5792325222e+13 5.9287583092e+14 0.0000000000e+00
1.2291952540e+20 1.9626829214e+21 3.1995405805e+19 1.0847956132e+35 0.0000000000e+00 0.0000000000e+00 0.0000000000e+00 -7.4820834303e+13 8.5698135741e+14 0.0000000000e+00
2.5817800425e+21 6.0221911690e+20 -3.5751178737e+19 1.5311966792e+35 0.0000000000e+00 0.0000000000e+00 0.0000000000e+00 -2.2190335512e+12 8.6937352008e+14 0.0000000000e+00
2.1236394196e+21 2.0529288357e+21 -1.0904238378e+18 1.0904170760e+35 0.0000000000e+00 0.0000000000e+00 0.0000000000e+00 -3.3551796343e+13 4.3528456668e+14 0.0000000000e+00
1.4310566162e+21 2.1789479830e+20 4.1217146512e+19 1.0738029081e+35 0.0000000000e+00 0.0000000000e+00 0.0000000000e+00 -6.1969140898e+12 1.2251376428e+14 0.0000000000e+00
2.9526349684e+20 9.2509251657e+19 4.8456025724e+17 1.7021287085e+35 0.0000000000e+00 0.0000000000e+00 0.0000000000e+00 -6.5950441105e+13 3.3741641098e+14 0.0000000000e+00
1.4836967111e+21 7.7768695753e+20 -3.2925315440e+19 8.5829585494e+34 0.0000000000e+00 0.0000000000e+00 0.0000000000e+00 -2.0648997972e+13 7.7815396426e+14 0.0000000000e+00
1.4289378042e+21 1.3961960834e+21 -8.2700597062e+18 1.7402906402e+35 0.0000000000e+00 0.0000000000e+00 0.0000000000e+00 -2.2166817779e+13 6.7022193942e+14 0.0000000000e+00
5.2272324339e+20 2.6204464213e+21 -6.6669852720e+18 9.3864135260e+34 0.0000000000e+00 0.0000000000e+00 0.0000000000e+00 -2.9191822802e+13 4.5686712753e+14 0.0000000000e+00
1.3093642774e+21 2.1945962526e+21 -2.7917332205e+19 7.9959421892e+34 0.0000000000e+00 0.0000000000e+00 0.0000000000e+00 -3.2530544224e+12 1.3836929514e+14 0.0000000000e+00
1.2026872884e+21 2.2414882810e+21 -1.9526162928e+19 1.0221441243e+35 0.0000000000e+00 0.0000000000e+00 0.0000000000e+00 -5.7413814376e+13 4.0099685832e+14 0.0000000000e+00
1.8586355959e+21 1.2841388834e+21 1.2061792901e+20 1.5680158681e+35 0.0000000000e+00 0.0000000000e+00 0.0000000000e+00 -8.2297424967e+13 4.1201051385e+14 0.0000000000e+00
1.9167126383e+21 1.0440318075e+21 4.2321372347e+19 4.4170895742e+34 0.0000000000e+00 0.0000000000e+00 0.0000000000e+00 -3.1080241511e+13 8.5477312878e+14 0.0000000000e+00
1.3672750149e+20 1.1197949867e+21 -2.2293989995e+19 5.6632518366e+34 0.0000000000e+00 0.0000000000e+00 0.0000000000e+00 -2.5626999121e+13 6.1528654908e+14 0.0000000000e+00
1.1305808709e+21 2.9807263834e+21 5.2585209820e+19 1.9024825177e+35 0.0000000000e+00 0.0000000000e+00 0.0000000000e+00 -4.0230205341e+13 3.1998808289e+14 0.0000000000e+00
1.8888452256e+21 1.2104953968e+20 -2.5186680502e+19 5.2928994872e+34 0.0000000000e+00 0.0000000000e+00 0.0000000000e+00 -7.5092770967e+13 4.6718018791e+14 0.0000000000e+00
1.5184652284e+21 2.6167010553e+21 8.8512253906e+19 1.2234234825e+35 0.0000000000e+00 0.0000000000e+00 0.0000000000e+00 -4.6914543526e+13 1.0404102499e+14 0.0000000000e+00
2.5848863407e+21 1.7464423831e+21 2.7889503401e+19 1.2439290833e+35 0.0000000000e+00 0.0000000000e+00 0.0000000000e+00 -6.5116923508e+13 8.5823769903e+14 0.0000000000e+00
1.9879373802e+21 1.3237413351e+21 -8.0959467651e+18 1.0852060468e+35 0.0000000000e+00 0.0000000000e+00 0.0000000000e+00 -5.4203346872e+13 3.4726036488e+14 0.0000000000e+00
4.9173610093e+20 2.1888276191e+21 3.3780242052e+19 1.3597209425e+35 0.0000000000e+00 0.0000000000e+00 0.0000000000e+00 -3.3588150813e+13 4.6825401385e+14 0.0000000000e+00
2.1297647965e+20 1.4687668652e+21 -1.1852260567e+20 6.2544594568e+34 0.0000000000e+00 0.0000000000e+00 0.0000000000e+00 -2.4121233708e+13 3.7327312402e+14 0.0000000000e+00
1.9388213816e+21 2.6359913325e+21 -8.5014605529e+19 1.1967630924e+35 0.0000000000e+00 0.0000000000e+00 0.0000000000e+00 -7.2687438283e+13 6.0352303042e+14 0.0000000000e+00
8.0011135215e+19 2.7183182256e+21 -9.0081641733e+19 8.7735443308e+34 0.0000000000e+00 0.0000000000e+00 0.0000000000e+00 -5.6299513197e+13 6.0263164092e+14 0.0000000000e+00
1.7678707043e+21 1.2727537573e+21 1.0785056500e+19 1.3896675680e+35 0.0000000000e+00 0.0000000000e+00 0.0000000000e+00 -6.9190520422e+13 6.3497637394e+14 0.0000000000e+00
2.8376148686e+21 8.3546629206e+20 1.3071825671e+20 4.6864624183e+34 0.0000000000e+00 0.0000000000e+00 0.0000000000e+00 -7.5867788947e+13 2.4727784419e+14 0.0000000000e+00
1.7367810688e+21 1.7877132917e+21 1.6835159603e+20 1.2289981646e+35 0.0000000000e+00 0.0000000000e+00 0.0000000000e+00 -2.0507338399e+13 3.4313243245e+14 0.0000000000e+00
1.1714968373e+21 2.7535125771e+21 4.8140955604e+19 5.4659521488e+34 0.0000000000e+00 0.0000000000e+00 0.0000000000e+00 -8.5913015101e+12 1.9280246125e+14 0.0000000000e+00
1.9414438433e+21 6.3577848642e+20 3.7788715635e+19 7.1183547510e+34 0.0000000000e+00 0.0000000000e+00 0.0000000000e+00 -5.9621882331e+13 5.9358159783e+14 0.0000000000e+00
1.3830072235e+21 1.8801131492e+21 -1.3588980604e+20 6.0577249181e+34 0.0000000000e+00 0.0000000000e+00 0.0000000000e+00 -2.3547120649e+13 1.0503502864e+14 0.0000000000e+00
1.6466714702e+21 1.9060487442e+21 -4.0944738190e+19 5.4229032300e+34 0.0000000000e+00 0.0000000000e+00 0.0000000000e+00 -9.7517443691e+12 5.9417939756e+14 0.0000000000e+00
2.8413407929e+21 2.2125351016e+21 -5.9438284081e+19 1.6799731938e+35 0.0000000000e+00 0.0000000000e+00 0.0000000000e+00 -1.4567851841e+13 8.2113384927e+14 0.0000000000e+00
1.1652577609e+21 3.9707127371e+20 -4.6842951288e+19 7.2433742131e+34 0.0000000000e+00 0.0000000000e+00 0.0000000000e+00 -7.7365344630e+13 7.7634561965e+14 0.0000000000e+00
2.9008731216e+21 2.1603597434e+21 -1.2686451112e+19 1.8594419366e+35 0.0000000000e+00 0.0000000000e+00 0.0000000000e+00 -4.1379699599e+12 4.7313978876e+14 0.0000000000e+00
2.7323482374e+21 2.7434601474e+21 -3.5619234087e+19 1.9351893005e+35 0.0000000000e+00 0.0000000000e+00 0.0000000000e+00 -5.9011786691e+13 4.2701310923e+14 0.0000000000e+00
5.9089764479e+20 5.4228362257e+20 -1.4933817069e+20 1.2296760478e+35 0.0000000000e+00 0.0000000000e+00 0.0000000000e+00 -6.2555936733e+13 9.7698855889e+13 0.0000000000e+00
2.0933240604e+20 7.1690575462e+20 5.6429828824e+19 4.7179199686e+34 0.0000000000e+00 0.0000000000e+00 0.0000000000e+00 -8.8762251439e+13 5.7743937647e+14 0.0000000000e+00
3.0414800816e+20 2.9316703938e+21 -8.0938461292e+19 8.8155741344e+34 0.0000000000e+00 0.0000000000e+00 0.0000000000e+00 -4.8645378880e+13 7.4578578080e+14 0.0000000000e+00
5.4993469816e+19 5.4618844328e+20 1.8051175897e+19 1.6304597349e+35 0.0000000000e+00 0.0000000000e+00 0.0000000000e+00 -8.4352175769e+13 2.1878023571e+14 0.0000000000e+00
2.8502885556e+20 2.5785342118e+21 1.5648953743e+20 8.6889086861e+34 0.0000000000e+00 0.0000000000e+00 0.0000000000e+00 -7.1142839241e+13 3.8250156772e+14 0.0000000000e+00
2.0613144422e+21 1.4856945708e+21 -6.9367567435e+19 3.7271813309e+34 0.0000000000e+00 0.0000000000e+00 0.0000000000e+00 -6.4666954558e+13 7.4474326430e+14 0.0000000000e+00
2.1484734105e+20 7.4614338255e+20 -1.9091019359e+20 1.2040588713e+35 0.0000000000e+00 0.0000000000e+00 0.0000000000e+00 -1.8098947241e+13 8.2392890826e+14 0.0000000000e+00
9.6266845223e+20 2.6279232020e+21 -2.1579018541e+19 1.7143225983e+35 0.0000000000e+00 0.0000000000e+00 0.0000000000e+00 -1.1787838099e+13 2.9008772862e+14 0.0000000000e+00
2.5498336885e+21 1.3439312596e+21 8.3067404461e+19 1.6272639033e+35 0.0000000000e+00 0.0000000000e+00 0.0000000000e+00 -6.6037466820e+13 4.9775190531e+14 0.0000000000e+00
7.0234702051e+19 1.5537187742e+21 1.4775731542e+20 5.2863784243e+34 0.0000000000e+00 0.0000000000e+00 0.0000000000e+00 -1.3377444507e+13 2.4531014546e+14 0.0000000000e+00
2.4580658805e+21 1.0841663088e+21 -9.2769516901e+19 1.4093063879e+35 0.0000000000e+00 0.0000000000e+00 0.0000000000e+00 -1.3516346913e+13 1.6796278384e+14 0.0000000000e+00
8.5063771027e+20 1.7895256696e+21 3.7475956393e+19 6.0894812588e+34 0.0000000000e+00 0.0000000000e+00 0.0000000000e+00 -2.2281153504e+13 8.4871660753e+14 0.0000000000e+00
3.5662144976e+20 4.9351504746e+20 -3.5107673964e+19 6.0488363972e+34 0.0000000000e+00 0.0000000000e+00 0.0000000000e+00 -8.0784762810e+13 7.1300572281e+14 0.0000000000e+00
2.1027527651e+21 1.1802840776e+21 -7.9938033322e+18 1.7655566042e+35 0.0000000000e+00 0.0000000000e+00 0.0000000000e+00 -2.9318003180e+13 7.1294648708e+14 0.0000000000e+00
1.8981495116e+21 2.9256863888e+21 1.9951570553e+20 6.6056043281e+34 0.0000000000e+00 0.0000000000e+00 0.0000000000e+00 -5.2047257388e+12 1.3101966979e+14 0.0000000000e+00
2.6482105368e+21 7.7904669989e+20 -1.1339911128e+20 6.8458990968e+34 0.0000000000e+00 0.0000000000e+00 0.0000000000e+00 -3.0054781762e+13 7.8352152346e+14 0.0000000000e+00
2.2184444102e+21 1.9820312536e+21 1.9144657460e+19 2.1988138150e+34 0.0000000000e+00 0.0000000000e+00 0.0000000000e+00 -6.3277704368e+13 4.0463282834e+14 0.0000000000e+00
2.4249054479e+21 9.8142361383e+20 3.5287449810e+19 1.7595348284e+35 0.0000000000e+00 0.0000000000e+00 0.0000000000e+00 -4.7281554397e+13 3.3913079086e+14 0.0000000000e+00
8.5118034002e+20 2.3343418933e+21 8.1922578217e+19 1.6213680676e+35 0.0000000000e+00 0.0000000000e+00 0.0000000000e+00 -3.3540202116e+13 5.2676062297e+14 0.0000000000e+00
5.3551254313e+20 3.9497670805e+20 7.3928289294e+18 1.3288995575e+35 0.0000000000e+00 0.0000000000e+00 0.0000000000e+00 -4.6335669809e+13 1.2617513569e+14 0.0000000000e+00
2.2653553205e+21 2.9269199140e+21 2.3242413206e+19 1.5464589931e+35 0.0000000000e+00 0.0000000000e+00 0.0000000000e+00 -8.3316519138e+13 6.5606090780e+14 0.0000000000e+00
2.4350272431e+21 1.3695368359e+21 -2.9549884412e+19 4.8780312219e+34 0.0000000000e+00 0.0000000000e+00 0.0000000000e+00 -6.5128823113e+13 5.2581081281e+14 0.0000000000e+00
2.9893445186e+21 7.1240029838e+20 2.0305627717e+19 1.0298133778e+35 0.0000000000e+00 0.0000000000e+00 0.0000000000e+00 -1.8707721079e+13 2.3495014123e+14 0.0000000000e+00
1.2452801489e+21 2.2181318344e+20 -2.5893857186e+19 8.4027269186e+34 0.0000000000e+00 0.0000000000e+00 0.0000000000e+00 -1.3119941606e+13 2.4193708302e+14 0.0000000000e+00
1.1227505829e+21 5.1232935755e+20 4.6897599090e+19 3.8467997754e+34 0.0000000000e+00 0.0000000000e+00 0.0000000000e+00 -8.1674221463e+13 1.6998860020e+14 0.0000000000e+00
2.3432143155e+21 1.5686777767e+21 -2.7887099854e+19 1.0790228091e+35 0.0000000000e+00 0.0000000000e+00 0.0000000000e+00 -4.5076794675e+12 1.3873430126e+14 0.0000000000e+00
1.0285450845e+21 1.0170755865e+21 2.8452224720e+19 1.8481440361e+35 0.0000000000e+00 0.0000000000e+00 0.0000000000e+00 -6.3542242065e+13 5.3196728327e+14 0.0000000000e+00
2.8090256087e+21 2.5015699982e+21 -2.2078792925e+18 2.8961709930e+34 0.0000000000e+00 0.0000000000e+00 0.0000000000e+00 -3.1969703876e+13 7.7872613065e+14 0.0000000000e+00
2.5906896851e+21 1.3004185464e+21 8.4960491421e+19 7.3451902990e+34 0.0000000000e+00 0.0000000000e+00 0.0000000000e+00 -2.3495408322e+13 8.6086835897e+13 0.0000000000e+00
1.2947039746e+21 7.5061967467e+20 -3.8776564448e+18 5.8600712292e+34 0.0000000000e+00 0.0000000000e+00 0.0000000000e+00 -1.7803576517e+13 1.1862388605e+14 0.0000000000e+00
2.2661288826e+21 1.8625435696e+21 -1.3377529973e+20 6.4016959545e+34 0.0000000000e+00 0.0000000000e+00 0.0000000000e+00 -5.1360275911e+12 5.7756866507e+14 0.0000000000e+00
2.2772103940e+21 2.1330536406e+21 9.5211977229e+19 1.8263678906e+35 0.0000000000e+00 0.0000000000e+00 0.0000000000e+00 -6.5047830213e+13 7.2788052990e+14 0.0000000000e+00
3.1122783615e+20 5.0413247805e+20 -6.8337502100e+19 1.0470597695e+35 0.0000000000e+00 0.0000000000e+00 0.0000000000e+00 -1.3395590130e+13 3.5967678062e+14 0.0000000000e+00
2.7239046724e+21 5.0587479476e+20 -4.9326670251e+19 1.0439280622e+35 0.0000000000e+00 0.0000000000e+00 0.0000000000e+00 -8.2205632128e+13 3.1035793437e+14 0.0000000000e+00
1.5248516600e+21 1.1067436649e+20 -4.4942644636e+19 1.5647042282e+35 0.0000000000e+00 0.0000000000e+00 0.0000000000e+00 -2.7924603281e+13 5.7486833091e+14 0.0000000000e+00
2.4942486327e+21 2.2224612815e+21 1.0370135413e+20 4.9212758867e+34 0.0000000000e+00 0.0000000000e+00 0.0000000000e+00 -2.4427690809e+13 3.0388962728e+14 0.0000000000e+00
9.6590969591e+20 2.0033620644e+21 -1.6113661944e+20 1.0810311693e+35 0.0000000000e+00 0.0000000000e+00 0.0000000000e+00 -3.0510843130e+13 8.6833753550e+13 0.0000000000e+00
2.7026891036e+21 1.4324359830e+21 2.3674312686e+20 9.7966337710e+34 0.0000000000e+00 0.0000000000e+00 0.0000000000e+00 -7.0785457449e+13 6.5034262459e+14 0.0000000000e+00
1.1746106664e+21 2.5477064150e+21 7.9679486244e+19 1.2750688530e+35 0.0000000000e+00 0.0000000000e+00 0.0000000000e+00 -1.2019360751e+13 6.1574170095e+14 0.0000000000e+00
3.2708032168e+19 2.4315125216e+21 1.6843376071e+19 1.9876271452e+35 0.0000000000e+00 0.0000000000e+00 0.0000000000e+00 -7.8686496469e+13 5.1082247246e+14 0.0000000000e+00
2.7324428048e+21 1.7665994717e+21 -4.1417523465e+18 1.5804070866e+35 0.0000000000e+00 0.0000000000e+00 0.0000000000e+00 -8.9595044109e+13 6.3703357476e+14 0.0000000000e+00
2.7550319054e+20 2.6204427246e+21 2.1545054948e+19 9.2282196699e+34 0.0000000000e+00 0.0000000000e+00 0.0000000000e+00 -2.6748380437e+13 6.4325836591e+14 0.0000000000e+00
9.6368855825e+20 6.2122877189e+20 3.9318687221e+19 1.6832331314e+35 0.0000000000e+00 0.0000000000e+00 0.0000000000e+00 -4.9658182707e+13 2.2043743591e+14 0.0000000000e+00
2.8672870166e+21 3.3777341134e+20 4.8681515960e+19 5.2082507907e+34 0.0000000000e+00 0.0000000000e+00 0.0000000000e+00 -1.4286312976e+13 3.8071979597e+14 0.0000000000e+00
2.8689323695e+21 8.1410432756e+20 4.1920356960e+19 2.7263620797e+34 0.0000000000e+00 0.0000000000e+00 0.0000000000e+00 -5.8375519144e+13 1.4375008285e+14 0.0000000000e+00
1.7306355464e+21 1.7228813168e+20 6.7588624007e+18 5.8053425992e+34 0.0000000000e+00 0.0000000000e+00 0.0000000000e+00 -7.8741394846e+13 1.2657674869e+14 0.0000000000e+00
1.9068847063e+21 1.6030696355e+21 -1.4889183812e+19 8.2114623737e+34 0.0000000000e+00 0.0000000000e+00 0.0000000000e+00 -1.5484475601e+13 6.5534442630e+14 0.0000000000e+00
1.3534085853e+21 2.8266759793e+21 -1.1413569252e+19 1.1222920839e+35 0.0000000000e+00 0.0000000000e+00 0.0000000000e+00 -4.2705988226e+13 7.8354149765e+14 0.0000000000e+00
8.8491010898e+20 1.1873880574e+20 -1.4705829753e+19 1.3073097668e+35 0.0000000000e+00 0.0000000000e+00 0.0000000000e+00 -7.6761104586e+13 8.3821299970e+14 0.0000000000e+00
9.9190959793e+20 3.6852772048e+20 8.5542953809e+19 1.8302101689e+35 0.0000000000e+00 0.0000000000e+00 0.0000000000e+00 -2.6472029779e+13 6.0358719913e+14 0.0000000000e+00
2.0296607004e+21 1.3647366674e+21 4.4783854696e+19 1.1210059692e+35 0.0000000000e+00 0.0000000000e+00 0.0000000000e+00 -4.6284240726e+13 2.0525304917e+14 0.0000000000e+00
2.2706663298e+21 2.8184348029e+21 -2.2185232249e+20 1.1058249673e+35 0.0000000000e+00 0.0000000000e+00 0.0000000000e+00 -3.7460797895e+13 1.4723192833e+14 0.0000000000e+00
2.3889855540e+21 9.5415912482e+20 4.9487713589e+19 3.0763937586e+34 0.0000000000e+00 0.0000000000e+00 0.0000000000e+00 -5.1038263807e+13 7.3622843332e+14 0.0000000000e+00
2.3830675550e+21 1.5308346526e+21 1.4692845892e+19 2.8050752937e+34 0.0000000000e+00 0.0000000000e+00 0.0000000000e+00 -1.6216600117e+13 5.7158866510e+14 0.0000000000e+00
2.7526001900e+20 1.2546688861e+20 -1.4115756738e+18 1.1941044846e+35 0.0000000000e+00 0.0000000000e+00 0.0000000000e+00 -1.6135774931e+13 6.0534999231e+14 0.0000000000e+00
1.4921604796e+21 4.4769978050e+20 -2.9313717286e+19 9.9416311087e+34 0.0000000000e+00 0.0000000000e+00 0.0000000000e+00 -2.7512973949e+13 7.3300866238e+14 0.0000000000e+00
1.7371233773e+20 2.9776497111e+21 8.4814304723e+19 1.7038098628e+35 0.0000000000e+00 0.0000000000e+00 0.0000000000e+00 -8.4694156478e+13 6.0920966245e+14 0.0000000000e+00
1.6584781669e+21 2.9127282258e+21 7.1490871567e+19 5.0307730217e+34 0.0000000000e+00 0.0000000000e+00 0.0000000000e+00 -1.5256156103e+13 7.9042113743e+14 0.0000000000e+00
1.3325390531e+21 1.4908862460e+19 -5.8313620037e+19 2.6291705632e+34 0.0000000000e+00 0.0000000000e+00 0.0000000000e+00 -3.1146122297e+13 1.1142402816e+14 0.0000000000e+00
2.6790912236e+21 2.8725679684e+21 3.0712095064e+19 1.0133821614e+35 0.0000000000e+00 0.0000000000e+00 0.0000000000e+00 -2.8683570537e+13 7.0291807511e+14 0.0000000000e+00
1.0590615079e+21 1.9288639723e+21 -7.3311500621e+19 6.3898727450e+34 0.0000000000e+00 0.0000000000e+00 0.0000000000e+00 -6.0308198147e+13 7.5933811816e+14 0.0000000000e+00
3.5330825558e+20 2.6193774129e+21 -1.0409219053e+20 3.0652688743e+34 0.0000000000e+00 0.0000000000e+00 0.0000000000e+00 -1.1428942436e+13 3.2704670839e+14 0.0000000000e+00
4.3154889644e+20 1.3724048843e+21 -4.7285814595e+19 1.5010356494e+35 0.0000000000e+00 0.0000000000e+00 0.0000000000e+00 -2.5999839565e+13 6.1436939057e+14 0.0000000000e+00
2.2982390865e+21 1.5560688143e+21 6.5067587491e+19 4.1620951997e+34 0.0000000000e+00 0.0000000000e+00 0.0000000000e+00 -8.4013545280e+13 2.7834267485e+14 0.0000000000e+00
1.8657821151e+21 1.4753389792e+21 7.1913284674e+19 1.2952588495e+35 0.0000000000e+00 0.0000000000e+00 0.0000000000e+00 -5.6067311704e+13 8.5484971694e+14 0.0000000000e+00
3.0518823654e+20 2.0125963293e+21 3.8712294946e+19 7.1609455256e+34 0.0000000000e+00 0.0000000000e+00 0.0000000000e+00 -1.0756689268e+13 1.1239483943e+14 0.0000000000e+00
2.5383434086e+20 4.2146748685e+20 5.4708477118e+19 5.2575840641e+34 0.0000000000e+00 0.0000000000e+00 0.0000000000e+00 -9.0204556100e+13 4.9848375141e+14 0.0000000000e+00
2.1155248387e+21 9.0460294236e+19 3.8945651763e+19 8.9076557807e+34 0.0000000000e+00 0.0000000000e+00 0.0000000000e+00 -3.6527966520e+12 2.3289021643e+14 0.0000000000e+00
2.1959875321e+20 9.2933256372e+20 -4.8399786360e+19 1.6370314821e+35 0.0000000000e+00 0.0000000000e+00 0.0000000000e+00 -3.0374578002e+13 6.7114915136e+14 0.0000000000e+00
2.4803736589e+21 2.1267265419e+21 3.2588555996e+19 9.1260712323e+34 0.0000000000e+00 0.0000000000e+00 0.0000000000e+00 -3.4898668344e+13 2.0964236227e+14 0.0000000000e+00
2.1314390416e+21 6.0919371851e+20 6.0390898678e+19 1.5473507112e+35 0.0000000000e+00 0.0000000000e+00 0.0000000000e+00 -6.9058197622e+13 2.2617413467e+14 0.0000000000e+00
2.4551061998e+20 2.0324190838e+21 5.6911280834e+19 4.4079627601e+34 0.0000000000e+00 0.0000000000e+00 0.0000000000e+00 -7.1118984743e+13 4.4478503554e+14 0.0000000000e+00
2.5604022111e+20 2.9271945552e+21 8.9703513878e+19 1.5862869096e+35 0.0000000000e+00 0.0000000000e+00 0.0000000000e+00 -5.4855105980e+12 8.6867716569e+14 0.0000000000e+00
2.9776782479e+21 2.8339236025e+20 5.3441525271e+19 6.3802238600e+34 0.0000000000e+00 0.0000000000e+00 0.0000000000e+00 -6.6434511595e+13 2.0863062011e+14 0.0000000000e+00
1.1295492616e+21 2.0299131928e+21 2.6516767259e+19 1.4174974014e+35 0.0000000000e+00 0.0000000000e+00 0.0000000000e+00 -2.1253542145e+13 1.9631971790e+14 0.0000000000e+00
1.1185979998e+21 1.3392381619e+21 8.0742835481e+19 1.2199800952e+35 0.0000000000e+00 0.0000000000e+00 0.0000000000e+00 -5.7454858623e+13 6.8390809764e+14 0.0000000000e+00
2.4530290940e+21 2.6200533237e+21 -2.0010290103e+18 1.8630183551e+35 0.0000000000e+00 0.0000000000e+00 0.0000000000e+00 -8.1489227207e+13 4.3973904854e+14 0.0000000000e+00
2.8587962065e+21 5.3463806455e+20 -6.6537442435e+19 9.0416385283e+34 0.0000000000e+00 0.0000000000e+00 0.0000000000e+00 -9.3658352764e+13 7.7790569352e+14 0.0000000000e+00
2.9757512106e+21 2.0903451238e+21 -1.2303402430e+19 3.3581661380e+34 0.0000000000e+00 0.0000000000e+00 0.0000000000e+00 -4.3146433984e+13 1.7645006184e+14 0.0000000000e+00
2.2736953631e+21 2.5294319442e+21 -5.6202904551e+19 2.5262425714e+34 0.0000000000e+00 0.0000000000e+00 0.0000000000e+00 -2.2930870673e+12 6.4274593301e+14 0.0000000000e+00
1.1355514291e+21 2.8508457144e+21 -5.0942200847e+19 1.6820041007e+35 0.0000000000e+00 0.0000000000e+00 0.0000000000e+00 -5.9725642951e+13 2.3337304450e+14 0.0000000000e+00
2.5200516300e+20 2.0620425494e+21 -1.0903933705e+19 1.1473417600e+35 0.0000000000e+00 0.0000000000e+00 0.0000000000e+00 -6.0856401602e+13 1.6738493678e+14 0.0000000000e+00
2.3454293923e+21 1.5004734378e+21 -5.9788083039e+19 1.5906626892e+35 0.0000000000e+00 0.0000000000e+00 0.0000000000e+00 -6.2096683082e+13 6.1489570394e+14 0.0000000000e+00
1.6852640257e+21 1.8646629709e+21 -2.3235697411e+19 6.3358450341e+34 0.0000000000e+00 0.0000000000e+00 0.0000000000e+00 -4.5391457400e+13 5.5513341015e+14 0.0000000000e+00
1.2803020239e+21 2.6223552432e+21 -1.4287322662e+20 8.2941453986e+34 0.0000000000e+00 0.0000000000e+00 0.0000000000e+00 -5.2953821625e+13 6.8487363938e+14 0.0000000000e+00
2.7353775342e+21 1.7221002154e+21 1.6093010221e+19 2.7199945044e+34 0.0000000000e+00 0.0000000000e+00 0.0000000000e+00 -1.1368818527e+13 3.4698317894e+14 0.0000000000e+00
3.3559400160e+20 9.1708146165e+19 9.0953116080e+16 1.9202634237e+35 0.0000000000e+00 0.0000000000e+00 0.0000000000e+00 -4.6813731189e+13 4.2955564808e+14 0.0000000000e+00
1.4867425647e+21 2.8096031630e+21 -6.1649337214e+19 1.4006407588e+35 0.0000000000e+00 0.0000000000e+00 0.0000000000e+00 -4.6601943737e+13 3.9355510653e+14 0.0000000000e+00
3.4265299908e+19 2.0809917346e+21 4.9740085683e+19 1.8702039311e+35 0.0000000000e+00 0.0000000000e+00 0.0000000000e+00 -8.1572773687e+13 8.5159857135e+14 0.0000000000e+00
1.4144178175e+21 2.0417173983e+21 7.0739666884e+19 6.8857003856e+34 0.0000000000e+00 0.0000000000e+00 0.0000000000e+00 -1.6340959913e+12 3.4205094729e+14 0.0000000000e+00
1.6992328601e+20 6.5090760994e+20 -1.2129039177e+20 1.3008229353e+35 0.0000000000e+00 0.0000000000e+00 0.0000000000e+00 -7.1007166497e+13 2.7486619449e+14 0.0000000000e+00
3.5859247130e+20 1.9885163492e+21 -5.7547584543e+19 1.4194561564e+35 0.0000000000e+00 0.0000000000e+00 0.0000000000e+00 -8.7727218314e+13 3.0904022667e+14 0.0000000000e+00
3.5469421277e+20 1.1886827763e+21 -5.8031790291e+19 7.8068795890e+34 0.0000000000e+00 0.0000000000e+00 0.0000000000e+00 -3.1890887800e+13 5.4384723505e+14 0.0000000000e+00
1.9593166918e+21 1.9654211247e+21 -7.0915688979e+19 1.7196110952e+35 0.0000000000e+00 0.0000000000e+00 0.0000000000e+00 -3.8307798711e+13 2.7135790762e+14 0.0000000000e+00
2.2515634456e+21 3.2169776547e+20 6.2583876824e+19 1.8949023158e+35 0.0000000000e+00 0.0000000000e+00 0.0000000000e+00 -5.5369798529e+13 8.1918055468e+14 0.0000000000e+00
1.7606069331e+21 1.9853771293e+21 -1.4624182170e+19 1.7846397247e+35 0.0000000000e+00 0.0000000000e+00 0.0000000000e+00 -5.4702679080e+13 2.6634888803e+14 0.0000000000e+00
2.9038367513e+21 3.0162306244e+21 -1.9957644777e+19 1.5266406684e+35 0.0000000000e+00 0.0000000000e+00 0.0000000000e+00 -2.0348600416e+13 8.3760865190e+14 0.0000000000e+00
1.1313594090e+21 1.4550393328e+20 -1.5119141539e+20 7.0975010795e+34 0.0000000000e+00 0.0000000000e+00 0.0000000000e+00 -7.6144136366e+13 1.0669512968e+14 0.0000000000e+00
8.6227907640e+20 2.9491116880e+21 4.7942290379e+19 7.1709671079e+34 0.0000000000e+00 0.0000000000e+00 0.0000000000e+00 -1.7017121586e+13 6.3708334312e+14 0.0000000000e+00
2.6214321689e+21 1.2280482255e+21 -9.3502045892e+19 1.9235691876e+35 0.0000000000e+00 0.0000000000e+00 0.0000000000e+00 -3.3254094236e+13 8.3422043307e+14 0.0000000000e+00
6.7481224065e+20 2.6279339131e+21 4.5219169536e+18 2.3692540179e+34 0.0000000000e+00 0.0000000000e+00 0.0000000000e+00 -5.5007758401e+13 1.8344887808e+14 0.0000000000e+00
2.9070056240e+21 2.3612393909e+21 2.0928089969e+19 1.4859078289e+35 0.0000000000e+00 0.0000000000e+00 0.0000000000e+00 -5.1309948388e+13 8.6843087326e+14 0.0000000000e+00
3.6682204614e+19 1.7112550757e+21 1.0266169106e+20 1.4685581743e+35 0.0000000000e+00 0.0000000000e+00 0.0000000000e+00 -7.0375290284e+13 4.1017913195e+14 0.0000000000e+00
2.9270942990e+21 2.2286397135e+21 -9.8750499114e+19 1.3206892923e+35 0.0000000000e+00 0.0000000000e+00 0.0000000000e+00 -2.3468030203e+13 8.7700624566e+14 0.0000000000e+00
1.3025661427e+20 2.6513599640e+21 -2.2782219216e+20 1.9709056464e+35 0.0000000000e+00 0.0000000000e+00 0.0000000000e+00 -4.6117512097e+13 6.2524332554e+14 0.0000000000e+00
2.6894699171e+21 1.2196954907e+21 1.3871448152e+19 7.7065337809e+34 0.0000000000e+00 0.0000000000e+00 0.0000000000e+00 -6.4296602045e+13 2.8734485868e+14 0.0000000000e+00
1.5926019472e+21 9.8698608160e+20 1.3584856864e+20 8.2036812056e+34 0.0000000000e+00 0.0000000000e+00 0.0000000000e+00 -3.8243066601e+13 2.1687387893e+14 0.0000000000e+00
2.9967677547e+21 2.0147968376e+21 9.3478502329e+19 3.5842294616e+34 0.0000000000e+00 0.0000000000e+00 0.0000000000e+00 -4.0383136784e+11 3.5306799419e+14 0.0000000000e+00
2.2271803237e+20 2.4380790528e+21 1.5818802882e+19 1.0023382110e+35 0.0000000000e+00 0.0000000000e+00 0.0000000000e+00 -5.3465301251e+13 1.2046346600e+14 0.0000000000e+00
1.6715322303e+21 2.3005765368e+21 -3.7093950206e+19 6.8069869088e+34 0.0000000000e+00 0.0000000000e+00 0.0000000000e+00 -7.5083671524e+12 2.0974788168e+14 0.0000000000e+00
2.9253550525e+21 2.4078015923e+21 6.0897399916e+19 8.2641130809e+34 0.0000000000e+00 0.0000000000e+00 0.0000000000e+00 -6.2009089717e+13 1.2184018271e+14 0.0000000000e+00
1.5787092937e+21 1.3145904441e+21 -7.3454060768e+19 1.6956540852e+35 0.0000000000e+00 0.0000000000e+00 0.0000000000e+00 -8.9491101384e+13 3.6555294437e+14 0.0000000000e+00
1.8995250899e+21 2.4682236644e+21 3.5941193698e+19 1.8742377962e+35 0.0000000000e+00 0.0000000000e+00 0.0000000000e+00 -7.5336627912e+13 6.9721286459e+14 0.0000000000e+00
2.0997695434e+21 3.6279092911e+20 3.8137723509e+19 5.4741407744e+34 0.0000000000e+00 0.0000000000e+00 0.0000000000e+00 -5.5033758435e+13 1.6010563413e+14 0.0000000000e+00
1.3718049335e+21 1.6432680976e+21 7.9992837521e+19 8.7794847433e+34 0.0000000000e+00 0.0000000000e+00 0.0000000000e+00 -7.3879346332e+13 1.3183365642e+14 0.0000000000e+00
1.8939702857e+21 1.7379637383e+19 2.0821634994e+20 1.8621084626e+35 0.0000000000e+00 0.0000000000e+00 0.0000000000e+00 -9.4651305656e+13 5.4825847661e+14 0.0000000000e+00
1.7634605934e+21 9.7960003464e+20 2.9607784724e+19 3.2810657829e+34 0.0000000000e+00 0.0000000000e+00 0.0000000000e+00 -8.0470424171e+12 2.5463654272e+14 0.0000000000e+00
2.7196948757e+21 1.1059809122e+21 -3.8401305560e+19 3.8217410716e+34 0.0000000000e+00 0.0000000000e+00 0.0000000000e+00 -1.4780373276e+13 1.6306156727e+14 0.0000000000e+00
1.3715717587e+20 1.1956491833e+21 -1.9295818549e+18 5.0681382257e+34 0.0000000000e+00 0.0000000000e+00 0.0000000000e+00 -2.4397916027e+13 2.1243908265e+14 0.0000000000e+00
8.4794690619e+20 2.0989200298e+21 -1.3347677702e+20 1.2720641823e+35 0.0000000000e+00 0.0000000000e+00 0.0000000000e+00 -7.8785322349e+13 8.0295761691e+14 0.0000000000e+00
2.8683418589e+21 1.1726683496e+21 -5.2416105741e+19 4.8501357440e+34 0.0000000000e+00 0.0000000000e+00 0.0000000000e+00 -8.3277643222e+13 7.1133400936e+14 0.0000000000e+00
2.6868160998e+21 1.3541573531e+21 -3.0880359956e+19 1.9319151290e+35 0.0000000000e+00 0.0000000000e+00 0.0000000000e+00 -8.8272469074e+13 3.0808288242e+14 0.0000000000e+00
1.3751720799e+21 7.1690818698e+20 -3.9542469624e+19 1.0092689880e+35 0.0000000000e+00 0.0000000000e+00 0.0000000000e+00 -2.6126929417e+13 6.2734136565e+14 0.0000000000e+00
1.8715601802e+21 1.1264739071e+21 1.1495175095e+19 1.1062537897e+35 0.0000000000e+00 0.0000000000e+00 0.0000000000e+00 -6.7399496994e+12 5.4572138188e+14 0.0000000000e+00
8.3713641024e+20 6.8589973508e+20 -6.2051583898e+19 6.5523308534e+34 0.0000000000e+00 0.0000000000e+00 0.0000000000e+00 -5.3912768334e+13 6.1770728141e+14 0.0000000000e+00
5.6774966005e+20 2.2090529793e+20 8.4581763850e+19 1.0521762790e+35 0.0000000000e+00 0.0000000000e+00 0.0000000000e+00 -8.3393418988e+13 5.9295288636e+14 0.0000000000e+00
1.3994417861e+21 1.8212078548e+21 1.5623048078e+16 1.3901035706e+35 0.0000000000e+00 0.0000000000e+00 0.0000000000e+00 -4.6163136961e+13 5.8422574999e+14 0.0000000000e+00
1.0664170242e+21 2.0166662260e+21 -7.0170922991e+17 1.5480718361e+35 0.0000000000e+00 0.0000000000e+00 0.0000000000e+00 -6.1647906592e+13 2.5975794820e+14 0.0000000000e+00
1.7614741456e+21 1.8696218643e+21 -2.4739656361e+19 1.5528339618e+35 0.0000000000e+00 0.0000000000e+00 0.0000000000e+00 -5.9187074902e+13 6.8721348742e+13 0.0000000000e+00
2.3460313436e+20 1.3988250242e+21 1.1709137097e+19 1.2414101954e+35 0.0000000000e+00 0.0000000000e+00 0.0000000000e+00 -3.5849690085e+13 4.4699115546e+14 0.0000000000e+00
2.9407235295e+21 1.1461934846e+21 6.2253664069e+19 1.8191568200e+35 0.0000000000e+00 0.0000000000e+00 0.0000000000e+00 -2.6629743807e+13 8.2720198771e+14 0.0000000000e+00
2.9763840268e+21 2.6055409544e+21 -6.5424974775e+19 1.6652793165e+35 0.0000000000e+00 0.0000000000e+00 0.0000000000e+00 -8.4201647605e+13 4.9571425290e+14 0.0000000000e+00
2.1070520529e+21 1.5665888275e+21 -4.9654889101e+19 1.5584616160e+35 0.0000000000e+00 0.0000000000e+00 0.0000000000e+00 -9.1303373197e+13 7.1261254232e+14 0.0000000000e+00
1.6179388336e+21 1.4461709067e+21 -2.2916128871e+19 3.1712933150e+34 0.0000000000e+00 0.0000000000e+00 0.0000000000e+00 -5.3676611990e+11 9.3905471175e+14 0.0000000000e+00
9.3415434595e+20 7.7387754604e+19 -1.0154596118e+20 2.3089691090e+34 0.0000000000e+00 0.0000000000e+00 0.0000000000e+00 -7.2639755569e+13 1.6144308197e+14 0.0000000000e+00
2.4560333695e+21 1.0298859438e+21 -6.1813005516e+19 5.9468979992e+34 0.0000000000e+00 0.0000000000e+00 0.0000000000e+00 -8.9576513481e+13 5.9452902119e+14 0.0000000000e+00
2.0665186788e+21 1.1474303775e+21 -3.5930864909e+19 1.3929526946e+35 0.0000000000e+00 0.0000000000e+00 0.0000000000e+00 -7.6696770944e+13 5.9251137485e+14 0.0000000000e+00
4.9077792294e+20 1.2036471527e+21 6.5972663685e+19 9.4641502559e+34 0.0000000000e+00 0.0000000000e+00 0.0000000000e+00 -9.0984551604e+13 8.3866438309e+14 0.0000000000e+00
2.7491782428e+21 1.7509602103e+21 1.9810252273e+19 9.3085732036e+34 0.0000000000e+00 0.0000000000e+00 0.0000000000e+00 -5.7578965536e+13 8.7688006495e+14 0.0000000000e+00
2.4824173991e+21 1.6104124860e+21 1.4606358813e+19 1.7841650431e+35 0.0000000000e+00 0.0000000000e+00 0.0000000000e+00 -1.8707176341e+13 6.6105370551e+14 0.0000000000e+00
2.8664961383e+21 1.8346575701e+21 6.4200251246e+19 1.8035890323e+35 0.0000000000e+00 0.0000000000e+00 0.0000000000e+00 -6.2366232457e+13 2.3987981785e+14 0.0000000000e+00
2.1902214763e+21 2.3084176833e+21 -1.0364701435e+19 1.8276787177e+35 0.0000000000e+00 0.0000000000e+00 0.0000000000e+00 -5.2620713157e+13 7.2246574121e+14 0.0000000000e+00
1.8512870613e+21 2.4535909594e+21 2.9460572927e+19 7.7419034222e+34 0.0000000000e+00 0.0000000000e+00 0.0000000000e+00 -3.0713108503e+13 1.5515442185e+14 0.0000000000e+00
1.2622574835e+21 2.1672954441e+21 -7.7880812588e+18 1.4416760433e+35 0.0000000000e+00 0.0000000000e+00 0.0000000000e+00 -4.6494373483e+13 7.1337732827e+14 0.0000000000e+00
2.8149745628e+21 2.8837705144e+21 2.0021589262e+19 6.9943019386e+34 0.0000000000e+00 0.0000000000e+00 0.0000000000e+00 -1.3117324856e+13 8.5709281574e+14 0.0000000000e+00
2.6137808185e+21 5.5025934517e+19 -4.3969140717e+19 5.5604440731e+34 0.0000000000e+00 0.0000000000e+00 0.0000000000e+00 -1.2682777744e+13 4.0818520700e+14 0.0000000000e+00
1.3646994638e+20 5.9085796079e+20 -1.8400875459e+20 5.4546633643e+34 0.0000000000e+00 0.0000000000e+00 0.0000000000e+00 -9.3734526708e+13 5.3827435569e+14 0.0000000000e+00
7.9575529033e+19 2.2824756684e+19 -1.0131362787e+19 8.2414773735e+34 0.0000000000e+00 0.0000000000e+00 0.0000000000e+00 -2.1012977636e+13 4.4016517399e+14 0.0000000000e+00
1.1361664412e+21 1.9540786873e+21 1.0734634687e+20 9.7961454381e+34 0.0000000000e+00 0.0000000000e+00 0.0000000000e+00 -5.1053860011e+13 4.1661893147e+14 0.0000000000e+00
2.4462499523e+21 2.7102561967e+21 6.9882952099e+19 1.6892431911e+35 0.0000000000e+00 0.0000000000e+00 0.0000000000e+00 -1.0564972013e+12 3.5806943279e+14 0.0000000000e+00
2.9795993583e+21 7.3482957107e+20 7.2839240212e+19 4.3089452981e+34 0.0000000000e+00 0.0000000000e+00 0.0000000000e+00 -4.8923866327e+13 6.9512543985e+14 0.0000000000e+00
4.5395817735e+20 2.7977902562e+21 9.3266062960e+19 1.5193121762e+35 0.0000000000e+00 0.0000000000e+00 0.0000000000e+00 -1.2405975414e+12 8.9110631207e+14 0.0000000000e+00
1.7930864989e+21 1.8188698389e+20 6.6892152380e+18 1.1592327615e+35 0.0000000000e+00 0.0000000000e+00 0.0000000000e+00 -2.3235605780e+13 8.7300885573e+14 0.0000000000e+00
1.1495286053e+21 2.8201279289e+21 1.4887470124e+19 7.2829757771e+34 0.0000000000e+00 0.0000000000e+00 0.0000000000e+00 -7.1136679480e+13 1.7245942316e+14 0.0000000000e+00
2.9272016526e+21 1.0611972701e+21 -4.6601835511e+19 1.0908604064e+35 0.0000000000e+00 0.0000000000e+00 0.0000000000e+00 -4.3701439805e+13 7.9630123555e+14 0.0000000000e+00
2.5415149100e+21 3.0608806026e+20 -2.3847696987e+19 7.4952800313e+34 0.0000000000e+00 0.0000000000e+00 0.0000000000e+00 -7.4454103077e+11 7.2226055328e+14 0.0000000000e+00
2.5300760308e+21 1.4663609692e+21 4.6459933250e+19 1.2736022527e+35 0.0000000000e+00 0.0000000000e+00 0.0000000000e+00 -1.3487976278e+13 2.9661624573e+14 0.0000000000e+00
1.4145159563e+21 7.7495168138e+20 9.0833080784e+19 9.8649207523e+34 0.0000000000e+00 0.0000000000e+00 0.0000000000e+00 -8.5454803537e+13 6.6548200782e+13 0.0000000000e+00
1.2519252581e+21 8.5974641812e+20 -1.0521221500e+19 5.0967104922e+34 0.0000000000e+00 0.0000000000e+00 0.0000000000e+00 -2.7798585220e+13 2.9522267961e+14 0.0000000000e+00
8.2514254309e+20 9.2740111415e+20 -3.3966780033e+19 4.2504037906e+34 0.0000000000e+00 0.0000000000e+00 0.0000000000e+00 -6.1955812983e+13 8.0996875865e+14 0.0000000000e+00
1.7014124889e+20 2.4235321597e+21 3.9834495730e+16 1.1862041165e+35 0.0000000000e+00 0.0000000000e+00 0.0000000000e+00 -9.4011769717e+13 5.4016421276e+14 0.0000000000e+00
2.6097321315e+21 1.6271887330e+21 4.5361049207e+19 1.8157117008e+35 0.0000000000e+00 0.0000000000e+00 0.0000000000e+00 -5.6474126916e+13 6.5257704639e+14 0.0000000000e+00
2.4533352456e+21 9.3952663605e+20 -1.0893884588e+20 8.2742177046e+34 0.0000000000e+00 0.0000000000e+00 0.0000000000e+00 -7.2447941583e+13 2.4133285637e+14 0.0000000000e+00
3.0171479380e+21 1.8419873580e+21 -1.7324685291e+20 1.5159042231e+35 0.0000000000e+00 0.0000000000e+00 0.0000000000e+00 -1.7148153326e+13 6.9048306545e+14 0.0000000000e+00
3.0078499743e+21 2.1613427348e+21 -4.1538005294e+19 1.3843480642e+35 0.0000000000e+00 0.0000000000e+00 0.0000000000e+00 -6.2736766735e+13 5.5897108921e+13 0.0000000000e+00
1.6762928875e+21 8.2277923421e+20 -9.2102752535e+19 1.8672836442e+35 0.0000000000e+00 0.0000000000e+00 0.0000000000e+00 -1.6328814827e+13 3.9813848951e+14 0.0000000000e+00
2.3208040190e+21 1.2480911884e+21 -3.8339177912e+19 1.6716027011e+35 0.0000000000e+00 0.0000000000e+00 0.0000000000e+00 -9.4616191456e+13 5.3408505829e+14 0.0000000000e+00
2.8513029728e+21 3.6785222969e+20 -1.1150025055e+19 1.2214377917e+35 0.0000000000e+00 0.0000000000e+00 0.0000000000e+00 -6.5530699173e+13 1.5362443920e+14 0.0000000000e+00
2.5642358251e+21 5.4670873690e+20 -3.4197592461e+19 1.3814619619e+35 0.0000000000e+00 0.0000000000e+00 0.0000000000e+00 -7.1841013899e+13 7.2407626133e+14 0.0000000000e+00
7.4649657106e+20 2.0556136833e+21 1.0958867548e+20 1.8085859469e+35 0.0000000000e+00 0.0000000000e+00 0.0000000000e+00 -7.2560323939e+13 2.2237211638e+14 0.0000000000e+00
1.3597422004e+21 5.4758093335e+20 2.4652892489e+19 9.2574740029e+34 0.0000000000e+00 0.0000000000e+00 0.0000000000e+00 -8.8217381784e+13 5.6223493225e+14 0.0000000000e+00
3.8980311493e+20 1.5849430919e+21 2.2670790433e+19 7.9704870465e+34 0.0000000000e+00 0.0000000000e+00 0.0000000000e+00 -7.6957221372e+13 3.6296591098e+14 0.0000000000e+00
2.8793260003e+21 2.1399016179e+21 4.6945529018e+19 2.3785729603e+34 0.0000000000e+00 0.0000000000e+00 0.0000000000e+00 -4.2077366680e+13 5.6045747827e+14 0.0000000000e+00
1.8294350468e+21 3.2255455390e+20 -8.5924958737e+19 1.6814599460e+35 0.0000000000e+00 0.0000000000e+00 0.0000000000e+00 -6.7088831423e+13 1.1913777069e+14 0.0000000000e+00
6.9004398701e+20 1.7121482788e+21 7.8400984361e+19 1.6362084445e+35 0.0000000000e+00 0.0000000000e+00 0.0000000000e+00 -5.5156867252e+13 5.3926571868e+13 0.0000000000e+00
2.0271926655e+21 7.7430648121e+20 -5.7164154191e+18 4.0357665724e+34 0.0000000000e+00 0.0000000000e+00 0.0000000000e+00 -5.8993757210e+13 8.1067814287e+14 0.0000000000e+00
1.8655110297e+21 2.9061133095e+21 5.0587762571e+19 1.2395808164e+35 0.0000000000e+00 0.0000000000e+00 0.0000000000e+00 -1.1748428216e+13 3.1266402283e+14 0.0000000000e+00
1.0809350830e+21 1.4593407618e+21 -8.0871628233e+19 1.0398264377e+35 0.0000000000e+00 0.0000000000e+00 0.0000000000e+00 -8.9656089265e+12 7.8411724361e+14 0.0000000000e+00
3.4271681326e+20 2.4324855152e+21 -1.1723109890e+20 4.2880276600e+34 0.0000000000e+00 0.0000000000e+00 0.0000000000e+00 -4.8003183214e+13 8.9817123693e+14 0.0000000000e+00
2.0268079043e+21 1.6605837042e+21 6.1709774698e+19 1.9540217581e+35 0.0000000000e+00 0.0000000000e+00 0.0000000000e+00 -6.3416011747e+13 2.1140789107e+14 0.0000000000e+00
1.5702886413e+21 1.3101902416e+20 2.8400098744e+19 5.9866913130e+34 0.0000000000e+00 0.0000000000e+00 0.0000000000e+00 -8.4561678310e+13 2.3605123060e+14 0.0000000000e+00
2.3308569063e+21 1.9108508515e+21 -6.8059789776e+19 3.3770839136e+34 0.0000000000e+00 0.0000000000e+00 0.0000000000e+00 -4.4114798808e+12 6.5505444904e+14 0.0000000000e+00
1.5698534464e+21 2.8713352868e+21 -6.5616079482e+19 1.2714174428e+35 0.0000000000e+00 0.0000000000e+00 0.0000000000e+00 -8.8970946491e+13 8.2831738295e+14 0.0000000000e+00
2.5718837680e+21 1.8156644732e+21 8.4914054484e+19 1.5262862026e+35 0.0000000000e+00 0.0000000000e+00 0.0000000000e+00 -6.6493414802e+13 8.0850376281e+14 0.0000000000e+00
1.6656548394e+21 2.4723119778e+21 -8.9741127317e+19 2.7613975866e+34 0.0000000000e+00 0.0000000000e+00 0.0000000000e+00 -6.6454038150e+13 4.5669646367e+14 0.0000000000e+00
1.6929107981e+21 2.6685351064e+21 1.2393967432e+20 1.3844476688e+35 0.0000000000e+00 0.0000000000e+00 0.0000000000e+00 -6.4339513118e+13 7.0781113768e+14 0.0000000000e+00
2.6457405728e+21 6.8834475174e+20 -6.7951834429e+19 1.1607139200e+35 0.0000000000e+00 0.0000000000e+00 0.0000000000e+00 -7.9119304544e+13 1.3121645547e+14 0.0000000000e+00
1.2177112902e+21 6.3995132684e+20 4.8166670787e+19 4.0147160086e+34 0.0000000000e+00 0.0000000000e+00 0.0000000000e+00 -2.0528714482e+13 9.0697537305e+14 0.0000000000e+00
4.0445795946e+20 1.8439406244e+21 -2.4794263995e+19 5.2403796592e+34 0.0000000000e+00 0.0000000000e+00 0.0000000000e+00 -8.3075584414e+13 8.3327940328e+14 0.0000000000e+00
8.6866117114e+19 1.2404839219e+21 4.5510491675e+19 1.2238605581e+35 0.0000000000e+00 0.0000000000e+00 0.0000000000e+00 -3.4564408839e+13 1.9961450111e+14 0.0000000000e+00
2.2790042376e+21 2.5347014121e+21 -4.1053401460e+19 7.4318464542e+34 0.0000000000e+00 0.0000000000e+00 0.0000000000e+00 -8.2947949883e+13 2.6684988061e+14 0.0000000000e+00
1.8720942260e+21 2.7162697864e+21 -1.2282724763e+19 1.8792481545e+35 0.0000000000e+00 0.0000000000e+00 0.0000000000e+00 -8.7994993689e+13 9.2015392742e+13 0.0000000000e+00
2.1249127401e+21 1.0666257227e+21 3.0873517836e+18 1.6676372130e+35 0.0000000000e+00 0.0000000000e+00 0.0000000000e+00 -8.5745624834e+12 3.1761663059e+14 0.0000000000e+00
6.4272583943e+20 7.1487534698e+20 -7.5615043539e+19 1.9593290064e+35 0.0000000000e+00 0.0000000000e+00 0.0000000000e+00 -7.6672777332e+13 7.1323939601e+14 0.0000000000e+00
4.1156911332e+20 2.3556260050e+21 5.5895196862e+19 6.7826061866e+34 0.0000000000e+00 0.0000000000e+00 0.0000000000e+00 -1.6922748367e+13 4.0009583196e+14 0.0000000000e+00
4.3895800986e+19 8.2936461528e+20 -3.8721963590e+19 1.9348302446e+35 0.0000000000e+00 0.0000000000e+00 0.0000000000e+00 -4.3111070466e+13 1.2688082506e+14 0.0000000000e+00
1.0580732525e+21 2.4826500133e+21 -1.7247863612e+19 9.8187310404e+34 0.0000000000e+00 0.0000000000e+00 0.0000000000e+00 -8.7301905290e+13 2.9896593267e+14 0.0000000000e+00
1.7803715789e+21 1.2788420495e+21 -7.5023660314e+19 8.3372381044e+34 0.0000000000e+00 0.0000000000e+00 0.0000000000e+00 -4.2178444616e+12 9.2664772867e+14 0.0000000000e+00
1.1837925281e+21 2.0146655961e+21 -1.9332807456e+20 3.0782787763e+34 0.0000000000e+00 0.0000000000e+00 0.0000000000e+00 -7.1292294830e+13 5.5990568687e+14 0.0000000000e+00
1.3202993147e+21 2.8832557715e+20 -1.4413044688e+19 3.1210295983e+34 0.0000000000e+00 0.0000000000e+00 0.0000000000e+00 -1.3287768149e+13 4.3597713027e+14 0.0000000000e+00
2.7287509400e+21 1.8828074419e+21 1.8203183356e+20 1.4433668766e+35 0.0000000000e+00 0.0000000000e+00 0.0000000000e+00 -7.8691084084e+13 1.5788172234e+14 0.0000000000e+00
1.0510349995e+21 1.3634348544e+21 5.9198393522e+19 1.0291150600e+35 0.0000000000e+00 0.0000000000e+00 0.0000000000e+00 -1.3827636308e+13 9.2112223194e+14 0.0000000000e+00
1.5512202783e+21 1.7703843419e+21 -1.4531956510e+18 6.1959696092e+34 0.0000000000e+00 0.0000000000e+00 0.0000000000e+00 -9.3420391242e+13 7.0066107552e+14 0.0000000000e+00
2.3650647925e+21 5.0706687897e+20 -1.9835113064e+19 1.3052589955e+35 0.0000000000e+00 0.0000000000e+00 0.0000000000e+00 -4.6221111191e+13 2.8828588804e+14 0.0000000000e+00
1.1967661170e+21 2.2238849622e+21 1.6950516127e+18 6.6620425049e+34 0.0000000000e+00 0.0000000000e+00 0.0000000000e+00 -2.1827516567e+13 1.3254767998e+14 0.0000000000e+00
1.8774576613e+21 2.6039215800e+21 4.1280137240e+19 1.2409512129e+35 0.0000000000e+00 0.0000000000e+00 0.0000000000e+00 -6.1730909315e+12 1.3674780968e+14 0.0000000000e+00
2.6026136730e+21 6.5412071667e+20 -8.9092326915e+19 8.5441134005e+34 0.0000000000e+00 0.0000000000e+00 0.0000000000e+00 -8.5960879994e+12 1.8864554025e+14 0.0000000000e+00
2.8656532422e+21 2.8886652856e+20 8.4075571863e+19 1.6761529311e+35 0.0000000000e+00 0.0000000000e+00 0.0000000000e+00 -1.7076618650e+13 5.7244307302e+14 0.0000000000e+00
4.4386776544e+20 7.1341252688e+19 5.3975520250e+19 1.6710985948e+35 0.0000000000e+00 0.0000000000e+00 0.0000000000e+00 -1.0585237992e+13 8.7544526462e+14 0.0000000000e+00
2.7964414527e+21 1.9374699883e+21 5.4187113005e+19 1.0634848226e+35 0.0000000000e+00 0.0000000000e+00 0.0000000000e+00 -7.5812114527e+13 4.4211350637e+14 0.0000000000e+00
1.4852069725e+21 1.8322098009e+21 3.3082994493e+19 8.3956432595e+34 0.0000000000e+00 0.0000000000e+00 0.0000000000e+00 -6.7768277009e+13 7.4514060463e+14 0.0000000000e+00
7.7938156389e+20 1.6499327916e+21 1.4800768230e+18 8.6034164150e+34 0.0000000000e+00 0.0000000000e+00 0.0000000000e+00 -6.7315340634e+13 4.0727747243e+14 0.0000000000e+00
1.3856717123e+21 7.0001633608e+20 5.0767380254e+19 1.6445858231e+35 0.0000000000e+00 0.0000000000e+00 0.0000000000e+00 -5.8976048601e+13 6.3944904620e+14 0.0000000000e+00
2.9577383122e+21 1.1797542956e+21 4.4652376391e+19 7.9949932333e+34 0.0000000000e+00 0.0000000000e+00 0.0000000000e+00 -5.7436030837e+13 6.6083274071e+14 0.0000000000e+00
1.4867214077e+21 1.7941295796e+21 -2.6712371641e+19 5.8869427866e+34 0.0000000000e+00 0.0000000000e+00 0.0000000000e+00 -4.3118222660e+13 1.9978125757e+14 0.0000000000e+00
9.9217235985e+20 1.4992423800e+21 -4.3278253765e+19 3.6859675591e+34 0.0000000000e+00 0.0000000000e+00 0.0000000000e+00 -7.9536535139e+13 3.2291228624e+14 0.0000000000e+00
1.9116037783e+21 2.9811367000e+21 7.6850574775e+18 1.0446248012e+35 0.0000000000e+00 0.0000000000e+00 0.0000000000e+00 -2.9230542849e+13 6.0845887360e+14 0.0000000000e+00
7.2475947747e+20 4.1177517322e+20 1.1687357043e+20 1.0719469257e+35 0.0000000000e+00 0.0000000000e+00 0.0000000000e+00 -7.8808806538e+13 7.6101406088e+13 0.0000000000e+00
2.2895552423e+20 2.0979462641e+21 -9.3490628858e+19 1.7068684363e+35 0.0000000000e+00 0.0000000000e+00 0.0000000000e+00 -6.5295027135e+13 3.3742996986e+14 0.0000000000e+00
3.8895900073e+20 1.2202340421e+21 -1.1072478130e+20 6.1024784081e+34 0.0000000000e+00 0.0000000000e+00 0.0000000000e+00 -4.7019707119e+13 5.0333175908e+14 0.0000000000e+00
3.8644234197e+20 1.2923064378e+21 1.2431205471e+19 8.9295954611e+34 0.0000000000e+00 0.0000000000e+00 0.0000000000e+00 -1.9271542007e+13 9.2423951766e+14 0.0000000000e+00
4.5844232902e+20 2.1657100568e+21 3.8394771050e+18 1.6493484222e+35 0.0000000000e+00 0.0000000000e+00 0.0000000000e+00 -2.4665177175e+13 4.7433641243e+14 0.0000000000e+00
4.1898040706e+20 2.0897723047e+21 1.3078628577e+19 1.6762792585e+35 0.0000000000e+00 0.0000000000e+00 0.0000000000e+00 -3.3558254982e+13 7.5643994841e+14 0.0000000000e+00
1.9341599798e+21 2.9916105890e+21 1.8406268782e+19 8.9936545519e+34 0.0000000000e+00 0.0000000000e+00 0.0000000000e+00 -7.9925309256e+13 3.8289266774e+14 0.0000000000e+00
5.4891409472e+20 3.8749396557e+20 -1.6840610112e+19 1.0312298843e+35 0.0000000000e+00 0.0000000000e+00 0.0000000000e+00 -4.2882485404e+13 7.3035917104e+14 0.0000000000e+00
1.0432238611e+21 3.1420292184e+20 1.1241019644e+20 7.5544551241e+34 0.0000000000e+00 0.0000000000e+00 0.0000000000e+00 -8.6393994824e+13 5.1560508305e+14 0.0000000000e+00
2.7065074211e+21 2.1860545501e+21 -1.2078820518e+20 1.8690532655e+35 0.0000000000e+00 0.0000000000e+00 0.0000000000e+00 -5.8946771436e+13 7.9115428479e+14 0.0000000000e+00
1.4304162303e+21 1.7455717155e+21 -6.2510100520e+19 4.2868715290e+34 0.0000000000e+00 0.0000000000e+00 0.0000000000e+00 -5.5524032231e+13 3.8929450640e+14 0.0000000000e+00
2.0146892549e+21 8.2741689168e+20 -7.7905716532e+18 1.8711672329e+35 0.0000000000e+00 0.0000000000e+00 0.0000000000e+00 -9.0903739556e+13 5.1866978374e+14 0.0000000000e+00
5.2006137129e+20 2.3968765561e+20 -1.2397859580e+20 1.4289531407e+35 0.0000000000e+00 0.0000000000e+00 0.0000000000e+00 -6.8733579456e+13 5.6274991346e+14 0.0000000000e+00
5.8032825876e+20 2.5851659728e+20 -1.3268214814e+19 1.1594402367e+35 0.0000000000e+00 0.0000000000e+00 0.0000000000e+00 -4.1987891154e+12 4.4610731684e+14 0.0000000000e+00
1.2334148389e+20 2.6986680597e+21 1.2535792400e+20 2.7652132878e+34 0.0000000000e+00 0.0000000000e+00 0.0000000000e+00 -4.3897308455e+12 2.1324489640e+14 0.0000000000e+00
5.0984602035e+20 5.7905558600e+20 1.5758855419e+18 1.0603804304e+35 0.0000000000e+00 0.0000000000e+00 0.0000000000e+00 -6.1317011258e+13 1.1307356791e+14 0.0000000000e+00
8.4078564320e+20 9.7593537446e+20 1.7406383336e+19 9.4031070342e+34 0.0000000000e+00 0.0000000000e+00 0.0000000000e+00 -9.0592392006e+13 1.8285489375e+13 0.0000000000e+00
5.3421764155e+20 6.8404902192e+20 -9.5079431532e+19 5.0403156445e+34 0.0000000000e+00 0.0000000000e+00 0.0000000000e+00 -7.7717380628e+13 7.6125483160e+14 0.0000000000e+00
2.6770424688e+20 1.0713788510e+21 -4.6504468237e+19 1.3803631740e+35 0.0000000000e+00 0.0000000000e+00 0.0000000000e+00 -5.7540443286e+13 2.3862203536e+14 0.0000000000e+00
3.6407905898e+20 2.0952115741e+20 -2.8308566895e+19 1.9373560707e+35 0.0000000000e+00 0.0000000000e+00 0.0000000000e+00 -4.9438422101e+12 2.6994438335e+14 0.0000000000e+00
1.3906303219e+21 1.5665224490e+21 -2.3971604050e+19 1.2136220712e+35 0.0000000000e+00 0.0000000000e+00 0.0000000000e+00 -8.1305089298e+13 6.4051050102e+14 0.0000000000e+00
6.2271516215e+20 2.0405471692e+20 9.6700024333e+19 1.4836130843e+35 0.0000000000e+00 0.0000000000e+00 0.0000000000e+00 -2.2388617236e+13 3.4495557600e+14 0.0000000000e+00
1.0993664406e+21 2.4154759406e+21 4.2077790532e+19 3.3986081026e+34 0.0000000000e+00 0.0000000000e+00 0.0000000000e+00 -8.4383519686e+13 4.4146729192e+14 0.0000000000e+00
1.5193133234e+21 7.0534306321e+20 -8.3859502851e+19 9.5786401358e+34 0.0000000000e+00 0.0000000000e+00 0.0000000000e+00 -1.7743976272e+12 2.3136680062e+14 0.0000000000e+00
2.0836115928e+21 1.6297559583e+21 1.8598785533e+19 4.2464292663e+34 0.0000000000e+00 0.0000000000e+00 0.0000000000e+00 -5.8544097503e+13 8.5388503515e+14 0.0000000000e+00
1.1864403804e+20 2.6560786863e+21 3.7590830924e+19 1.3031805524e+35 0.0000000000e+00 0.0000000000e+00 0.0000000000e+00 -2.1279175546e+13 7.9898798456e+14 0.0000000000e+00
2.4126205839e+21 1.9643478998e+21 8.6024244956e+19 1.8795426824e+35 0.0000000000e+00 0.0000000000e+00 0.0000000000e+00 -6.2238742935e+13 7.6843049702e+14 0.0000000000e+00
1.8950033755e+21 1.6084665998e+21 1.1925179480e+20 1.3898630701e+35 0.0000000000e+00 0.0000000000e+00 0.0000000000e+00 -3.5249629927e+13 4.0601685777e+14 0.0000000000e+00
2.4674875842e+20 9.7883926690e+20 -7.6588856773e+19 3.5464227187e+34 0.0000000000e+00 0.0000000000e+00 0.0000000000e+00 -7.6494099613e+13 6.6775253680e+14 0.0000000000e+00
2.6364602876e+21 1.0049997736e+21 -6.1179199221e+19 8.4637247259e+34 0.0000000000e+00 0.0000000000e+00 0.0000000000e+00 -8.0848581244e+13 1.3641464511e+14 0.0000000000e+00
2.7791929048e+21 2.0205116308e+21 -9.4884249455e+19 1.1932256902e+35 0.0000000000e+00 0.0000000000e+00 0.0000000000e+00 -5.8636413275e+12 9.6153024650e+13 0.0000000000e+00
1.8433328284e+20 3.0003125922e+21 -1.7656798370e+19 9.3227571711e+34 0.0000000000e+00 0.0000000000e+00 0.0000000000e+00 -7.7965627884e+12 1.0389427827e+14 0.0000000000e+00
8.3561674211e+20 1.9974306750e+21 3.5186739352e+19 1.6940122074e+35 0.0000000000e+00 0.0000000000e+00 0.0000000000e+00 -1.0653630517e+13 5.8383623017e+14 0.0000000000e+00
2.4331154624e+21 1.6833903536e+21 7.4494389277e+19 1.6604359678e+35 0.0000000000e+00 0.0000000000e+00 0.0000000000e+00 -3.5461264059e+13 4.4723313301e+14 0.0000000000e+00
2.2582477456e+21 2.2051032399e+21 -5.7305047338e+18 1.3014731332e+35 0.0000000000e+00 0.0000000000e+00 0.0000000000e+00 -1.8151785293e+13 5.1789868642e+14 0.0000000000e+00
5.5688443642e+20 1.4039905379e+21 -2.4132495630e+19 8.7962792922e+34 0.0000000000e+00 0.0000000000e+00 0.0000000000e+00 -8.8136879879e+13 1.2894927722e+13 0.0000000000e+00
6.3181625783e+20 1.8150958997e+20 1.1450140515e+19 6.7058998156e+34 0.0000000000e+00 0.0000000000e+00 0.0000000000e+00 -6.2977383995e+13 3.9184774825e+14 0.0000000000e+00
1.1180848062e+21 1.6970117903e+21 -6.3011531928e+19 4.0608925589e+34 0.0000000000e+00 0.0000000000e+00 0.0000000000e+00 -6.4973646810e+13 6.4153286390e+14 0.0000000000e+00
1.4622903693e+21 2.8901131086e+21 1.5765569655e+20 8.4678211658e+34 0.0000000000e+00 0.0000000000e+00 0.0000000000e+00 -3.4494477564e+13 4.3737779320e+14 0.0000000000e+00
1.8658929005e+21 5.2906428004e+20 -1.2129802450e+20 9.4991020317e+34 0.0000000000e+00 0.0000000000e+00 0.0000000000e+00 -6.0973280904e+13 6.5759070137e+14 0.0000000000e+00
1.1133813642e+21 2.0824347605e+21 1.3938676678e+19 1.4147186338e+35 0.0000000000e+00 0.0000000000e+00 0.0000000000e+00 -8.0613247163e+13 2.1260457315e+14 0.0000000000e+00
1.3959297733e+21 6.0641787237e+20 1.5268108924e+20 1.3834605131e+35 0.0000000000e+00 0.0000000000e+00 0.0000000000e+00 -3.8203591863e+13 7.4931108139e+14 0.0000000000e+00
2.2558672913e+21 1.6171279517e+21 5.1304827205e+17 3.4279439385e+34 0.0000000000e+00 0.0000000000e+00 0.0000000000e+00 -1.7572793955e+13 5.7847590432e+14 0.0000000000e+00
1.1070990632e+20 2.9176952503e+20 -1.4338445191e+19 9.1820948253e+34 0.0000000000e+00 0.0000000000e+00 0.0000000000e+00 -5.8496098834e+13 2.1575849600e+14 0.0000000000e+00
7.6185469803e+20 1.3592194856e+21 -2.6969257151e+19 5.4041638139e+34 0.0000000000e+00 0.0000000000e+00 0.0000000000e+00 -8.2150550389e+13 2.1422116201e+14 0.0000000000e+00
2.1528890502e+21 2.2821009266e+21 -1.3610552389e+19 4.9623414453e+34 0.0000000000e+00 0.0000000000e+00 0.0000000000e+00 -7.6051777633e+13 5.5373764546e+14 0.0000000000e+00
2.7017342361e+21 1.0489708602e+21 1.0358141741e+20 1.6827891130e+35 0.0000000000e+00 0.0000000000e+00 0.0000000000e+00 -7.2189590546e+13 7.2963755554e+14 0.0000000000e+00
1.5442425203e+21 2.0067035845e+21 -1.6688498121e+20 2.9290180710e+34 0.0000000000e+00 0.0000000000e+00 0.0000000000e+00 -6.6280655158e+13 3.8252995778e+14 0.0000000000e+00
1.6059184985e+21 2.4006679817e+21 1.1569757276e+20 9.6054664351e+34 0.0000000000e+00 0.0000000000e+00 0.0000000000e+00 -3.3817590849e+13 2.8094143295e+14 0.0000000000e+00
3.2344513022e+20 2.7982226592e+21 -1.0743756715e+20 5.1639253623e+34 0.0000000000e+00 0.0000000000e+00 0.0000000000e+00 -3.7779608331e+13 7.9563493980e+14 0.0000000000e+00
1.3502905231e+21 7.0814980304e+20 -2.0118918241e+19 1.7748623897e+35 0.0000000000e+00 0.0000000000e+00 0.0000000000e+00 -2.8772970482e+13 6.3615335770e+14 0.0000000000e+00
1.6074389102e+21 1.2051354339e+21 -3.2386491512e+19 1.2045112069e+35 0.0000000000e+00 0.0000000000e+00 0.0000000000e+00 -6.0353722119e+13 4.1611264737e+14 0.0000000000e+00
7.3177597997e+20 4.5999152823e+20 4.4406344204e+19 6.2819587759e+34 0.0000000000e+00 0.0000000000e+00 0.0000000000e+00 -1.6662635103e+13 4.9372806337e+14 0.0000000000e+00
8.1257607101e+20 2.9953152095e+21 -1.2057848235e+20 1.1078630116e+35 0.0000000000e+00 0.0000000000e+00 0.0000000000e+00 -7.5351249673e+13 1.9335933597e+14 0.0000000000e+00
1.1386436042e+21 2.7976889212e+21 3.4870927656e+19 1.5132253672e+35 0.0000000000e+00 0.0000000000e+00 0.0000000000e+00 -5.0267399118e+13 5.7847584120e+14 0.0000000000e+00
6.0574874893e+19 1.6295906192e+21 1.5273416108e+20 1.9142919486e+35 0.0000000000e+00 0.0000000000e+00 0.0000000000e+00 -1.8845688603e+13 3.8149553297e+14 0.0000000000e+00
9.7203492173e+20 2.5412564824e+21 -1.0285147865e+20 6.0884502548e+34 0.0000000000e+00 0.0000000000e+00 0.0000000000e+00 -7.7616676375e+13 8.6540077377e+14 0.0000000000e+00
6.3815008512e+20 1.5722511754e+21 1.4313330346e+19 1.7869874849e+35 0.0000000000e+00 0.0000000000e+00 0.0000000000e+00 -8.4271751405e+13 4.1954390973e+14 0.0000000000e+00
9.8838700887e+20 1.8819816064e+21 -4.9946555315e+19 1.8721488614e+35 0.0000000000e+00 0.0000000000e+00 0.0000000000e+00 -1.1011964464e+13 4.9766219290e+14 0.0000000000e+00
3.6144211383e+20 2.6897753613e+20 3.2133189707e+19 1.8405005803e+35 0.0000000000e+00 0.0000000000e+00 0.0000000000e+00 -6.2206688624e+13 5.1460306927e+14 0.0000000000e+00
2.6876113333e+21 2.2794061291e+21 1.4446998060e+18 1.3432082054e+35 0.0000000000e+00 0.0000000000e+00 0.0000000000e+00 -2.9928900439e+13 8.4587061915e+14 0.0000000000e+00
1.7914620248e+21 3.8543929361e+20 -4.8400187287e+19 1.3333091154e+35 0.0000000000e+00 0.0000000000e+00 0.0000000000e+00 -9.2272976658e+13 6.8474104958e+14 0.0000000000e+00
2.0495307992e+21 2.4930721081e+21 3.6809963894e+19 9.3228080858e+34 0.0000000000e+00 0.0000000000e+00 0.0000000000e+00 -2.9344128943e+13 4.4971639290e+14 0.0000000000e+00
2.3817187981e+21 2.3601607686e+21 1.3613806488e+20 1.5502321705e+35 0.0000000000e+00 0.0000000000e+00 0.0000000000e+00 -6.4746603752e+13 6.4229764306e+14 0.0000000000e+00
1.5042985564e+21 2.1389914978e+21 -1.4403691086e+19 1.1589480265e+35 0.0000000000e+00 0.0000000000e+00 0.0000000000e+00 -8.9395657316e+13 5.0478214784e+14 0.0000000000e+00
2.6232542945e+20 1.0913202842e+20 5.4305736735e+19 1.4175769334e+35 0.0000000000e+00 0.0000000000e+00 0.0000000000e+00 -3.6940118389e+13 4.7725658577e+14 0.0000000000e+00
1.6209875432e+21 9.1484137824e+20 -9.7577444671e+19 9.7696051935e+34 0.0000000000e+00 0.0000000000e+00 0.0000000000e+00 -7.1875228482e+13 1.8666122576e+14 0.0000000000e+00
1.7710864942e+21 7.9407373599e+20 -7.2163124631e+19 1.5132432486e+35 0.0000000000e+00 0.0000000000e+00 0.0000000000e+00 -5.8052675335e+13 4.3191943041e+14 0.0000000000e+00
2.2497363331e+21 1.0868916777e+21 3.5643053666e+19 1.6777797863e+35 0.0000000000e+00 0.0000000000e+00 0.0000000000e+00 -8.7043988875e+13 2.1707981645e+14 0.0000000000e+00
1.3027485105e+21 2.6450580973e+20 1.1197655435e+20 4.7787110112e+34 0.0000000000e+00 0.0000000000e+00 0.0000000000e+00 -8.0740442962e+13 7.9342836800e+14 0.0000000000e+00
3.8503735384e+20 2.8277387099e+21 2.6831027166e+19 1.6927481306e+35 0.0000000000e+00 0.0000000000e+00 0.0000000000e+00 -6.6462460779e+13 3.1399545878e+14 0.0000000000e+00
8.5643568370e+20 1.6713751625e+21 -2.3620228403e+19 1.1748796376e+35 0.0000000000e+00 0.0000000000e+00 0.0000000000e+00 -8.6175016755e+13 8.1987928860e+14 0.0000000000e+00
1.0957823705e+21 9.2207236957e+20 -5.3463460808e+16 1.7135174937e+35 0.0000000000e+00 0.0000000000e+00 0.0000000000e+00 -8.4423272086e+12 5.4042300460e+14 0.0000000000e+00
1.9493782343e+21 1.1980902185e+21 -9.4343263528e+19 9.8199315335e+34 0.0000000000e+00 0.0000000000e+00 0.0000000000e+00 -9.4100309490e+13 5.3868316239e+14 0.0000000000e+00
1.7226089235e+21 1.3496572672e+21 4.5610681374e+19 8.8950726576e+34 0.0000000000e+00 0.0000000000e+00 0.0000000000e+00 -4.8864398272e+13 5.0842363075e+14 0.0000000000e+00
1.0746999188e+21 1.8125936981e+21 6.6572029552e+19 1.8380941417e+35 0.0000000000e+00 0.0000000000e+00 0.0000000000e+00 -8.3004618046e+13 1.2190760942e+14 0.0000000000e+00
2.9773030209e+21 1.5563205128e+21 -3.4110215612e+19 6.6321551710e+34 0.0000000000e+00 0.0000000000e+00 0.0000000000e+00 -6.5543959098e+13 3.4934926483e+14 0.0000000000e+00
1.8282284048e+21 2.7747249752e+21 -3.5464680048e+19 1.7127147933e+35 0.0000000000e+00 0.0000000000e+00 0.0000000000e+00 -7.0001485052e+12 1.7215061202e+14 0.0000000000e+00
7.1595045746e+20 1.4998357914e+21 2.0060512427e+19 1.0752889287e+35 0.0000000000e+00 0.0000000000e+00 0.0000000000e+00 -7.9364723897e+13 5.4609930881e+14 0.0000000000e+00
3.0717950237e+20 2.9943328887e+21 -3.2950504084e+19 1.1285119686e+35 0.0000000000e+00 0.0000000000e+00 0.0000000000e+00 -3.2347499618e+12 4.7219953180e+14 0.0000000000e+00
4.6132888206e+20 2.5696005225e+21 -4.9897057735e+18 7.6461671028e+34 0.0000000000e+00 0.0000000000e+00 0.0000000000e+00 -7.5189670106e+13 6.8236927044e+14 0.0000000000e+00
7.4230042426e+20 6.2928473233e+20 1.5842400899e+20 1.2328291495e+35 0.0000000000e+00 0.0000000000e+00 0.0000000000e+00 -2.4466660126e+13 2.5805915966e+14 0.0000000000e+00
4.8493638450e+20 2.8085363578e+21 -1.8638089121e+19 7.9424639183e+34 0.0000000000e+00 0.0000000000e+00 0.0000000000e+00 -4.2917332636e+13 1.9197483319e+14 0.0000000000e+00
5.6305927859e+20 3.5119378882e+20 -2.7036764470e+19 2.8821957072e+34 0.0000000000e+00 0.0000000000e+00 0.0000000000e+00 -1.0936722318e+13 4.2995356800e+14 0.0000000000e+00
8.6041721912e+20 2.4670632202e+21 -4.8857029235e+19 7.0007687928e+34 0.0000000000e+00 0.0000000000e+00 0.0000000000e+00 -4.2224707320e+13 8.4194998669e+14 0.0000000000e+00
5.2324151060e+20 1.1487210997e+21 5.6149284250e+19 2.3001398187e+34 0.0000000000e+00 0.0000000000e+00 0.0000000000e+00 -4.4064581957e+13 6.5592681972e+14 0.0000000000e+00
2.7064380515e+21 2.6497264991e+21 -1.3673363869e+19 1.9501046670e+35 0.0000000000e+00 0.0000000000e+00 0.0000000000e+00 -7.6168243823e+13 3.7545060908e+14 0.0000000000e+00
2.4214544441e+20 2.6197950907e+21 -4.8995195741e+19 1.9277932294e+35 0.0000000000e+00 0.0000000000e+00 0.0000000000e+00 -7.8935400852e+13 4.5648184120e+14 0.0000000000e+00
1.5829753737e+21 2.4322828576e+21 9.9692389235e+19 9.1802540353e+34 0.0000000000e+00 0.0000000000e+00 0.0000000000e+00 -7.9062058943e+12 1.5852072819e+14 0.0000000000e+00
1.2385776239e+21 2.3843118568e+21 1.0710904669e+20 1.5077119047e+35 0.0000000000e+00 0.0000000000e+00 0.0000000000e+00 -6.3635439768e+13 8.6995037253e+14 0.0000000000e+00
2.9648186658e+21 9.1952164180e+20 -4.5301958035e+19 8.3069287679e+34 0.0000000000e+00 0.0000000000e+00 0.0000000000e+00 -5.9446731092e+13 6.0304187819e+14 0.0000000000e+00
3.3813340674e+20 2.4421439625e+20 -1.4083043933e+20 1.4063484354e+35 0.0000000000e+00 0.0000000000e+00 0.0000000000e+00 -2.2738166750e+13 3.1511465389e+14 0.0000000000e+00
1.2007281979e+21 1.2161941795e+21 7.6016907898e+19 1.6440823785e+35 0.0000000000e+00 0.0000000000e+00 0.0000000000e+00 -6.2595432213e+13 5.3121845628e+14 0.0000000000e+00
2.9258617676e+21 5.2369698623e+20 -5.1655320354e+19 1.8941852073e+35 0.0000000000e+00 0.0000000000e+00 0.0000000000e+00 -4.5383824018e+12 1.8341943692e+14 0.0000000000e+00
2.6121005059e+21 2.0973623863e+21 5.9652701457e+19 9.2697466123e+34 0.0000000000e+00 0.0000000000e+00 0.0000000000e+00 -2.4811111911e+13 8.9280784410e+14 0.0000000000e+00
2.4659235101e+21 1.0445289747e+21 -1.4864433305e+20 1.6049156085e+35 0.0000000000e+00 0.0000000000e+00 0.0000000000e+00 -3.8112500804e+13 2.0548675700e+14 0.0000000000e+00
7.7835073202e+20 2.9443915862e+21 6.7346469175e+19 6.8933461884e+34 0.0000000000e+00 0.0000000000e+00 0.0000000000e+00 -1.1275988645e+13 6.3555441361e+14 0.0000000000e+00
5.1573873874e+20 1.9344537294e+21 -9.1382922064e+19 1.9713010961e+35 0.0000000000e+00 0.0000000000e+00 0.0000000000e+00 -8.9976469760e+13 2.1383708141e+14 0.0000000000e+00
2.0179652377e+21 2.4822463410e+21 5.5136152784e+19 2.6432915266e+34 0.0000000000e+00 0.0000000000e+00 0.0000000000e+00 -7.0335955155e+13 6.3573875225e+14 0.0000000000e+00
2.8048567352e+21 3.9995946233e+20 1.0769029683e+18 1.2867808321e+35 0.0000000000e+00 0.0000000000e+00 0.0000000000e+00 -5.0646508138e+13 7.0592097729e+14 0.0000000000e+00
1.6803104111e+21 2.6015597075e+21 -7.1974729193e+19 1.3858427873e+35 0.0000000000e+00 0.0000000000e+00 0.0000000000e+00 -7.3184106128e+13 5.9527947567e+14 0.0000000000e+00
1.7251270968e+21 2.7848812010e+21 -3.0710889810e+19 1.4363488397e+35 0.0000000000e+00 0.0000000000e+00 0.0000000000e+00 -2.4245212984e+13 5.9401504752e+14 0.0000000000e+00
8.4497690467e+20 1.4699528710e+21 5.1782727577e+19 4.3177315232e+34 0.0000000000e+00 0.0000000000e+00 0.0000000000e+00 -7.6488019177e+12 8.4745693042e+14 0.0000000000e+00
2.3223296724e+21 1.8296713661e+21 7.9897364875e+18 1.8796269641e+35 0.0000000000e+00 0.0000000000e+00 0.0000000000e+00 -5.4553296190e+13 1.0711380177e+14 0.0000000000e+00
5.6449803315e+20 2.3081959791e+21 4.4093959377e+19 5.3936237808e+34 0.0000000000e+00 0.0000000000e+00 0.0000000000e+00 -6.2282148776e+13 3.1434829816e+14 0.0000000000e+00
9.7686393547e+20 5.2766297707e+20 1.4912244210e+20 1.3208023084e+35 0.0000000000e+00 0.0000000000e+00 0.0000000000e+00 -3.6400998465e+12 3.0258733827e+14 0.0000000000e+00
1.2839671717e+21 1.5167444188e+21 -1.1802202960e+20 6.1279155506e+34 0.0000000000e+00 0.0000000000e+00 0.0000000000e+00 -5.2557374597e+13 8.8395785945e+14 0.0000000000e+00
1.5319681229e+21 1.2031650178e+21 1.2201868878e+20 7.6240130477e+34 0.0000000000e+00 0.0000000000e+00 0.0000000000e+00 -4.8373218594e+13 3.7808116800e+14 0.0000000000e+00
7.3159257243e+20 4.4175670835e+20 7.8736554861e+18 1.1857844528e+35 0.0000000000e+00 0.0000000000e+00 0.0000000000e+00 -6.1381121966e+13 6.5751813801e+14 0.0000000000e+00
3.4657753706e+20 1.1092188865e+21 -6.7813256446e+19 9.5702593113e+34 0.0000000000e+00 0.0000000000e+00 0.0000000000e+00 -8.5632993242e+12 6.6953313713e+14 0.0000000000e+00
1.8428512881e+21 2.0574402973e+20 -1.0037216306e+20 5.0227389406e+34 0.0000000000e+00 0.0000000000e+00 0.0000000000e+00 -4.0808191322e+13 2.3456952989e+14 0.0000000000e+00
8.7108700968e+20 7.7900335174e+19 -1.4269133484e+19 5.2122863641e+34 0.0000000000e+00 0.0000000000e+00 0.0000000000e+00 -2.2515597743e+13 2.7579641847e+14 0.0000000000e+00
1.7541769523e+21 4.0793186067e+20 6.9538500945e+19 9.5870955543e+34 0.0000000000e+00 0.0000000000e+00 0.0000000000e+00 -1.7816784915e+13 3.1652599014e+14 0.0000000000e+00
4.6586667470e+20 2.9066814068e+21 -9.6235811325e+18 1.5588772505e+35 0.0000000000e+00 0.0000000000e+00 0.0000000000e+00 -6.2308994024e+13 3.8266694128e+14 0.0000000000e+00
1.4520808274e+21 1.6584801393e+21 1.1401663949e+20 1.8078394590e+35 0.0000000000e+00 0.0000000000e+00 0.0000000000e+00 -5.3613743310e+13 2.4071694737e+14 0.0000000000e+00
1.6073549074e+21 2.9148512824e+21 -1.0949120581e+20 3.6760452972e+34 0.0000000000e+00 0.0000000000e+00 0.0000000000e+00 -1.4345601396e+13 9.7071346666e+13 0.0000000000e+00
1.5640343413e+20 1.3052785968e+21 -9.1211111498e+17 9.1439509002e+34 0.0000000000e+00 0.0000000000e+00 0.0000000000e+00 -6.0282398742e+13 7.8368182815e+14 0.0000000000e+00
1.0158717116e+21 9.4106108965e+20 -9.4493085381e+19 3.9612813471e+34 0.0000000000e+00 0.0000000000e+00 0.0000000000e+00 -1.9508737898e+13 8.9791694010e+14 0.0000000000e+00
4.0566349500e+20 1.5275361421e+21 2.7436025544e+19 2.4808854633e+34 0.0000000000e+00 0.0000000000e+00 0.0000000000e+00 -5.5864220434e+12 3.8012320239e+14 0.0000000000e+00
1.9126566089e+20 1.3264462763e+21 6.6915653583e+19 1.3897585706e+35 0.0000000000e+00 0.0000000000e+00 0.0000000000e+00 -3.5671728993e+13 3.4742761786e+14 0.0000000000e+00
2.9876999814e+21 3.1889601710e+20 -3.1746477333e+19 1.2848706971e+35 0.0000000000e+00 0.0000000000e+00 0.0000000000e+00 -2.4460868141e+13 7.6254547811e+13 0.0000000000e+00
9.7286390413e+20 1.9340138177e+21 -1.9648793548e+20 5.0721753122e+34 0.0000000000e+00 0.0000000000e+00 0.0000000000e+00 -1.8451983197e+13 6.5583195310e+14 0.0000000000e+00
2.4442010776e+21 6.5200323481e+20 1.5010637676e+19 6.3250009912e+34 0.0000000000e+00 0.0000000000e+00 0.0000000000e+00 -1.4670530328e+13 7.8332262513e+14 0.0000000000e+00
7.6850549608e+20 1.8699164479e+21 3.2951923728e+19 2.6068033673e+34 0.0000000000e+00 0.0000000000e+00 0.0000000000e+00 -5.7271994356e+13 1.6231917033e+14 0.0000000000e+00
2.0567752157e+21 1.9623068969e+21 3.0504039262e+19 1.6963184522e+35 0.0000000000e+00 0.0000000000e+00 0.0000000000e+00 -8.9819544782e+13 1.4089779846e+14 0.0000000000e+00
2.2943676811e+21 4.5881100674e+20 9.3239766373e+19 1.9436202039e+35 0.0000000000e+00 0.0000000000e+00 0.0000000000e+00 -5.6626048148e+13 7.1124129342e+14 0.0000000000e+00
1.7976377192e+21 1.8515317462e+20 -8.0811000130e+19 4.5844576708e+34 0.0000000000e+00 0.0000000000e+00 0.0000000000e+00 -3.0886411209e+13 5.8890012564e+14 0.0000000000e+00
1.4232169370e+21 2.3563384668e+21 5.1322305156e+19 6.2836324976e+34 0.0000000000e+00 0.0000000000e+00 0.0000000000e+00 -5.2036867997e+13 8.0859603405e+13 0.0000000000e+00
1.2429358789e+21 1.3876776789e+21 8.9974691816e+19 1.7555362077e+35 0.0000000000e+00 0.0000000000e+00 0.0000000000e+00 -2.3766361411e+13 6.0135083906e+14 0.0000000000e+00
1.0528844284e+21 1.7553833484e+20 -1.3419443321e+20 1.8582739731e+35 0.0000000000e+00 0.0000000000e+00 0.0000000000e+00 -6.0876273851e+13 2.9701147827e+14 0.0000000000e+00
2.8053189573e+21 3.0025065452e+21 2.4117730266e+19 9.6133328061e+34 0.0000000000e+00 0.0000000000e+00 0.0000000000e+00 -3.4579794878e+13 3.7426719121e+14 0.0000000000e+00
2.5068093727e+21 1.7438173309e+20 -3.8040368250e+19 3.0831090477e+34 0.0000000000e+00 0.0000000000e+00 0.0000000000e+00 -7.7023915099e+13 6.7350254246e+14 0.0000000000e+00
2.9124512164e+21 2.0976163207e+21 -6.1508856855e+18 2.8843621456e+34 0.0000000000e+00 0.0000000000e+00 0.0000000000e+00 -2.3727897198e+13 7.6190645058e+14 0.0000000000e+00
3.7512902048e+20 2.9687429964e+21 2.6232190683e+19 1.2344354313e+35 0.0000000000e+00 0.0000000000e+00 0.0000000000e+00 -4.3010234684e+13 3.9278851107e+14 0.0000000000e+00
2.2057580402e+21 7.2184555452e+20 -3.6761395162e+19 9.1402558219e+34 0.0000000000e+00 0.0000000000e+00 0.0000000000e+00 -7.5353452956e+13 8.2634593136e+14 0.0000000000e+00
2.8319114987e+21 4.2930859470e+20 -5.0982174573e+19 2.6943085095e+34 0.0000000000e+00 0.0000000000e+00 0.0000000000e+00 -6.7036751854e+13 3.7396472058e+14 0.0000000000e+00
5.4696139369e+20 3.6633974718e+20 2.5767998995e+18 1.2508979704e+35 0.0000000000e+00 0.0000000000e+00 0.0000000000e+00 -2.3799917454e+13 7.2851978991e+14 0.0000000000e+00
2.0068573491e+20 9.1528439536e+20 -8.2032706087e+19 2.3872701285e+34 0.0000000000e+00 0.0000000000e+00 0.0000000000e+00 -4.8983589736e+13 4.5797934970e+14 0.0000000000e+00
2.2367021196e+21 3.0495625763e+20 -8.1925505974e+19 1.6121252604e+35 0.0000000000e+00 0.0000000000e+00 0.0000000000e+00 -7.4220498650e+13 7.8519938733e+14 0.0000000000e+00
1.7337598556e+21 2.0889429292e+21 5.1258714199e+19 7.6101458983e+34 0.0000000000e+00 0.0000000000e+00 0.0000000000e+00 -3.0985280483e+12 8.6503695996e+14 0.0000000000e+00
2.5406392483e+21 1.8799664676e+20 -8.6676509953e+19 2.8996906122e+34 0.0000000000e+00 0.0000000000e+00 0.0000000000e+00 -2.6969912024e+13 1.4218683369e+14 0.0000000000e+00
4.2183303266e+20 1.5374359828e+21 5.0273278194e+19 1.2599230596e+35 0.0000000000e+00 0.0000000000e+00 0.0000000000e+00 -4.0581654259e+12 8.8855864728e+14 0.0000000000e+00
2.4001167472e+21 3.0080311049e+21 3.4902513046e+19 9.2250114334e+34 0.0000000000e+00 0.0000000000e+00 0.0000000000e+00 -5.4237569462e+13 7.4383648504e+14 0.0000000000e+00
6.0851125190e+20 2.4565622734e+21 -1.3021211769e+20 1.9420448611e+35 0.0000000000e+00 0.0000000000e+00 0.0000000000e+00 -4.9693720466e+13 7.1921948848e+14 0.0000000000e+00
4.9391363557e+20 1.8567322646e+21 -5.1122253019e+19 1.1817851790e+35 0.0000000000e+00 0.0000000000e+00 0.0000000000e+00 -9.6608654092e+12 2.5619948631e+14 0.0000000000e+00
4.9575417816e+20 9.2427342753e+20 9.0095554460e+19 7.0581167678e+34 0.0000000000e+00 0.0000000000e+00 0.0000000000e+00 -4.4964908821e+13 7.3571389962e+14 0.0000000000e+00
2.4583865057e+21 1.8829176339e+21 -7.4028939324e+19 1.4742082506e+35 0.0000000000e+00 0.0000000000e+00 0.0000000000e+00 -2.7712725029e+13 7.9132009225e+14 0.0000000000e+00
2.0075652121e+21 1.5906111381e+21 -3.5039301591e+19 6.9918035201e+34 0.0000000000e+00 0.0000000000e+00 0.0000000000e+00 -7.0798887603e+13 2.7024595845e+14 0.0000000000e+00
1.5786114520e+21 1.2859196526e+21 3.4862494396e+19 1.8189506807e+35 0.0000000000e+00 0.0000000000e+00 0.0000000000e+00 -5.2379954374e+13 8.5367099715e+14 0.0000000000e+00
1.0829504011e+21 3.9448391700e+20 5.9106813925e+19 8.8186485569e+34 0.0000000000e+00 0.0000000000e+00 0.0000000000e+00 -8.2985455544e+13 5.4170941468e+13 0.0000000000e+00
2.6473912322e+21 2.6757715216e+21 -1.8978608952e+19 1.1918191152e+35 0.0000000000e+00 0.0000000000e+00 0.0000000000e+00 -7.5172093259e+13 1.4723166550e+14 0.0000000000e+00
1.1843993342e+21 1.3574500701e+21 -4.5082144189e+19 3.0822353819e+34 0.0000000000e+00 0.0000000000e+00 0.0000000000e+00 -9.4583484235e+13 4.5813811986e+14 0.0000000000e+00
2.4644971083e+21 5.8737074068e+20 1.0731780607e+20 9.7282535726e+34 0.0000000000e+00 0.0000000000e+00 0.0000000000e+00 -9.0955467618e+13 4.9432430152e+14 0.0000000000e+00
1.3253091541e+21 1.1098977209e+21 1.3119997963e+20 1.6917461777e+35 0.0000000000e+00 0.0000000000e+00 0.0000000000e+00 -2.1506040651e+12 6.4222567919e+14 0.0000000000e+00
1.1376182880e+21 1.2498435931e+21 7.3854839931e+19 1.6444695189e+35 0.0000000000e+00 0.0000000000e+00 0.0000000000e+00 -7.1728497091e+13 3.7402937782e+13 0.0000000000e+00
1.3963675932e+21 2.4975093688e+21 6.4372538565e+18 6.1569822645e+34 0.0000000000e+00 0.0000000000e+00 0.0000000000e+00 -3.1875317861e+13 8.8108298636e+14 0.0000000000e+00
9.0955842423e+20 2.2140482005e+21 -6.0983648698e+19 6.1881377803e+34 0.0000000000e+00 0.0000000000e+00 0.0000000000e+00 -1.5232882035e+13 1.1743143424e+14 0.0000000000e+00
2.2562851094e+21 2.3217621690e+21 -6.2657030475e+19 1.6650978617e+35 0.0000000000e+00 0.0000000000e+00 0.0000000000e+00 -4.2540232475e+13 1.7402924827e+14 0.0000000000e+00
1.5172101373e+21 3.3292356046e+19 3.9423689242e+19 1.8652370141e+35 0.0000000000e+00 0.0000000000e+00 0.0000000000e+00 -8.0174181372e+13 2.6439761161e+13 0.0000000000e+00
7.0081791395e+20 1.2559527665e+21 3.1568145766e+19 3.8748385729e+34 0.0000000000e+00 0.0000000000e+00 0.0000000000e+00 -2.5739978151e+13 5.5192749760e+14 0.0000000000e+00
2.7149160621e+21 1.4526966496e+21 1.0575061384e+20 1.0151870124e+35 0.0000000000e+00 0.0000000000e+00 0.0000000000e+00 -3.7845318302e+13 8.5117032793e+14 0.0000000000e+00
1.1585837061e+21 5.7922291452e+19 4.9076459482e+19 8.1591278899e+34 0.0000000000e+00 0.0000000000e+00 0.0000000000e+00 -2.5443259205e+13 6.3665328658e+14 0.0000000000e+00
1.6404425348e+21 7.8411626399e+20 -1.1340740877e+20 1.7595691981e+35 0.0000000000e+00 0.0000000000e+00 0.0000000000e+00 -2.1798731924e+13 7.7382364191e+14 0.0000000000e+00
2.7357328309e+21 2.2945546862e+21 7.9369447757e+19 3.6653785650e+34 0.0000000000e+00 0.0000000000e+00 0.0000000000e+00 -2.3279693423e+12 1.0366114913e+14 0.0000000000e+00
1.8839502717e+21 4.1379709189e+20 -7.5303674331e+19 5.9235145411e+34 0.0000000000e+00 0.0000000000e+00 0.0000000000e+00 -4.0371958303e+13 5.1612779525e+14 0.0000000000e+00
3.5279828686e+20 1.6155659767e+21 -2.8970632469e+19 1.5503568542e+35 0.0000000000e+00 0.0000000000e+00 0.0000000000e+00 -6.2328679266e+13 4.2391714544e+14 0.0000000000e+00
2.8364133491e+21 6.4947924975e+20 1.8877605562e+19 3.0949902993e+34 0.0000000000e+00 0.0000000000e+00 0.0000000000e+00 -3.3280844697e+13 4.8654018681e+14 0.0000000000e+00
1.8944229042e+21 3.6580497875e+19 1.5057311210e+20 1.0903574552e+35 0.0000000000e+00 0.0000000000e+00 0.0000000000e+00 -8.8193326422e+13 6.8009093651e+13 0.0000000000e+00
1.0107451450e+21 7.2794599904e+20 2.3464335505e+20 1.0011151785e+35 0.0000000000e+00 0.0000000000e+00 0.0000000000e+00 -9.7136831620e+12 6.6813582530e+14 0.0000000000e+00
4.2032311530e+20 2.9451869923e+21 4.5777254812e+19 8.1050976442e+34 0.0000000000e+00 0.0000000000e+00 0.0000000000e+00 -8.3370665390e+13 4.4007370584e+14 0.0000000000e+00
2.3963680212e+21 2.4190390037e+21 -1.3822184882e+19 9.1699370889e+34 0.0000000000e+00 0.0000000000e+00 0.0000000000e+00 -6.3635000577e+13 6.8298685572e+14 0.0000000000e+00
1.8713795774e+21 2.8960023126e+21 4.0328451178e+19 1.1565528796e+35 0.0000000000e+00 0.0000000000e+00 0.0000000000e+00 -1.7443900729e+13 4.9072330753e+14 0.0000000000e+00
1.6099855756e+21 1.4723435046e+21 6.6973601882e+19 5.0429444478e+34 0.0000000000e+00 0.0000000000e+00 0.0000000000e+00 -3.8123564669e+13 1.8383063526e+14 0.0000000000e+00
2.6977678156e+21 3.3118384761e+20 -2.4194372348e+19 1.2309774888e+35 0.0000000000e+00 0.0000000000e+00 0.0000000000e+00 -5.7406223116e+13 5.8961728554e+14 0.0000000000e+00
2.3799863835e+21 1.6537417377e+21 1.3544869680e+20 1.6440864245e+35 0.0000000000e+00 0.0000000000e+00 0.0000000000e+00 -4.9851320507e+13 1.9170417573e+14 0.0000000000e+00
4.5775478703e+20 1.3713107957e+21 1.7358838781e+19 1.5639703176e+35 0.0000000000e+00 0.0000000000e+00 0.0000000000e+00 -1.3770405553e+13 8.2423071861e+14 0.0000000000e+00
9.4077720061e+20 2.5482696757e+21 3.7554716072e+19 4.9107940559e+34 0.0000000000e+00 0.0000000000e+00 0.0000000000e+00 -6.2483632759e+13 5.5459804694e+14 0.0000000000e+00
7.4994022396e+20 2.9601322881e+20 5.0243984818e+19 4.8284960161e+34 0.0000000000e+00 0.0000000000e+00 0.0000000000e+00 -1.2340629320e+13 2.1627855713e+14 0.0000000000e+00
2.2452299110e+21 1.4735117515e+21 3.1808709771e+19 6.9330918419e+34 0.0000000000e+00 0.0000000000e+00 0.0000000000e+00 -8.6328866643e+13 8.2830907939e+14 0.0000000000e+00
1.0120088803e+20 4.5284687005e+20 6.3298060760e+19 8.5771353533e+34 0.0000000000e+00 0.0000000000e+00 0.0000000000e+00 -2.1131116914e+13 5.1521767162e+14 0.0000000000e+00
1.7199270689e+21 9.7987194735e+20 -4.6571752925e+19 9.4156271365e+34 0.0000000000e+00 0.0000000000e+00 0.0000000000e+00 -1.4433092445e+13 1.4235321254e+14 0.0000000000e+00
2.3011003136e+21 2.2253436596e+21 -4.2123867335e+19 1.4215749090e+35 0.0000000000e+00 0.0000000000e+00 0.0000000000e+00 -7.7459613716e+13 5.5130942202e+14 0.0000000000e+00
2.6460786917e+21 1.4366227144e+21 -8.3006636878e+19 3.1903158423e+34 0.0000000000e+00 0.0000000000e+00 0.0000000000e+00 -5.3930688810e+13 2.5648155654e+14 0.0000000000e+00
1.0324027176e+21 1.1344308446e+21 3.3160367850e+19 2.8008484294e+34 0.0000000000e+00 0.0000000000e+00 0.0000000000e+00 -7.9004472933e+13 7.0045951194e+14 0.0000000000e+00
2.4785545455e+21 1.1905294087e+21 5.8770759190e+19 9.1228324621e+34 0.0000000000e+00 0.0000000000e+00 0.0000000000e+00 -2.7776608617e+13 7.6372574184e+14 0.0000000000e+00
3.3388658213e+20 1.3866103470e+21 3.4538962751e+19 1.4524850646e+35 0.0000000000e+00 0.0000000000e+00 0.0000000000e+00 -4.3989927824e+13 8.8480005726e+14 0.0000000000e+00
2.5545930165e+21 2.3691799293e+21 1.2634045410e+20 5.6104466916e+34 0.0000000000e+00 0.0000000000e+00 0.0000000000e+00 -3.4524959862e+13 4.8776838377e+14 0.0000000000e+00
3.8476078292e+20 2.6923115912e+21 -4.2221962065e+17 1.3539858059e+35 0.0000000000e+00 0.0000000000e+00 0.0000000000e+00 -7.6070828675e+13 4.0625034647e+14 0.0000000000e+00
1.1990130429e+21 2.8832000839e+21 5.0456557914e+19 6.7853898829e+34 0.0000000000e+00 0.0000000000e+00 0.0000000000e+00 -7.4626226351e+13 6.6204938134e+14 0.0000000000e+00
2.4062374139e+21 2.3748744197e+21 -8.2368831105e+19 1.7868181909e+35 0.0000000000e+00 0.0000000000e+00 0.0000000000e+00 -9.0744132001e+13 1.1680097958e+14 0.0000000000e+00
4.5245079574e+20 9.5189801137e+20 -2.9206672552e+19 1.8038139524e+35 0.0000000000e+00 0.0000000000e+00 0.0000000000e+00 -6.4181764654e+13 4.9649324283e+14 0.0000000000e+00
6.9188071081e+20 2.0767905430e+21 5.2478323808e+19 7.4482972806e+34 0.0000000000e+00 0.0000000000e+00 0.0000000000e+00 -4.1680205626e+13 5.1842570255e+14 0.0000000000e+00
2.1797582514e+21 1.3206862284e+21 6.4064754256e+19 6.2574153289e+34 0.0000000000e+00 0.0000000000e+00 0.0000000000e+00 -1.3449699474e+13 1.5745914008e+14 0.0000000000e+00
2.1730702673e+21 7.6859593733e+20 -2.2179806201e+19 9.4660346726e+34 0.0000000000e+00 0.0000000000e+00 0.0000000000e+00 -3.1532911152e+13 4.1928540242e+14 0.0000000000e+00
1.9349835560e+21 2.5377504267e+21 -5.4021635527e+18 6.4439017246e+34 0.0000000000e+00 0.0000000000e+00 0.0000000000e+00 -5.3452610954e+13 7.6826593875e+14 0.0000000000e+00
2.0943364054e+21 1.1597072117e+20 -1.1452357419e+20 1.4086325431e+35 0.0000000000e+00 0.0000000000e+00 0.0000000000e+00 -4.4382500340e+12 8.1972469559e+14 0.0000000000e+00
1.6379423700e+21 2.7215176923e+21 -2.6937853201e+19 1.6805991896e+35 0.0000000000e+00 0.0000000000e+00 0.0000000000e+00 -2.6579842975e+13 1.5264892546e+14 0.0000000000e+00
7.5992955978e+20 1.3927389882e+21 6.7179409688e+19 1.4098859889e+35 0.0000000000e+00 0.0000000000e+00 0.0000000000e+00 -6.6114557824e+12 1.6536054411e+14 0.0000000000e+00
1.0433105084e+21 1.9230740570e+21 4.3399218465e+19 1.6775655300e+35 0.0000000000e+00 0.0000000000e+00 0.0000000000e+00 -4.4724569324e+13 2.7377927787e+14 0.0000000000e+00
5.4806190931e+20 1.9899301372e+21 3.7775228678e+19 9.2127607511e+34 0.0000000000e+00 0.0000000000e+00 0.0000000000e+00 -7.0161607373e+13 7.6986016501e+14 0.0000000000e+00
2.7417037941e+21 2.7014653415e+21 3.7554246978e+18 4.9535685054e+34 0.0000000000e+00 0.0000000000e+00 0.0000000000e+00 -8.9671549687e+13 1.1483336822e+14 0.0000000000e+00
1.7606764366e+21 1.9214691008e+21 5.3291531850e+17 1.5246656496e+35 0.0000000000e+00 0.0000000000e+00 0.0000000000e+00 -2.5932314072e+13 6.8221750559e+14 0.0000000000e+00
1.2097695758e+21 1.8528515588e+21 -4.9821229973e+19 8.5665133301e+34 0.0000000000e+00 0.0000000000e+00 0.0000000000e+00 -8.3188705530e+13 9.7682786722e+13 0.0000000000e+00
1.3943335154e+21 2.0115585841e+20 5.2726604304e+19 1.4066628520e+35 0.0000000000e+00 0.0000000000e+00 0.0000000000e+00 -6.6008230836e+13 5.5961241777e+14 0.0000000000e+00
2.8589011189e+21 1.5645554102e+21 3.1762408654e+19 6.9767955214e+34 0.0000000000e+00 0.0000000000e+00 0.0000000000e+00 -4.4262288232e+13 3.5379950553e+14 0.0000000000e+00
4.6281453460e+20 4.5321004447e+20 3.7122822081e+19 3.6247593463e+34 0.0000000000e+00 0.0000000000e+00 0.0000000000e+00 -4.1237901268e+13 7.2563314323e+14 0.0000000000e+00
1.7692416330e+21 2.2255751140e+21 -3.9689328879e+19 1.9752819873e+35 0.0000000000e+00 0.0000000000e+00 0.0000000000e+00 -3.7813907108e+13 2.5597605500e+14 0.0000000000e+00
1.5267720329e+21 1.5458857570e+21 -1.6246972330e+20 4.9515251782e+34 0.0000000000e+00 0.0000000000e+00 0.0000000000e+00 -7.8932942361e+13 5.6037510022e+14 0.0000000000e+00
1.8453688825e+21 2.0529274377e+21 8.2780172102e+19 1.9679186802e+35 0.0000000000e+00 0.0000000000e+00 0.0000000000e+00 -5.8721996621e+13 2.3676533251e+14 0.0000000000e+00
5.4656534771e+19 1.2576881402e+20 -3.6128286056e+19 1.9482025133e+35 0.0000000000e+00 0.0000000000e+00 0.0000000000e+00 -3.6241294375e+13 6.6650946088e+14 0.0000000000e+00
2.6320699572e+21 2.5590230443e+20 -6.5096431397e+19 1.6235329065e+35 0.0000000000e+00 0.0000000000e+00 0.0000000000e+00 -2.8573325923e+12 8.3623737988e+14 0.0000000000e+00
2.8131329765e+21 2.1618639852e+21 5.2322983904e+19 1.3856958688e+35 0.0000000000e+00 0.0000000000e+00 0.0000000000e+00 -2.5785922827e+13 1.7692900949e+14 0.0000000000e+00
1.7055719481e+21 2.1755052604e+20 -2.9577353682e+19 1.2412614314e+35 0.0000000000e+00 0.0000000000e+00 0.0000000000e+00 -7.3273190254e+12 8.2573284374e+14 0.0000000000e+00
2.1024921865e+21 2.1505280440e+20 7.9972200176e+19 1.7514518131e+35 0.0000000000e+00 0.0000000000e+00 0.0000000000e+00 -2.2512050246e+13 5.7791963187e+14 0.0000000000e+00
2.7841031324e+21 3.6543378259e+19 4.6553098896e+19 7.3094180345e+34 0.0000000000e+00 0.0000000000e+00 0.0000000000e+00 -3.8653297747e+13 1.6432465697e+14 0.0000000000e+00
2.1344461984e+21 2.8867212201e+21 5.1575305435e+19 1.0463734119e+35 0.0000000000e+00 0.0000000000e+00 0.0000000000e+00 -7.6493409978e+13 3.8246865110e+14 0.0000000000e+00
4.6036283152e+20 2.2258002288e+21 -1.0306135841e+20 1.3148500907e+35 0.0000000000e+00 0.0000000000e+00 0.0000000000e+00 -3.1555802616e+13 2.0017884692e+14 0.0000000000e+00
1.7392382710e+21 1.0661127509e+21 9.1441173697e+19 9.4640261477e+34 0.0000000000e+00 0.0000000000e+00 0.0000000000e+00 -3.5655711028e+13 6.5575214949e+14 0.0000000000e+00
1.8310660100e+21 8.9494438433e+20 1.9711352582e+19 9.7524135949e+34 0.0000000000e+00 0.0000000000e+00 0.0000000000e+00 -3.7635356719e+13 7.0363498333e+14 0.0000000000e+00
1.2800263660e+21 1.0554043474e+21 -2.7861960156e+19 8.0322483667e+34 0.0000000000e+00 0.0000000000e+00 0.0000000000e+00 -4.8303400477e+13 1.3651387476e+14 0.0000000000e+00
2.2225887031e+21 2.3379043571e+21 1.0818659861e+19 1.2172375471e+35 0.0000000000e+00 0.0000000000e+00 0.0000000000e+00 -4.4623399062e+13 4.8130849435e+14 0.0000000000e+00
2.8199196506e+21 1.9960165042e+21 -1.3401694832e+20 1.7239738867e+35 0.0000000000e+00 0.0000000000e+00 0.0000000000e+00 -6.3010189519e+13 7.2576812552e+14 0.0000000000e+00
2.7933657720e+21 5.5892022382e+20 3.0832854626e+19 5.7536679015e+34 0.0000000000e+00 0.0000000000e+00 0.0000000000e+00 -4.5508013312e+13 8.4682737429e+14 0.0000000000e+00
1.3606332229e+21 5.2546197404e+20 -7.7666080292e+19 1.8723770173e+35 0.0000000000e+00 0.0000000000e+00 0.0000000000e+00 -7.5969629253e+13 4.5624873940e+14 0.0000000000e+00
3.4175242235e+20 2.9695807084e+20 -1.0205897307e+20 1.4381930223e+35 0.0000000000e+00 0.0000000000e+00 0.0000000000e+00 -1.8444685314e+13 8.8591846862e+14 0.0000000000e+00
2.9722507385e+21 1.9927936081e+21 -1.1486200060e+20 1.6756591643e+35 0.0000000000e+00 0.0000000000e+00 0.0000000000e+00 -7.7084775523e+13 4.7402459734e+14 0.0000000000e+00
2.5317944249e+21 2.3068766946e+21 8.3952337893e+19 1.2030072922e+35 0.0000000000e+00 0.0000000000e+00 0.0000000000e+00 -8.6628803431e+13 3.4391605728e+14 0.0000000000e+00
3.7623197187e+20 7.9991012068e+20 -4.7477923054e+19 1.5982239321e+35 0.0000000000e+00 0.0000000000e+00 0.0000000000e+00 -5.3372167196e+13 7.6401651914e+14 0.0000000000e+00
2.7791008017e+21 6.3211892391e+19 1.1571975571e+20 2.4739468250e+34 0.0000000000e+00 0.0000000000e+00 0.0000000000e+00 -3.2348991441e+13 4.8237229051e+14 0.0000000000e+00
2.6253472207e+21 2.4799409244e+20 -4.0426220387e+19 1.6670004720e+35 0.0000000000e+00 0.0000000000e+00 0.0000000000e+00 -5.3232922576e+13 4.4352686544e+14 0.0000000000e+00
1.5658532564e+21 2.9210015852e+21 -1.2882015790e+20 2.8975821403e+34 0.0000000000e+00 0.0000000000e+00 0.0000000000e+00 -6.8471711417e+13 4.4397439481e+14 0.0000000000e+00
1.7844692651e+21 8.9165233843e+20 -8.4241768994e+19 1.7935912481e+35 0.0000000000e+00 0.0000000000e+00 0.0000000000e+00 -4.1829171142e+13 7.7435119298e+14 0.0000000000e+00
1.2041901603e+21 2.3215154602e+21 9.3241986730e+19 1.9741864671e+35 0.0000000000e+00 0.0000000000e+00 0.0000000000e+00 -6.1821117300e+13 7.4171179939e+14 0.0000000000e+00
1.6527062596e+20 1.8852346508e+21 -1.1762517525e+19 7.3913179944e+34 0.0000000000e+00 0.0000000000e+00 0.0000000000e+00 -6.3556037462e+12 4.3213850412e+14 0.0000000000e+00
1.0116252753e+21 1.1526938325e+21 -4.1368276520e+19 5.9092263491e+34 0.0000000000e+00 0.0000000000e+00 0.0000000000e+00 -7.3234012273e+12 3.7133927753e+14 0.0000000000e+00
2.4230117079e+21 6.2076415731e+20 1.2073375141e+19 1.5731769860e+35 0.0000000000e+00 0.0000000000e+00 0.0000000000e+00 -4.7111853162e+13 4.6671077775e+14 0.0000000000e+00
1.3979445428e+19 3.6634421001e+20 3.7859507444e+19 6.6650195159e+34 0.0000000000e+00 0.0000000000e+00 0.0000000000e+00 -6.3631104211e+13 5.1907549113e+14 0.0000000000e+00
1.0065005002e+21 1.8561091375e+21 8.4307740660e+19 1.7504976659e+35 0.0000000000e+00 0.0000000000e+00 0.0000000000e+00 -2.4886410400e+13 2.7286284927e+14 0.0000000000e+00
1.2016731173e+21 2.3378447500e+21 1.0928926690e+20 4.0072405642e+34 0.0000000000e+00 0.0000000000e+00 0.0000000000e+00 -9.1197082844e+13 6.7996927565e+14 0.0000000000e+00
1.6218599297e+21 1.9433030372e+21 -2.7144544325e+19 4.4162608046e+34 0.0000000000e+00 0.0000000000e+00 0.0000000000e+00 -4.9725088845e+13 4.5945788141e+14 0.0000000000e+00
2.7761242503e+21 1.6004518381e+21 -1.0005029791e+20 1.9515146953e+35 0.0000000000e+00 0.0000000000e+00 0.0000000000e+00 -6.2832122559e+13 3.1646592401e+14 0.0000000000e+00
1.0452722110e+21 1.2660879232e+20 -3.1195946407e+19 1.4112075317e+35 0.0000000000e+00 0.0000000000e+00 0.0000000000e+00 -7.5230902569e+12 1.7816709227e+14 0.0000000000e+00
1.0471047633e+21 2.9228991308e+21 1.9638164222e+19 1.7174485217e+35 0.0000000000e+00 0.0000000000e+00 0.0000000000e+00 -9.3536439800e+13 2.0464562112e+14 0.0000000000e+00
2.2257787668e+21 2.4105194304e+21 -7.2715610983e+19 7.9268585030e+34 0.0000000000e+00 0.0000000000e+00 0.0000000000e+00 -4.2336267834e+13 8.6117649082e+14 0.0000000000e+00
1.3647937456e+21 8.8373690676e+20 -7.2217036529e+19 1.4158880848e+35 0.0000000000e+00 0.0000000000e+00 0.0000000000e+00 -2.4552104922e+13 3.3008246975e+14 0.0000000000e+00
6.7785735563e+20 2.9575504540e+21 2.5938795663e+19 1.2703458063e+35 0.0000000000e+00 0.0000000000e+00 0.0000000000e+00 -4.8754789071e+13 1.8979544650e+14 0.0000000000e+00
1.3654624597e+21 1.8164786375e+21 -3.6708199260e+18 1.2861106766e+35 0.0000000000e+00 0.0000000000e+00 0.0000000000e+00 -8.6587456006e+13 4.0060399162e+14 0.0000000000e+00
4.2510648751e+20 1.7577515825e+21 2.4745333038e+18 1.4265923949e+35 0.0000000000e+00 0.0000000000e+00 0.0000000000e+00 -2.6071573142e+12 3.5372135127e+14 0.0000000000e+00
5.3233592528e+20 2.2576848555e+21 -5.7228473003e+19 1.2369294605e+35 0.0000000000e+00 0.0000000000e+00 0.0000000000e+00 -4.5631302032e+13 7.8999119989e+13 0.0000000000e+00
1.5040739381e+21 2.4499212205e+21 -1.7383733887e+19 9.7803023266e+34 0.0000000000e+00 0.0000000000e+00 0.0000000000e+00 -3.6526068529e+13 3.3348429421e+14 0.0000000000e+00
1.2643170066e+21 1.9812524369e+21 -6.9733390735e+19 7.0702127994e+34 0.0000000000e+00 0.0000000000e+00 0.0000000000e+00 -7.2272289364e+13 4.8601109303e+14 0.0000000000e+00
2.7610049294e+21 3.8659296253e+20 6.7165470119e+19 1.5788717733e+35 0.0000000000e+00 0.0000000000e+00 0.0000000000e+00 -4.8898682488e+13 5.1586351300e+14 0.0000000000e+00
1.0937047875e+21 1.0208913331e+21 7.8109562305e+19 6.1915596249e+34 0.0000000000e+00 0.0000000000e+00 0.0000000000e+00 -5.4044015978e+13 3.4443666692e+14 0.0000000000e+00
1.7522156411e+21 2.8009564265e+21 -1.3929487421e+20 1.4439739674e+35 0.0000000000e+00 0.0000000000e+00 0.0000000000e+00 -8.7582200929e+13 3.8821723851e+14 0.0000000000e+00
1.9081736209e+21 6.7788991654e+20 -7.0131594402e+19 6.3165063194e+34 0.0000000000e+00 0.0000000000e+00 0.0000000000e+00 -8.4622302081e+13 8.3272506084e+14 0.0000000000e+00
3.9519069984e+19 1.1232000779e+21 -1.1291313230e+20 1.3253623733e+35 0.0000000000e+00 0.0000000000e+00 0.0000000000e+00 -1.5386931645e+13 4.0080760059e+14 0.0000000000e+00
2.0025557887e+21 1.3040080327e+21 -4.9044305851e+19 1.5408181285e+35 0.0000000000e+00 0.0000000000e+00 0.0000000000e+00 -7.1968373629e+13 2.4272792539e+14 0.0000000000e+00
5.3731254801e+20 1.3261242589e+21 -6.2953948207e+18 6.0577972732e+34 0.0000000000e+00 0.0000000000e+00 0.0000000000e+00 -7.6215554554e+13 2.2590460637e+14 0.0000000000e+00
2.9005102181e+21 1.8498516600e+21 -1.0937573183e+20 3.2480583332e+34 0.0000000000e+00 0.0000000000e+00 0.0000000000e+00 -4.6871419158e+13 4.3784209947e+14 0.0000000000e+00
4.4866411236e+20 2.8462028783e+21 -6.9554322900e+19 4.5050732605e+34 0.0000000000e+00 0.0000000000e+00 0.0000000000e+00 -2.1893356582e+13 7.1993253564e+14 0.0000000000e+00
1.2513356054e+21 7.2641060431e+20 -7.5748583724e+19 1.2911486987e+35 0.0000000000e+00 0.0000000000e+00 0.0000000000e+00 -8.8808149636e+13 1.8137795384e+14 0.0000000000e+00
2.5758529826e+20 3.6669115368e+20 1.5638320003e+19 1.7219774667e+35 0.0000000000e+00 0.0000000000e+00 0.0000000000e+00 -4.0064779186e+13 6.5896747428e+14 0.0000000000e+00
3.0085664921e+21 5.9596593840e+20 5.2320302294e+18 2.9835527573e+34 0.0000000000e+00 0.0000000000e+00 0.0000000000e+00 -8.3386813587e+13 2.9306803377e+13 0.0000000000e+00
1.5156245412e+21 2.6767393488e+21 -5.4455098399e+19 1.5179413990e+35 0.0000000000e+00 0.0000000000e+00 0.0000000000e+00 -9.1220930227e+13 3.6040589212e+14 0.0000000000e+00
1.7968719823e+21 1.9490570326e+21 1.3341134803e+19 8.2275150045e+34 0.0000000000e+00 0.0000000000e+00 0.0000000000e+00 -8.9679382366e+13 6.6607328094e+14 0.0000000000e+00
2.0243680876e+20 8.6286668992e+20 -4.1247012382e+19 1.0655694613e+35 0.0000000000e+00 0.0000000000e+00 0.0000000000e+00 -1.5700148216e+13 3.6759182816e+14 0.0000000000e+00
2.2633806997e+21 2.4625278618e+21 -2.0496378074e+19 1.8625136988e+35 0.0000000000e+00 0.0000000000e+00 0.0000000000e+00 -8.3504014652e+13 4.9150391407e+14 0.0000000000e+00
6.3349507996e+20 2.5996146490e+21 1.2626196021e+20 8.0621000686e+34 0.0000000000e+00 0.0000000000e+00 0.0000000000e+00 -9.0398193907e+13 1.7892822731e+14 0.0000000000e+00
2.7103278455e+21 2.5547802742e+21 1.0113778636e+20 1.0422247778e+35 0.0000000000e+00 0.0000000000e+00 0.0000000000e+00 -5.3215591564e+13 6.7367823982e+14 0.0000000000e+00
6.1911143497e+20 2.7733202785e+21 -9.8053404326e+19 2.4293864704e+34 0.0000000000e+00 0.0000000000e+00 0.0000000000e+00 -1.4769574830e+13 1.2444790696e+14 0.0000000000e+00
5.7549554096e+20 7.6126339888e+20 6.2603310929e+19 3.6312909909e+34 0.0000000000e+00 0.0000000000e+00 0.0000000000e+00 -6.9829864254e+13 7.5125632953e+14 0.0000000000e+00
1.1030689757e+20 2.2787165410e+21 6.1219870036e+19 6.7635069022e+34 0.0000000000e+00 0.0000000000e+00 0.0000000000e+00 -5.4748085703e+13 2.0879897597e+14 0.0000000000e+00
1.4246980403e+21 1.3899082028e+21 -8.6636465136e+19 2.6801477262e+34 0.0000000000e+00 0.0000000000e+00 0.0000000000e+00 -9.0893222059e+13 7.4881496773e+14 0.0000000000e+00
1.7046905402e+21 2.5411516326e+21 6.1776773221e+19 1.3360603941e+35 0.0000000000e+00 0.0000000000e+00 0.0000000000e+00 -5.2157279647e+13 3.4288989356e+14 0.0000000000e+00
1.9830867379e+20 2.1985848637e+21 1.1603696324e+20 9.7331577027e+34 0.0000000000e+00 0.0000000000e+00 0.0000000000e+00 -3.9988552339e+13 6.7045054525e+14 0.0000000000e+00
2.3405423472e+21 2.3433183935e+21 -8.4696005631e+19 1.1887693112e+35 0.0000000000e+00 0.0000000000e+00 0.0000000000e+00 -4.0623430682e+13 3.2604694427e+14 0.0000000000e+00
1.3680257033e+21 1.9802964261e+21 -6.9225587846e+19 5.2779555347e+34 0.0000000000e+00 0.0000000000e+00 0.0000000000e+00 -6.3201034257e+13 8.0335851596e+14 0.0000000000e+00
1.5826098328e+21 5.3548002626e+20 7.6782557673e+19 7.4243149575e+34 0.0000000000e+00 0.0000000000e+00 0.0000000000e+00 -6.4800390294e+13 1.3777423102e+14 0.0000000000e+00
1.3302219703e+21 1.6448912412e+21 2.0484321202e+19 1.3934851590e+35 0.0000000000e+00 0.0000000000e+00 0.0000000000e+00 -8.4578443449e+13 1.6220307130e+14 0.0000000000e+00
1.2095029177e+21 2.9717332739e+21 4.1608884967e+19 1.9270066289e+35 0.0000000000e+00 0.0000000000e+00 0.0000000000e+00 -5.9946975949e+13 4.5481470595e+14 0.0000000000e+00
1.6889945199e+21 2.8290371847e+21 2.5697456377e+19 3.0794688297e+34 0.0000000000e+00 0.0000000000e+00 0.0000000000e+00 -8.5253361113e+13 7.9235511950e+13 0.0000000000e+00
4.6851506222e+20 1.3029833464e+20 2.9478007234e+19 1.7944246714e+35 0.0000000000e+00 0.0000000000e+00 0.0000000000e+00 -2.2097015445e+13 2.3956172003e+14 0.0000000000e+00
5.4905909783e+20 4.9741111387e+20 -1.0008232208e+20 1.2396229706e+35 0.0000000000e+00 0.0000000000e+00 0.0000000000e+00 -3.1929066641e+12 8.9562094688e+14 0.0000000000e+00
2.6008690042e+21 3.9755743829e+20 7.9020120965e+19 1.2166849632e+35 0.0000000000e+00 0.0000000000e+00 0.0000000000e+00 -2.8331349789e+12 9.2386275855e+14 0.0000000000e+00
2.8553764647e+21 2.1910073683e+21 8.8245564929e+19 1.1040603979e+35 0.0000000000e+00 0.0000000000e+00 0.0000000000e+00 -1.2774096823e+13 4.0249242128e+14 0.0000000000e+00
1.1266475165e+21 2.4680761255e+21 -1.7307531640e+19 3.4153074382e+34 0.0000000000e+00 0.0000000000e+00 0.0000000000e+00 -3.7794125004e+13 8.4356933029e+14 0.0000000000e+00
8.1710742355e+20 6.4437730353e+20 -3.2803358635e+18 3.7777878287e+34 0.0000000000e+00 0.0000000000e+00 0.0000000000e+00 -2.8319882018e+13 5.3057361598e+14 0.0000000000e+00
1.9435906215e+21 1.5266634273e+21 -1.1552206107e+20 1.2821499195e+35 0.0000000000e+00 0.0000000000e+00 0.0000000000e+00 -6.7671568084e+13 2.5683670262e+14 0.0000000000e+00
1.2335597284e+21 2.5372417385e+21 3.8800521342e+19 8.2211428206e+34 0.0000000000e+00 0.0000000000e+00 0.0000000000e+00 -3.4955998165e+13 6.5819928460e+14 0.0000000000e+00
7.6616021383e+19 2.2115950621e+21 4.3161733977e+19 1.8420004272e+35 0.0000000000e+00 0.0000000000e+00 0.0000000000e+00 -5.1535181336e+13 6.0455832925e+14 0.0000000000e+00
4.7126853885e+20 1.6364718862e+21 -4.6923122326e+18 9.3826217358e+34 0.0000000000e+00 0.0000000000e+00 0.0000000000e+00 -4.9038868795e+13 8.8842330280e+14 0.0000000000e+00
2.1608041867e+21 1.7816693298e+21 8.4832461002e+19 4.7228810328e+34 0.0000000000e+00 0.0000000000e+00 0.0000000000e+00 -2.2931971255e+13 2.9757574823e+14 0.0000000000e+00
1.9886324567e+21 1.5342321306e+21 -2.5206127077e+19 1.4835521311e+35 0.0000000000e+00 0.0000000000e+00 0.0000000000e+00 -6.7982799904e+13 5.9932179405e+14 0.0000000000e+00
8.1775705376e+19 8.9800122608e+20 4.2599517109e+19 7.3786817242e+34 0.0000000000e+00 0.0000000000e+00 0.0000000000e+00 -6.4563099450e+13 7.4436811546e+13 0.0000000000e+00
6.6991198471e+20 1.7052363744e+21 -7.6933674354e+19 1.1486418938e+35 0.0000000000e+00 0.0000000000e+00 0.0000000000e+00 -7.1343726368e+12 1.8437112559e+14 0.0000000000e+00
6.9738373610e+20 2.0790558416e+21 -1.7770097835e+18 1.4536691489e+35 0.0000000000e+00 0.0000000000e+00 0.0000000000e+00 -8.9349888578e+13 8.6615831742e+12 0.0000000000e+00
2.0277723002e+21 2.6356885601e+21 -1.3155028759e+19 1.8119087861e+35 0.0000000000e+00 0.0000000000e+00 0.0000000000e+00 -4.8696441193e+13 8.9757202930e+14 0.0000000000e+00
5.9486402943e+19 1.9203273063e+21 1.6999482718e+19 1.6206537902e+35 0.0000000000e+00 0.0000000000e+00 0.0000000000e+00 -8.2553923831e+12 7.6999888309e+14 0.0000000000e+00
3.1419970043e+20 2.2970647988e+21 -2.7880806780e+19 1.4156709769e+35 0.0000000000e+00 0.0000000000e+00 0.0000000000e+00 -3.6888025033e+13 7.2811621063e+14 0.0000000000e+00
2.4141467457e+21 4.8309619429e+20 -9.9196073434e+18 1.4214615882e+35 0.0000000000e+00 0.0000000000e+00 0.0000000000e+00 -4.2942912345e+13 4.8604464068e+14 0.0000000000e+00
5.3884779008e+20 1.3929804578e+21 6.2325259085e+19 1.8927135363e+35 0.0000000000e+00 0.0000000000e+00 0.0000000000e+00 -7.1028819269e+13 2.7931769907e+14 0.0000000000e+00
1.9699877535e+21 2.8162828638e+19 -3.2953861700e+19 7.4224049024e+34 0.0000000000e+00 0.0000000000e+00 0.0000000000e+00 -6.2173948279e+13 1.6138437187e+14 0.0000000000e+00
7.1883563320e+20 7.4447681313e+20 -1.2121624225e+20 2.2069314199e+34 0.0000000000e+00 0.0000000000e+00 0.0000000000e+00 -1.4006990740e+13 3.2322440080e+14 0.0000000000e+00
3.0011412335e+20 2.1924614562e+21 1.3200610557e+20 6.9999893184e+34 0.0000000000e+00 0.0000000000e+00 0.0000000000e+00 -4.1730053655e+13 3.7329098104e+14 0.0000000000e+00
7.3389367244e+20 2.9932824332e+21 1.0423071024e+20 6.0432414516e+34 0.0000000000e+00 0.0000000000e+00 0.0000000000e+00 -4.5940715239e+13 6.9315003571e+14 0.0000000000e+00
2.1798016003e+21 2.9931950455e+20 -9.7501220346e+19 1.3899636814e+35 0.0000000000e+00 0.0000000000e+00 0.0000000000e+00 -8.5245309696e+13 4.6924912378e+14 0.0000000000e+00
2.5824919407e+21 1.2117098453e+21 5.2038453906e+19 1.3401948621e+35 0.0000000000e+00 0.0000000000e+00 0.0000000000e+00 -9.3155369550e+13 6.7537757372e+13 0.0000000000e+00
2.5056035513e+21 2.4146141835e+21 -3.7949446438e+19 1.2689646654e+35 0.0000000000e+00 0.0000000000e+00 0.0000000000e+00 -3.4380248685e+12 1.0659648597e+14 0.0000000000e+00
1.1986998924e+21 6.1577954531e+20 1.9880110397e+19 2.4747086012e+34 0.0000000000e+00 0.0000000000e+00 0.0000000000e+00 -5.8982463982e+13 1.2288300172e+14 0.0000000000e+00
2.0162809422e+21 1.6752463770e+21 2.2199210534e+19 1.5084325206e+35 0.0000000000e+00 0.0000000000e+00 0.0000000000e+00 -3.7564930414e+13 4.0687543318e+14 0.0000000000e+00
6.1864260356e+20 2.2124091714e+21 -1.7686068534e+19 7.9127193433e+34 0.0000000000e+00 0.0000000000e+00 0.0000000000e+00 -8.7125950819e+13 8.0267872676e+14 0.0000000000e+00
8.8471984993e+20 1.8590440889e+21 -5.9135119468e+19 1.3956645509e+35 0.0000000000e+00 0.0000000000e+00 0.0000000000e+00 -3.0000457851e+13 6.0777444076e+14 0.0000000000e+00
2.7051415003e+21 5.6745864907e+20 -5.2101322397e+19 1.2036934625e+35 0.0000000000e+00 0.0000000000e+00 0.0000000000e+00 -6.3840985000e+12 7.7148862898e+14 0.0000000000e+00
3.9239805155e+19 1.0725506283e+21 -6.9126680023e+19 8.2525078995e+34 0.0000000000e+00 0.0000000000e+00 0.0000000000e+00 -4.0172958636e+13 4.5187673976e+14 0.0000000000e+00
2.5806474612e+20 2.3654836056e+21 -6.2760985611e+19 4.5688265815e+34 0.0000000000e+00 0.0000000000e+00 0.0000000000e+00 -8.2733109308e+13 3.2009915754e+14 0.0000000000e+00
6.2740071803e+20 1.6726556197e+21 -5.0686019842e+18 3.8581677243e+34 0.0000000000e+00 0.0000000000e+00 0.0000000000e+00 -3.9599594174e+13 1.4743630708e+14 0.0000000000e+00
8.0074191291e+19 1.5782973673e+19 -5.4004091178e+19 1.6902504285e+35 0.0000000000e+00 0.0000000000e+00 0.0000000000e+00 -2.2120563563e+13 8.1889552284e+14 0.0000000000e+00
5.4757214310e+20 2.2966701138e+21 5.1460828358e+19 1.8439992428e+35 0.0000000000e+00 0.0000000000e+00 0.0000000000e+00 -5.6196208516e+13 7.0577216665e+14 0.0000000000e+00
1.7596194310e+21 1.0656966921e+20 1.1221272242e+20 1.3686451058e+35 0.0000000000e+00 0.0000000000e+00 0.0000000000e+00 -1.1376096857e+13 2.2654260242e+14 0.0000000000e+00
1.2718592937e+21 2.2506245563e+21 -4.3765017061e+19 4.0177086515e+34 0.0000000000e+00 0.0000000000e+00 0.0000000000e+00 -3.3260168493e+13 4.9788690871e+14 0.0000000000e+00
2.6940832240e+21 6.1108633058e+20 1.8063069565e+19 9.3018653477e+34 0.0000000000e+00 0.0000000000e+00 0.0000000000e+00 -9.5383870086e+12 5.0040465243e+14 0.0000000000e+00
2.4670446693e+21 2.8914657630e+21 3.7701241572e+19 1.5087176976e+35 0.0000000000e+00 0.0000000000e+00 0.0000000000e+00 -3.5643806369e+13 5.9164150157e+14 0.0000000000e+00
1.0316047674e+21 1.1104451874e+21 3.5612571341e+19 1.5987622394e+35 0.0000000000e+00 0.0000000000e+00 0.0000000000e+00 -8.2243400084e+13 8.1863286311e+14 0.0000000000e+00
7.8293992210e+20 9.8667961811e+20 5.7308249643e+18 4.2793478300e+34 0.0000000000e+00 0.0000000000e+00 0.0000000000e+00 -6.5353418573e+13 5.2331665319e+14 0.0000000000e+00
1.1459116878e+21 4.4934413590e+20 5.6035388465e+19 2.1877944848e+34 0.0000000000e+00 0.0000000000e+00 0.0000000000e+00 -7.5568307223e+13 4.7939942407e+14 0.0000000000e+00
1.7815101365e+21 9.2231352235e+20 3.6385683480e+19 1.4789831809e+35 0.0000000000e+00 0.0000000000e+00 0.0000000000e+00 -8.6316507470e+12 1.2891906594e+14 0.0000000000e+00
8.0901606800e+20 2.6457319992e+21 -9.3381629765e+19 8.4978791291e+34 0.0000000000e+00 0.0000000000e+00 0.0000000000e+00 -2.2683596510e+13 1.2558984555e+14 0.0000000000e+00
1.8836814039e+21 3.0069370310e+21 6.5577825058e+19 6.6907682649e+34 0.0000000000e+00 0.0000000000e+00 0.0000000000e+00 -3.0636272500e+13 2.2366633525e+14 0.0000000000e+00
1.2356043663e+21 1.1115581631e+21 6.6946093672e+19 2.4154954186e+34 0.0000000000e+00 0.0000000000e+00 0.0000000000e+00 -6.6179475815e+13 5.6160214053e+13 0.0000000000e+00
1.6660783918e+21 1.3539068842e+21 -5.7589936560e+19 1.1748847254e+35 0.0000000000e+00 0.0000000000e+00 0.0000000000e+00 -7.7248766105e+13 6.5080173400e+14 0.0000000000e+00
1.3162298649e+21 2.1792100915e+21 2.8624096845e+18 1.7249935922e+35 0.0000000000e+00 0.0000000000e+00 0.0000000000e+00 -2.3057457437e+13 6.8793268940e+14 0.0000000000e+00
8.8869766230e+20 2.6745388654e+21 5.1557172508e+19 1.9134312400e+35 0.0000000000e+00 0.0000000000e+00 0.0000000000e+00 -4.9782939621e+13 1.6081728242e+14 0.0000000000e+00
2.8624320804e+21 1.7898078006e+21 -1.5792727687e+19 1.2199153172e+35 0.0000000000e+00 0.0000000000e+00 0.0000000000e+00 -7.3296670887e+13 7.3376150415e+14 0.0000000000e+00
2.3045622868e+21 1.1816245571e+21 8.0956193704e+19 1.1291594701e+35 0.0000000000e+00 0.0000000000e+00 0.0000000000e+00 -3.6295470786e+13 1.9026357509e+14 0.0000000000e+00
4.2286156446e+20 1.2452927157e+21 1.7835417972e+20 3.6924807709e+34 0.0000000000e+00 0.0000000000e+00 0.0000000000e+00 -9.0854281283e+13 2.6043674373e+14 0.0000000000e+00
2.6210363513e+21 2.0993755661e+21 -5.9302646162e+19 1.1900569317e+35 0.0000000000e+00 0.0000000000e+00 0.0000000000e+00 -6.3793348765e+13 2.4302151285e+14 0.0000000000e+00
1.4710673563e+21 9.7127195577e+18 -1.0419981531e+20 8.9116828055e+34 0.0000000000e+00 0.0000000000e+00 0.0000000000e+00 -5.0313197362e+13 3.6158580197e+14 0.0000000000e+00
2.6997586208e+21 1.8699206205e+21 2.2923113038e+19 1.2931631549e+35 0.0000000000e+00 0.0000000000e+00 0.0000000000e+00 -8.0665170227e+13 2.3099521575e+14 0.0000000000e+00
2.4139631624e+21 1.0728779055e+21 5.4441891012e+19 9.0664818925e+34 0.0000000000e+00 0.0000000000e+00 0.0000000000e+00 -1.4528035739e+12 5.0983317584e+14 0.0000000000e+00
1.2832943565e+21 2.3968875458e+21 -1.7418867907e+19 6.4397878847e+34 0.0000000000e+00 0.0000000000e+00 0.0000000000e+00 -7.4876967022e+13 3.6692983681e+14 0.0000000000e+00
6.7812372510e+19 2.8064575099e+20 1.0964851705e+20 3.8678368850e+34 0.0000000000e+00 0.0000000000e+00 0.0000000000e+00 -8.2331904190e+13 8.5295256059e+14 0.0000000000e+00
8.1086827062e+20 1.7751944417e+21 -1.0099780759e+20 7.7603146577e+34 0.0000000000e+00 0.0000000000e+00 0.0000000000e+00 -7.5403583591e+13 6.6921553852e+13 0.0000000000e+00
1.6346520598e+21 1.4515761817e+21 5.2280710108e+19 3.8975597862e+34 0.0000000000e+00 0.0000000000e+00 0.0000000000e+00 -2.1863629153e+13 1.9395555194e+14 0.0000000000e+00
1.9118372674e+21 1.9385384372e+21 -4.5712198926e+19 5.3177692823e+34 0.0000000000e+00 0.0000000000e+00 0.0000000000e+00 -5.4388987821e+13 8.5294389779e+13 0.0000000000e+00
7.7830503464e+20 1.9572814815e+20 1.2972706302e+20 1.9659988635e+35 0.0000000000e+00 0.0000000000e+00 0.0000000000e+00 -4.1143289819e+13 5.8678075474e+14 0.0000000000e+00
4.2057663155e+20 1.7503910705e+21 1.5033528340e+20 1.0046483935e+35 0.0000000000e+00 0.0000000000e+00 0.0000000000e+00 -9.2683804282e+13 4.8433908986e+13 0.0000000000e+00
2.5198194547e+21 1.6945604865e+21 -5.7844239548e+19 1.1599704587e+35 0.0000000000e+00 0.0000000000e+00 0.0000000000e+00 -9.1413091610e+13 7.1595253611e+14 0.0000000000e+00
2.9709257814e+21 1.6920721649e+21 -4.1464085904e+19 1.7647545042e+35 0.0000000000e+00 0.0000000000e+00 0.0000000000e+00 -5.2465246886e+13 4.7840752547e+14 0.0000000000e+00
1.5865329702e+21 1.8213257778e+21 6.4855906073e+19 1.9805682216e+35 0.0000000000e+00 0.0000000000e+00 0.0000000000e+00 -1.7357761491e+13 5.2635462547e+14 0.0000000000e+00
5.1812808469e+20 2.0415802345e+21 -2.9209007527e+19 1.2499459809e+35 0.0000000000e+00 0.0000000000e+00 0.0000000000e+00 -1.0864756684e+13 5.6231756390e+14 0.0000000000e+00
8.2182351144e+20 2.4294568010e+21 -3.4262763930e+18 1.6565476453e+35 0.0000000000e+00 0.0000000000e+00 0.0000000000e+00 -8.6464046467e+13 1.5375146022e+14 0.0000000000e+00
5.5503061820e+19 8.1431893335e+20 1.9155563299e+18 7.9730764223e+34 0.0000000000e+00 0.0000000000e+00 0.0000000000e+00 -4.3704457707e+13 2.1941139305e+14 0.0000000000e+00
2.7593537982e+21 2.4899991199e+21 -1.4483933964e+20 7.5979551547e+34 0.0000000000e+00 0.0000000000e+00 0.0000000000e+00 -8.2147885568e+12 3.5810796925e+14 0.0000000000e+00
3.5537276816e+20 1.5037356491e+21 -1.0440579428e+18 9.3138373379e+34 0.0000000000e+00 0.0000000000e+00 0.0000000000e+00 -5.7942333017e+13 5.4242217426e+14 0.0000000000e+00
1.7399267231e+21 2.3256188643e+20 -5.2039960553e+19 1.4088509565e+35 0.0000000000e+00 0.0000000000e+00 0.0000000000e+00 -1.6135479954e+13 2.5756926365e+14 0.0000000000e+00
8.2709865603e+20 1.7670670446e+20 -3.7206116950e+19 1.4259893389e+35 0.0000000000e+00 0.0000000000e+00 0.0000000000e+00 -8.2015458050e+13 1.1177839498e+14 0.0000000000e+00
1.6725092116e+21 1.0087312458e+21 1.0892203466e+20 7.7659951700e+34 0.0000000000e+00 0.0000000000e+00 0.0000000000e+00 -6.1163845586e+12 9.1514955312e+14 0.0000000000e+00
1.9659867320e+21 2.3688190769e+21 -9.4803445173e+19 4.5446466179e+34 0.0000000000e+00 0.0000000000e+00 0.0000000000e+00 -2.3533450544e+13 8.9869069070e+13 0.0000000000e+00
2.5041607636e+21 2.1357810610e+21 6.1356331340e+19 1.3378671191e+35 0.0000000000e+00 0.0000000000e+00 0.0000000000e+00 -5.5540372986e+12 7.7306126094e+14 0.0000000000e+00
6.2297939817e+20 2.3800399634e+21 -2.1047753094e+19 4.4582141167e+34 0.0000000000e+00 0.0000000000e+00 0.0000000000e+00 -3.0615551971e+13 7.3550669501e+14 0.0000000000e+00
3.3185410891e+19 1.5611180123e+21 -2.1107904713e+19 1.2424744760e+35 0.0000000000e+00 0.0000000000e+00 0.0000000000e+00 -6.0268332227e+13 2.8764729899e+14 0.0000000000e+00
4.1312083155e+20 1.3285205758e+21 5.9633559557e+19 1.4458636755e+35 0.0000000000e+00 0.0000000000e+00 0.0000000000e+00 -5.8525614898e+12 2.0438160194e+14 0.0000000000e+00
2.7162562611e+21 4.4501172560e+20 2.5656870175e+19 1.4585865913e+35 0.0000000000e+00 0.0000000000e+00 0.0000000000e+00 -6.8584121700e+13 1.5017232399e+14 0.0000000000e+00
2.6374002541e+21 9.9048573039e+20 4.3052750640e+19 1.5521332161e+35 0.0000000000e+00 0.0000000000e+00 0.0000000000e+00 -6.3225097253e+13 6.2569793886e+14 0.0000000000e+00
1.8029927423e+21 1.3098704471e+21 7.3049532637e+19 1.7634111238e+35 0.0000000000e+00 0.0000000000e+00 0.0000000000e+00 -2.8325304804e+13 6.1405419373e+14 0.0000000000e+00
1.8123598848e+21 2.6739609677e+20 -2.4997217511e+19 1.1034949071e+35 0.0000000000e+00 0.0000000000e+00 0.0000000000e+00 -2.2218163038e+13 7.3939715899e+14 0.0000000000e+00
2.0070806838e+21 6.6580687328e+20 -4.6193261619e+19 1.5110359659e+35 0.0000000000e+00 0.0000000000e+00 0.0000000000e+00 -6.6835698542e+12 8.8677493799e+14 0.0000000000e+00
5.2927051889e+20 1.8054439375e+21 -8.1874607229e+19 1.3144656550e+35 0.0000000000e+00 0.0000000000e+00 0.0000000000e+00 -7.5283582488e+13 6.0894952541e+14 0.0000000000e+00
2.7596952528e+21 2.2202312788e+21 -6.2277224487e+19 5.4901894758e+34 0.0000000000e+00 0.0000000000e+00 0.0000000000e+00 -1.9124091611e+13 2.0834282054e+14 0.0000000000e+00
1.2638494441e+21 3.0130127894e+21 2.2250917439e+20 2.6418765947e+34 0.0000000000e+00 0.0000000000e+00 0.0000000000e+00 -2.4752577196e+13 2.7734677032e+14 0.0000000000e+00
1.1563120783e+21 2.8161360340e+21 9.3911074367e+19 7.2227364680e+34 0.0000000000e+00 0.0000000000e+00 0.0000000000e+00 -8.8633190735e+13 7.2363515706e+14 0.0000000000e+00
1.5660936345e+21 1.9392617722e+21 -1.0193856093e+20 1.0027550952e+35 0.0000000000e+00 0.0000000000e+00 0.0000000000e+00 -5.8013300997e+13 2.1499982931e+14 0.0000000000e+00
1.4174328773e+20 1.2713266248e+21 -9.9779452836e+19 1.3108080865e+35 0.0000000000e+00 0.0000000000e+00 0.0000000000e+00 -6.7902602437e+13 8.8563214840e+13 0.0000000000e+00
5.0184320691e+20 1.9199832867e+21 3.6356794357e+19 1.7228851810e+35 0.0000000000e+00 0.0000000000e+00 0.0000000000e+00 -6.5845838953e+13 6.2806038815e+14 0.0000000000e+00
2.2273854544e+21 2.3710965834e+21 4.1291128962e+19 5.6601814482e+34 0.0000000000e+00 0.0000000000e+00 0.0000000000e+00 -1.6144666613e+12 4.3603300767e+14 0.0000000000e+00
2.4988637980e+20 3.5713862421e+20 4.1413285375e+19 4.4090863878e+34 0.0000000000e+00 0.0000000000e+00 0.0000000000e+00 -3.3819262489e+13 8.4477844849e+14 0.0000000000e+00
1.8203130664e+21 1.2370929571e+21 -1.9236414624e+19 1.9237808897e+35 0.0000000000e+00 0.0000000000e+00 0.0000000000e+00 -2.6728388648e+13 6.2199762600e+14 0.0000000000e+00
7.4046361302e+20 2.5345232980e+21 -9.4655239172e+18 4.0992989866e+34 0.0000000000e+00 0.0000000000e+00 0.0000000000e+00 -2.2136737460e+12 1.6950108646e+14 0.0000000000e+00
1.1748941632e+21 1.1584078489e+21 2.4738510098e+19 1.0655034524e+35 0.0000000000e+00 0.0000000000e+00 0.0000000000e+00 -5.8962051090e+13 8.4333686589e+14 0.0000000000e+00
8.7127769757e+20 1.7259105146e+21 6.4806273248e+18 1.2549883074e+35 0.0000000000e+00 0.0000000000e+00 0.0000000000e+00 -1.8760346100e+13 2.9621751488e+14 0.0000000000e+00
1.0734202583e+21 1.7738879311e+21 -1.6744621312e+20 1.1767871616e+35 0.0000000000e+00 0.0000000000e+00 0.0000000000e+00 -5.3534537017e+13 3.2846191894e+14 0.0000000000e+00
2.1700805418e+21 5.5674933196e+20 -1.7338382127e+19 3.7097488515e+34 0.0000000000e+00 0.0000000000e+00 0.0000000000e+00 -1.2351612595e+13 4.2506926464e+14 0.0000000000e+00
8.9671333775e+20 1.0932265629e+21 -6.4238615465e+19 3.1964474787e+34 0.0000000000e+00 0.0000000000e+00 0.0000000000e+00 -7.7569444723e+13 6.0749283395e+13 0.0000000000e+00
1.7094092044e+21 1.0095550694e+21 1.3219701557e+19 4.0539750248e+34 0.0000000000e+00 0.0000000000e+00 0.0000000000e+00 -4.9526960960e+12 5.1277865130e+14 0.0000000000e+00
1.4367201138e+21 7.9061666350e+19 2.2523779175e+20 1.2550307004e+35 0.0000000000e+00 0.0000000000e+00 0.0000000000e+00 -7.3961069804e+13 1.2578589177e+14 0.0000000000e+00
2.0029595771e+21 7.3010743424e+19 2.7726491660e+19 1.1820439514e+35 0.0000000000e+00 0.0000000000e+00 0.0000000000e+00 -6.3788591187e+13 3.7253306071e+14 0.0000000000e+00
2.8273521533e+21 2.5100616778e+21 -2.3655814822e+19 6.3237260916e+34 0.0000000000e+00 0.0000000000e+00 0.0000000000e+00 -2.3081963859e+13 3.7041493469e+14 0.0000000000e+00
2.2109025894e+21 8.2412770450e+20 6.9549923324e+19 1.3473842810e+35 0.0000000000e+00 0.0000000000e+00 0.0000000000e+00 -5.7394898234e+13 6.9578031362e+14 0.0000000000e+00
6.4869006259e+20 1.5635617165e+21 3.6418801090e+19 1.6699860670e+35 0.0000000000e+00 0.0000000000e+00 0.0000000000e+00 -3.7091725970e+13 7.4192668495e+14 0.0000000000e+00
9.4110701615e+19 9.0155378109e+20 3.1696129305e+19 2.9230673843e+34 0.0000000000e+00 0.0000000000e+00 0.0000000000e+00 -5.2583781848e+13 1.7280526234e+14 0.0000000000e+00
7.9151288570e+20 2.8389699618e+21 4.5786877258e+19 1.1002580680e+35 0.0000000000e+00 0.0000000000e+00 0.0000000000e+00 -2.4390559420e+13 3.8260408585e+14 0.0000000000e+00
1.7959451949e+21 7.8255761826e+20 1.5516621197e+20 1.4385872344e+35 0.0000000000e+00 0.0000000000e+00 0.0000000000e+00 -7.3056041011e+13 3.3973426128e+14 0.0000000000e+00
1.5520310510e+20 1.2967042608e+21 -8.5325532445e+19 6.6523766427e+34 0.0000000000e+00 0.0000000000e+00 0.0000000000e+00 -8.9138418666e+13 1.3454443742e+14 0.0000000000e+00
1.4980333341e+21 2.6338998960e+21 3.5735540195e+19 7.6338257423e+34 0.0000000000e+00 0.0000000000e+00 0.0000000000e+00 -6.6277644139e+13 7.0872161680e+14 0.0000000000e+00
1.8012717180e+21 2.5409555046e+21 -6.9895456257e+19 1.3046707463e+35 0.0000000000e+00 0.0000000000e+00 0.0000000000e+00 -4.9768670633e+13 6.4750170411e+14 0.0000000000e+00
1.0087480625e+21 5.6165407906e+20 4.1913429167e+19 1.8077875127e+35 0.0000000000e+00 0.0000000000e+00 0.0000000000e+00 -7.8765871203e+13 1.7812271980e+14 0.0000000000e+00
2.3266130309e+21 2.4223775090e+21 -6.9314897292e+19 1.6520360096e+35 0.0000000000e+00 0.0000000000e+00 0.0000000000e+00 -6.1083147156e+13 3.4605696202e+14 0.0000000000e+00
3.2171352796e+20 1.3828080242e+21 -3.1490326087e+19 1.2506817623e+35 0.0000000000e+00 0.0000000000e+00 0.0000000000e+00 -5.6805287706e+13 1.2801923391e+14 0.0000000000e+00
2.2676582528e+20 1.4576000560e+21 -2.2264534029e+19 1.5109873495e+35 0.0000000000e+00 0.0000000000e+00 0.0000000000e+00 -8.9239353461e+13 5.4070014427e+14 0.0000000000e+00
2.1976736662e+21 4.0284255675e+20 7.3625371475e+19 8.6434586063e+34 0.0000000000e+00 0.0000000000e+00 0.0000000000e+00 -3.9449469554e+13 1.5863890989e+14 0.0000000000e+00
1.4953927923e+21 2.4325536852e+20 6.9297387795e+19 1.3530320287e+35 0.0000000000e+00 0.0000000000e+00 0.0000000000e+00 -1.0949531512e+13 9.2379360372e+14 0.0000000000e+00
2.0775984324e+21 2.1969208284e+21 -9.3989376053e+19 1.0437195548e+35 0.0000000000e+00 0.0000000000e+00 0.0000000000e+00 -8.0306873551e+13 6.7955014773e+14 0.0000000000e+00
1.3123089079e+21 1.4983197578e+21 4.1447786749e+18 5.5485217666e+34 0.0000000000e+00 0.0000000000e+00 0.0000000000e+00 -3.8076641509e+13 3.8910094390e+14 0.0000000000e+00
7.4364133632e+20 1.3184154205e+21 -5.3537800041e+19 1.4605806323e+35 0.0000000000e+00 0.0000000000e+00 0.0000000000e+00 -3.1740078201e+13 5.5590112883e+14 0.0000000000e+00
2.4720507947e+21 2.2016558341e+21 -9.4954195510e+19 1.2034920880e+35 0.0000000000e+00 0.0000000000e+00 0.0000000000e+00 -5.4973211668e+13 8.1621312182e+14 0.0000000000e+00
2.4126371227e+21 2.3103179292e+21 -1.6373936455e+19 8.5337224303e+34 0.0000000000e+00 0.0000000000e+00 0.0000000000e+00 -2.8297928331e+13 5.3849804485e+14 0.0000000000e+00
2.0965939490e+21 4.7958485003e+20 -2.3275026389e+19 1.8315081846e+35 0.0000000000e+00 0.0000000000e+00 0.0000000000e+00 -5.5787694729e+13 1.8756744800e+14 0.0000000000e+00
8.2133402416e+20 1.8416595011e+21 1.8309575889e+20 2.5577187562e+34 0.0000000000e+00 0.0000000000e+00 0.0000000000e+00 -4.6897374963e+13 3.7045158842e+14 0.0000000000e+00
1.7813161526e+21 4.0849862031e+20 3.2666818823e+19 7.7754402715e+34 0.0000000000e+00 0.0000000000e+00 0.0000000000e+00 -9.3976666684e+13 7.1910209992e+14 0.0000000000e+00
1.0894192210e+21 2.2676500096e+21 -1.0394124043e+20 3.1938723002e+34 0.0000000000e+00 0.0000000000e+00 0.0000000000e+00 -2.9185719979e+13 6.1439213020e+14 0.0000000000e+00
2.7639469730e+20 1.9826906616e+21 -4.2612198615e+19 1.5752368148e+35 0.0000000000e+00 0.0000000000e+00 0.0000000000e+00 -3.2061636825e+13 6.1706425861e+14 0.0000000000e+00
2.7684523707e+21 2.8870629264e+21 7.7063369640e+19 1.4612339649e+35 0.0000000000e+00 0.0000000000e+00 0.0000000000e+00 -9.1037281421e+13 7.4221527293e+14 0.0000000000e+00
4.1291862811e+20 2.0811529336e+20 1.5757300721e+20 8.0511406585e+34 0.0000000000e+00 0.0000000000e+00 0.0000000000e+00 -5.9809531233e+13 7.9657766104e+14 0.0000000000e+00
2.8678163338e+21 1.7219114843e+20 -1.1966244091e+20 1.4144354438e+35 0.0000000000e+00 0.0000000000e+00 0.0000000000e+00 -1.9851143431e+12 8.7640172936e+14 0.0000000000e+00
1.3460454228e+21 8.5164059142e+20 -1.4184029486e+20 9.1940917090e+34 0.0000000000e+00 0.0000000000e+00 0.0000000000e+00 -5.4840491559e+13 1.2064905677e+14 0.0000000000e+00
