1000
1.6421722739e+21 3.6143557869e+20 -5.0135751871e+17 1.0952811894e+35 0.0000000000e+00 0.0000000000e+00 0.0000000000e+00 -4.4625933117e+13 9.5495630141e+13 0.0000000000e+00
2.2348577350e+21 1.6053737263e+21 -2.7017094214e+18 9.7560473584e+34 0.0000000000e+00 0.0000000000e+00 0.0000000000e+00 -3.8804825971e+13 3.9549688937e+14 0.0000000000e+00
2.2844052186e+21 8.5865709450e+20 9.2597809876e+18 1.9105786218e+35 0.0000000000e+00 0.0000000000e+00 0.0000000000e+00 -6.6456357901e+13 2.5889652662e+14 0.0000000000e+00
1.8310694975e+21 1.4203069519e+20 -9.1306609950e+18 5.9873856958e+34 0.0000000000e+00 0.0000000000e+00 0.0000000000e+00 -9.1353103095e+13 8.5480838486e+14 0.0000000000e+00
5.0336417758e+20 2.0176739259e+21 3.3090807500e+18 1.1330579655e+35 0.0000000000e+00 0.0000000000e+00 0.0000000000e+00 -9.1145870811e+13 2.6626247057e+14 0.0000000000e+00
2.4066152318e+21 2.6038422064e+21 -1.0336850903e+19 1.5212438242e+35 0.0000000000e+00 0.0000000000e+00 0.0000000000e+00 -9.2178424289e+13 7.5613424756e+14 0.0000000000e+00
2.1732960045e+21 4.9164021121e+20 8.0382639742e+18 1.2041641715e+35 0.0000000000e+00 0.0000000000e+00 0.0000000000e+00 -2.4697798213e+13 6.4616347214e+14 0.0000000000e+00
2.5995775853e+20 2.4518644187e+21 -1.9469534153e+18 1.8627992124e+35 0.0000000000e+00 0.0000000000e+00 0.0000000000e+00 -6.4565930818e+13 3.2058646840e+14 0.0000000000e+00
1.3997780509e+21 2.5755483238e+21 9.5714605130e+18 8.8760993407e+34 0.0000000000e+00 0.0000000000e+00 0.0000000000e+00 -1.9284831754e+13 5.3850926172e+14 0.0000000000e+00
5.2506379176e+20 2.7594794560e+21 3.7077092467e+18 1.0392851045e+35 0.0000000000e+00 0.0000000000e+00 0.0000000000e+00 -5.3799444715e+13 7.5705632258e+14 0.0000000000e+00
1.0185057240e+21 8.0063039886e+20 -9.2291966358e+18 3.7538168020e+34 0.0000000000e+00 0.0000000000e+00 0.0000000000e+00 -5.1786201400e+13 7.9556515045e+14 0.0000000000e+00
5.4568736277e+19 2.7281303507e+21 1.0748816239e+19 1.2964615468e+35 0.0000000000e+00 0.0000000000e+00 0.0000000000e+00 -4.6116767949e+13 1.8522046730e+14 0.0000000000e+00
1.2081955429e+21 9.6776019379e+20 1.1704145535e+19 7.2876942128e+34 0.0000000000e+00 0.0000000000e+00 0.0000000000e+00 -2.7168115537e+13 3.5683974521e+14 0.0000000000e+00
1.6595285480e+21 1.6669561246e+21 6.6568515867e+18 5.0242155397e+34 0.0000000000e+00 0.0000000000e+00 0.0000000000e+00 -6.8779517884e+13 3.1152193598e+14 0.0000000000e+00
1.8699002652e+21 1.5243154697e+20 -5.7461804417e+18 1.1823738299e+35 0.0000000000e+00 0.0000000000e+00 0.0000000000e+00 -8.3161785175e+13 4.7335501954e+13 0.0000000000e+00
2.0024138616e+21 1.3243312470e+20 -2.3088752856e+18 1.1607464599e+35 0.0000000000e+00 0.0000000000e+00 0.0000000000e+00 -4.2029295117e+13 5.6237509900e+14 0.0000000000e+00
2.5239271829e+21 2.1740863560e+21 1.0972483553e+18 3.5299397491e+34 0.0000000000e+00 0.0000000000e+00 0.0000000000e+00 -6.3716912870e+13 7.5930975835e+14 0.0000000000e+00
6.5026705416e+20 1.3414405735e+21 -5.3094949630e+18 1.4543463506e+35 0.0000000000e+00 0.0000000000e+00 0.0000000000e+00 -5.2780908359e+13 3.6701433297e+14 0.0000000000e+00
3.6361414012e+20 7.7349038886e+20 1.2768754889e+19 1.3226052410e+35 0.0000000000e+00 0.0000000000e+00 0.0000000000e+00 -3.3424543671e+13 6.9179973144e+14 0.0000000000e+00
2.5699391848e+21 5.7466793100e+20 1.0889432292e+18 5.5322609522e+34 0.0000000000e+00 0.0000000000e+00 0.0000000000e+00 -4.7892532534e+13 5.8161566892e+14 0.0000000000e+00
4.7265747535e+20 2.0219196354e+21 -2.0396761015e+19 1.0494768190e+35 0.0000000000e+00 0.0000000000e+00 0.0000000000e+00 -3.5949267604e+13 3.7879699085e+14 0.0000000000e+00
2.9418259255e+21 1.2118598685e+18 2.5604396072e+18 1.4934695915e+35 0.0000000000e+00 0.0000000000e+00 0.0000000000e+00 -4.3151862040e+13 1.7171167363e+14 0.0000000000e+00
2.5427803763e+21 2.4321795486e+21 -2.6268475590e+18 1.1556594606e+35 0.0000000000e+00 0.0000000000e+00 0.0000000000e+00 -2.4634206039e+13 6.7442167120e+14 0.0000000000e+00
1.5116455966e+21 2.3917531130e+20 -5.6532086591e+17 9.1861608664e+34 0.0000000000e+00 0.0000000000e+00 0.0000000000e+00 -2.7839803779e+13 7.9496969216e+14 0.0000000000e+00
2.9619298604e+21 5.7791565779e+20 -2.7812331149e+18 7.8916255076e+34 0.0000000000e+00 0.0000000000e+00 0.0000000000e+00 -4.4099547211e+13 6.3495913948e+14 0.0000000000e+00
2.9388296845e+20 1.1656614410e+21 6.0891652133e+18 1.2989298246e+35 0.0000000000e+00 0.0000000000e+00 0.0000000000e+00 -3.0399150087e+13 7.9507105203e+13 0.0000000000e+00
9.1465246723e+20 1.4633036765e+21 8.4480442892e+18 1.8806514608e+35 0.0000000000e+00 0.0000000000e+00 0.0000000000e+00 -1.1970466486e+13 2.6694469559e+14 0.0000000000e+00
1.9261612846e+21 1.0713752595e+21 2.1356361092e+18 1.4075017095e+35 0.0000000000e+00 0.0000000000e+00 0.0000000000e+00 -5.3748466825e+13 1.0012511559e+14 0.0000000000e+00
1.0563207291e+21 9.6790931392e+20 -2.5601029070e+18 3.5100177423e+34 0.0000000000e+00 0.0000000000e+00 0.0000000000e+00 -5.5595364166e+13 5.2507787799e+14 0.0000000000e+00
2.8018283619e+21 2.9090985244e+21 -3.1188921029e+17 1.0339922741e+35 0.0000000000e+00 0.0000000000e+00 0.0000000000e+00 -2.2319527186e+13 7.1691401275e+14 0.0000000000e+00
1.9805953412e+20 1.9362874780e+21 1.4787910708e+17 1.7952029976e+35 0.0000000000e+00 0.0000000000e+00 0.0000000000e+00 -3.9520797096e+13 1.4937157426e+14 0.0000000000e+00
1.6581249092e+21 7.0720659299e+19 -6.0543346508e+18 3.8589380352e+34 0.0000000000e+00 0.0000000000e+00 0.0000000000e+00 -8.7950389297e+13 7.2103251010e+14 0.0000000000e+00
1.7832343950e+21 1.2982708917e+21 4.3680166535e+18 1.9687233880e+35 0.0000000000e+00 0.0000000000e+00 0.0000000000e+00 -1.0214057561e+13 5.5778305613e+14 0.0000000000e+00
1.9699334776e+21 2.6407762558e+21 3.4710193335e+18 1.8982787518e+35 0.0000000000e+00 0.0000000000e+00 0.0000000000e+00 -9.1758477518e+13 5.9080600712e+14 0.0000000000e+00
7.7160066202e+20 9.0979477059e+20 1.1622629154e+19 3.5724624343e+34 0.0000000000e+00 0.0000000000e+00 0.0000000000e+00 -2.3820021448e+13 8.9854077495e+14 0.0000000000e+00
1.1002614783e+21 2.8537104853e+20 9.4716140923e+18 1.8705724373e+35 0.0000000000e+00 0.0000000000e+00 0.0000000000e+00 -2.2835633887e+13 1.4313798729e+14 0.0000000000e+00
2.5462278385e+21 2.2888052407e+21 -5.1734172532e+18 8.6135530580e+34 0.0000000000e+00 0.0000000000e+00 0.0000000000e+00 -4.4391048453e+12 8.5812631030e+14 0.0000000000e+00
5.8833727675e+20 1.8289497448e+21 6.1891512357e+18 1.7135940467e+35 0.0000000000e+00 0.0000000000e+00 0.0000000000e+00 -8.9547743980e+13 1.1257151387e+14 0.0000000000e+00
2.4954871628e+21 1.7212031486e+21 -7.1749432754e+18 9.5913171294e+34 0.0000000000e+00 0.0000000000e+00 0.0000000000e+00 -3.8166689790e+13 3.9132870479e+14 0.0000000000e+00
1.6980940663e+21 1.6169405690e+20 5.2508077016e+18 9.9889967123e+34 0.0000000000e+00 0.0000000000e+00 0.0000000000e+00 -5.4167935225e+13 7.6597763347e+14 0.0000000000e+00
2.3002819088e+21 4.2402601156e+20 -3.8978541296e+18 1.3411354340e+35 0.0000000000e+00 0.0000000000e+00 0.0000000000e+00 -6.3370852391e+13 8.0348058254e+14 0.0000000000e+00
2.1536670314e+21 1.8788540778e+21 -7.7204455704e+18 1.5893059912e+35 0.0000000000e+00 0.0000000000e+00 0.0000000000e+00 -8.6122089005e+13 4.4000732857e+14 0.0000000000e+00
6.2626969307e+20 6.2721235352e+20 2.1129421107e+18 2.7852123215e+34 0.0000000000e+00 0.0000000000e+00 0.0000000000e+00 -4.1404759059e+13 5.5947798733e+14 0.0000000000e+00
1.7166768386e+21 1.5212835007e+21 -2.0179608982e+19 1.2684242263e+35 0.0000000000e+00 0.0000000000e+00 0.0000000000e+00 -4.9320673186e+13 6.4873274562e+14 0.0000000000e+00
2.6187884752e+21 1.6444529284e+21 -1.3211110709e+19 5.4918362436e+34 0.0000000000e+00 0.0000000000e+00 0.0000000000e+00 -8.4774336694e+13 7.1945481711e+14 0.0000000000e+00
1.3041268027e+21 8.5562470024e+20 -1.3391762631e+18 8.3094668402e+34 0.0000000000e+00 0.0000000000e+00 0.0000000000e+00 -3.6686703392e+13 1.6152032047e+14 0.0000000000e+00
2.9171709445e+21 2.8623471194e+21 6.2202312926e+17 8.3451994003e+34 0.0000000000e+00 0.0000000000e+00 0.0000000000e+00 -2.4808711837e+13 7.6008785460e+14 0.0000000000e+00
1.3647851721e+21 2.5425566744e+21 -2.7865101208e+18 1.0488140332e+35 0.0000000000e+00 0.0000000000e+00 0.0000000000e+00 -2.2032414860e+13 4.8271423182e+14 0.0000000000e+00
4.3092705146e+20 2.1801232460e+21 -1.1916846874e+19 8.1004121009e+34 0.0000000000e+00 0.0000000000e+00 0.0000000000e+00 -8.9585852223e+12 4.6967024738e+14 0.0000000000e+00
1.1753138645e+21 2.3538548882e+20 -6.1709939489e+18 4.0872042365e+34 0.0000000000e+00 0.0000000000e+00 0.0000000000e+00 -5.5907058347e+13 3.9995172962e+14 0.0000000000e+00
2.8722378625e+21 3.2030039827e+20 2.9516743740e+18 4.7644204866e+34 0.0000000000e+00 0.0000000000e+00 0.0000000000e+00 -4.4427323908e+12 5.2410644672e+14 0.0000000000e+00
9.6491752331e+20 1.4872141018e+21 4.3895434594e+18 2.7789978010e+34 0.0000000000e+00 0.0000000000e+00 0.0000000000e+00 -1.2740175018e+13 8.8716786326e+14 0.0000000000e+00
2.6199202465e+21 4.8503288786e+20 -1.2240342226e+17 1.0509177374e+35 0.0000000000e+00 0.0000000000e+00 0.0000000000e+00 -6.6602166067e+13 4.9517050920e+14 0.0000000000e+00
2.6596145573e+21 2.9524051689e+21 8.7283108779e+18 1.9077966497e+35 0.0000000000e+00 0.0000000000e+00 0.0000000000e+00 -7.9593028862e+13 8.2723964914e+14 0.0000000000e+00
1.0568629304e+21 4.7841406629e+20 2.9983605420e+18 4.2343376912e+34 0.0000000000e+00 0.0000000000e+00 0.0000000000e+00 -5.3453266778e+13 1.9483667652e+14 0.0000000000e+00
2.5127161200e+20 1.4711779274e+21 -5.6395529091e+18 1.8933149618e+35 0.0000000000e+00 0.0000000000e+00 0.0000000000e+00 -5.6623924001e+13 6.5505270227e+14 0.0000000000e+00
2.1867157698e+21 1.0989173495e+21 -2.1163879930e+18 1.5165438005e+35 0.0000000000e+00 0.0000000000e+00 0.0000000000e+00 -4.0167841350e+13 7.4657788117e+14 0.0000000000e+00
9.4014411842e+20 1.9296682199e+21 -1.0584625156e+19 1.3468970179e+35 0.0000000000e+00 0.0000000000e+00 0.0000000000e+00 -3.9441991904e+13 6.3388606030e+14 0.0000000000e+00
2.3628634678e+21 3.8943188203e+20 -8.1590868250e+17 1.3606633116e+35 0.0000000000e+00 0.0000000000e+00 0.0000000000e+00 -2.3669432225e+13 5.8813465264e+14 0.0000000000e+00
1.3359323320e+21 1.2986949798e+21 8.3907991720e+18 1.6817724267e+35 0.0000000000e+00 0.0000000000e+00 0.0000000000e+00 -4.6400090912e+13 5.2952437624e+14 0.0000000000e+00
1.4645350284e+21 8.2905978901e+20 5.1705136891e+18 4.0793954304e+34 0.0000000000e+00 0.0000000000e+00 0.0000000000e+00 -8.4748947079e+13 7.4348414744e+14 0.0000000000e+00
2.3477305896e+21 2.6792341015e+21 1.0578160364e+19 1.1119811325e+35 0.0000000000e+00 0.0000000000e+00 0.0000000000e+00 -1.3415956047e+13 7.8134509963e+14 0.0000000000e+00
1.1539725331e+21 1.2248767922e+20 -2.2852691645e+18 1.4523566671e+35 0.0000000000e+00 0.0000000000e+00 0.0000000000e+00 -6.5346519569e+13 1.3352302121e+14 0.0000000000e+00
1.3373583282e+21 2.7576295769e+21 1.0156322950e+19 1.2572122991e+35 0.0000000000e+00 0.0000000000e+00 0.0000000000e+00 -2.7173497999e+12 8.1499897603e+14 0.0000000000e+00
1.1353428347e+21 2.5139763102e+21 -1.4584803885e+18 1.6924815372e+35 0.0000000000e+00 0.0000000000e+00 0.0000000000e+00 -8.3514653503e+13 3.6396746685e+14 0.0000000000e+00
1.1086336751e+21 8.9806842222e+20 1.1103109448e+19 3.4662322965e+34 0.0000000000e+00 0.0000000000e+00 0.0000000000e+00 -3.9524784215e+12 3.0688402480e+14 0.0000000000e+00
1.5873067691e+21 2.3820791958e+21 -1.6490915945e+17 1.4410482065e+35 0.0000000000e+00 0.0000000000e+00 0.0000000000e+00 -8.6056457409e+13 7.4970717376e+14 0.0000000000e+00
2.4409567235e+21 9.4202525102e+19 5.3360607154e+18 1.1637858351e+35 0.0000000000e+00 0.0000000000e+00 0.0000000000e+00 -7.2799961919e+13 3.8998181514e+14 0.0000000000e+00
1.0918167654e+21 2.9180002308e+21 1.1129722789e+19 8.8972029793e+34 0.0000000000e+00 0.0000000000e+00 0.0000000000e+00 -9.0262946459e+13 6.9318119130e+14 0.0000000000e+00
1.5822007466e+21 1.5892635367e+21 -1.4594114576e+18 8.2090454465e+34 0.0000000000e+00 0.0000000000e+00 0.0000000000e+00 -2.7917764091e+13 2.9118945317e+14 0.0000000000e+00
2.0242550682e+21 9.1530213667e+20 1.6477449110e+18 1.3174031502e+35 0.0000000000e+00 0.0000000000e+00 0.0000000000e+00 -1.4172637772e+13 8.3848160978e+13 0.0000000000e+00
8.1316824894e+20 1.0942761356e+21 9.7244745432e+18 1.7955060440e+35 0.0000000000e+00 0.0000000000e+00 0.0000000000e+00 -5.3578075285e+13 4.6325330642e+14 0.0000000000e+00
8.3756382520e+20 2.0041135674e+20 -1.0035088719e+18 1.0968000730e+35 0.0000000000e+00 0.0000000000e+00 0.0000000000e+00 -6.7670152939e+12 1.7330579197e+14 0.0000000000e+00
2.8170408174e+21 2.9858568334e+21 -9.9661322715e+18 1.6782251213e+35 0.0000000000e+00 0.0000000000e+00 0.0000000000e+00 -3.8787534039e+13 6.9865522162e+14 0.0000000000e+00
2.1836273423e+21 1.1858309046e+20 1.6168988227e+19 9.3041511603e+34 0.0000000000e+00 0.0000000000e+00 0.0000000000e+00 -3.5028260467e+13 2.9487579481e+14 0.0000000000e+00
1.7419493888e+21 1.9765096977e+21 -3.5443728834e+18 3.9993100870e+34 0.0000000000e+00 0.0000000000e+00 0.0000000000e+00 -1.4634597001e+13 4.5804878314e+14 0.0000000000e+00
1.9548191242e+21 1.3361770298e+21 1.1978144043e+18 3.2757085182e+34 0.0000000000e+00 0.0000000000e+00 0.0000000000e+00 -6.6573893547e+13 1.0225630816e+14 0.0000000000e+00
8.8425719286e+19 2.8638291465e+21 8.7220703210e+18 3.0957074170e+34 0.0000000000e+00 0.0000000000e+00 0.0000000000e+00 -6.1133472218e+13 2.7778883105e+14 0.0000000000e+00
1.8654347501e+21 7.4242721625e+20 -4.5910865037e+18 8.9147100812e+34 0.0000000000e+00 0.0000000000e+00 0.0000000000e+00 -8.9037951445e+12 7.5164183037e+14 0.0000000000e+00
1.5376977794e+21 1.6058380346e+21 -7.6043634053e+18 8.1552960246e+34 0.0000000000e+00 0.0000000000e+00 0.0000000000e+00 -9.3760631322e+12 2.1445800546e+14 0.0000000000e+00
1.6470725336e+21 1.4557510375e+21 1.9144479042e+18 1.4892473132e+35 0.0000000000e+00 0.0000000000e+00 0.0000000000e+00 -2.2264414253e+12 6.4386202786e+14 0.0000000000e+00
1.0847411094e+21 2.1212509281e+21 -1.3528761422e+19 1.5332849953e+35 0.0000000000e+00 0.0000000000e+00 0.0000000000e+00 -9.2932414352e+12 8.6707702706e+14 0.0000000000e+00
2.4588822330e+20 2.0525488003e+20 -2.1722513500e+18 3.0872058072e+34 0.0000000000e+00 0.0000000000e+00 0.0000000000e+00 -8.2614132707e+13 5.9131711360e+14 0.0000000000e+00
5.8349780704e+20 5.8485559441e+20 1.8488167223e+18 6.1004355980e+34 0.0000000000e+00 0.0000000000e+00 0.0000000000e+00 -1.6688515403e+13 7.6901953227e+14 0.0000000000e+00
2.8693475445e+21 6.4755662704e+20 -2.0367870615e+18 7.0408210919e+34 0.0000000000e+00 0.0000000000e+00 0.0000000000e+00 -5.5872243730e+13 1.3165039967e+14 0.0000000000e+00
1.2334552789e+21 2.2277389781e+21 -1.1645337366e+19 1.1878256823e+35 0.0000000000e+00 0.0000000000e+00 0.0000000000e+00 -8.7086138880e+11 3.0743929476e+14 0.0000000000e+00
1.4084497643e+21 5.7082058551e+20 1.2028072680e+19 4.7447147879e+34 0.0000000000e+00 0.0000000000e+00 0.0000000000e+00 -4.9960638720e+13 8.0690864193e+14 0.0000000000e+00
1.5907814578e+20 1.7307981434e+21 7.8119537155e+17 4.5575882389e+34 0.0000000000e+00 0.0000000000e+00 0.0000000000e+00 -4.2239587328e+13 6.6174266930e+14 0.0000000000e+00
1.1337488076e+20 6.4960585027e+20 1.0798042729e+19 1.8889339235e+35 0.0000000000e+00 0.0000000000e+00 0.0000000000e+00 -4.4517525403e+13 5.9509043804e+14 0.0000000000e+00
2.1644536072e+21 2.6003840994e+21 -1.9619735076e+18 1.6419107351e+35 0.0000000000e+00 0.0000000000e+00 0.0000000000e+00 -6.4213054520e+13 5.9602564458e+14 0.0000000000e+00
1.6239696963e+21 2.8435157016e+21 -6.6396904019e+18 5.3842731741e+34 0.0000000000e+00 0.0000000000e+00 0.0000000000e+00 -8.7570248783e+13 3.6002428736e+14 0.0000000000e+00
1.5352746604e+21 1.5648117984e+21 2.0309700433e+18 9.3822194961e+34 0.0000000000e+00 0.0000000000e+00 0.0000000000e+00 -9.8789901944e+12 1.2275851947e+14 0.0000000000e+00
7.3374983282e+20 1.0632682125e+21 -1.6281138681e+18 8.4806392717e+34 0.0000000000e+00 0.0000000000e+00 0.0000000000e+00 -1.8681233336e+13 7.4437906168e+14 0.0000000000e+00
2.2476577081e+21 7.0638636500e+20 -8.8862102005e+18 1.6185529607e+35 0.0000000000e+00 0.0000000000e+00 0.0000000000e+00 -8.1463409009e+13 5.9151053322e+14 0.0000000000e+00
5.0773799575e+20 1.5023906260e+20 1.1089522233e+19 1.1216411213e+35 0.0000000000e+00 0.0000000000e+00 0.0000000000e+00 -2.1133972800e+13 4.7639432943e+14 0.0000000000e+00
5.7322305637e+20 8.1033322996e+20 -4.6950288317e+18 4.4497882016e+34 0.0000000000e+00 0.0000000000e+00 0.0000000000e+00 -3.5422143754e+13 8.2589551527e+14 0.0000000000e+00
1.3904293331e+21 1.9744835839e+21 -1.3884809873e+19 1.5265080964e+35 0.0000000000e+00 0.0000000000e+00 0.0000000000e+00 -5.5938011995e+13 3.2516137859e+14 0.0000000000e+00
8.6399262385e+20 1.6104558987e+21 1.0021012877e+19 9.2109170230e+34 0.0000000000e+00 0.0000000000e+00 0.0000000000e+00 -7.0623906556e+13 2.7482726609e+14 0.0000000000e+00
7.4684327736e+20 2.8491165779e+21 -3.8049285293e+18 6.8401812650e+34 0.0000000000e+00 0.0000000000e+00 0.0000000000e+00 -1.3279868825e+13 8.2506357850e+14 0.0000000000e+00
1.9473272113e+21 1.1959647782e+21 -4.5860312698e+18 8.8323928406e+34 0.0000000000e+00 0.0000000000e+00 0.0000000000e+00 -2.8384016966e+13 7.4536625861e+14 0.0000000000e+00
1.9646327271e+21 2.0940795671e+21 -1.3319849344e+19 1.0995973032e+35 0.0000000000e+00 0.0000000000e+00 0.0000000000e+00 -4.2816729099e+13 4.9064729646e+14 0.0000000000e+00
2.4883925167e+21 1.4767760519e+21 1.3135403516e+19 8.2593139478e+34 0.0000000000e+00 0.0000000000e+00 0.0000000000e+00 -3.6963240104e+13 1.6910277447e+14 0.0000000000e+00
1.2606444551e+21 1.5469550197e+21 -9.7291310305e+18 6.4682205102e+34 0.0000000000e+00 0.0000000000e+00 0.0000000000e+00 -8.6051309557e+13 1.9187425608e+14 0.0000000000e+00
2.2057080472e+20 8.0814288148e+20 4.4100133192e+17 9.2394806305e+34 0.0000000000e+00 0.0000000000e+00 0.0000000000e+00 -4.9805489259e+13 6.0400978235e+14 0.0000000000e+00
8.2592514969e+20 1.3730414445e+21 6.8857203336e+18 2.5265509425e+34 0.0000000000e+00 0.0000000000e+00 0.0000000000e+00 -7.6334650921e+13 3.4641453800e+14 0.0000000000e+00
2.9576564879e+21 1.4208291210e+21 3.1818542595e+18 1.5858027706e+35 0.0000000000e+00 0.0000000000e+00 0.0000000000e+00 -7.4944533634e+13 7.3244959899e+14 0.0000000000e+00
1.7995083801e+21 2.1326471306e+21 -4.5009178398e+17 5.2124366306e+34 0.0000000000e+00 0.0000000000e+00 0.0000000000e+00 -3.2065302239e+13 8.7202160323e+14 0.0000000000e+00
2.1419865219e+21 2.8388515175e+21 -1.2839068901e+19 2.9642241255e+34 0.0000000000e+00 0.0000000000e+00 0.0000000000e+00 -8.4016285886e+12 7.7271830290e+14 0.0000000000e+00
2.2205929810e+19 9.9389161544e+20 -6.1093738859e+18 1.3755657167e+35 0.0000000000e+00 0.0000000000e+00 0.0000000000e+00 -5.6448031168e+13 3.5991430973e+14 0.0000000000e+00
1.5639448997e+21 1.2736101418e+20 1.4169535505e+18 1.5883480777e+35 0.0000000000e+00 0.0000000000e+00 0.0000000000e+00 -7.5004594626e+13 6.9167257857e+14 0.0000000000e+00
1.1326148843e+20 1.4978186888e+21 -5.9392283581e+18 1.6589461177e+35 0.0000000000e+00 0.0000000000e+00 0.0000000000e+00 -3.3254110960e+13 3.6086639442e+14 0.0000000000e+00
1.7179367801e+21 1.6431843004e+21 1.5343471257e+18 1.0920807777e+35 0.0000000000e+00 0.0000000000e+00 0.0000000000e+00 -1.2195082998e+13 2.2485621570e+14 0.0000000000e+00
2.7788864242e+21 5.0835358332e+20 5.1437540195e+18 5.8216203762e+34 0.0000000000e+00 0.0000000000e+00 0.0000000000e+00 -2.3827363805e+13 9.9298290046e+13 0.0000000000e+00
2.9226889359e+21 2.2950821817e+21 7.2620842734e+18 1.5233856895e+35 0.0000000000e+00 0.0000000000e+00 0.0000000000e+00 -1.2425120465e+13 4.1089961037e+14 0.0000000000e+00
1.6313879743e+21 2.9725160493e+21 -9.2515232547e+18 1.4569966724e+35 0.0000000000e+00 0.0000000000e+00 0.0000000000e+00 -4.3875666942e+13 8.2067953628e+14 0.0000000000e+00
1.3828621023e+21 2.8543480959e+21 1.6573694485e+19 6.5454665699e+34 0.0000000000e+00 0.0000000000e+00 0.0000000000e+00 -2.3490570692e+13 2.7481199414e+14 0.0000000000e+00
2.8520615904e+21 5.9486602517e+20 5.7906316547e+18 1.8174720462e+35 0.0000000000e+00 0.0000000000e+00 0.0000000000e+00 -8.1412495985e+13 1.8922092006e+14 0.0000000000e+00
2.0329544730e+21 2.6418462580e+21 -1.2933289433e+16 4.0342966719e+34 0.0000000000e+00 0.0000000000e+00 0.0000000000e+00 -6.1700666995e+13 8.5931297614e+14 0.0000000000e+00
1.9586602565e+20 2.1261617947e+21 8.2205535193e+18 1.9577735120e+35 0.0000000000e+00 0.0000000000e+00 0.0000000000e+00 -5.7793089861e+13 5.8184594515e+13 0.0000000000e+00
1.4055597934e+21 1.3697089296e+21 1.7847001640e+19 1.7410925484e+35 0.0000000000e+00 0.0000000000e+00 0.0000000000e+00 -4.6267000075e+13 7.1793556724e+14 0.0000000000e+00
7.2505946573e+20 1.6315639809e+21 -1.0855143162e+19 1.4360888525e+35 0.0000000000e+00 0.0000000000e+00 0.0000000000e+00 -6.7145395607e+12 3.6178320235e+14 0.0000000000e+00
1.4178694421e+21 2.5640933281e+21 -1.6996066376e+18 1.8800164802e+35 0.0000000000e+00 0.0000000000e+00 0.0000000000e+00 -1.1900696613e+13 1.1471391197e+14 0.0000000000e+00
1.3745950963e+21 1.4490472478e+21 -1.7945266874e+19 1.4969881706e+35 0.0000000000e+00 0.0000000000e+00 0.0000000000e+00 -8.1936894974e+13 7.9475433199e+14 0.0000000000e+00
1.7569130149e+21 1.1263398400e+21 1.4535558138e+18 5.5577393569e+34 0.0000000000e+00 0.0000000000e+00 0.0000000000e+00 -7.8314319845e+13 1.3534145375e+14 0.0000000000e+00
1.0767333399e+21 1.4886209340e+21 2.7568995553e+18 1.0012020761e+35 0.0000000000e+00 0.0000000000e+00 0.0000000000e+00 -6.0813967777e+13 5.0400524017e+14 0.0000000000e+00
4.9576821646e+20 1.7478137486e+21 -2.9547816102e+17 3.4526290006e+34 0.0000000000e+00 0.0000000000e+00 0.0000000000e+00 -6.7147264133e+13 2.6103484839e+14 0.0000000000e+00
1.5202252536e+21 5.7063635910e+20 -4.9384557932e+18 9.0829589747e+34 0.0000000000e+00 0.0000000000e+00 0.0000000000e+00 -3.6470712506e+13 1.1374995360e+14 0.0000000000e+00
2.5055523050e+21 2.7189395299e+21 -1.5463587025e+19 1.5311286665e+35 0.0000000000e+00 0.0000000000e+00 0.0000000000e+00 -9.2044637852e+12 1.2800504972e+14 0.0000000000e+00
2.0039889043e+21 2.0346962116e+21 2.8183116413e+18 9.0260800429e+34 0.0000000000e+00 0.0000000000e+00 0.0000000000e+00 -3.5699653335e+12 1.8956352080e+14 0.0000000000e+00
1.0211942194e+21 1.9112055925e+21 1.0981253181e+19 8.0324166277e+34 0.0000000000e+00 0.0000000000e+00 0.0000000000e+00 -3.2794378395e+13 1.2268705690e+14 0.0000000000e+00
2.8234084827e+21 3.0027961061e+20 -4.4592342485e+18 1.2723170497e+35 0.0000000000e+00 0.0000000000e+00 0.0000000000e+00 -1.5321921558e+13 7.2738837567e+14 0.0000000000e+00
2.7530424500e+21 1.8233969454e+21 3.3202521645e+18 1.7622521704e+35 0.0000000000e+00 0.0000000000e+00 0.0000000000e+00 -4.4950437138e+13 4.6345157046e+14 0.0000000000e+00
6.3181346934e+20 3.6505927864e+20 -1.1831648845e+19 3.0293233769e+34 0.0000000000e+00 0.0000000000e+00 0.0000000000e+00 -7.4949904625e+13 3.1188588485e+14 0.0000000000e+00
1.1896227189e+20 2.3750958374e+20 3.4496725656e+18 9.0088624924e+34 0.0000000000e+00 0.0000000000e+00 0.0000000000e+00 -4.4999078900e+13 4.0614712650e+14 0.0000000000e+00
2.2372696818e+21 1.5914242830e+21 -2.9680694365e+18 4.9876131900e+34 0.0000000000e+00 0.0000000000e+00 0.0000000000e+00 -4.2121575891e+13 8.4406512068e+14 0.0000000000e+00
2.4977277688e+21 1.2156067418e+21 -5.7524434373e+18 1.4492829236e+35 0.0000000000e+00 0.0000000000e+00 0.0000000000e+00 -2.4382263515e+13 8.4630135444e+14 0.0000000000e+00
2.9210152600e+21 1.7770293953e+21 -5.7369436730e+18 4.0582423183e+34 0.0000000000e+00 0.0000000000e+00 0.0000000000e+00 -7.3855861692e+13 6.3061280471e+14 0.0000000000e+00
2.6855262374e+21 2.6927250320e+20 -2.9697993864e+18 1.3952252612e+35 0.0000000000e+00 0.0000000000e+00 0.0000000000e+00 -5.9803824859e+13 7.8866719517e+14 0.0000000000e+00
1.8124139304e+21 1.3007068837e+21 2.8854593669e+18 7.2517501867e+34 0.0000000000e+00 0.0000000000e+00 0.0000000000e+00 -6.0209300213e+13 3.0682126386e+14 0.0000000000e+00
1.5996979597e+21 5.2750630601e+20 -9.9002713530e+18 5.7074514460e+34 0.0000000000e+00 0.0000000000e+00 0.0000000000e+00 -3.8399670403e+12 4.1555901595e+14 0.0000000000e+00
8.4024292710e+19 2.9790680593e+21 -2.9962351767e+18 1.8757739610e+35 0.0000000000e+00 0.0000000000e+00 0.0000000000e+00 -5.2643287560e+13 5.6494616829e+14 0.0000000000e+00
7.4440915658e+20 1.6935513411e+21 -3.1290456500e+17 2.5150774743e+34 0.0000000000e+00 0.0000000000e+00 0.0000000000e+00 -2.3185939853e+13 6.0285059140e+14 0.0000000000e+00
1.3871173207e+21 2.0746844463e+21 -8.2922509491e+18 9.9345286317e+34 0.0000000000e+00 0.0000000000e+00 0.0000000000e+00 -2.3591384253e+13 4.8151626756e+14 0.0000000000e+00
1.8968247705e+21 9.8211237110e+20 1.3555838947e+19 2.5699804532e+34 0.0000000000e+00 0.0000000000e+00 0.0000000000e+00 -6.9532988501e+13 3.6652241468e+14 0.0000000000e+00
1.6817860330e+21 2.8592204480e+20 -6.4396233971e+18 1.0745323453e+35 0.0000000000e+00 0.0000000000e+00 0.0000000000e+00 -4.0532295272e+13 8.9442056737e+14 0.0000000000e+00
2.2412754169e+21 2.9451782639e+21 -5.0509015134e+18 1.1054210070e+35 0.0000000000e+00 0.0000000000e+00 0.0000000000e+00 -1.0006641041e+13 7.8430881444e+14 0.0000000000e+00
8.4433659742e+20 8.6392976879e+20 -7.3813334814e+18 7.8796626740e+34 0.0000000000e+00 0.0000000000e+00 0.0000000000e+00 -4.9684501345e+13 4.1561543816e+14 0.0000000000e+00
1.7050269699e+21 1.2790531029e+21 1.3569532257e+19 4.5260977268e+34 0.0000000000e+00 0.0000000000e+00 0.0000000000e+00 -5.1958792509e+12 7.0917025790e+14 0.0000000000e+00
2.6601329055e+20 1.9612893157e+21 4.1716699498e+18 8.8481238467e+34 0.0000000000e+00 0.0000000000e+00 0.0000000000e+00 -7.4369438947e+13 2.4998480351e+14 0.0000000000e+00
1.2484425502e+21 7.4536444417e+19 -7.0665866871e+18 1.4084185823e+35 0.0000000000e+00 0.0000000000e+00 0.0000000000e+00 -8.7651949811e+13 9.2370645490e+13 0.0000000000e+00
2.2639853939e+21 2.4453620559e+21 8.3465171116e+18 1.6033190444e+35 0.0000000000e+00 0.0000000000e+00 0.0000000000e+00 -1.0276365759e+13 3.8468712221e+14 0.0000000000e+00
2.0926837756e+21 1.6193929775e+21 1.5142716484e+18 1.1579863516e+35 0.0000000000e+00 0.0000000000e+00 0.0000000000e+00 -1.4420447482e+13 4.2360742232e+14 0.0000000000e+00
2.9897597808e+21 8.3965947057e+20 1.9409770623e+18 1.2625460394e+35 0.0000000000e+00 0.0000000000e+00 0.0000000000e+00 -7.0153719369e+11 1.0806180578e+14 0.0000000000e+00
8.3867541823e+20 1.8593289961e+20 -2.5990805400e+18 5.7375282545e+34 0.0000000000e+00 0.0000000000e+00 0.0000000000e+00 -3.0352716179e+13 7.5856784573e+14 0.0000000000e+00
1.5035353049e+21 4.9042021790e+20 -5.6543436216e+18 7.2720920485e+34 0.0000000000e+00 0.0000000000e+00 0.0000000000e+00 -5.9939312562e+12 3.9473147506e+14 0.0000000000e+00
9.9452278877e+20 2.7012121860e+21 2.5484452174e+18 5.0522928371e+34 0.0000000000e+00 0.0000000000e+00 0.0000000000e+00 -1.6383220338e+13 5.7283789599e+14 0.0000000000e+00
1.3297401982e+21 2.0704211078e+21 -4.1126831503e+18 6.5989927373e+34 0.0000000000e+00 0.0000000000e+00 0.0000000000e+00 -1.4728594650e+13 1.4296492367e+14 0.0000000000e+00
2.5862754919e+21 7.5420339590e+20 1.3707421225e+19 6.1670379917e+34 0.0000000000e+00 0.0000000000e+00 0.0000000000e+00 -4.0790573929e+13 2.0298918399e+14 0.0000000000e+00
2.0649429889e+21 1.9798310860e+20 -9.5768013891e+18 1.1379856998e+35 0.0000000000e+00 0.0000000000e+00 0.0000000000e+00 -5.8473272894e+13 7.9426769218e+14 0.0000000000e+00
2.6632075155e+21 2.0842770128e+21 1.1590302851e+19 1.2145068157e+35 0.0000000000e+00 0.0000000000e+00 0.0000000000e+00 -6.1955705097e+12 6.0711260280e+14 0.0000000000e+00
6.1419652495e+20 1.7275265170e+21 -8.3990071418e+17 1.8909841592e+35 0.0000000000e+00 0.0000000000e+00 0.0000000000e+00 -5.3763057056e+13 8.5060420937e+14 0.0000000000e+00
2.6358038536e+21 1.2208399248e+21 2.2566018632e+18 5.6482348442e+34 0.0000000000e+00 0.0000000000e+00 0.0000000000e+00 -4.3661261808e+13 9.0200169850e+14 0.0000000000e+00
1.8036254347e+20 1.0973793537e+21 6.2861753492e+18 1.3542888271e+35 0.0000000000e+00 0.0000000000e+00 0.0000000000e+00 -5.2437909424e+13 3.5908023552e+14 0.0000000000e+00
2.6817926284e+21 6.5434548475e+20 -4.7552309308e+18 1.6650163797e+35 0.0000000000e+00 0.0000000000e+00 0.0000000000e+00 -4.1199868726e+13 3.0806963580e+14 0.0000000000e+00
9.9314466641e+20 2.0208867722e+21 6.5207540626e+18 1.2101758803e+35 0.0000000000e+00 0.0000000000e+00 0.0000000000e+00 -5.0128766758e+13 7.7591077349e+14 0.0000000000e+00
9.4942547764e+20 2.9294761079e+21 -2.0428418389e+19 6.7000116981e+34 0.0000000000e+00 0.0000000000e+00 0.0000000000e+00 -9.0131576920e+13 8.5541328227e+14 0.0000000000e+00
1.5454833245e+21 5.3030861194e+20 -5.4323210282e+18 6.8335623322e+34 0.0000000000e+00 0.0000000000e+00 0.0000000000e+00 -1.1166828496e+13 6.1999505927e+14 0.0000000000e+00
2.8390029865e+21 1.8020979592e+21 -6.9720538814e+18 2.8819061660e+34 0.0000000000e+00 0.0000000000e+00 0.0000000000e+00 -5.2600792861e+13 7.1957579449e+14 0.0000000000e+00
1.4420415861e+20 1.2801904982e+21 -9.4577028633e+18 7.5926508626e+34 0.0000000000e+00 0.0000000000e+00 0.0000000000e+00 -3.8915855754e+13 7.2184756833e+14 0.0000000000e+00
1.0630330828e+21 1.3481065622e+21 -1.6218342533e+18 1.5364388875e+35 0.0000000000e+00 0.0000000000e+00 0.0000000000e+00 -8.1495500987e+13 3.1594634517e+14 0.0000000000e+00
2.5851342618e+21 7.6701649143e+20 2.9104835099e+18 3.0281653777e+34 0.0000000000e+00 0.0000000000e+00 0.0000000000e+00 -9.4352062946e+13 4.8963080076e+14 0.0000000000e+00
1.1952924129e+21 2.4902570547e+21 5.3015696887e+18 6.0680861072e+34 0.0000000000e+00 0.0000000000e+00 0.0000000000e+00 -7.1450500022e+13 7.3303279868e+14 0.0000000000e+00
6.0105551695e+20 1.4645014133e+21 1.8174151331e+18 1.4685339933e+35 0.0000000000e+00 0.0000000000e+00 0.0000000000e+00 -2.7967667497e+13 6.5301613896e+14 0.0000000000e+00
1.2820288393e+21 1.6399988619e+21 -5.0226571926e+18 1.6037716486e+35 0.0000000000e+00 0.0000000000e+00 0.0000000000e+00 -8.5281776090e+13 2.7423761666e+13 0.0000000000e+00
1.1635974495e+21 9.1976843482e+20 2.7842290234e+18 1.0244951485e+35 0.0000000000e+00 0.0000000000e+00 0.0000000000e+00 -8.6258811338e+12 3.7293873492e+14 0.0000000000e+00
2.7627260960e+21 5.4869794938e+20 9.3773556765e+17 1.4540966215e+35 0.0000000000e+00 0.0000000000e+00 0.0000000000e+00 -7.4316011296e+13 1.4345805726e+14 0.0000000000e+00
2.2995179460e+21 2.5927755160e+20 7.0625437871e+18 9.0527813606e+34 0.0000000000e+00 0.0000000000e+00 0.0000000000e+00 -7.5303349673e+13 2.1787463508e+14 0.0000000000e+00
1.5244387472e+21 2.1552115673e+21 5.8619874236e+18 5.0172112248e+34 0.0000000000e+00 0.0000000000e+00 0.0000000000e+00 -7.7488933051e+13 7.8871088479e+14 0.0000000000e+00
2.9829023704e+21 5.9223506213e+20 2.2994454303e+17 9.2332418673e+34 0.0000000000e+00 0.0000000000e+00 0.0000000000e+00 -9.3349112084e+13 3.2758806577e+13 0.0000000000e+00
1.4042075894e+21 2.0826474189e+21 -6.7697739315e+18 1.2450853131e+35 0.0000000000e+00 0.0000000000e+00 0.0000000000e+00 -2.1603815244e+13 2.6035132435e+14 0.0000000000e+00
1.7576177342e+20 1.1781561142e+21 -4.9265089258e+18 1.8964805543e+35 0.0000000000e+00 0.0000000000e+00 0.0000000000e+00 -1.1830830830e+13 3.4661214550e+14 0.0000000000e+00
7.9154390324e+20 1.2548083494e+21 -4.1481607185e+18 3.4039259969e+34 0.0000000000e+00 0.0000000000e+00 0.0000000000e+00 -3.6528297288e+13 5.8376378403e+14 0.0000000000e+00
1.3160607093e+21 1.4159776832e+21 -2.3786844894e+18 1.1166526938e+35 0.0000000000e+00 0.0000000000e+00 0.0000000000e+00 -7.6855380774e+13 4.7290154159e+14 0.0000000000e+00
4.7353211967e+20 1.1097442775e+21 2.0224404762e+18 8.0080941286e+34 0.0000000000e+00 0.0000000000e+00 0.0000000000e+00 -6.7664733251e+13 2.1298571462e+14 0.0000000000e+00
2.8597515512e+21 3.0367109126e+20 5.3959907735e+18 1.1182765573e+35 0.0000000000e+00 0.0000000000e+00 0.0000000000e+00 -4.9615486966e+13 1.8499976842e+14 0.0000000000e+00
2.3143499736e+21 9.3446880259e+20 -3.8569053880e+17 2.6115407025e+34 0.0000000000e+00 0.0000000000e+00 0.0000000000e+00 -4.3221965912e+12 2.9211560014e+14 0.0000000000e+00
8.0969077089e+20 2.0031503006e+21 1.2166152471e+17 7.7268129340e+34 0.0000000000e+00 0.0000000000e+00 0.0000000000e+00 -7.1255353046e+13 4.5160042854e+14 0.0000000000e+00
1.7830480822e+21 2.0093373236e+21 1.0812460712e+18 1.6696332724e+35 0.0000000000e+00 0.0000000000e+00 0.0000000000e+00 -2.5405833667e+13 3.0032540877e+14 0.0000000000e+00
2.1773335562e+21 8.6382495925e+20 -3.8925055876e+18 1.1990273441e+35 0.0000000000e+00 0.0000000000e+00 0.0000000000e+00 -5.3069006246e+13 8.4901343278e+14 0.0000000000e+00
2.8407798074e+21 1.3885897270e+21 -6.9820845839e+18 1.0161140678e+35 0.0000000000e+00 0.0000000000e+00 0.0000000000e+00 -6.6474757558e+13 4.2343681646e+14 0.0000000000e+00
2.6607754838e+21 5.8382373414e+20 -1.3244778935e+19 7.2401446101e+34 0.0000000000e+00 0.0000000000e+00 0.0000000000e+00 -5.1509961677e+13 9.3260289959e+13 0.0000000000e+00
1.5548501385e+21 6.3490294206e+20 -5.2449019067e+18 7.4616640373e+34 0.0000000000e+00 0.0000000000e+00 0.0000000000e+00 -8.7931460672e+13 6.2811657261e+14 0.0000000000e+00
2.3379016065e+21 6.9556112811e+19 3.5698824449e+18 8.9669386402e+34 0.0000000000e+00 0.0000000000e+00 0.0000000000e+00 -1.9058830269e+13 3.5580830754e+14 0.0000000000e+00
1.6965528671e+21 2.7063810876e+21 -5.3034668000e+18 1.6974218582e+35 0.0000000000e+00 0.0000000000e+00 0.0000000000e+00 -7.1638725232e+13 5.7984271747e+14 0.0000000000e+00
1.6680603402e+21 6.3591271520e+20 -1.7942540974e+18 1.9303875819e+35 0.0000000000e+00 0.0000000000e+00 0.0000000000e+00 -2.5996003143e+13 3.0690663415e+14 0.0000000000e+00
3.4629123026e+20 6.8669724059e+20 3.5192240635e+18 9.9500684013e+34 0.0000000000e+00 0.0000000000e+00 0.0000000000e+00 -8.8202068300e+13 4.9277590471e+14 0.0000000000e+00
3.8068345189e+20 8.4383712372e+20 3.9286022505e+18 9.1483561975e+34 0.0000000000e+00 0.0000000000e+00 0.0000000000e+00 -4.2509454118e+12 7.4833841150e+14 0.0000000000e+00
1.5981324501e+21 3.8451756038e+20 -8.1450753696e+18 1.7168531137e+35 0.0000000000e+00 0.0000000000e+00 0.0000000000e+00 -7.6399530890e+13 8.0898794318e+14 0.0000000000e+00
8.1142414275e+20 1.9292953814e+21 7.5228128444e+18 9.7421293646e+34 0.0000000000e+00 0.0000000000e+00 0.0000000000e+00 -1.1101135968e+13 3.0606640531e+14 0.0000000000e+00
6.3489371626e+19 2.2678143269e+20 8.5058564242e+18 1.1956232465e+35 0.0000000000e+00 0.0000000000e+00 0.0000000000e+00 -1.8037704721e+13 3.6195170163e+14 0.0000000000e+00
2.1815287174e+21 4.0502292265e+20 -8.5247171727e+18 6.2741903592e+34 0.0000000000e+00 0.0000000000e+00 0.0000000000e+00 -3.0427909794e+12 4.8721062661e+14 0.0000000000e+00
9.8044548811e+19 1.9458758008e+21 -6.2158491814e+18 1.5344902111e+35 0.0000000000e+00 0.0000000000e+00 0.0000000000e+00 -4.9429553034e+13 8.3524738877e+14 0.0000000000e+00
1.7965455065e+21 1.0250957526e+21 8.9867792043e+18 1.1601767186e+35 0.0000000000e+00 0.0000000000e+00 0.0000000000e+00 -2.5808061479e+13 8.3689609708e+14 0.0000000000e+00
1.6272868707e+21 2.1365865410e+21 -1.1080098179e+18 1.6504612201e+35 0.0000000000e+00 0.0000000000e+00 0.0000000000e+00 -5.9576584108e+13 1.1167747182e+14 0.0000000000e+00
2.9238827362e+21 1.6823078794e+21 -1.6748224614e+19 1.6003759194e+35 0.0000000000e+00 0.0000000000e+00 0.0000000000e+00 -7.7218142676e+13 1.2986615139e+14 0.0000000000e+00
1.4613552546e+21 7.7267190030e+20 -1.0560596953e+19 5.9921575296e+34 0.0000000000e+00 0.0000000000e+00 0.0000000000e+00 -5.2725560817e+13 4.6414841038e+14 0.0000000000e+00
1.9194913499e+20 1.9641987546e+21 -1.8814938219e+18 1.4851744314e+35 0.0000000000e+00 0.0000000000e+00 0.0000000000e+00 -7.8980876616e+13 1.0653742920e+14 0.0000000000e+00
1.6649942868e+21 3.5091396712e+20 -8.7751567964e+18 1.6345691989e+35 0.0000000000e+00 0.0000000000e+00 0.0000000000e+00 -1.6998858359e+12 3.8742689432e+14 0.0000000000e+00
2.5384282429e+21 1.6188865361e+21 -3.1192823495e+18 8.3122580387e+34 0.0000000000e+00 0.0000000000e+00 0.0000000000e+00 -8.5560875194e+13 1.3554445792e+14 0.0000000000e+00
3.0084911400e+21 1.3193129810e+21 2.4442943224e+17 5.2418880670e+34 0.0000000000e+00 0.0000000000e+00 0.0000000000e+00 -3.8890476348e+13 5.9772381565e+14 0.0000000000e+00
1.2987756982e+21 8.0844247294e+20 1.1032710987e+19 2.2338317149e+34 0.0000000000e+00 0.0000000000e+00 0.0000000000e+00 -3.5363712724e+13 8.6833160727e+14 0.0000000000e+00
9.6666160486e+20 1.8228870832e+21 -2.1914747979e+18 1.0166824203e+35 0.0000000000e+00 0.0000000000e+00 0.0000000000e+00 -4.3731303053e+13 9.0021368894e+14 0.0000000000e+00
2.7362796502e+21 2.6296847817e+21 8.0923278778e+18 8.4241992862e+34 0.0000000000e+00 0.0000000000e+00 0.0000000000e+00 -3.1981808079e+13 3.8241715012e+14 0.0000000000e+00
5.7716874555e+20 3.0146943839e+21 1.0779995423e+19 1.2007405759e+35 0.0000000000e+00 0.0000000000e+00 0.0000000000e+00 -8.3673640723e+13 5.2139099160e+14 0.0000000000e+00
1.8573644656e+21 1.8342280361e+21 1.0821866455e+19 5.5149854635e+34 0.0000000000e+00 0.0000000000e+00 0.0000000000e+00 -4.2127642262e+13 7.8213246452e+14 0.0000000000e+00
1.2244461322e+21 1.2214023287e+21 2.1484734071e+18 1.7400621259e+35 0.0000000000e+00 0.0000000000e+00 0.0000000000e+00 -6.7481581696e+13 1.2727538823e+14 0.0000000000e+00
1.2398657744e+20 6.7967502845e+20 -1.4813016620e+19 6.7487056921e+34 0.0000000000e+00 0.0000000000e+00 0.0000000000e+00 -5.6636995943e+12 6.7655604258e+14 0.0000000000e+00
1.0481166155e+21 7.7591599779e+20 3.4769236095e+18 6.1943411285e+34 0.0000000000e+00 0.0000000000e+00 0.0000000000e+00 -2.2525342768e+13 4.2050482519e+14 0.0000000000e+00
8.0045968091e+20 1.4469951241e+21 7.9101771536e+18 1.0694374376e+35 0.0000000000e+00 0.0000000000e+00 0.0000000000e+00 -2.6021309334e+12 2.6771857689e+14 0.0000000000e+00
2.0706231026e+21 1.1084441025e+21 -6.1165131051e+17 1.1015341526e+35 0.0000000000e+00 0.0000000000e+00 0.0000000000e+00 -9.1117261721e+13 3.4672385345e+14 0.0000000000e+00
2.8634497220e+21 2.7578922293e+21 1.3162885300e+19 5.9935814271e+34 0.0000000000e+00 0.0000000000e+00 0.0000000000e+00 -6.7678443933e+13 9.1716713569e+13 0.0000000000e+00
8.0896641151e+20 1.1115157214e+21 6.4874442213e+18 6.9983287759e+34 0.0000000000e+00 0.0000000000e+00 0.0000000000e+00 -7.6171596540e+13 6.1102648053e+14 0.0000000000e+00
2.4490042044e+21 1.1270557761e+21 4.2876226306e+18 5.1904986551e+34 0.0000000000e+00 0.0000000000e+00 0.0000000000e+00 -9.3616763986e+13 2.1640674118e+14 0.0000000000e+00
1.6707592752e+20 1.1575071585e+21 8.1967424660e+18 1.4901731322e+35 0.0000000000e+00 0.0000000000e+00 0.0000000000e+00 -7.1731144606e+13 2.8827645456e+14 0.0000000000e+00
1.6240492083e+21 2.5249197949e+21 2.5152755278e+18 1.5815399277e+35 0.0000000000e+00 0.0000000000e+00 0.0000000000e+00 -3.0411177067e+13 1.6742957272e+14 0.0000000000e+00
2.1292009228e+20 1.9640791523e+21 -1.8808255218e+19 1.0369007935e+35 0.0000000000e+00 0.0000000000e+00 0.0000000000e+00 -7.2794964693e+13 7.5861512952e+14 0.0000000000e+00
2.8189115672e+21 1.8535615903e+21 -3.7660033888e+18 1.4824340252e+35 0.0000000000e+00 0.0000000000e+00 0.0000000000e+00 -4.6484018607e+13 4.6863054547e+14 0.0000000000e+00
2.3128481647e+21 1.0084436416e+21 9.0326327656e+18 1.5210987518e+35 0.0000000000e+00 0.0000000000e+00 0.0000000000e+00 -1.0620573166e+13 5.7155294922e+14 0.0000000000e+00
1.9856928320e+21 2.4684348057e+21 -6.0932766610e+18 4.6342918331e+34 0.0000000000e+00 0.0000000000e+00 0.0000000000e+00 -2.8992795158e+13 5.5086808352e+14 0.0000000000e+00
2.4865192797e+21 1.1578213357e+20 -1.6861000520e+18 1.9285556361e+35 0.0000000000e+00 0.0000000000e+00 0.0000000000e+00 -5.7312160991e+13 3.8712343182e+14 0.0000000000e+00
1.9542147430e+21 2.6280658661e+21 -7.8832899884e+18 1.6716928307e+35 0.0000000000e+00 0.0000000000e+00 0.0000000000e+00 -5.9410122640e+13 1.9930879296e+14 0.0000000000e+00
2.9242741907e+21 1.5474791976e+21 1.3459695981e+19 5.8059635591e+34 0.0000000000e+00 0.0000000000e+00 0.0000000000e+00 -5.1527014428e+13 6.7804001862e+14 0.0000000000e+00
2.1547250867e+21 1.2019192088e+21 1.2686860591e+19 5.4817851710e+34 0.0000000000e+00 0.0000000000e+00 0.0000000000e+00 -7.7911791059e+13 1.2501996053e+14 0.0000000000e+00
2.7906196837e+21 1.5004508532e+21 -6.6687908138e+18 4.4110570323e+34 0.0000000000e+00 0.0000000000e+00 0.0000000000e+00 -3.4650172147e+13 1.4852883100e+14 0.0000000000e+00
1.5607040501e+21 2.0142600712e+21 1.1113634129e+18 4.6361152254e+34 0.0000000000e+00 0.0000000000e+00 0.0000000000e+00 -6.0197432987e+13 6.3955813905e+14 0.0000000000e+00
3.5330039838e+20 3.8526057231e+19 -5.1343275904e+18 1.5427356384e+35 0.0000000000e+00 0.0000000000e+00 0.0000000000e+00 -1.3976985762e+13 2.5863648347e+14 0.0000000000e+00
1.5940403633e+21 2.6303435028e+21 4.6397573015e+18 1.0498650786e+35 0.0000000000e+00 0.0000000000e+00 0.0000000000e+00 -2.3047841325e+13 3.3301227668e+14 0.0000000000e+00
3.8290219509e+20 1.3482598874e+21 3.8455588178e+18 1.6042717791e+35 0.0000000000e+00 0.0000000000e+00 0.0000000000e+00 -3.6873809319e+13 4.6271902512e+14 0.0000000000e+00
1.7881453202e+21 1.0350729565e+21 6.1243185378e+18 1.5393610182e+35 0.0000000000e+00 0.0000000000e+00 0.0000000000e+00 -6.0192755816e+13 4.1735217023e+14 0.0000000000e+00
1.4561640567e+21 4.1722511708e+20 2.5043246880e+18 1.2886990058e+35 0.0000000000e+00 0.0000000000e+00 0.0000000000e+00 -7.4797965686e+13 6.2362336244e+14 0.0000000000e+00
1.8789325507e+21 1.3263064998e+21 2.2147639827e+19 1.4333776265e+35 0.0000000000e+00 0.0000000000e+00 0.0000000000e+00 -2.1192329800e+13 6.0467877165e+14 0.0000000000e+00
3.0321788823e+19 1.4979021237e+21 -7.7556848070e+18 2.5120893196e+34 0.0000000000e+00 0.0000000000e+00 0.0000000000e+00 -4.8623088653e+13 5.9511081228e+14 0.0000000000e+00
5.8802860382e+20 1.2182057240e+21 -1.2906502309e+19 7.7047324372e+34 0.0000000000e+00 0.0000000000e+00 0.0000000000e+00 -7.3395084586e+13 6.2969142093e+14 0.0000000000e+00
1.4828352435e+21 2.0481961632e+21 -2.9658655643e+18 1.3474692921e+35 0.0000000000e+00 0.0000000000e+00 0.0000000000e+00 -7.6195072705e+13 2.6779992328e+14 0.0000000000e+00
2.8686197489e+21 1.2702657238e+21 -1.1830471464e+19 2.3526270781e+34 0.0000000000e+00 0.0000000000e+00 0.0000000000e+00 -7.9013833248e+13 2.9030474120e+14 0.0000000000e+00
1.1577320838e+21 2.9015582499e+21 -1.1260627827e+19 2.7708388131e+34 0.0000000000e+00 0.0000000000e+00 0.0000000000e+00 -2.1096773504e+13 4.4677428518e+14 0.0000000000e+00
1.2807547746e+21 1.8086195488e+21 -7.5549190659e+18 1.7262982871e+35 0.0000000000e+00 0.0000000000e+00 0.0000000000e+00 -7.2993942004e+13 2.8365360133e+14 0.0000000000e+00
2.1569527966e+21 2.4369684098e+21 -6.9579152915e+18 1.4292334762e+35 0.0000000000e+00 0.0000000000e+00 0.0000000000e+00 -4.4814102314e+13 8.8908013062e+14 0.0000000000e+00
1.8222465415e+21 3.3003611558e+20 -7.2025935792e+18 6.8834586496e+34 0.0000000000e+00 0.0000000000e+00 0.0000000000e+00 -5.1923641677e+13 7.3636633530e+14 0.0000000000e+00
9.0215912100e+20 1.1990251221e+21 3.9099619811e+18 1.4362024567e+35 0.0000000000e+00 0.0000000000e+00 0.0000000000e+00 -3.9799413260e+13 1.9516827007e+14 0.0000000000e+00
1.2398438818e+21 1.0166063630e+21 -3.8191964659e+18 1.6211235961e+35 0.0000000000e+00 0.0000000000e+00 0.0000000000e+00 -1.1630089548e+13 8.7809240061e+13 0.0000000000e+00
6.5701799295e+20 1.7186978474e+21 -1.3544374674e+18 7.6165426081e+34 0.0000000000e+00 0.0000000000e+00 0.0000000000e+00 -1.2520724888e+13 1.1860578129e+14 0.0000000000e+00
2.9154527637e+21 2.5988406035e+21 6.7469862836e+18 2.8249988447e+34 0.0000000000e+00 0.0000000000e+00 0.0000000000e+00 -5.1968165267e+13 2.5066016732e+14 0.0000000000e+00
3.9425456354e+20 2.3642474121e+20 -5.7819034495e+18 1.8694501107e+35 0.0000000000e+00 0.0000000000e+00 0.0000000000e+00 -9.3218034017e+13 9.8837250395e+13 0.0000000000e+00
1.1222034158e+21 2.1903074050e+20 -1.9959988057e+18 8.2958459380e+34 0.0000000000e+00 0.0000000000e+00 0.0000000000e+00 -5.4300170870e+13 4.9480614328e+14 0.0000000000e+00
7.7982018160e+19 2.5662588432e+21 2.7596590951e+18 4.0716424220e+34 0.0000000000e+00 0.0000000000e+00 0.0000000000e+00 -3.7282760470e+13 7.8844933063e+14 0.0000000000e+00
6.6933050666e+20 6.4238155966e+20 -1.4649129056e+19 1.0891567076e+35 0.0000000000e+00 0.0000000000e+00 0.0000000000e+00 -4.1867648515e+13 6.8055700832e+14 0.0000000000e+00
2.3554618956e+21 2.0182973219e+21 -1.7994112065e+19 1.5786708517e+35 0.0000000000e+00 0.0000000000e+00 0.0000000000e+00 -3.3008987123e+13 2.4537463624e+14 0.0000000000e+00
6.0714685105e+20 1.6384062035e+21 2.6114552458e+18 6.1097096617e+34 0.0000000000e+00 0.0000000000e+00 0.0000000000e+00 -8.0086018995e+13 3.5481178846e+14 0.0000000000e+00
2.4163134883e+20 2.5136728694e+21 3.7122477469e+18 6.9563752729e+34 0.0000000000e+00 0.0000000000e+00 0.0000000000e+00 -3.3463511900e+13 4.9396319038e+14 0.0000000000e+00
1.4318996968e+21 3.7751832989e+20 1.5574540917e+19 6.4825410509e+34 0.0000000000e+00 0.0000000000e+00 0.0000000000e+00 -7.7380659829e+13 7.0763224731e+14 0.0000000000e+00
3.0087150429e+19 3.9168499055e+20 1.1928258384e+18 1.9736737993e+35 0.0000000000e+00 0.0000000000e+00 0.0000000000e+00 -2.3618593280e+13 7.8603213208e+14 0.0000000000e+00
2.5582425406e+20 1.6804778113e+21 6.1849361667e+18 5.6806746993e+34 0.0000000000e+00 0.0000000000e+00 0.0000000000e+00 -6.2570426207e+13 8.0723259199e+14 0.0000000000e+00
2.4374148743e+21 2.8561707758e+21 -1.4748410959e+18 1.2372144573e+35 0.0000000000e+00 0.0000000000e+00 0.0000000000e+00 -2.7465011615e+13 5.0111285215e+14 0.0000000000e+00
2.3283065548e+21 1.2524632348e+21 2.2425793869e+18 1.8561518444e+35 0.0000000000e+00 0.0000000000e+00 0.0000000000e+00 -9.0141229728e+13 5.9609197820e+14 0.0000000000e+00
2.7618889600e+21 9.8671125857e+20 1.2579452871e+19 4.7868570875e+34 0.0000000000e+00 0.0000000000e+00 0.0000000000e+00 -5.6059549369e+13 1.3387333830e+14 0.0000000000e+00
2.5789275856e+21 1.8309883774e+21 -1.6025525813e+19 1.9368309884e+35 0.0000000000e+00 0.0000000000e+00 0.0000000000e+00 -2.7925207681e+13 5.4840499015e+14 0.0000000000e+00
2.0618238499e+21 2.8080938764e+21 3.1207346634e+18 1.8954611318e+35 0.0000000000e+00 0.0000000000e+00 0.0000000000e+00 -7.3194332981e+13 2.3337761648e+14 0.0000000000e+00
1.5794056333e+20 2.5258481995e+21 1.6113001878e+19 1.7841386727e+35 0.0000000000e+00 0.0000000000e+00 0.0000000000e+00 -1.9380748665e+13 4.4313866815e+14 0.0000000000e+00
2.3626371291e+21 3.0043695372e+21 2.1279481839e+18 5.9842249717e+34 0.0000000000e+00 0.0000000000e+00 0.0000000000e+00 -3.4955116484e+13 5.9996371618e+14 0.0000000000e+00
2.5517516271e+21 6.8111984105e+19 1.2453573008e+19 1.3408026714e+35 0.0000000000e+00 0.0000000000e+00 0.0000000000e+00 -3.9046681858e+13 2.7459232282e+14 0.0000000000e+00
2.4116299159e+21 3.4060588074e+20 -4.7474056682e+18 1.5652631487e+35 0.0000000000e+00 0.0000000000e+00 0.0000000000e+00 -6.1201340036e+13 7.7936009822e+13 0.0000000000e+00
1.5345897286e+21 1.8393737098e+21 -2.4179834347e+17 1.9636837081e+35 0.0000000000e+00 0.0000000000e+00 0.0000000000e+00 -4.8997768435e+13 5.4394842134e+13 0.0000000000e+00
7.0289774904e+20 2.4764996939e+21 2.5294387952e+17 5.3801837863e+34 0.0000000000e+00 0.0000000000e+00 0.0000000000e+00 -3.8120069098e+13 7.5433878392e+13 0.0000000000e+00
2.5512058666e+21 8.6086742508e+20 -1.6731724694e+19 1.5743494653e+35 0.0000000000e+00 0.0000000000e+00 0.0000000000e+00 -4.9943488782e+13 5.1843748485e+13 0.0000000000e+00
2.1945773598e+21 7.2193906369e+20 -8.8139017111e+18 8.1829636143e+34 0.0000000000e+00 0.0000000000e+00 0.0000000000e+00 -2.8561522345e+13 1.6013987744e+14 0.0000000000e+00
2.9599372243e+21 2.3750929625e+21 -8.2759224740e+18 5.2952856980e+34 0.0000000000e+00 0.0000000000e+00 0.0000000000e+00 -5.3613496991e+13 2.4511690760e+14 0.0000000000e+00
4.6988026003e+20 1.7016043493e+20 6.2024885588e+18 9.6442944751e+34 0.0000000000e+00 0.0000000000e+00 0.0000000000e+00 -7.5523031520e+13 2.0764270999e+14 0.0000000000e+00
6.8105571165e+20 1.1147968304e+21 6.5803951824e+18 1.6235644215e+35 0.0000000000e+00 0.0000000000e+00 0.0000000000e+00 -7.4419089768e+13 8.6105887965e+14 0.0000000000e+00
6.3920681634e+20 1.5265322338e+21 2.4448549602e+18 1.0413627108e+35 0.0000000000e+00 0.0000000000e+00 0.0000000000e+00 -9.4123340953e+13 2.6128355222e+14 0.0000000000e+00
2.3918850187e+21 1.6911322992e+21 6.2178563568e+18 1.1699715379e+35 0.0000000000e+00 0.0000000000e+00 0.0000000000e+00 -6.6180290386e+13 1.3706205066e+14 0.0000000000e+00
5.6408622069e+20 2.1989605432e+21 -1.2385073190e+18 1.9798435529e+35 0.0000000000e+00 0.0000000000e+00 0.0000000000e+00 -2.3770670007e+13 5.3575153268e+14 0.0000000000e+00
2.0117936641e+20 1.0709243933e+21 9.0685744467e+18 9.2502274086e+34 0.0000000000e+00 0.0000000000e+00 0.0000000000e+00 -1.9487192699e+13 8.0621271855e+14 0.0000000000e+00
3.0136565143e+21 1.8490813522e+21 6.6308799659e+16 1.3077904382e+35 0.0000000000e+00 0.0000000000e+00 0.0000000000e+00 -7.5504630881e+13 5.9691303908e+14 0.0000000000e+00
7.4898344141e+19 1.7666630260e+21 4.3658423783e+17 8.6509219229e+34 0.0000000000e+00 0.0000000000e+00 0.0000000000e+00 -3.8774194930e+12 3.4307366418e+14 0.0000000000e+00
2.5207665736e+21 1.6527053918e+21 -2.0038964180e+18 9.1383186796e+34 0.0000000000e+00 0.0000000000e+00 0.0000000000e+00 -4.7108920813e+13 5.2609184854e+14 0.0000000000e+00
1.1026771278e+21 1.9329785787e+21 5.1641788538e+18 1.4497899431e+35 0.0000000000e+00 0.0000000000e+00 0.0000000000e+00 -7.8598542899e+12 6.9590969578e+14 0.0000000000e+00
2.5399954575e+21 7.8301759828e+20 -3.1779450713e+18 1.8784893976e+35 0.0000000000e+00 0.0000000000e+00 0.0000000000e+00 -2.7761351823e+13 6.8729666704e+14 0.0000000000e+00
1.6738446425e+21 2.5546993832e+20 7.3671747410e+18 1.1785294686e+35 0.0000000000e+00 0.0000000000e+00 0.0000000000e+00 -2.6278005029e+13 6.3632235181e+14 0.0000000000e+00
2.7211230506e+21 3.5996190622e+20 -8.5420652667e+18 1.5785507490e+35 0.0000000000e+00 0.0000000000e+00 0.0000000000e+00 -8.6621482249e+13 7.5002986840e+14 0.0000000000e+00
2.7952504330e+21 6.7778963085e+20 -8.2913231419e+18 3.7659257569e+34 0.0000000000e+00 0.0000000000e+00 0.0000000000e+00 -7.3845624042e+13 7.6220505629e+14 0.0000000000e+00
2.7458311105e+19 1.5095973694e+21 5.1866348674e+18 5.9240825192e+34 0.0000000000e+00 0.0000000000e+00 0.0000000000e+00 -9.3838275050e+13 4.9412043086e+14 0.0000000000e+00
2.2759394715e+20 2.5364562211e+21 -6.6806609903e+17 1.1073398109e+35 0.0000000000e+00 0.0000000000e+00 0.0000000000e+00 -2.6874991119e+13 4.3405916344e+14 0.0000000000e+00
7.5558264584e+20 2.1165033064e+21 -3.4246107349e+18 2.5413952864e+34 0.0000000000e+00 0.0000000000e+00 0.0000000000e+00 -6.2063862807e+13 5.7926224369e+14 0.0000000000e+00
2.0199939266e+21 2.3813245435e+21 6.7154855915e+18 6.6619869459e+34 0.0000000000e+00 0.0000000000e+00 0.0000000000e+00 -2.0198203676e+13 7.7163638679e+14 0.0000000000e+00
2.6808054891e+21 1.0592444330e+21 -4.5817873693e+18 1.1343622763e+35 0.0000000000e+00 0.0000000000e+00 0.0000000000e+00 -6.2584759037e+13 3.6903946284e+13 0.0000000000e+00
1.3881048090e+21 1.2212449923e+21 -1.5105184637e+18 2.4520169073e+34 0.0000000000e+00 0.0000000000e+00 0.0000000000e+00 -1.7104179535e+13 9.2280483038e+14 0.0000000000e+00
1.8318448649e+21 1.1881319319e+21 1.0557174883e+19 6.8688862352e+34 0.0000000000e+00 0.0000000000e+00 0.0000000000e+00 -8.2299230363e+13 1.6820915940e+14 0.0000000000e+00
5.6889255574e+20 5.7907327053e+20 1.1612828999e+19 1.1283976062e+35 0.0000000000e+00 0.0000000000e+00 0.0000000000e+00 -7.8259077805e+13 4.1709181572e+14 0.0000000000e+00
2.4293899047e+21 1.8475187428e+20 1.1863744496e+19 1.2330185896e+35 0.0000000000e+00 0.0000000000e+00 0.0000000000e+00 -6.2401063543e+13 7.7528920658e+14 0.0000000000e+00
2.9193962401e+21 1.7833847682e+21 -2.1286389870e+18 1.8570137719e+35 0.0000000000e+00 0.0000000000e+00 0.0000000000e+00 -5.6000155130e+13 2.3041948709e+14 0.0000000000e+00
8.1063157954e+20 2.9854559506e+21 9.2856534181e+18 1.3607834165e+35 0.0000000000e+00 0.0000000000e+00 0.0000000000e+00 -6.1660128530e+13 4.3926852133e+14 0.0000000000e+00
1.4933847219e+21 5.0349204954e+20 -7.1598490855e+18 9.5267672542e+34 0.0000000000e+00 0.0000000000e+00 0.0000000000e+00 -2.2376197219e+13 1.8526393883e+14 0.0000000000e+00
2.5989842151e+20 1.4089478646e+20 -6.8425821898e+18 1.8651534089e+35 0.0000000000e+00 0.0000000000e+00 0.0000000000e+00 -8.5494140196e+13 3.4580549725e+14 0.0000000000e+00
1.6874744292e+21 2.3526266157e+21 -1.7734189408e+19 1.6077205597e+35 0.0000000000e+00 0.0000000000e+00 0.0000000000e+00 -6.1422101343e+13 1.8417988402e+14 0.0000000000e+00
1.5174004275e+21 7.6230456817e+20 1.2621790583e+19 5.7267783041e+34 0.0000000000e+00 0.0000000000e+00 0.0000000000e+00 -1.5408944974e+13 3.8909476923e+14 0.0000000000e+00
4.3590930918e+20 2.5038650046e+21 -6.5187279613e+18 4.5027482195e+34 0.0000000000e+00 0.0000000000e+00 0.0000000000e+00 -8.8348933664e+13 3.2453599427e+14 0.0000000000e+00
1.3341558312e+21 2.1244808611e+21 -9.5468831419e+17 1.4146986552e+35 0.0000000000e+00 0.0000000000e+00 0.0000000000e+00 -5.4585015669e+12 9.3545063420e+14 0.0000000000e+00
1.0083278400e+21 2.8540427348e+21 -6.8683971598e+18 1.2095418054e+35 0.0000000000e+00 0.0000000000e+00 0.0000000000e+00 -1.2954228550e+12 9.4101299179e+14 0.0000000000e+00
1.5748855817e+21 1.2341423975e+21 5.2450217987e+18 1.6161984654e+35 0.0000000000e+00 0.0000000000e+00 0.0000000000e+00 -8.6287802993e+13 1.0618924263e+14 0.0000000000e+00
1.7675047843e+21 1.9978249755e+21 -2.8341559701e+18 1.5261771422e+35 0.0000000000e+00 0.0000000000e+00 0.0000000000e+00 -6.7097214755e+13 6.4614105871e+14 0.0000000000e+00
2.5639656237e+19 1.4029317285e+21 -9.8448434383e+18 1.3251524248e+35 0.0000000000e+00 0.0000000000e+00 0.0000000000e+00 -5.9416586225e+13 7.9346218804e+13 0.0000000000e+00
2.2967160565e+21 1.9031166885e+21 3.3323440468e+18 1.9643106073e+35 0.0000000000e+00 0.0000000000e+00 0.0000000000e+00 -2.1169655234e+13 9.9228408433e+13 0.0000000000e+00
2.1518771328e+21 1.3568894983e+21 -1.0817493037e+19 1.1630107127e+35 0.0000000000e+00 0.0000000000e+00 0.0000000000e+00 -3.8254740102e+13 1.4616835223e+14 0.0000000000e+00
1.1054523136e+21 5.6929211971e+20 -6.3182261975e+18 4.1888662221e+34 0.0000000000e+00 0.0000000000e+00 0.0000000000e+00 -3.3668894910e+13 8.8365097967e+14 0.0000000000e+00
1.5976065355e+20 1.5328344015e+21 -1.5896478370e+19 1.6845082114e+35 0.0000000000e+00 0.0000000000e+00 0.0000000000e+00 -2.2957224046e+13 8.7338325443e+14 0.0000000000e+00
2.2783864051e+21 1.5952671199e+21 -1.0743763957e+19 6.6442614925e+34 0.0000000000e+00 0.0000000000e+00 0.0000000000e+00 -8.3503397782e+13 1.7640660991e+14 0.0000000000e+00
2.8827186343e+21 2.4464024140e+21 1.3470025855e+18 1.5943048709e+35 0.0000000000e+00 0.0000000000e+00 0.0000000000e+00 -1.5790527728e+13 2.1663602648e+14 0.0000000000e+00
7.2477751679e+20 2.2198014901e+21 -1.4822424407e+19 1.9125029514e+35 0.0000000000e+00 0.0000000000e+00 0.0000000000e+00 -2.7869797403e+13 2.7175217385e+14 0.0000000000e+00
9.7639728426e+20 2.0033231211e+21 -1.1175244492e+19 1.4518335053e+35 0.0000000000e+00 0.0000000000e+00 0.0000000000e+00 -4.0014242319e+13 4.9393305483e+14 0.0000000000e+00
5.5474730046e+20 3.4220225438e+20 -1.7873472222e+16 1.2735105932e+35 0.0000000000e+00 0.0000000000e+00 0.0000000000e+00 -1.0439064597e+13 5.6965352959e+14 0.0000000000e+00
1.7411932203e+21 2.1748199652e+21 -4.1015140310e+18 1.0334634962e+35 0.0000000000e+00 0.0000000000e+00 0.0000000000e+00 -2.8372836620e+13 2.5510979807e+14 0.0000000000e+00
4.6731132905e+20 1.5099209619e+21 1.5029916418e+19 8.6361568124e+34 0.0000000000e+00 0.0000000000e+00 0.0000000000e+00 -7.5577299778e+13 6.6377988125e+14 0.0000000000e+00
1.0749933214e+21 2.6983924000e+21 1.3836749440e+19 8.4343222270e+34 0.0000000000e+00 0.0000000000e+00 0.0000000000e+00 -5.3987601486e+13 3.0444158618e+14 0.0000000000e+00
2.1035852761e+21 2.7761704792e+21 -6.5484749815e+18 1.3449041808e+35 0.0000000000e+00 0.0000000000e+00 0.0000000000e+00 -4.7900378467e+13 8.3247921253e+14 0.0000000000e+00
1.6904300367e+21 1.6646259044e+20 4.2036033309e+18 1.5482416904e+35 0.0000000000e+00 0.0000000000e+00 0.0000000000e+00 -8.9445192666e+13 5.6479160433e+14 0.0000000000e+00
1.1663440191e+21 2.4766962291e+21 5.6533368917e+18 1.4194864202e+35 0.0000000000e+00 0.0000000000e+00 0.0000000000e+00 -4.2945936252e+12 4.6217351051e+14 0.0000000000e+00
1.2683132983e+21 1.1377072430e+20 -4.5079779838e+18 5.6984842312e+34 0.0000000000e+00 0.0000000000e+00 0.0000000000e+00 -8.2500030704e+13 6.8522139789e+14 0.0000000000e+00
1.6964506438e+21 1.1081179303e+21 -1.1283860893e+19 1.0929266826e+35 0.0000000000e+00 0.0000000000e+00 0.0000000000e+00 -2.8642188940e+13 7.6293902134e+14 0.0000000000e+00
1.7699748763e+19 1.6366613264e+21 -9.2791800029e+16 1.6196784769e+35 0.0000000000e+00 0.0000000000e+00 0.0000000000e+00 -4.6746490366e+13 2.9543267220e+14 0.0000000000e+00
2.3694278299e+20 4.4696821026e+20 -1.3041206165e+18 1.0605713552e+35 0.0000000000e+00 0.0000000000e+00 0.0000000000e+00 -9.2246123133e+13 2.9188222046e+14 0.0000000000e+00
2.6596368485e+21 2.2523750863e+21 -3.2878431296e+18 1.1683791393e+35 0.0000000000e+00 0.0000000000e+00 0.0000000000e+00 -7.1243671670e+12 8.8503388853e+14 0.0000000000e+00
2.3503878908e+20 2.5214497192e+19 3.3372807703e+18 1.5833928176e+35 0.0000000000e+00 0.0000000000e+00 0.0000000000e+00 -1.4027024166e+13 2.2101423422e+14 0.0000000000e+00
2.1331332534e+21 5.0883192817e+20 -5.6642548849e+18 1.3889562373e+35 0.0000000000e+00 0.0000000000e+00 0.0000000000e+00 -4.5039834043e+13 8.5547447912e+13 0.0000000000e+00
2.7766751793e+21 1.7528448325e+21 -8.6918214965e+18 9.4313656419e+34 0.0000000000e+00 0.0000000000e+00 0.0000000000e+00 -7.2998187999e+13 4.0855481072e+14 0.0000000000e+00
8.1692311778e+20 2.1560216622e+21 8.2303101129e+17 1.8033233373e+35 0.0000000000e+00 0.0000000000e+00 0.0000000000e+00 -8.3158420395e+13 6.9418944140e+14 0.0000000000e+00
1.1181431570e+21 2.7664288839e+21 2.9121443484e+18 5.0641755380e+34 0.0000000000e+00 0.0000000000e+00 0.0000000000e+00 -6.0269416473e+13 6.9190720618e+14 0.0000000000e+00
1.7170048028e+21 2.1291888955e+21 -8.8777861017e+18 1.9804753983e+35 0.0000000000e+00 0.0000000000e+00 0.0000000000e+00 -7.0490689434e+13 8.0767296449e+14 0.0000000000e+00
2.6609976704e+21 2.0274298376e+21 7.0024436599e+18 4.2905668562e+34 0.0000000000e+00 0.0000000000e+00 0.0000000000e+00 -4.6702925265e+13 5.0228627345e+14 0.0000000000e+00
2.8426710624e+21 1.1901215797e+21 -1.3358280185e+19 2.4518182221e+34 0.0000000000e+00 0.0000000000e+00 0.0000000000e+00 -3.1801259900e+12 1.7675329775e+14 0.0000000000e+00
2.2320018828e+21 3.8763962399e+18 -4.3618660460e+18 1.7937779937e+35 0.0000000000e+00 0.0000000000e+00 0.0000000000e+00 -4.0240342926e+13 5.5602795884e+14 0.0000000000e+00
2.6141843826e+20 3.6264064286e+20 -1.9466744056e+18 6.5221558264e+34 0.0000000000e+00 0.0000000000e+00 0.0000000000e+00 -1.0420535132e+13 7.4748829573e+14 0.0000000000e+00
2.0195072414e+21 1.6132856161e+21 -4.8003079120e+18 1.5100634143e+35 0.0000000000e+00 0.0000000000e+00 0.0000000000e+00 -3.3052277994e+13 1.4114123219e+14 0.0000000000e+00
1.2382966326e+21 2.0375419955e+21 -4.2633812729e+18 1.6539666554e+35 0.0000000000e+00 0.0000000000e+00 0.0000000000e+00 -4.9679880638e+13 1.9210655579e+14 0.0000000000e+00
1.4205756165e+21 1.2598589208e+21 1.4117256969e+19 1.7388602327e+35 0.0000000000e+00 0.0000000000e+00 0.0000000000e+00 -1.3764709135e+13 9.1380412614e+13 0.0000000000e+00
1.4832984206e+20 2.2051892568e+21 -6.4199204518e+18 1.9735343177e+35 0.0000000000e+00 0.0000000000e+00 0.0000000000e+00 -5.0047061179e+13 5.5045050613e+14 0.0000000000e+00
5.7662553655e+20 1.5749804073e+21 1.8419017896e+19 7.3908268691e+34 0.0000000000e+00 0.0000000000e+00 0.0000000000e+00 -1.2437338939e+13 8.3778211074e+14 0.0000000000e+00
2.3857700675e+21 2.2386375830e+20 3.2981215531e+18 1.4756319218e+35 0.0000000000e+00 0.0000000000e+00 0.0000000000e+00 -6.7068410809e+13 5.9904655504e+14 0.0000000000e+00
1.3700477581e+21 5.7950504542e+20 6.9455601102e+17 4.2294645922e+34 0.0000000000e+00 0.0000000000e+00 0.0000000000e+00 -8.2477705630e+13 8.4894745761e+14 0.0000000000e+00
9.1041664524e+20 2.5351146378e+21 3.5932334663e+18 9.3864929920e+34 0.0000000000e+00 0.0000000000e+00 0.0000000000e+00 -1.3697784778e+13 1.3468316661e+14 0.0000000000e+00
1.1589695652e+21 2.1877866693e+21 1.9088304868e+19 1.7193676897e+35 0.0000000000e+00 0.0000000000e+00 0.0000000000e+00 -3.9060561681e+13 8.2501900853e+14 0.0000000000e+00
2.5785777312e+21 2.7003916768e+21 -7.4966592147e+18 8.6936393607e+34 0.0000000000e+00 0.0000000000e+00 0.0000000000e+00 -1.0499933199e+13 7.7780398422e+14 0.0000000000e+00
2.2604790345e+21 3.5478777785e+20 -8.4535531984e+18 1.2647775873e+35 0.0000000000e+00 0.0000000000e+00 0.0000000000e+00 -5.8860723979e+12 3.5653784920e+14 0.0000000000e+00
8.2184786869e+20 2.9884916095e+21 -5.6954654531e+18 1.1102452844e+35 0.0000000000e+00 0.0000000000e+00 0.0000000000e+00 -8.9595650124e+13 8.3457551071e+14 0.0000000000e+00
3.5462055376e+20 6.3198946270e+20 2.4252004385e+17 1.3618556824e+35 0.0000000000e+00 0.0000000000e+00 0.0000000000e+00 -4.7244633479e+13 2.9276702213e+14 0.0000000000e+00
7.6053063292e+20 3.5551666633e+19 -1.3020943137e+19 1.9404414843e+35 0.0000000000e+00 0.0000000000e+00 0.0000000000e+00 -5.9173856238e+13 7.9323565808e+14 0.0000000000e+00
2.7788429693e+21 3.0102224301e+21 1.6854956066e+17 3.1735939905e+34 0.0000000000e+00 0.0000000000e+00 0.0000000000e+00 -3.5421033146e+13 8.0969817184e+14 0.0000000000e+00
1.7552351126e+21 8.4828098627e+20 1.2777813122e+19 1.2344560506e+35 0.0000000000e+00 0.0000000000e+00 0.0000000000e+00 -1.9541299306e+13 7.2069761274e+14 0.0000000000e+00
1.6100432700e+21 2.0160827077e+21 1.1423687623e+18 1.7460139856e+35 0.0000000000e+00 0.0000000000e+00 0.0000000000e+00 -6.8108538601e+13 5.0667220866e+14 0.0000000000e+00
1.7999158839e+21 5.3322722418e+20 -2.2083117880e+18 1.0706207466e+35 0.0000000000e+00 0.0000000000e+00 0.0000000000e+00 -4.1959137916e+13 1.5496262891e+14 0.0000000000e+00
1.1046733060e+21 1.7511297102e+21 -4.6640205853e+18 3.5769345199e+34 0.0000000000e+00 0.0000000000e+00 0.0000000000e+00 -2.7575480900e+13 5.2036660173e+14 0.0000000000e+00
2.4358489873e+21 2.7283775891e+21 6.7792708108e+18 1.2107030493e+35 0.0000000000e+00 0.0000000000e+00 0.0000000000e+00 -8.1945832981e+13 3.1673707199e+14 0.0000000000e+00
1.5792779004e+21 9.6630676330e+20 -6.2309082741e+18 8.0639119796e+34 0.0000000000e+00 0.0000000000e+00 0.0000000000e+00 -1.7602806626e+13 7.5208263600e+14 0.0000000000e+00
3.5234517056e+20 2.0228264997e+21 1.3931057221e+19 4.9292320591e+34 0.0000000000e+00 0.0000000000e+00 0.0000000000e+00 -3.7290707075e+13 7.0335002559e+14 0.0000000000e+00
3.8951854673e+20 5.6709303099e+20 1.4587199297e+19 1.7212485461e+35 0.0000000000e+00 0.0000000000e+00 0.0000000000e+00 -4.7774321236e+12 8.6578748997e+14 0.0000000000e+00
1.6202409041e+21 1.8856325133e+21 1.9371847759e+18 1.1417918079e+35 0.0000000000e+00 0.0000000000e+00 0.0000000000e+00 -6.2528646545e+13 4.4780270472e+13 0.0000000000e+00
2.8265689181e+21 1.0154071618e+21 -8.6881339538e+16 1.8703301532e+35 0.0000000000e+00 0.0000000000e+00 0.0000000000e+00 -8.4434320830e+13 6.9963908240e+14 0.0000000000e+00
9.3060670322e+20 6.3742652442e+20 7.7763282532e+18 1.6451202306e+35 0.0000000000e+00 0.0000000000e+00 0.0000000000e+00 -4.6720913094e+13 8.4757335927e+14 0.0000000000e+00
2.6242752476e+21 9.4518342902e+20 8.2602546993e+18 1.4450667258e+35 0.0000000000e+00 0.0000000000e+00 0.0000000000e+00 -8.6548853972e+13 6.8065149805e+14 0.0000000000e+00
2.3060404803e+21 5.3974234476e+20 -6.0812076108e+18 2.2761864265e+34 0.0000000000e+00 0.0000000000e+00 0.0000000000e+00 -2.8850093627e+12 2.0272065718e+14 0.0000000000e+00
7.4789795269e+20 2.7219828135e+21 -3.9728584795e+18 9.7583774777e+34 0.0000000000e+00 0.0000000000e+00 0.0000000000e+00 -9.1010386684e+13 7.2916697247e+13 0.0000000000e+00
1.0967637842e+20 1.1987100229e+21 -9.9771113947e+18 5.6821355373e+34 0.0000000000e+00 0.0000000000e+00 0.0000000000e+00 -2.3336475871e+13 8.9097619102e+13 0.0000000000e+00
3.0737504620e+20 7.4025294241e+20 3.0863949597e+18 1.8305502914e+35 0.0000000000e+00 0.0000000000e+00 0.0000000000e+00 -4.4959885681e+13 5.8543855346e+14 0.0000000000e+00
2.1985946924e+21 1.3532948642e+21 5.0297073807e+18 5.2768370723e+34 0.0000000000e+00 0.0000000000e+00 0.0000000000e+00 -5.9774450690e+13 5.7141420662e+14 0.0000000000e+00
6.0260326941e+20 9.6737815142e+20 -1.0185188938e+19 7.2496120688e+34 0.0000000000e+00 0.0000000000e+00 0.0000000000e+00 -8.8439337928e+13 8.4713842422e+14 0.0000000000e+00
1.1204956381e+21 2.2466573080e+21 -3.4344757368e+18 1.1333632501e+35 0.0000000000e+00 0.0000000000e+00 0.0000000000e+00 -3.5770515221e+13 3.9805704110e+14 0.0000000000e+00
1.5141280830e+21 2.9311416941e+21 -1.0165030808e+19 6.8479567532e+34 0.0000000000e+00 0.0000000000e+00 0.0000000000e+00 -3.9268352800e+13 3.3820692316e+14 0.0000000000e+00
2.1894629324e+21 1.3219855759e+21 -6.7814445683e+18 5.9011941214e+34 0.0000000000e+00 0.0000000000e+00 0.0000000000e+00 -6.8080794066e+13 5.5863651215e+14 0.0000000000e+00
3.4173183180e+20 2.5985988011e+21 4.1574237194e+18 1.2789420463e+35 0.0000000000e+00 0.0000000000e+00 0.0000000000e+00 -8.4995629067e+12 7.8963739967e+14 0.0000000000e+00
1.2264138111e+21 1.7077747560e+21 -5.5341221931e+18 3.7610230918e+34 0.0000000000e+00 0.0000000000e+00 0.0000000000e+00 -6.5881854097e+13 8.2697406082e+14 0.0000000000e+00
1.4639500398e+21 4.7453723725e+20 -2.2697318383e+18 3.2166368341e+34 0.0000000000e+00 0.0000000000e+00 0.0000000000e+00 -5.2096036148e+13 7.2688288589e+14 0.0000000000e+00
1.6322160791e+21 2.0842994356e+21 -1.2278066987e+19 8.7748192106e+34 0.0000000000e+00 0.0000000000e+00 0.0000000000e+00 -4.3193285763e+13 4.1502929813e+14 0.0000000000e+00
2.4698124157e+21 1.5495453123e+21 1.4108411324e+18 1.4940740062e+35 0.0000000000e+00 0.0000000000e+00 0.0000000000e+00 -8.5183567444e+13 5.5047120831e+14 0.0000000000e+00
5.1812479264e+20 1.9635304872e+21 -3.3404219823e+17 1.2005581646e+35 0.0000000000e+00 0.0000000000e+00 0.0000000000e+00 -6.4224399892e+12 8.1786465410e+14 0.0000000000e+00
2.4380353216e+21 2.6850766111e+21 -5.4999975415e+18 9.6708313807e+34 0.0000000000e+00 0.0000000000e+00 0.0000000000e+00 -5.9214413746e+13 4.5348492235e+14 0.0000000000e+00
2.0911070948e+21 1.3292315342e+21 -1.4261128760e+18 1.2199270212e+35 0.0000000000e+00 0.0000000000e+00 0.0000000000e+00 -8.7025205641e+13 1.9227657590e+14 0.0000000000e+00
1.6776181173e+21 2.7197540669e+21 1.3603248734e+18 8.6545901793e+34 0.0000000000e+00 0.0000000000e+00 0.0000000000e+00 -5.8006860173e+13 1.8127967923e+14 0.0000000000e+00
2.1111751129e+21 2.2655190851e+21 -6.1481801835e+18 1.8754090123e+35 0.0000000000e+00 0.0000000000e+00 0.0000000000e+00 -3.7849944300e+13 5.6957262788e+13 0.0000000000e+00
1.2434695362e+21 1.4746096663e+21 -1.1138400894e+19 3.1588943589e+34 0.0000000000e+00 0.0000000000e+00 0.0000000000e+00 -4.6043863331e+13 6.6060735513e+14 0.0000000000e+00
4.1768391445e+20 1.8205244054e+21 1.3623059095e+19 1.4104157407e+35 0.0000000000e+00 0.0000000000e+00 0.0000000000e+00 -2.8918566600e+13 1.6041518790e+14 0.0000000000e+00
2.0092794951e+21 9.8260385794e+20 -4.7780425570e+18 1.7960144571e+35 0.0000000000e+00 0.0000000000e+00 0.0000000000e+00 -8.9419979849e+13 2.1301719301e+14 0.0000000000e+00
1.5834610216e+21 2.9684966506e+21 -7.3005497855e+17 1.6413476239e+35 0.0000000000e+00 0.0000000000e+00 0.0000000000e+00 -6.7734543712e+13 2.8074533352e+14 0.0000000000e+00
1.9296331480e+21 2.0140658101e+21 7.6267858007e+18 5.4441970498e+34 0.0000000000e+00 0.0000000000e+00 0.0000000000e+00 -1.7113947445e+13 5.5503342636e+14 0.0000000000e+00
1.0200803211e+21 1.3232980083e+20 2.6626721390e+19 7.4242144314e+34 0.0000000000e+00 0.0000000000e+00 0.0000000000e+00 -8.7109040874e+13 3.4664532662e+14 0.0000000000e+00
2.7369233304e+21 9.8574491155e+20 -9.3896502644e+18 1.4876739132e+35 0.0000000000e+00 0.0000000000e+00 0.0000000000e+00 -1.3681549308e+13 6.5585073390e+14 0.0000000000e+00
1.7726822634e+21 1.8811629611e+21 3.3939463276e+18 3.6785741223e+34 0.0000000000e+00 0.0000000000e+00 0.0000000000e+00 -8.5972739654e+13 5.6107269348e+13 0.0000000000e+00
2.5774469759e+20 1.7001383240e+20 -5.3384819925e+18 1.6554643837e+35 0.0000000000e+00 0.0000000000e+00 0.0000000000e+00 -1.5672683004e+13 1.8460315195e+14 0.0000000000e+00
1.3575084439e+21 7.2082489401e+19 -4.0651728480e+18 1.4909637676e+35 0.0000000000e+00 0.0000000000e+00 0.0000000000e+00 -6.0515951862e+13 4.5951260562e+14 0.0000000000e+00
2.2826825732e+21 1.3581731549e+21 -5.4339996985e+18 1.5098988721e+35 0.0000000000e+00 0.0000000000e+00 0.0000000000e+00 -3.6713253796e+13 3.4507214591e+14 0.0000000000e+00
2.3966981073e+21 1.0040589623e+21 -8.4930667321e+18 3.9612071362e+34 0.0000000000e+00 0.0000000000e+00 0.0000000000e+00 -8.0198548678e+13 2.6652356528e+14 0.0000000000e+00
1.4926939052e+21 1.3227851990e+21 -3.1154332467e+17 1.4889350014e+35 0.0000000000e+00 0.0000000000e+00 0.0000000000e+00 -8.8408421842e+13 6.3376001448e+13 0.0000000000e+00
2.7003481688e+21 7.9280840922e+20 -1.1125122774e+19 1.4217888787e+35 0.0000000000e+00 0.0000000000e+00 0.0000000000e+00 -7.4229325598e+13 7.8364565499e+14 0.0000000000e+00
8.0782334345e+20 4.9711816027e+20 7.1436630893e+18 1.6891959755e+35 0.0000000000e+00 0.0000000000e+00 0.0000000000e+00 -8.2568521068e+13 6.0157190270e+14 0.0000000000e+00
1.2391868683e+21 2.0798346514e+21 4.1499715237e+17 2.9233681672e+34 0.0000000000e+00 0.0000000000e+00 0.0000000000e+00 -6.5096458930e+13 1.3320172400e+14 0.0000000000e+00
2.7119654761e+21 1.5529756289e+21 3.1872718705e+18 2.5962368417e+34 0.0000000000e+00 0.0000000000e+00 0.0000000000e+00 -4.5974697780e+13 1.0412084875e+14 0.0000000000e+00
2.7049027703e+21 6.0406540955e+20 -3.5173930771e+18 8.7883007523e+34 0.0000000000e+00 0.0000000000e+00 0.0000000000e+00 -3.8933293058e+13 8.8638471839e+14 0.0000000000e+00
2.0694811363e+21 9.6452088845e+20 -2.7705536836e+18 4.8203344795e+34 0.0000000000e+00 0.0000000000e+00 0.0000000000e+00 -1.9893774644e+13 6.5517563906e+14 0.0000000000e+00
2.5924032912e+21 1.7860762653e+21 2.1696696645e+18 1.2068896001e+35 0.0000000000e+00 0.0000000000e+00 0.0000000000e+00 -3.2544731834e+13 4.1782368431e+14 0.0000000000e+00
2.6791771967e+20 2.1798817309e+20 -8.7827620215e+18 1.8421434795e+35 0.0000000000e+00 0.0000000000e+00 0.0000000000e+00 -3.7039944837e+13 6.5554643744e+14 0.0000000000e+00
2.6105548382e+21 4.4501318197e+20 -2.7010378276e+18 9.1152080829e+34 0.0000000000e+00 0.0000000000e+00 0.0000000000e+00 -5.5688242468e+13 6.8342098913e+14 0.0000000000e+00
9.6763087797e+20 2.2105523320e+20 -6.4857839622e+18 1.7140209127e+35 0.0000000000e+00 0.0000000000e+00 0.0000000000e+00 -4.9816028799e+13 7.0942762155e+14 0.0000000000e+00
5.3820450451e+20 2.4515737101e+21 -6.7193416759e+18 2.1915135778e+34 0.0000000000e+00 0.0000000000e+00 0.0000000000e+00 -5.5428952423e+13 4.4642169082e+14 0.0000000000e+00
7.2241816608e+20 2.2707710658e+21 -1.5918729526e+19 5.1694288642e+34 0.0000000000e+00 0.0000000000e+00 0.0000000000e+00 -1.4942583869e+13 4.4601405558e+14 0.0000000000e+00
1.2614289572e+21 2.2734984284e+21 1.0105219118e+19 2.7256516105e+34 0.0000000000e+00 0.0000000000e+00 0.0000000000e+00 -7.2898013156e+13 3.1171323391e+13 0.0000000000e+00
7.5809746990e+20 2.1618698866e+21 -5.1799348925e+18 7.9944215847e+34 0.0000000000e+00 0.0000000000e+00 0.0000000000e+00 -9.4131183392e+13 7.9001942466e+14 0.0000000000e+00
9.6747297460e+20 2.0202052086e+21 8.7776723362e+18 1.8259343954e+35 0.0000000000e+00 0.0000000000e+00 0.0000000000e+00 -3.3010521634e+13 5.7571389335e+14 0.0000000000e+00
4.0736507096e+20 1.4395616006e+21 8.0640380649e+18 3.9029978383e+34 0.0000000000e+00 0.0000000000e+00 0.0000000000e+00 -7.5505138181e+13 1.9226603040e+14 0.0000000000e+00
8.9386147846e+20 1.9383954975e+21 -9.7028677857e+18 1.2918792413e+35 0.0000000000e+00 0.0000000000e+00 0.0000000000e+00 -1.0403107723e+13 8.6782256773e+14 0.0000000000e+00
1.7271525523e+21 1.1577517235e+20 -8.2120627732e+18 1.0177305798e+35 0.0000000000e+00 0.0000000000e+00 0.0000000000e+00 -1.3344478637e+13 8.6090080591e+14 0.0000000000e+00
1.3335144910e+21 1.8755796276e+21 1.9318994828e+19 1.8795180026e+35 0.0000000000e+00 0.0000000000e+00 0.0000000000e+00 -8.7408804863e+13 8.5010350614e+14 0.0000000000e+00
1.0463972214e+21 2.3476349153e+21 1.3210736232e+19 4.3554534825e+34 0.0000000000e+00 0.0000000000e+00 0.0000000000e+00 -8.4600711772e+13 7.5481652794e+14 0.0000000000e+00
2.2527925249e+21 1.5100815316e+21 -2.3780718306e+17 5.9394754688e+34 0.0000000000e+00 0.0000000000e+00 0.0000000000e+00 -4.7793518882e+13 8.9704665724e+14 0.0000000000e+00
2.6966130937e+21 1.0789752252e+21 1.9418800879e+18 2.7100505819e+34 0.0000000000e+00 0.0000000000e+00 0.0000000000e+00 -3.6995984692e+13 2.6616295427e+14 0.0000000000e+00
2.2839898747e+21 8.3727388563e+20 -4.7597361102e+18 9.8665369484e+34 0.0000000000e+00 0.0000000000e+00 0.0000000000e+00 -6.8646457947e+13 7.4366948082e+14 0.0000000000e+00
1.0019781190e+21 1.9399765874e+21 3.2621012286e+18 7.1040174099e+34 0.0000000000e+00 0.0000000000e+00 0.0000000000e+00 -2.6811553126e+13 7.6912679713e+14 0.0000000000e+00
2.2467264625e+21 2.0908740175e+21 -5.4111374410e+18 1.7581843816e+35 0.0000000000e+00 0.0000000000e+00 0.0000000000e+00 -3.8350434535e+13 2.5309629943e+14 0.0000000000e+00
4.5867619071e+20 2.6285802164e+21 -1.5334109152e+19 1.2892796389e+35 0.0000000000e+00 0.0000000000e+00 0.0000000000e+00 -6.3920792023e+13 1.1462623348e+14 0.0000000000e+00
3.9329968806e+20 1.0331642609e+21 -9.9711384092e+18 1.3054721215e+35 0.0000000000e+00 0.0000000000e+00 0.0000000000e+00 -9.2270810187e+13 8.3692233148e+14 0.0000000000e+00
1.0431023978e+21 2.3231728237e+21 1.5914478253e+17 1.1600393532e+35 0.0000000000e+00 0.0000000000e+00 0.0000000000e+00 -2.3653972449e+13 3.2324808600e+14 0.0000000000e+00
2.4376457498e+21 1.6941718774e+21 -8.5339022919e+18 3.8127123012e+34 0.0000000000e+00 0.0000000000e+00 0.0000000000e+00 -7.4341469146e+13 7.6237920956e+14 0.0000000000e+00
7.4347901018e+20 2.6644005289e+21 -5.0760847277e+17 1.0062678795e+35 0.0000000000e+00 0.0000000000e+00 0.0000000000e+00 -1.5670834180e+13 8.2518529422e+13 0.0000000000e+00
1.9089878806e+20 1.5929369428e+21 -8.1083175425e+18 1.9875342128e+35 0.0000000000e+00 0.0000000000e+00 0.0000000000e+00 -5.4882744268e+13 5.7704352053e+13 0.0000000000e+00
3.9749937725e+20 1.5622068221e+21 -5.9028603453e+18 1.6968176540e+35 0.0000000000e+00 0.0000000000e+00 0.0000000000e+00 -4.0039262689e+13 4.5158160842e+14 0.0000000000e+00
2.5916923150e+21 1.7440330318e+21 6.4371322369e+18 1.7998659802e+35 0.0000000000e+00 0.0000000000e+00 0.0000000000e+00 -1.2028299436e+13 2.8604258833e+14 0.0000000000e+00
1.9127579534e+21 2.2614337418e+21 1.8672407319e+18 1.6755762485e+35 0.0000000000e+00 0.0000000000e+00 0.0000000000e+00 -1.2911192359e+13 6.6954446037e+14 0.0000000000e+00
7.6416111105e+20 2.9114358651e+21 -7.2918058809e+16 4.0107640292e+34 0.0000000000e+00 0.0000000000e+00 0.0000000000e+00 -5.9500001557e+13 5.1706482298e+14 0.0000000000e+00
1.6758828008e+21 2.2201420302e+20 6.6317831768e+18 6.2123680045e+34 0.0000000000e+00 0.0000000000e+00 0.0000000000e+00 -7.4896703638e+13 8.5798273006e+13 0.0000000000e+00
1.5922353005e+21 1.6126563002e+20 3.6261918368e+18 2.2424942472e+34 0.0000000000e+00 0.0000000000e+00 0.0000000000e+00 -2.1287550412e+13 2.1195353513e+14 0.0000000000e+00
1.9781057829e+21 2.8295269183e+21 1.0914320032e+19 7.5584233596e+34 0.0000000000e+00 0.0000000000e+00 0.0000000000e+00 -5.3671884500e+13 3.7164031391e+14 0.0000000000e+00
7.0376003924e+20 1.5991646378e+21 -3.4696381342e+18 4.1092595330e+34 0.0000000000e+00 0.0000000000e+00 0.0000000000e+00 -7.6491646752e+13 1.7632606108e+14 0.0000000000e+00
2.6087682154e+21 1.8557772980e+21 -3.2415959130e+18 1.0554202755e+35 0.0000000000e+00 0.0000000000e+00 0.0000000000e+00 -9.0483204519e+12 7.6064165007e+14 0.0000000000e+00
9.3367432036e+20 1.4559544296e+21 -9.8168694149e+18 1.4170273000e+35 0.0000000000e+00 0.0000000000e+00 0.0000000000e+00 -7.5917721239e+13 3.7326988653e+14 0.0000000000e+00
2.0948893317e+21 2.8265819197e+20 -3.2366595126e+18 1.7663238010e+35 0.0000000000e+00 0.0000000000e+00 0.0000000000e+00 -9.2229563127e+13 8.2052344862e+13 0.0000000000e+00
4.8664182751e+19 2.3180937441e+21 7.2791888525e+18 1.5446033037e+35 0.0000000000e+00 0.0000000000e+00 0.0000000000e+00 -9.2752838100e+13 4.1460685036e+14 0.0000000000e+00
1.1246792180e+21 2.2551239789e+21 9.8084047237e+18 1.8797257343e+35 0.0000000000e+00 0.0000000000e+00 0.0000000000e+00 -3.5756462721e+13 1.3631548181e+14 0.0000000000e+00
1.0614602306e+21 9.4072062427e+20 7.2455024932e+18 3.1410807027e+34 0.0000000000e+00 0.0000000000e+00 0.0000000000e+00 -3.2030169312e+13 1.7250433225e+14 0.0000000000e+00
1.6402360055e+21 9.2423004210e+20 -1.3537177633e+19 2.4027955523e+34 0.0000000000e+00 0.0000000000e+00 0.0000000000e+00 -6.5225610865e+13 2.3360799249e+14 0.0000000000e+00
2.1951803804e+20 2.5286052876e+21 8.1723306295e+18 1.3890850837e+35 0.0000000000e+00 0.0000000000e+00 0.0000000000e+00 -6.4376463617e+13 7.6266138718e+14 0.0000000000e+00
2.3846164859e+21 2.1837420386e+20 -1.3871623013e+19 7.3078764374e+34 0.0000000000e+00 0.0000000000e+00 0.0000000000e+00 -6.2531960478e+13 8.1996175568e+14 0.0000000000e+00
6.5726245973e+20 2.6591753377e+21 6.7762952105e+18 6.6734197704e+34 0.0000000000e+00 0.0000000000e+00 0.0000000000e+00 -3.0280285934e+13 7.6840970888e+14 0.0000000000e+00
2.0433001253e+21 7.7460498011e+20 -2.7749342530e+18 8.0429093052e+34 0.0000000000e+00 0.0000000000e+00 0.0000000000e+00 -8.9169111229e+13 2.9015591907e+14 0.0000000000e+00
2.4240941880e+21 1.7896279687e+21 5.3006138536e+18 6.9617906457e+34 0.0000000000e+00 0.0000000000e+00 0.0000000000e+00 -6.7107533649e+12 3.2010145350e+14 0.0000000000e+00
1.6957446539e+21 2.8248304322e+21 -1.0053322785e+19 1.1238063126e+35 0.0000000000e+00 0.0000000000e+00 0.0000000000e+00 -7.3606109689e+13 4.8897765226e+14 0.0000000000e+00
2.2359855179e+21 2.0465737096e+21 8.8364597888e+18 9.9764909609e+34 0.0000000000e+00 0.0000000000e+00 0.0000000000e+00 -3.0938574756e+10 7.0970060049e+14 0.0000000000e+00
1.9974944223e+21 1.2507491740e+21 -1.1053234459e+19 1.1255620967e+35 0.0000000000e+00 0.0000000000e+00 0.0000000000e+00 -7.8434266316e+13 8.6264698337e+14 0.0000000000e+00
1.0729889278e+21 2.0810142425e+21 -5.0434923024e+18 1.4092161289e+35 0.0000000000e+00 0.0000000000e+00 0.0000000000e+00 -2.1628336556e+13 1.8514997267e+14 0.0000000000e+00
2.4411350708e+21 1.0381305424e+21 -7.5306239665e+18 9.0382405742e+34 0.0000000000e+00 0.0000000000e+00 0.0000000000e+00 -7.3521708816e+13 6.3150595270e+13 0.0000000000e+00
8.8940873431e+20 8.3676590054e+20 -1.3236079215e+19 6.6346047615e+34 0.0000000000e+00 0.0000000000e+00 0.0000000000e+00 -8.7018806917e+13 5.9928353895e+14 0.0000000000e+00
1.7239205858e+21 3.0079901328e+21 7.1321049745e+17 5.1284764709e+34 0.0000000000e+00 0.0000000000e+00 0.0000000000e+00 -1.1840412370e+13 7.9193469404e+14 0.0000000000e+00
2.2496103767e+21 2.2658849177e+21 1.3626942394e+19 8.3718411796e+34 0.0000000000e+00 0.0000000000e+00 0.0000000000e+00 -1.3372413789e+13 8.0243626511e+14 0.0000000000e+00
1.1436889358e+21 1.9457648917e+21 2.0121799902e+19 1.5314887186e+35 0.0000000000e+00 0.0000000000e+00 0.0000000000e+00 -5.6465660950e+13 6.1629553405e+14 0.0000000000e+00
9.1375263979e+20 1.0722641432e+21 7.3304041357e+17 1.5578542521e+35 0.0000000000e+00 0.0000000000e+00 0.0000000000e+00 -2.8174990476e+13 8.7937193631e+14 0.0000000000e+00
1.3863062587e+21 1.4836738239e+20 8.4253602204e+18 1.3989374018e+35 0.0000000000e+00 0.0000000000e+00 0.0000000000e+00 -4.1933808368e+13 4.8814325763e+14 0.0000000000e+00
2.4686138259e+21 9.3729651874e+19 1.7511540432e+18 6.3288118696e+34 0.0000000000e+00 0.0000000000e+00 0.0000000000e+00 -1.3921056441e+13 8.5937239432e+14 0.0000000000e+00
2.8065038812e+21 1.6725190289e+21 3.7640737045e+18 1.2594523675e+35 0.0000000000e+00 0.0000000000e+00 0.0000000000e+00 -6.4845569228e+13 8.5445659472e+14 0.0000000000e+00
1.6450617400e+21 2.2998147521e+21 -2.5815115728e+18 1.2286658970e+35 0.0000000000e+00 0.0000000000e+00 0.0000000000e+00 -4.5095267609e+13 7.7140244885e+14 0.0000000000e+00
1.9963050077e+21 1.6218103968e+21 1.4718554023e+18 1.0757236086e+35 0.0000000000e+00 0.0000000000e+00 0.0000000000e+00 -4.8721238575e+13 3.0988295599e+14 0.0000000000e+00
2.7260797919e+21 2.5374893471e+21 4.0552768263e+18 1.1920145302e+35 0.0000000000e+00 0.0000000000e+00 0.0000000000e+00 -6.1167544492e+13 2.0069182141e+14 0.0000000000e+00
2.9741439756e+20 1.0088127688e+20 -4.3644786544e+18 1.0890394859e+35 0.0000000000e+00 0.0000000000e+00 0.0000000000e+00 -1.0276252964e+13 5.5142509863e+14 0.0000000000e+00
7.0041314800e+20 1.1068577667e+21 -5.8469449269e+17 1.2194046135e+35 0.0000000000e+00 0.0000000000e+00 0.0000000000e+00 -7.8968672414e+13 4.0169770132e+14 0.0000000000e+00
2.1394602189e+21 7.1547844056e+20 -4.4085524784e+17 1.4849450874e+35 0.0000000000e+00 0.0000000000e+00 0.0000000000e+00 -8.0518398472e+13 7.6205296134e+14 0.0000000000e+00
2.4860607861e+21 1.3498698179e+21 6.2352130293e+18 4.1273243347e+34 0.0000000000e+00 0.0000000000e+00 0.0000000000e+00 -4.0055158944e+13 1.3985014655e+14 0.0000000000e+00
2.5865136075e+21 2.1843195466e+20 -8.0432127349e+18 1.5453263740e+35 0.0000000000e+00 0.0000000000e+00 0.0000000000e+00 -3.2425980263e+13 2.8185557923e+14 0.0000000000e+00
1.2527934597e+21 2.8795692943e+21 -3.8888596394e+17 4.5920073821e+34 0.0000000000e+00 0.0000000000e+00 0.0000000000e+00 -7.6247650259e+13 6.5899934977e+14 0.0000000000e+00
2.6962782512e+20 6.7378480043e+20 1.4426081264e+19 3.3663564086e+34 0.0000000000e+00 0.0000000000e+00 0.0000000000e+00 -5.7682485733e+13 1.1792417905e+14 0.0000000000e+00
1.3212244985e+21 2.7835248664e+21 8.7828338513e+18 1.9460784556e+35 0.0000000000e+00 0.0000000000e+00 0.0000000000e+00 -5.0589506064e+12 3.6292283634e+14 0.0000000000e+00
6.9635699324e+20 1.2853455419e+21 1.0179555924e+19 1.9122988587e+35 0.0000000000e+00 0.0000000000e+00 0.0000000000e+00 -7.1324838065e+13 3.5322572865e+14 0.0000000000e+00
8.7883090118e+20 2.9743118342e+21 1.8433823414e+17 3.2567871986e+34 0.0000000000e+00 0.0000000000e+00 0.0000000000e+00 -3.1397220921e+13 5.9375986093e+14 0.0000000000e+00
2.3307034865e+21 1.6721482013e+21 2.4219266180e+18 1.0031439572e+35 0.0000000000e+00 0.0000000000e+00 0.0000000000e+00 -2.4600784480e+13 2.0480975859e+14 0.0000000000e+00
2.2794074563e+20 2.8092535841e+21 7.5618718778e+18 5.4831991944e+34 0.0000000000e+00 0.0000000000e+00 0.0000000000e+00 -5.2247201261e+13 7.7570812988e+14 0.0000000000e+00
2.4976401144e+21 1.6143247879e+19 1.1772127970e+19 1.0776325658e+35 0.0000000000e+00 0.0000000000e+00 0.0000000000e+00 -5.9145897607e+12 4.7008889919e+14 0.0000000000e+00
1.2907053010e+21 2.2581847171e+21 -1.4724843978e+19 1.6878771218e+35 0.0000000000e+00 0.0000000000e+00 0.0000000000e+00 -2.4931444238e+13 8.5109447388e+14 0.0000000000e+00
1.7989209441e+21 2.7254068711e+21 -9.9250046617e+18 1.9010082802e+35 0.0000000000e+00 0.0000000000e+00 0.0000000000e+00 -5.1319797836e+13 4.4200399500e+14 0.0000000000e+00
2.7057043387e+20 4.2167667114e+20 9.8797557451e+18 1.3411523566e+35 0.0000000000e+00 0.0000000000e+00 0.0000000000e+00 -4.0772242309e+13 2.8825004053e+14 0.0000000000e+00
1.0181496985e+21 2.9010782053e+20 -2.0891301893e+18 8.4502656047e+34 0.0000000000e+00 0.0000000000e+00 0.0000000000e+00 -2.9101145993e+13 1.8641764500e+14 0.0000000000e+00
2.7071737359e+20 1.2813601285e+21 -5.0681333550e+18 1.2864211598e+35 0.0000000000e+00 0.0000000000e+00 0.0000000000e+00 -3.8608497486e+13 5.9255329937e+13 0.0000000000e+00
2.9019389557e+21 2.8178429387e+21 -9.4626446469e+18 7.7086905019e+34 0.0000000000e+00 0.0000000000e+00 0.0000000000e+00 -1.1484039386e+13 5.3661631291e+14 0.0000000000e+00
2.4363156577e+21 1.6369226387e+21 -4.1876010132e+18 1.8288261402e+35 0.0000000000e+00 0.0000000000e+00 0.0000000000e+00 -6.0885151054e+13 1.2509106978e+14 0.0000000000e+00
1.3871716526e+21 1.5918636075e+21 -1.0580876243e+19 1.7590595424e+35 0.0000000000e+00 0.0000000000e+00 0.0000000000e+00 -6.6281777309e+13 3.6216470068e+14 0.0000000000e+00
6.7483249084e+20 4.2591862503e+20 1.5777306288e+19 1.2066193209e+35 0.0000000000e+00 0.0000000000e+00 0.0000000000e+00 -7.4428073583e+13 5.2233679479e+14 0.0000000000e+00
2.8171675076e+21 2.3827444793e+18 -1.6928001219e+17 7.9351678460e+34 0.0000000000e+00 0.0000000000e+00 0.0000000000e+00 -9.1095780621e+13 2.3847662140e+14 0.0000000000e+00
1.0399925259e+21 2.4450027939e+21 -4.3723683760e+17 7.3793233082e+34 0.0000000000e+00 0.0000000000e+00 0.0000000000e+00 -9.0600547553e+13 1.5337302192e+14 0.0000000000e+00
4.8585101483e+20 2.6430003109e+20 4.4370385141e+18 2.7786440259e+34 0.0000000000e+00 0.0000000000e+00 0.0000000000e+00 -1.2302238714e+13 7.4247614838e+14 0.0000000000e+00
1.6996301244e+21 1.9129587529e+21 7.2608943021e+18 1.6624708333e+35 0.0000000000e+00 0.0000000000e+00 0.0000000000e+00 -3.0447421329e+13 8.7094372033e+14 0.0000000000e+00
2.8483102952e+21 2.7603124597e+21 7.1367261412e+18 1.0157614054e+35 0.0000000000e+00 0.0000000000e+00 0.0000000000e+00 -3.2138346740e+13 1.4811523359e+14 0.0000000000e+00
1.1559816730e+19 6.2971147391e+20 8.1004775668e+18 7.9410788236e+34 0.0000000000e+00 0.0000000000e+00 0.0000000000e+00 -3.6482843332e+13 1.9076150163e+14 0.0000000000e+00
7.1866077694e+20 2.0077934198e+21 -4.7597296807e+18 1.0524419132e+35 0.0000000000e+00 0.0000000000e+00 0.0000000000e+00 -1.4274845758e+13 8.9838173092e+14 0.0000000000e+00
2.8322349788e+21 2.3751230450e+20 -2.2474050434e+18 1.6676332506e+35 0.0000000000e+00 0.0000000000e+00 0.0000000000e+00 -4.9204585400e+13 7.7662457273e+13 0.0000000000e+00
5.1633744797e+20 1.8221330241e+21 5.8023438403e+18 4.3925295321e+34 0.0000000000e+00 0.0000000000e+00 0.0000000000e+00 -1.2268569710e+13 9.1540094634e+14 0.0000000000e+00
3.4176873705e+20 4.9474593384e+20 -3.9791504701e+18 1.7365058391e+35 0.0000000000e+00 0.0000000000e+00 0.0000000000e+00 -6.0643132925e+13 3.7987023039e+13 0.0000000000e+00
1.7208250173e+21 2.2211078456e+21 -3.8529538645e+16 1.8070328159e+35 0.0000000000e+00 0.0000000000e+00 0.0000000000e+00 -6.9388057832e+12 8.3214791534e+14 0.0000000000e+00
2.6010446587e+21 9.0911604769e+20 3.0086726026e+18 1.8940996791e+35 0.0000000000e+00 0.0000000000e+00 0.0000000000e+00 -2.8528987456e+13 3.2800183110e+14 0.0000000000e+00
1.4399174298e+21 1.3985140646e+21 5.9242214460e+18 9.2215353830e+34 0.0000000000e+00 0.0000000000e+00 0.0000000000e+00 -7.0325120437e+13 8.2407719684e+14 0.0000000000e+00
3.0015949267e+21 1.8090813758e+21 -1.3412602861e+19 6.0299515509e+34 0.0000000000e+00 0.0000000000e+00 0.0000000000e+00 -4.1269301026e+13 3.2345838027e+14 0.0000000000e+00
2.0497401892e+21 5.1690315339e+20 5.3927559284e+18 8.7995155738e+34 0.0000000000e+00 0.0000000000e+00 0.0000000000e+00 -4.4209304258e+13 6.0796859940e+14 0.0000000000e+00
2.2355806996e+20 2.2382629366e+21 -1.7634480165e+18 8.0787455732e+34 0.0000000000e+00 0.0000000000e+00 0.0000000000e+00 -8.1617532430e+13 8.1247434808e+13 0.0000000000e+00
2.9963673734e+21 9.1336854804e+20 5.3377684285e+18 5.3046198462e+34 0.0000000000e+00 0.0000000000e+00 0.0000000000e+00 -3.8698178632e+13 2.6245299733e+14 0.0000000000e+00
1.2310248066e+21 1.9990382732e+21 5.8619496188e+18 1.2933956724e+35 0.0000000000e+00 0.0000000000e+00 0.0000000000e+00 -6.4871163603e+13 6.8901914670e+14 0.0000000000e+00
8.6738084715e+20 4.7769824701e+20 1.2131719136e+19 1.0621996109e+35 0.0000000000e+00 0.0000000000e+00 0.0000000000e+00 -8.9716795670e+13 4.5542553512e+14 0.0000000000e+00
1.6836793760e+21 2.0767390955e+21 1.0211807771e+19 1.7507429604e+35 0.0000000000e+00 0.0000000000e+00 0.0000000000e+00 -4.8608653127e+12 8.8049279922e+14 0.0000000000e+00
9.1840031212e+20 3.8687160374e+20 1.0159883194e+19 2.7554892185e+34 0.0000000000e+00 0.0000000000e+00 0.0000000000e+00 -3.3941110588e+13 4.2605155640e+14 0.0000000000e+00
2.6092875649e+20 1.2837259057e+21 1.0892492558e+19 1.3581683609e+35 0.0000000000e+00 0.0000000000e+00 0.0000000000e+00 -1.1652429347e+13 8.2414851997e+14 0.0000000000e+00
4.3107394130e+18 7.4606793054e+20 2.1984544404e+18 1.5689041080e+35 0.0000000000e+00 0.0000000000e+00 0.0000000000e+00 -3.0668685049e+13 4.4653893002e+14 0.0000000000e+00
1.3568425591e+21 2.2585965028e+21 2.4283648169e+17 1.5627769119e+35 0.0000000000e+00 0.0000000000e+00 0.0000000000e+00 -6.0876154311e+13 8.6817023365e+14 0.0000000000e+00
2.5256538083e+21 7.9082164360e+20 6.5854048926e+18 1.7867967039e+35 0.0000000000e+00 0.0000000000e+00 0.0000000000e+00 -4.6135184666e+13 8.6636949114e+14 0.0000000000e+00
1.7272472302e+21 2.6610228307e+21 5.5235507786e+18 1.5088850084e+35 0.0000000000e+00 0.0000000000e+00 0.0000000000e+00 -3.0697962107e+13 3.4441747937e+14 0.0000000000e+00
3.0156076282e+21 2.6915133980e+21 -2.3319047562e+18 1.8606564355e+35 0.0000000000e+00 0.0000000000e+00 0.0000000000e+00 -3.7630236667e+12 8.4576564652e+14 0.0000000000e+00
8.6570317656e+20 5.9285988934e+20 3.0543926195e+18 8.0742240921e+34 0.0000000000e+00 0.0000000000e+00 0.0000000000e+00 -7.0657202030e+13 7.4622727695e+14 0.0000000000e+00
8.4641338545e+20 1.8525870620e+21 -2.6480284189e+17 1.1092471344e+35 0.0000000000e+00 0.0000000000e+00 0.0000000000e+00 -1.1836271924e+13 2.6234785616e+14 0.0000000000e+00
4.8212387099e+20 2.6473184271e+20 -6.4429237943e+18 2.4364165170e+34 0.0000000000e+00 0.0000000000e+00 0.0000000000e+00 -7.1877667549e+12 6.1941491554e+14 0.0000000000e+00
4.9514390938e+20 1.1816589666e+21 9.7365262937e+18 2.3103782220e+34 0.0000000000e+00 0.0000000000e+00 0.0000000000e+00 -3.1202686064e+13 1.2539945888e+14 0.0000000000e+00
8.6069314676e+20 2.1528049796e+21 4.1647828489e+17 6.4367351254e+34 0.0000000000e+00 0.0000000000e+00 0.0000000000e+00 -6.5071808374e+12 8.0108933953e+14 0.0000000000e+00
2.3927912566e+21 1.9901393590e+21 1.5457503804e+19 3.9712204882e+34 0.0000000000e+00 0.0000000000e+00 0.0000000000e+00 -5.7004520063e+13 1.8639100761e+14 0.0000000000e+00
2.7335739941e+21 1.8853466203e+21 -1.2264339179e+19 6.7921718458e+34 0.0000000000e+00 0.0000000000e+00 0.0000000000e+00 -4.4480901690e+12 1.5056274438e+14 0.0000000000e+00
2.9428130782e+21 8.5270832653e+20 -4.2008958411e+18 5.3203591046e+34 0.0000000000e+00 0.0000000000e+00 0.0000000000e+00 -2.8138377227e+13 4.0754318427e+14 0.0000000000e+00
7.0105017606e+20 1.1408792974e+21 2.4626002283e+17 2.6919653984e+34 0.0000000000e+00 0.0000000000e+00 0.0000000000e+00 -9.0695996382e+13 4.9554631181e+14 0.0000000000e+00
2.6597559927e+21 3.1069146471e+20 8.5815403816e+18 1.8279067988e+35 0.0000000000e+00 0.0000000000e+00 0.0000000000e+00 -8.8166097678e+12 8.1429263034e+14 0.0000000000e+00
9.9067385944e+20 2.1700108721e+21 3.0139964163e+18 2.3327743632e+34 0.0000000000e+00 0.0000000000e+00 0.0000000000e+00 -4.8806402645e+13 8.7597480729e+14 0.0000000000e+00
3.4055276335e+20 1.5207363887e+21 2.3425169303e+18 1.5213584573e+35 0.0000000000e+00 0.0000000000e+00 0.0000000000e+00 -5.1092355436e+13 4.1805232526e+14 0.0000000000e+00
2.6257352252e+21 2.1390546784e+21 -8.5052053148e+18 4.8797888639e+34 0.0000000000e+00 0.0000000000e+00 0.0000000000e+00 -4.1043820305e+13 1.0513309475e+14 0.0000000000e+00
1.9197668054e+21 7.5131155784e+20 -8.7291228421e+18 1.8330839685e+35 0.0000000000e+00 0.0000000000e+00 0.0000000000e+00 -8.0530146680e+13 6.5243047783e+14 0.0000000000e+00
4.9715784437e+20 9.7915457402e+20 2.4332976619e+18 1.7986924764e+35 0.0000000000e+00 0.0000000000e+00 0.0000000000e+00 -5.0255536517e+13 5.2597607535e+14 0.0000000000e+00
1.2972307352e+21 1.0086618879e+21 -1.0292179723e+19 1.3759239956e+35 0.0000000000e+00 0.0000000000e+00 0.0000000000e+00 -1.5987659237e+13 4.6031329017e+14 0.0000000000e+00
8.6694372314e+20 7.7690592617e+19 -4.0130176259e+18 1.4083676328e+35 0.0000000000e+00 0.0000000000e+00 0.0000000000e+00 -9.3207032243e+13 2.6497992413e+14 0.0000000000e+00
2.2236460084e+21 1.0292824802e+21 3.7794212480e+18 2.2817368412e+34 0.0000000000e+00 0.0000000000e+00 0.0000000000e+00 -6.8834968264e+13 4.5390910986e+14 0.0000000000e+00
1.3684101840e+21 2.4243732029e+21 -7.4116366343e+18 1.9616373117e+35 0.0000000000e+00 0.0000000000e+00 0.0000000000e+00 -9.4440417429e+13 2.8880610068e+14 0.0000000000e+00
2.9856468743e+21 2.7080468602e+21 1.2112410736e+19 1.7722120883e+35 0.0000000000e+00 0.0000000000e+00 0.0000000000e+00 -5.5316246371e+13 6.8437245200e+14 0.0000000000e+00
1.6522035646e+20 1.5639828766e+21 9.2345997173e+18 1.8027809546e+35 0.0000000000e+00 0.0000000000e+00 0.0000000000e+00 -2.5721131338e+13 5.3237912101e+14 0.0000000000e+00
1.0714360732e+21 1.3747041162e+21 -1.1856363887e+19 1.3853801127e+35 0.0000000000e+00 0.0000000000e+00 0.0000000000e+00 -1.9050834377e+13 8.2274467120e+14 0.0000000000e+00
1.4543747043e+21 9.3028699235e+19 -7.0347410298e+18 8.2888926758e+34 0.0000000000e+00 0.0000000000e+00 0.0000000000e+00 -5.1890387828e+12 5.5261318012e+14 0.0000000000e+00
1.5184570682e+21 2.6534386908e+21 -1.7246189310e+19 1.8002015034e+35 0.0000000000e+00 0.0000000000e+00 0.0000000000e+00 -3.7063964477e+13 2.6062156377e+14 0.0000000000e+00
9.5349431196e+20 3.9264824119e+19 -5.9046518304e+18 7.3461815818e+34 0.0000000000e+00 0.0000000000e+00 0.0000000000e+00 -7.0566561579e+13 7.4928350235e+14 0.0000000000e+00
2.2008470718e+21 2.8512557421e+21 5.7824010557e+18 1.2145471425e+35 0.0000000000e+00 0.0000000000e+00 0.0000000000e+00 -7.1811260410e+12 5.6227305873e+14 0.0000000000e+00
2.6399866678e+21 1.4764546385e+21 -3.1228373395e+18 3.9521747018e+34 0.0000000000e+00 0.0000000000e+00 0.0000000000e+00 -2.1271486696e+13 2.4964129543e+14 0.0000000000e+00
2.8330548534e+21 1.0319583016e+21 3.4767152031e+18 1.8502959371e+35 0.0000000000e+00 0.0000000000e+00 0.0000000000e+00 -4.0290047114e+13 5.8564582460e+14 0.0000000000e+00
2.4297718112e+21 2.7892912364e+21 -1.1486012431e+19 4.6784442313e+34 0.0000000000e+00 0.0000000000e+00 0.0000000000e+00 -2.8814592985e+13 3.7065263671e+14 0.0000000000e+00
2.5670510355e+21 7.3612017206e+19 6.0207232958e+18 6.1672154115e+34 0.0000000000e+00 0.0000000000e+00 0.0000000000e+00 -7.1651825857e+12 8.0698781028e+14 0.0000000000e+00
1.6615457173e+21 1.7547403327e+21 -4.1882991247e+18 1.2064466135e+35 0.0000000000e+00 0.0000000000e+00 0.0000000000e+00 -2.7228462621e+13 4.5368073685e+14 0.0000000000e+00
2.4925306674e+21 1.6566783589e+21 9.1820252825e+16 1.5709288428e+35 0.0000000000e+00 0.0000000000e+00 0.0000000000e+00 -5.9797753918e+13 6.5384318275e+14 0.0000000000e+00
9.1597479781e+20 6.6190897086e+20 -7.0073811301e+17 1.3147816686e+35 0.0000000000e+00 0.0000000000e+00 0.0000000000e+00 -2.7168423610e+13 1.4890649889e+14 0.0000000000e+00
1.2026089040e+21 1.2943822678e+21 -9.5938335901e+18 6.2952893942e+34 0.0000000000e+00 0.0000000000e+00 0.0000000000e+00 -9.0859553555e+13 3.4124785004e+14 0.0000000000e+00
9.5644347570e+20 1.9685327699e+21 -8.7000212830e+18 2.2039397382e+34 0.0000000000e+00 0.0000000000e+00 0.0000000000e+00 -5.8089756798e+13 8.7435902200e+14 0.0000000000e+00
1.4105749784e+21 2.1944819522e+21 7.3020092686e+18 1.5586429479e+35 0.0000000000e+00 0.0000000000e+00 0.0000000000e+00 -5.6205060871e+13 7.2732053277e+14 0.0000000000e+00
8.6187928181e+20 2.1634795765e+18 3.0103958284e+18 1.9622315007e+35 0.0000000000e+00 0.0000000000e+00 0.0000000000e+00 -7.8877757200e+13 1.5207343515e+14 0.0000000000e+00
2.9021433327e+21 2.8274236520e+21 7.9226200185e+18 1.6520160121e+35 0.0000000000e+00 0.0000000000e+00 0.0000000000e+00 -9.2487232917e+13 2.3885586981e+14 0.0000000000e+00
9.4416508732e+20 4.9653757388e+20 2.4495463869e+18 1.0331457360e+35 0.0000000000e+00 0.0000000000e+00 0.0000000000e+00 -8.2045224860e+13 2.9364885012e+14 0.0000000000e+00
2.9589841602e+20 7.0494575048e+20 1.0788643396e+18 1.8181082577e+35 0.0000000000e+00 0.0000000000e+00 0.0000000000e+00 -3.2697950053e+13 6.1612220767e+14 0.0000000000e+00
1.5899342071e+21 7.9516285910e+20 -1.3022750118e+19 9.4402627717e+34 0.0000000000e+00 0.0000000000e+00 0.0000000000e+00 -1.8717871346e+13 7.2095624985e+14 0.0000000000e+00
1.7232501875e+20 1.1414117211e+20 -2.0399167271e+18 1.1476929479e+35 0.0000000000e+00 0.0000000000e+00 0.0000000000e+00 -1.1168083738e+12 7.3219403620e+14 0.0000000000e+00
3.3361927592e+20 3.7137130900e+20 -2.0661469745e+17 1.0630943757e+35 0.0000000000e+00 0.0000000000e+00 0.0000000000e+00 -6.1881597343e+13 4.6723204368e+14 0.0000000000e+00
6.6211717659e+20 2.9768040674e+21 1.4736193811e+19 1.0108782428e+35 0.0000000000e+00 0.0000000000e+00 0.0000000000e+00 -3.7927890767e+13 7.4760876477e+14 0.0000000000e+00
1.4014090541e+21 9.5132411340e+20 5.1830877892e+18 1.5905683958e+35 0.0000000000e+00 0.0000000000e+00 0.0000000000e+00 -5.9506619857e+12 4.6113679123e+14 0.0000000000e+00
1.3075513137e+21 3.4797869064e+20 1.1589581616e+19 1.1509400063e+35 0.0000000000e+00 0.0000000000e+00 0.0000000000e+00 -7.8858486844e+13 1.2136739300e+14 0.0000000000e+00
2.4134700395e+21 3.2289962623e+20 4.5084219910e+18 7.7921455787e+34 0.0000000000e+00 0.0000000000e+00 0.0000000000e+00 -2.6731282933e+13 5.4887712335e+14 0.0000000000e+00
2.2317345054e+21 2.1713301824e+21 -5.3667828473e+18 6.7558366729e+34 0.0000000000e+00 0.0000000000e+00 0.0000000000e+00 -2.3196849392e+13 8.8288929732e+14 0.0000000000e+00
1.2866286113e+21 2.5790882281e+21 8.8370221085e+17 2.8552593833e+34 0.0000000000e+00 0.0000000000e+00 0.0000000000e+00 -8.6249236888e+13 6.8409792735e+14 0.0000000000e+00
1.0071192985e+21 7.7548203992e+20 1.7823074111e+18 1.2507966906e+35 0.0000000000e+00 0.0000000000e+00 0.0000000000e+00 -1.3135909206e+13 5.7462178690e+14 0.0000000000e+00
9.5510279030e+20 6.3104908228e+19 -7.0859287739e+18 6.2568430383e+34 0.0000000000e+00 0.0000000000e+00 0.0000000000e+00 -1.7693868496e+13 6.2809305779e+14 0.0000000000e+00
2.3359171735e+21 6.7328567567e+20 -2.9002027564e+18 4.8087543377e+34 0.0000000000e+00 0.0000000000e+00 0.0000000000e+00 -9.1510443839e+13 7.9605257022e+14 0.0000000000e+00
1.5715452198e+20 1.7056435482e+20 -1.5525119673e+18 1.3757980249e+35 0.0000000000e+00 0.0000000000e+00 0.0000000000e+00 -8.6049583407e+13 3.7359492197e+14 0.0000000000e+00
3.8695738223e+19 3.1204591875e+20 1.2114401637e+19 1.4242507449e+35 0.0000000000e+00 0.0000000000e+00 0.0000000000e+00 -9.0021819400e+13 2.8701707994e+14 0.0000000000e+00
2.4009529748e+21 1.3022915057e+21 -1.5699187264e+19 1.5498021547e+35 0.0000000000e+00 0.0000000000e+00 0.0000000000e+00 -6.2981692563e+13 8.6435486455e+14 0.0000000000e+00
1.4400277627e+21 6.9389364326e+20 9.0978999843e+18 1.1098974574e+35 0.0000000000e+00 0.0000000000e+00 0.0000000000e+00 -4.6456985243e+13 7.8391702657e+14 0.0000000000e+00
3.9499927615e+20 1.5571246614e+21 -7.0681200478e+18 1.8009199178e+35 0.0000000000e+00 0.0000000000e+00 0.0000000000e+00 -4.4273950021e+13 3.2564981608e+14 0.0000000000e+00
7.1093799061e+20 7.6504414733e+20 -1.0352337468e+19 1.8757566102e+35 0.0000000000e+00 0.0000000000e+00 0.0000000000e+00 -6.9332038386e+13 4.2050743125e+14 0.0000000000e+00
2.8142969304e+21 2.8385415747e+21 8.9026633711e+18 1.6475171540e+35 0.0000000000e+00 0.0000000000e+00 0.0000000000e+00 -8.3693702781e+12 4.3997290795e+14 0.0000000000e+00
2.5939799804e+21 2.7341388952e+21 5.5221709324e+18 1.3435252005e+35 0.0000000000e+00 0.0000000000e+00 0.0000000000e+00 -5.9808330547e+13 1.6190221776e+14 0.0000000000e+00
2.1421312816e+21 1.7106208249e+21 9.4653436095e+18 7.5621543632e+34 0.0000000000e+00 0.0000000000e+00 0.0000000000e+00 -9.0360439194e+13 8.2042729632e+14 0.0000000000e+00
1.4553557452e+21 1.0696516078e+21 6.0412961942e+18 1.9582277583e+35 0.0000000000e+00 0.0000000000e+00 0.0000000000e+00 -6.6249458714e+13 3.7291985073e+14 0.0000000000e+00
1.5703367038e+21 1.1503012900e+21 1.5541530538e+19 7.0385968996e+34 0.0000000000e+00 0.0000000000e+00 0.0000000000e+00 -4.4391183861e+13 7.9611031271e+14 0.0000000000e+00
2.9432880075e+21 1.2429701905e+21 4.2155713497e+18 5.7736395727e+34 0.0000000000e+00 0.0000000000e+00 0.0000000000e+00 -5.6025297034e+13 1.9998946141e+14 0.0000000000e+00
2.9146951996e+21 2.1958343942e+21 -1.1806218028e+18 1.0011984937e+35 0.0000000000e+00 0.0000000000e+00 0.0000000000e+00 -6.8747361958e+13 4.9274161117e+14 0.0000000000e+00
6.4968198018e+20 1.3630464885e+21 2.5873795169e+18 3.1931497898e+34 0.0000000000e+00 0.0000000000e+00 0.0000000000e+00 -8.2240060240e+13 3.2849162555e+13 0.0000000000e+00
2.4479135811e+21 2.5856109786e+21 9.3819745734e+18 1.9503518523e+35 0.0000000000e+00 0.0000000000e+00 0.0000000000e+00 -1.7120203115e+13 7.2871063409e+14 0.0000000000e+00
5.9527836649e+20 2.8492780639e+21 -5.8803868291e+18 1.2600669977e+35 0.0000000000e+00 0.0000000000e+00 0.0000000000e+00 -3.6494072142e+11 5.8927856703e+14 0.0000000000e+00
6.4445610825e+20 1.0138854909e+21 -4.9184993552e+18 1.2043547285e+35 0.0000000000e+00 0.0000000000e+00 0.0000000000e+00 -6.3474123501e+13 5.6423553416e+14 0.0000000000e+00
2.0404487771e+21 1.6921759448e+21 -2.3311033101e+18 1.3792777845e+35 0.0000000000e+00 0.0000000000e+00 0.0000000000e+00 -5.8543667209e+13 8.0198179720e+13 0.0000000000e+00
1.2222933155e+21 2.8688062816e+20 -1.5879077217e+19 1.0983002732e+35 0.0000000000e+00 0.0000000000e+00 0.0000000000e+00 -3.6161457034e+13 2.3832764962e+14 0.0000000000e+00
2.8114010206e+21 6.0501558616e+20 1.0418015915e+18 2.7546740417e+34 0.0000000000e+00 0.0000000000e+00 0.0000000000e+00 -2.6655933951e+13 1.3135087236e+14 0.0000000000e+00
2.6863137992e+20 1.2478396839e+21 -1.4230841071e+19 1.3023230575e+35 0.0000000000e+00 0.0000000000e+00 0.0000000000e+00 -5.7558266257e+13 2.8328547888e+14 0.0000000000e+00
1.5437843840e+21 6.2231979659e+20 4.0033251608e+17 1.4861270994e+35 0.0000000000e+00 0.0000000000e+00 0.0000000000e+00 -9.0005888247e+12 6.2028488035e+14 0.0000000000e+00
2.7720979789e+21 2.6454595612e+21 6.5286112100e+18 9.5623955764e+34 0.0000000000e+00 0.0000000000e+00 0.0000000000e+00 -4.1655654329e+13 5.3543885778e+14 0.0000000000e+00
2.7286150273e+21 4.7770792079e+20 -3.5980328956e+18 1.5588995376e+35 0.0000000000e+00 0.0000000000e+00 0.0000000000e+00 -5.2033110374e+13 5.6422512831e+14 0.0000000000e+00
4.7240516609e+20 1.3751843594e+21 1.2653839241e+19 6.2044583147e+34 0.0000000000e+00 0.0000000000e+00 0.0000000000e+00 -3.3450479775e+13 5.2921472211e+14 0.0000000000e+00
1.1065125789e+21 1.8280003077e+21 -1.1019479286e+19 6.1031490234e+34 0.0000000000e+00 0.0000000000e+00 0.0000000000e+00 -4.4681918355e+12 3.2284021327e+14 0.0000000000e+00
1.8685083853e+21 2.0880452748e+21 8.9880618429e+18 5.0438227299e+34 0.0000000000e+00 0.0000000000e+00 0.0000000000e+00 -1.9450309541e+13 2.8355637501e+14 0.0000000000e+00
4.8105376224e+20 1.1561033578e+21 5.0939090906e+18 8.7703855238e+34 0.0000000000e+00 0.0000000000e+00 0.0000000000e+00 -9.0884644895e+13 1.2057057117e+14 0.0000000000e+00
2.9214909152e+21 2.6229409894e+21 -1.2947470859e+19 1.7176693977e+35 0.0000000000e+00 0.0000000000e+00 0.0000000000e+00 -6.3212090282e+13 7.5491596385e+14 0.0000000000e+00
2.7607134741e+21 1.7151871980e+21 2.0452942986e+19 1.6838684657e+35 0.0000000000e+00 0.0000000000e+00 0.0000000000e+00 -5.0125017151e+13 5.6982222599e+14 0.0000000000e+00
5.0385564033e+20 1.3264344814e+21 -4.8095817913e+17 8.9620326205e+34 0.0000000000e+00 0.0000000000e+00 0.0000000000e+00 -6.4896540790e+13 1.8869393727e+14 0.0000000000e+00
3.6564718209e+20 2.0293223357e+20 -6.6206169472e+18 1.2612795495e+35 0.0000000000e+00 0.0000000000e+00 0.0000000000e+00 -2.8384083091e+13 2.1728089047e+14 0.0000000000e+00
2.5776280112e+20 1.4024328158e+21 -1.0616472885e+19 1.4943427540e+35 0.0000000000e+00 0.0000000000e+00 0.0000000000e+00 -1.6447586029e+13 8.2209973804e+14 0.0000000000e+00
2.7447009781e+21 2.4769807676e+21 -1.6600360187e+18 6.4558504495e+34 0.0000000000e+00 0.0000000000e+00 0.0000000000e+00 -2.5434312073e+13 7.0208618260e+14 0.0000000000e+00
5.8435665796e+20 1.8546847930e+21 -9.6128485218e+17 5.1628180728e+34 0.0000000000e+00 0.0000000000e+00 0.0000000000e+00 -1.0098476028e+12 6.5550736731e+14 0.0000000000e+00
1.2563479143e+21 2.5114662854e+21 7.7446051283e+17 1.9390285747e+35 0.0000000000e+00 0.0000000000e+00 0.0000000000e+00 -6.8869951041e+13 3.7247352748e+14 0.0000000000e+00
1.3546334215e+21 1.4909272219e+21 -2.2468719987e+18 1.3116068670e+35 0.0000000000e+00 0.0000000000e+00 0.0000000000e+00 -1.1835094535e+13 3.0605534728e+14 0.0000000000e+00
1.8078153314e+21 3.5751742598e+20 4.7776849648e+18 1.9555215567e+35 0.0000000000e+00 0.0000000000e+00 0.0000000000e+00 -2.2094485744e+13 9.0712443011e+14 0.0000000000e+00
2.1649726743e+20 4.1165054733e+19 -2.9246670874e+18 8.1644671734e+34 0.0000000000e+00 0.0000000000e+00 0.0000000000e+00 -6.0384322921e+13 7.1358060262e+14 0.0000000000e+00
6.8435750731e+20 9.1511659200e+20 -1.4599304265e+19 1.4628695888e+35 0.0000000000e+00 0.0000000000e+00 0.0000000000e+00 -2.5171173903e+13 3.2663418242e+14 0.0000000000e+00
2.8112379877e+21 2.1065352430e+21 -1.1269324847e+18 6.1266335452e+34 0.0000000000e+00 0.0000000000e+00 0.0000000000e+00 -8.4819637793e+13 7.3202515421e+14 0.0000000000e+00
2.7415817037e+21 2.3850043901e+21 -1.7862618895e+19 6.8096705480e+34 0.0000000000e+00 0.0000000000e+00 0.0000000000e+00 -1.9944389093e+13 7.2138032417e+14 0.0000000000e+00
2.3579351739e+21 8.9258205488e+20 2.6691994101e+18 1.1246304813e+35 0.0000000000e+00 0.0000000000e+00 0.0000000000e+00 -4.4275571327e+13 3.0352625602e+14 0.0000000000e+00
5.8552959276e+19 1.4958835332e+21 -7.3888202375e+18 7.8434841959e+34 0.0000000000e+00 0.0000000000e+00 0.0000000000e+00 -6.7000870937e+13 3.9111850659e+14 0.0000000000e+00
9.8690642732e+20 1.2709368536e+21 1.2325538778e+18 5.1536241701e+34 0.0000000000e+00 0.0000000000e+00 0.0000000000e+00 -3.2588526664e+13 2.2052687344e+14 0.0000000000e+00
1.8951794633e+21 1.2389577632e+21 9.9146957356e+18 6.8394106444e+34 0.0000000000e+00 0.0000000000e+00 0.0000000000e+00 -3.3928838186e+13 1.5536677452e+14 0.0000000000e+00
8.3052405913e+20 6.9821041644e+20 -7.1583089058e+18 2.8198847559e+34 0.0000000000e+00 0.0000000000e+00 0.0000000000e+00 -7.4840152734e+13 6.3566579571e+14 0.0000000000e+00
2.7451326457e+21 4.1156799498e+20 8.0071784705e+18 1.4653328511e+35 0.0000000000e+00 0.0000000000e+00 0.0000000000e+00 -9.1794991627e+13 2.3081267749e+14 0.0000000000e+00
1.9130783958e+21 5.9360606874e+20 -3.2699242806e+18 1.0896164464e+35 0.0000000000e+00 0.0000000000e+00 0.0000000000e+00 -5.3620535555e+13 7.3978811134e+14 0.0000000000e+00
2.1701447286e+20 1.6699314446e+20 1.3227854782e+19 3.8550560654e+34 0.0000000000e+00 0.0000000000e+00 0.0000000000e+00 -4.0755516696e+13 9.0223086312e+14 0.0000000000e+00
2.7433788671e+21 5.9795857882e+20 -2.7550764666e+18 5.2256933316e+34 0.0000000000e+00 0.0000000000e+00 0.0000000000e+00 -1.1682123802e+13 1.4827498708e+14 0.0000000000e+00
2.8905397744e+21 2.7768309033e+19 -6.3415195756e+18 4.0017889786e+34 0.0000000000e+00 0.0000000000e+00 0.0000000000e+00 -6.7959169490e+12 4.9092892116e+14 0.0000000000e+00
2.3453607871e+20 1.8930658531e+21 5.1852141082e+18 1.3028212581e+35 0.0000000000e+00 0.0000000000e+00 0.0000000000e+00 -4.4609329342e+13 7.3346504504e+14 0.0000000000e+00
1.6066631888e+21 9.5482097950e+20 -3.2880335100e+18 3.8544773290e+34 0.0000000000e+00 0.0000000000e+00 0.0000000000e+00 -2.3308113542e+13 7.4359440040e+14 0.0000000000e+00
9.1555340372e+20 2.9369507391e+21 -6.3487365841e+18 1.5535670543e+35 0.0000000000e+00 0.0000000000e+00 0.0000000000e+00 -5.3082729160e+13 6.8914960158e+14 0.0000000000e+00
1.1855883328e+21 5.8463805924e+20 -3.6053016736e+18 2.5502294766e+34 0.0000000000e+00 0.0000000000e+00 0.0000000000e+00 -2.4039113207e+13 3.6799663619e+14 0.0000000000e+00
5.4218737579e+20 1.0437106252e+21 -3.3655628532e+17 6.6004162362e+34 0.0000000000e+00 0.0000000000e+00 0.0000000000e+00 -7.5283666190e+13 4.0609716035e+14 0.0000000000e+00
1.7446216039e+21 1.0799646168e+21 1.0126749090e+19 1.7949243508e+35 0.0000000000e+00 0.0000000000e+00 0.0000000000e+00 -5.9543062575e+13 5.4207562013e+14 0.0000000000e+00
2.8911816881e+21 2.5506615117e+19 -1.4592692039e+19 1.4902990272e+35 0.0000000000e+00 0.0000000000e+00 0.0000000000e+00 -3.4628659514e+13 8.8989527921e+14 0.0000000000e+00
1.5182731076e+21 2.5327296023e+21 1.7414357178e+17 3.4785603439e+34 0.0000000000e+00 0.0000000000e+00 0.0000000000e+00 -9.2953734554e+13 2.8080742090e+14 0.0000000000e+00
2.5023620665e+20 9.6559280716e+19 4.7148976217e+18 1.6718594596e+35 0.0000000000e+00 0.0000000000e+00 0.0000000000e+00 -2.6275364859e+13 8.5496698502e+14 0.0000000000e+00
1.8711640244e+21 2.8374627412e+21 1.4595694983e+18 1.0912418390e+35 0.0000000000e+00 0.0000000000e+00 0.0000000000e+00 -1.5570314596e+13 3.0860944820e+14 0.0000000000e+00
1.0267929973e+21 2.6922803916e+21 9.8829327034e+18 1.7172641253e+35 0.0000000000e+00 0.0000000000e+00 0.0000000000e+00 -5.6884941348e+13 8.8053390015e+14 0.0000000000e+00
2.5831822222e+21 1.6162051427e+21 -5.6093551303e+17 1.2818451245e+35 0.0000000000e+00 0.0000000000e+00 0.0000000000e+00 -5.2264837127e+13 6.1350962261e+14 0.0000000000e+00
1.3118586516e+21 1.6405714451e+21 -1.3924406313e+18 1.4253546286e+35 0.0000000000e+00 0.0000000000e+00 0.0000000000e+00 -1.4079529379e+13 4.7553063772e+14 0.0000000000e+00
5.8198993979e+20 1.9731017715e+21 4.4691264322e+18 1.9769096813e+35 0.0000000000e+00 0.0000000000e+00 0.0000000000e+00 -2.1239403841e+13 5.9607590002e+14 0.0000000000e+00
5.7675676928e+20 1.1681169360e+21 7.4932273381e+17 6.2988576649e+34 0.0000000000e+00 0.0000000000e+00 0.0000000000e+00 -6.7392881055e+13 2.5949151869e+14 0.0000000000e+00
2.3201302974e+21 1.9533168513e+21 -2.9456339303e+18 1.3229120763e+35 0.0000000000e+00 0.0000000000e+00 0.0000000000e+00 -6.4001074859e+13 2.6428298614e+14 0.0000000000e+00
8.0154337169e+20 1.3511099706e+20 3.8943067787e+18 1.0333488461e+35 0.0000000000e+00 0.0000000000e+00 0.0000000000e+00 -3.0401496881e+13 1.6102604268e+14 0.0000000000e+00
2.3155103836e+21 1.6311573934e+20 -4.9233259723e+18 2.8854260664e+34 0.0000000000e+00 0.0000000000e+00 0.0000000000e+00 -4.1353259633e+13 1.5049668959e+14 0.0000000000e+00
6.2136790389e+20 1.3799214064e+21 -4.6113316120e+18 2.4433355991e+34 0.0000000000e+00 0.0000000000e+00 0.0000000000e+00 -7.9314072261e+13 3.1159424295e+14 0.0000000000e+00
9.7084946074e+20 1.6587601047e+21 -3.9837148942e+18 4.2972208593e+34 0.0000000000e+00 0.0000000000e+00 0.0000000000e+00 -6.5330867690e+13 6.7933690910e+14 0.0000000000e+00
1.4048396828e+21 2.6794336385e+21 1.0208906813e+19 1.3674128632e+35 0.0000000000e+00 0.0000000000e+00 0.0000000000e+00 -9.4688632247e+12 6.0322893158e+14 0.0000000000e+00
2.8465650744e+21 3.1586579313e+20 -2.4302568406e+19 1.2224249732e+35 0.0000000000e+00 0.0000000000e+00 0.0000000000e+00 -2.9521399187e+13 1.5255910888e+14 0.0000000000e+00
2.8119654399e+21 2.4827514443e+21 2.9847932083e+18 1.1981209599e+35 0.0000000000e+00 0.0000000000e+00 0.0000000000e+00 -1.3278506166e+12 8.1949751212e+14 0.0000000000e+00
6.2433932002e+20 6.3392286395e+20 2.5858083814e+17 2.7510151376e+34 0.0000000000e+00 0.0000000000e+00 0.0000000000e+00 -2.2057576152e+13 5.8501363754e+14 0.0000000000e+00
1.0811050665e+21 1.1893444512e+21 -1.2682167615e+19 1.0492434581e+35 0.0000000000e+00 0.0000000000e+00 0.0000000000e+00 -5.4934429806e+12 9.0788134767e+14 0.0000000000e+00
4.5088735435e+20 9.5550614831e+20 2.3368885486e+18 1.8550160186e+35 0.0000000000e+00 0.0000000000e+00 0.0000000000e+00 -7.4205622384e+13 5.9150219009e+14 0.0000000000e+00
1.5391349694e+21 1.2076686135e+21 3.5895487784e+18 9.2233736764e+34 0.0000000000e+00 0.0000000000e+00 0.0000000000e+00 -2.1634166743e+13 2.2229728679e+14 0.0000000000e+00
1.3900381380e+21 4.5419541318e+20 4.4488280006e+18 1.3246408725e+35 0.0000000000e+00 0.0000000000e+00 0.0000000000e+00 -9.2758750759e+13 4.0560362677e+14 0.0000000000e+00
2.7184941703e+21 1.5197744845e+21 -2.0008042736e+19 1.5987583313e+35 0.0000000000e+00 0.0000000000e+00 0.0000000000e+00 -3.1170070617e+13 6.1605847956e+14 0.0000000000e+00
2.8067562302e+21 2.4193573361e+21 1.0309408112e+19 1.6060257250e+35 0.0000000000e+00 0.0000000000e+00 0.0000000000e+00 -5.0244532740e+13 6.8511352766e+13 0.0000000000e+00
1.1576063861e+21 1.3325496433e+21 -5.5662234368e+18 1.1376871469e+35 0.0000000000e+00 0.0000000000e+00 0.0000000000e+00 -6.1844053063e+13 4.5533115043e+13 0.0000000000e+00
1.4840651120e+21 1.4806717721e+21 5.1801536493e+18 1.7370295900e+35 0.0000000000e+00 0.0000000000e+00 0.0000000000e+00 -1.3026565236e+13 1.9190473432e+14 0.0000000000e+00
2.7048409999e+21 2.5615805724e+21 5.5914016752e+18 9.1134094289e+34 0.0000000000e+00 0.0000000000e+00 0.0000000000e+00 -1.3796885587e+13 2.9530790495e+14 0.0000000000e+00
2.4346441638e+21 2.1308833900e+21 -6.6146795110e+18 1.7914319467e+35 0.0000000000e+00 0.0000000000e+00 0.0000000000e+00 -9.2561435152e+13 3.6811092920e+14 0.0000000000e+00
1.1034747638e+19 1.4801914049e+21 4.9831703405e+18 6.4385144717e+34 0.0000000000e+00 0.0000000000e+00 0.0000000000e+00 -3.6969243443e+13 4.7302974691e+14 0.0000000000e+00
9.6593976471e+20 7.7772546623e+20 -2.9085465027e+18 7.1461979782e+34 0.0000000000e+00 0.0000000000e+00 0.0000000000e+00 -5.9849093393e+13 1.5243084855e+14 0.0000000000e+00
1.2729146622e+21 2.6707089220e+21 -1.5628540818e+19 3.1273184623e+34 0.0000000000e+00 0.0000000000e+00 0.0000000000e+00 -5.5321009137e+13 6.1311858748e+14 0.0000000000e+00
6.9328374416e+20 1.7414475723e+21 8.8106128281e+18 1.6266541573e+35 0.0000000000e+00 0.0000000000e+00 0.0000000000e+00 -1.5901173504e+13 5.8671416188e+14 0.0000000000e+00
6.0230713677e+20 6.6742348731e+20 -5.8477142460e+18 9.5678139195e+34 0.0000000000e+00 0.0000000000e+00 0.0000000000e+00 -6.5339401278e+13 2.8023306535e+14 0.0000000000e+00
1.1403364091e+20 8.1220341346e+20 -6.4471531764e+18 6.2418927148e+34 0.0000000000e+00 0.0000000000e+00 0.0000000000e+00 -5.3917285603e+12 1.0092004615e+14 0.0000000000e+00
1.9416898303e+21 2.4238556624e+21 -3.0411319743e+18 6.2892081346e+34 0.0000000000e+00 0.0000000000e+00 0.0000000000e+00 -7.7666362683e+13 8.3166747363e+13 0.0000000000e+00
7.9225605668e+20 1.3323130638e+20 2.0540260926e+18 1.8139188472e+35 0.0000000000e+00 0.0000000000e+00 0.0000000000e+00 -3.1931012557e+13 3.9648735773e+14 0.0000000000e+00
1.5798378451e+20 2.9941342205e+21 -4.3210524965e+17 1.6944946058e+35 0.0000000000e+00 0.0000000000e+00 0.0000000000e+00 -3.1042731412e+13 1.9482471517e+14 0.0000000000e+00
6.9709555917e+20 3.9340136938e+20 4.1351649469e+18 1.1983002718e+35 0.0000000000e+00 0.0000000000e+00 0.0000000000e+00 -7.0796777921e+13 3.4494712696e+14 0.0000000000e+00
2.4201763097e+21 2.4025348096e+21 -1.0106447270e+19 1.3090469953e+35 0.0000000000e+00 0.0000000000e+00 0.0000000000e+00 -6.3927750547e+13 5.6599130418e+14 0.0000000000e+00
2.5697943502e+21 1.1914319060e+21 -5.6013051649e+18 1.0581318312e+35 0.0000000000e+00 0.0000000000e+00 0.0000000000e+00 -1.5640089272e+13 5.4530920679e+14 0.0000000000e+00
1.4578939280e+21 1.4855084412e+21 -8.7519791067e+17 9.1185140761e+34 0.0000000000e+00 0.0000000000e+00 0.0000000000e+00 -2.2550563459e+13 2.6909684988e+14 0.0000000000e+00
1.2557012833e+21 2.6578034428e+21 1.4319559623e+19 1.8388305937e+35 0.0000000000e+00 0.0000000000e+00 0.0000000000e+00 -6.3516371542e+13 3.2411217001e+14 0.0000000000e+00
2.9511624470e+21 1.2461659702e+21 -8.5871560233e+17 4.4101997606e+34 0.0000000000e+00 0.0000000000e+00 0.0000000000e+00 -4.4121638623e+13 5.7373963698e+14 0.0000000000e+00
6.0530414264e+20 1.6221561486e+21 8.1880019793e+18 9.5924400298e+34 0.0000000000e+00 0.0000000000e+00 0.0000000000e+00 -8.8833353649e+13 7.3933544944e+14 0.0000000000e+00
6.4995431566e+20 1.4878638115e+20 2.9089874848e+17 8.2849105193e+34 0.0000000000e+00 0.0000000000e+00 0.0000000000e+00 -7.4910242825e+13 6.6154198436e+14 0.0000000000e+00
8.8085514030e+20 7.0846761320e+18 -3.6492044195e+18 1.1002948362e+35 0.0000000000e+00 0.0000000000e+00 0.0000000000e+00 -4.8678807395e+13 5.1752136315e+14 0.0000000000e+00
5.2138158657e+20 7.3880601672e+20 -1.8615357799e+18 1.0285892514e+35 0.0000000000e+00 0.0000000000e+00 0.0000000000e+00 -8.6533425755e+13 3.1683300738e+14 0.0000000000e+00
1.1449253754e+21 2.0539997744e+21 -1.2707267273e+18 1.1369959952e+35 0.0000000000e+00 0.0000000000e+00 0.0000000000e+00 -1.4832164632e+13 3.9088447466e+14 0.0000000000e+00
2.7488976971e+21 3.6597744816e+20 4.5545071005e+18 4.6633757097e+34 0.0000000000e+00 0.0000000000e+00 0.0000000000e+00 -2.6697141672e+13 8.1728775051e+14 0.0000000000e+00
1.8571197830e+21 3.4333359167e+20 1.0371442014e+19 1.1268237937e+35 0.0000000000e+00 0.0000000000e+00 0.0000000000e+00 -5.3363582254e+12 1.2277413481e+14 0.0000000000e+00
1.2432546837e+21 1.2402791151e+21 2.7137919958e+18 6.4772997239e+34 0.0000000000e+00 0.0000000000e+00 0.0000000000e+00 -2.9020346305e+13 9.0746820338e+14 0.0000000000e+00
2.8200517780e+21 1.9551721825e+21 8.9565010861e+18 5.4493346955e+34 0.0000000000e+00 0.0000000000e+00 0.0000000000e+00 -5.6423689641e+12 6.5511495460e+14 0.0000000000e+00
1.4626505361e+20 2.1490332726e+21 -7.2793385704e+18 3.3346121636e+34 0.0000000000e+00 0.0000000000e+00 0.0000000000e+00 -4.2175543718e+13 6.3286417469e+14 0.0000000000e+00
6.3461350491e+20 5.3856413443e+20 -3.1283871890e+18 1.5683797154e+35 0.0000000000e+00 0.0000000000e+00 0.0000000000e+00 -3.7848423479e+13 8.9200631386e+13 0.0000000000e+00
1.7078518102e+21 2.4019702877e+20 -5.4648626206e+18 9.7516254970e+34 0.0000000000e+00 0.0000000000e+00 0.0000000000e+00 -2.1802147396e+12 6.0843695268e+14 0.0000000000e+00
1.8577378168e+21 2.8381182484e+21 2.3724844382e+18 1.3276868779e+35 0.0000000000e+00 0.0000000000e+00 0.0000000000e+00 -3.3880635705e+13 4.7384983124e+14 0.0000000000e+00
1.1938455481e+20 7.8669114257e+20 -2.7083410162e+18 1.5063359553e+35 0.0000000000e+00 0.0000000000e+00 0.0000000000e+00 -9.1758149324e+13 9.3044118346e+13 0.0000000000e+00
1.2163709714e+21 2.5753997298e+21 5.5061368099e+18 1.4209014527e+35 0.0000000000e+00 0.0000000000e+00 0.0000000000e+00 -2.6148364489e+13 3.0532932998e+14 0.0000000000e+00
1.9591466659e+21 2.6060171975e+21 -7.0244079143e+18 1.0513630498e+35 0.0000000000e+00 0.0000000000e+00 0.0000000000e+00 -8.9495436030e+12 8.4432031845e+14 0.0000000000e+00
2.1067769090e+21 2.3314731819e+21 3.2466869371e+17 9.0518321069e+34 0.0000000000e+00 0.0000000000e+00 0.0000000000e+00 -1.9352990127e+13 5.4394029955e+14 0.0000000000e+00
1.9259062258e+21 5.0953982488e+20 5.1823429386e+18 8.8405561774e+34 0.0000000000e+00 0.0000000000e+00 0.0000000000e+00 -3.9399669347e+13 4.0752687330e+14 0.0000000000e+00
9.6745981112e+20 2.4801968040e+21 -1.5582709438e+19 1.3514097035e+35 0.0000000000e+00 0.0000000000e+00 0.0000000000e+00 -3.1118616766e+13 1.2548339207e+14 0.0000000000e+00
2.8224373302e+20 2.3215981878e+21 1.6007708214e+19 1.0943551275e+35 0.0000000000e+00 0.0000000000e+00 0.0000000000e+00 -9.2857077453e+11 7.0221519008e+14 0.0000000000e+00
1.2890253633e+21 1.8009099841e+21 -2.1363809714e+18 1.7214215057e+35 0.0000000000e+00 0.0000000000e+00 0.0000000000e+00 -8.6089566227e+13 6.0745093267e+14 0.0000000000e+00
3.8858089198e+20 1.0176757421e+21 -1.5278926149e+19 1.7666718790e+35 0.0000000000e+00 0.0000000000e+00 0.0000000000e+00 -3.1502863788e+13 5.8636898456e+14 0.0000000000e+00
2.8599282014e+21 7.9225096768e+20 1.1928184648e+18 5.2056319172e+34 0.0000000000e+00 0.0000000000e+00 0.0000000000e+00 -6.7842746741e+13 4.6160199434e+14 0.0000000000e+00
1.4340656737e+21 3.6786164206e+20 2.5233096586e+17 4.5981570618e+34 0.0000000000e+00 0.0000000000e+00 0.0000000000e+00 -3.4073649902e+13 4.3020740568e+14 0.0000000000e+00
9.5748818821e+20 1.5384468279e+21 -6.1789309387e+17 1.3343360132e+35 0.0000000000e+00 0.0000000000e+00 0.0000000000e+00 -3.7147374725e+13 5.6302514507e+14 0.0000000000e+00
2.3127056866e+21 1.7663173223e+21 7.4785369470e+18 7.5179970906e+34 0.0000000000e+00 0.0000000000e+00 0.0000000000e+00 -8.0144612025e+13 2.1339399628e+14 0.0000000000e+00
1.5028088524e+21 1.0844850734e+21 5.6394723094e+18 2.5158940426e+34 0.0000000000e+00 0.0000000000e+00 0.0000000000e+00 -7.5099516157e+13 8.2157796402e+14 0.0000000000e+00
9.3568268447e+20 1.4346336663e+21 2.2474758613e+18 1.7913424973e+35 0.0000000000e+00 0.0000000000e+00 0.0000000000e+00 -3.5821387284e+13 5.6053685304e+14 0.0000000000e+00
2.4505186465e+21 1.0970866323e+21 3.3964242581e+18 6.2026792135e+34 0.0000000000e+00 0.0000000000e+00 0.0000000000e+00 -8.2532911845e+13 2.7729302857e+14 0.0000000000e+00
2.6170651917e+21 1.9345562810e+21 -7.8738450101e+17 1.8632589163e+35 0.0000000000e+00 0.0000000000e+00 0.0000000000e+00 -6.9567384045e+13 4.0825747124e+14 0.0000000000e+00
2.0311386459e+21 2.7200002891e+21 1.3396078458e+19 1.4883579179e+35 0.0000000000e+00 0.0000000000e+00 0.0000000000e+00 -1.5597765308e+13 7.6556294862e+14 0.0000000000e+00
1.4173862683e+20 4.9471135086e+20 -1.1160533959e+19 1.5683813633e+35 0.0000000000e+00 0.0000000000e+00 0.0000000000e+00 -6.3706131271e+13 1.6867247368e+14 0.0000000000e+00
1.7091624523e+21 1.1510917883e+21 1.0536718820e+18 5.7524842972e+34 0.0000000000e+00 0.0000000000e+00 0.0000000000e+00 -4.8466778438e+13 2.9571813642e+14 0.0000000000e+00
2.3036240444e+21 4.2514144672e+20 4.9061084232e+17 6.3317539760e+34 0.0000000000e+00 0.0000000000e+00 0.0000000000e+00 -5.5724092788e+12 6.6807873494e+14 0.0000000000e+00
4.1196609047e+20 1.8860802991e+21 6.1362006638e+18 1.1412046988e+35 0.0000000000e+00 0.0000000000e+00 0.0000000000e+00 -7.3167959742e+13 2.9031905918e+14 0.0000000000e+00
6.9012832768e+20 2.1997311976e+21 -6.3668775052e+18 5.2328757658e+34 0.0000000000e+00 0.0000000000e+00 0.0000000000e+00 -5.7785813984e+13 7.1214216505e+14 0.0000000000e+00
2.6633702271e+21 2.8125126270e+21 -1.3156009785e+19 7.5924290527e+34 0.0000000000e+00 0.0000000000e+00 0.0000000000e+00 -3.7257744308e+13 1.6856862780e+14 0.0000000000e+00
6.0727356553e+19 8.4163547346e+20 1.1832296565e+18 7.8761234204e+34 0.0000000000e+00 0.0000000000e+00 0.0000000000e+00 -2.3162748595e+13 7.2136076891e+14 0.0000000000e+00
2.2717305020e+21 2.8677374193e+21 2.1218840638e+18 5.0121974995e+34 0.0000000000e+00 0.0000000000e+00 0.0000000000e+00 -9.3107492504e+12 1.4360148482e+14 0.0000000000e+00
1.4298477968e+21 1.9092674355e+20 1.1239027544e+19 5.8183402425e+34 0.0000000000e+00 0.0000000000e+00 0.0000000000e+00 -8.0024089421e+12 9.7399992163e+13 0.0000000000e+00
1.3483583754e+21 1.8198958396e+21 -9.5848816395e+18 1.6142132829e+35 0.0000000000e+00 0.0000000000e+00 0.0000000000e+00 -2.1146109567e+13 8.3886271042e+14 0.0000000000e+00
2.1417335070e+19 1.7242654698e+20 8.7121644699e+18 5.1460904575e+34 0.0000000000e+00 0.0000000000e+00 0.0000000000e+00 -7.3056080373e+13 5.1694982238e+14 0.0000000000e+00
2.4729438611e+21 2.6974104987e+21 1.7862141377e+19 2.6908569918e+34 0.0000000000e+00 0.0000000000e+00 0.0000000000e+00 -9.2324031259e+13 3.0212470590e+14 0.0000000000e+00
1.0859515501e+21 1.5989637342e+21 -2.8502360764e+18 1.3324849523e+35 0.0000000000e+00 0.0000000000e+00 0.0000000000e+00 -5.8339847446e+13 2.3451642247e+14 0.0000000000e+00
1.6320306753e+21 2.0200933226e+21 -9.7401590461e+18 1.9459075628e+35 0.0000000000e+00 0.0000000000e+00 0.0000000000e+00 -8.1271973940e+13 5.3902156549e+14 0.0000000000e+00
2.0440934714e+21 2.5096901084e+21 -3.0706215943e+18 8.0486913419e+34 0.0000000000e+00 0.0000000000e+00 0.0000000000e+00 -2.7418412332e+13 5.0095234496e+14 0.0000000000e+00
2.1205360617e+21 4.5363745866e+20 1.0566747882e+17 4.2870827843e+34 0.0000000000e+00 0.0000000000e+00 0.0000000000e+00 -3.2081716180e+13 9.0748712477e+14 0.0000000000e+00
2.8851478175e+21 1.1646933393e+20 4.2537795169e+18 1.2281308572e+35 0.0000000000e+00 0.0000000000e+00 0.0000000000e+00 -9.0509881567e+13 8.4191721258e+14 0.0000000000e+00
1.6035839789e+21 2.6524632984e+21 -4.4620732366e+18 1.8226863432e+35 0.0000000000e+00 0.0000000000e+00 0.0000000000e+00 -1.5470124467e+13 6.2027865924e+14 0.0000000000e+00
1.2063536048e+21 9.5046848047e+20 1.1733972940e+19 1.6062672882e+35 0.0000000000e+00 0.0000000000e+00 0.0000000000e+00 -7.1123578499e+13 4.0089933916e+14 0.0000000000e+00
2.8782775448e+21 3.8925834412e+20 -8.4091463167e+18 1.3203819467e+35 0.0000000000e+00 0.0000000000e+00 0.0000000000e+00 -5.3752652527e+13 4.5939936416e+14 0.0000000000e+00
1.9378886893e+21 1.4138160135e+21 -1.3122302873e+19 7.7627577433e+34 0.0000000000e+00 0.0000000000e+00 0.0000000000e+00 -3.1437643050e+13 6.4474499423e+14 0.0000000000e+00
8.9981777524e+20 1.8056877365e+21 8.3501301512e+18 1.1776821839e+35 0.0000000000e+00 0.0000000000e+00 0.0000000000e+00 -5.4018521076e+13 1.2720139753e+14 0.0000000000e+00
3.8166909263e+20 9.3469281129e+19 -1.7162015680e+19 3.8019969319e+34 0.0000000000e+00 0.0000000000e+00 0.0000000000e+00 -5.2894848103e+13 3.2155204382e+14 0.0000000000e+00
2.5428294854e+21 8.2963509662e+20 -1.5401591061e+18 1.4202444731e+35 0.0000000000e+00 0.0000000000e+00 0.0000000000e+00 -8.8459613923e+13 7.0349290440e+13 0.0000000000e+00
1.0930640772e+21 9.8990020568e+19 2.3522904120e+19 1.5019164783e+35 0.0000000000e+00 0.0000000000e+00 0.0000000000e+00 -5.6667015150e+13 1.0051320147e+14 0.0000000000e+00
1.9932976191e+21 1.2685722046e+21 -9.0868607083e+16 1.9265268661e+35 0.0000000000e+00 0.0000000000e+00 0.0000000000e+00 -2.2262508375e+13 2.3927613605e+14 0.0000000000e+00
1.4209239536e+21 2.7014118877e+21 -8.4561919245e+18 6.7954632968e+34 0.0000000000e+00 0.0000000000e+00 0.0000000000e+00 -8.0304936648e+12 5.0010486523e+14 0.0000000000e+00
6.0037007542e+20 2.9656449779e+21 -4.3306386427e+17 2.5138712978e+34 0.0000000000e+00 0.0000000000e+00 0.0000000000e+00 -5.5525868242e+13 7.0781797293e+14 0.0000000000e+00
1.8158901848e+21 1.9226095165e+21 -3.8329195013e+17 1.1842800840e+35 0.0000000000e+00 0.0000000000e+00 0.0000000000e+00 -5.4570743729e+13 4.5377135492e+14 0.0000000000e+00
1.8314150209e+20 4.8782255984e+20 1.2121038000e+18 1.4695214878e+35 0.0000000000e+00 0.0000000000e+00 0.0000000000e+00 -2.8153124488e+13 3.5236426602e+14 0.0000000000e+00
1.2474675439e+21 2.7338534590e+21 4.9967742004e+18 1.6174971700e+35 0.0000000000e+00 0.0000000000e+00 0.0000000000e+00 -5.4179348938e+12 1.5942415876e+14 0.0000000000e+00
1.6496838879e+21 1.5580359304e+21 -7.8400937653e+18 5.6158192788e+34 0.0000000000e+00 0.0000000000e+00 0.0000000000e+00 -6.9389393017e+13 4.9416556905e+14 0.0000000000e+00
1.3159897679e+21 4.6401542393e+20 1.2732550077e+19 6.8194515562e+34 0.0000000000e+00 0.0000000000e+00 0.0000000000e+00 -5.3003115563e+13 2.7280549415e+14 0.0000000000e+00
2.2594926249e+21 2.7817710884e+21 1.8493872756e+18 1.1258494473e+35 0.0000000000e+00 0.0000000000e+00 0.0000000000e+00 -1.9315784308e+13 5.9931487964e+14 0.0000000000e+00
2.4986775128e+21 2.2860415951e+21 5.4836610801e+18 8.0378430919e+34 0.0000000000e+00 0.0000000000e+00 0.0000000000e+00 -3.6951402645e+13 8.9033929186e+14 0.0000000000e+00
2.3276115974e+21 2.2082865131e+21 -4.7393872212e+18 1.7415591711e+35 0.0000000000e+00 0.0000000000e+00 0.0000000000e+00 -8.4203281175e+13 1.0531546527e+14 0.0000000000e+00
1.1713747650e+20 2.1403073641e+21 9.7057532236e+18 1.0571312217e+35 0.0000000000e+00 0.0000000000e+00 0.0000000000e+00 -3.5243584273e+13 2.4017176476e+14 0.0000000000e+00
5.8588062921e+20 6.0462558007e+20 -1.9394604245e+18 1.6337272468e+35 0.0000000000e+00 0.0000000000e+00 0.0000000000e+00 -7.6993006348e+13 4.2078245493e+14 0.0000000000e+00
1.6194814630e+21 6.3681819557e+20 2.0941337143e+18 1.2462390419e+35 0.0000000000e+00 0.0000000000e+00 0.0000000000e+00 -4.6369228916e+13 8.7361600924e+14 0.0000000000e+00
2.8212929181e+21 2.0772682693e+21 -7.0402853524e+18 1.5868509470e+35 0.0000000000e+00 0.0000000000e+00 0.0000000000e+00 -4.4581112161e+13 7.0771622112e+14 0.0000000000e+00
2.5198995471e+21 6.6312325983e+20 -7.5218491212e+18 8.0745140852e+34 0.0000000000e+00 0.0000000000e+00 0.0000000000e+00 -1.1720174329e+13 8.4829348050e+14 0.0000000000e+00
2.5427691462e+21 1.3239111810e+21 5.1925090372e+18 1.6900704318e+35 0.0000000000e+00 0.0000000000e+00 0.0000000000e+00 -5.0887172095e+13 3.2812909987e+14 0.0000000000e+00
9.1508232877e+20 2.3600815096e+21 -3.3470135339e+18 7.0463153508e+34 0.0000000000e+00 0.0000000000e+00 0.0000000000e+00 -6.8217203448e+13 8.7172713673e+14 0.0000000000e+00
1.2960737534e+21 2.3659686996e+21 -6.4420951952e+18 1.1851478375e+35 0.0000000000e+00 0.0000000000e+00 0.0000000000e+00 -7.2806569109e+13 1.0948546655e+14 0.0000000000e+00
1.4205905490e+21 1.3679440295e+21 -4.8528183156e+18 5.9745021792e+34 0.0000000000e+00 0.0000000000e+00 0.0000000000e+00 -1.1904926929e+13 1.2790371313e+14 0.0000000000e+00
4.7494743855e+20 2.3908292337e+21 5.2736009261e+18 1.0602571361e+35 0.0000000000e+00 0.0000000000e+00 0.0000000000e+00 -7.8482723582e+13 7.4521074393e+14 0.0000000000e+00
9.3763617078e+19 2.5309605809e+21 -4.7460906628e+18 7.8179491310e+34 0.0000000000e+00 0.0000000000e+00 0.0000000000e+00 -5.4354630909e+13 8.3039902353e+14 0.0000000000e+00
2.8577529506e+21 1.9761132174e+21 -8.8770645894e+17 6.9070608917e+34 0.0000000000e+00 0.0000000000e+00 0.0000000000e+00 -7.6952597125e+13 9.4903927816e+13 0.0000000000e+00
7.2647058353e+20 6.8938922227e+20 1.1338437592e+17 1.9299837597e+35 0.0000000000e+00 0.0000000000e+00 0.0000000000e+00 -2.1461941271e+13 1.6985728751e+14 0.0000000000e+00
7.2416579144e+20 8.2696755320e+20 -1.4466397345e+19 5.0200579479e+34 0.0000000000e+00 0.0000000000e+00 0.0000000000e+00 -4.9762613930e+13 7.3176399691e+13 0.0000000000e+00
2.5163798427e+20 9.5019060702e+20 -1.1099648729e+19 1.6120436413e+35 0.0000000000e+00 0.0000000000e+00 0.0000000000e+00 -6.1429043613e+13 1.2228996858e+14 0.0000000000e+00
2.8022363954e+21 3.5251479714e+20 2.5372166744e+18 1.9603868407e+35 0.0000000000e+00 0.0000000000e+00 0.0000000000e+00 -6.0486485943e+13 2.1262355794e+14 0.0000000000e+00
1.7496466129e+21 8.2439573428e+20 -5.5608865299e+18 2.5394443879e+34 0.0000000000e+00 0.0000000000e+00 0.0000000000e+00 -1.3991294850e+13 9.0724033269e+14 0.0000000000e+00
2.0131172348e+21 6.3232901898e+20 7.9729894556e+18 1.4557832649e+35 0.0000000000e+00 0.0000000000e+00 0.0000000000e+00 -4.2245469180e+13 6.2148110605e+14 0.0000000000e+00
2.7511390458e+21 1.3741821669e+21 7.2945596016e+18 6.6629926010e+34 0.0000000000e+00 0.0000000000e+00 0.0000000000e+00 -2.6710240503e+13 7.3133271337e+14 0.0000000000e+00
1.0430816697e+21 2.7416645195e+21 5.4261275877e+18 2.9037577251e+34 0.0000000000e+00 0.0000000000e+00 0.0000000000e+00 -9.7476519587e+12 7.4623876288e+14 0.0000000000e+00
1.8757090650e+21 3.1532159596e+20 1.3730178135e+19 9.3171264380e+34 0.0000000000e+00 0.0000000000e+00 0.0000000000e+00 -9.3023906525e+12 5.4128278023e+14 0.0000000000e+00
1.1709675437e+20 2.1737685945e+21 -6.2690897782e+17 1.8737658153e+35 0.0000000000e+00 0.0000000000e+00 0.0000000000e+00 -6.3571928000e+13 7.1060550240e+14 0.0000000000e+00
5.6367949020e+20 2.0742201073e+21 4.8958141309e+18 2.3954559431e+34 0.0000000000e+00 0.0000000000e+00 0.0000000000e+00 -4.5015720544e+12 5.9783213412e+14 0.0000000000e+00
2.5086998398e+21 2.8898617157e+20 -4.4093053684e+18 1.2590974502e+35 0.0000000000e+00 0.0000000000e+00 0.0000000000e+00 -9.2317730597e+13 2.7036570751e+14 0.0000000000e+00
2.3141068994e+21 2.7843235180e+21 1.8503130993e+19 1.1060388053e+35 0.0000000000e+00 0.0000000000e+00 0.0000000000e+00 -5.8996722299e+13 5.1377286365e+14 0.0000000000e+00
1.0582396428e+21 1.7156491061e+21 1.4966515908e+19 1.7643397531e+35 0.0000000000e+00 0.0000000000e+00 0.0000000000e+00 -9.8650139228e+12 5.3938655114e+14 0.0000000000e+00
1.1372144746e+21 1.0977236228e+21 8.9637878437e+16 3.6738164193e+34 0.0000000000e+00 0.0000000000e+00 0.0000000000e+00 -6.8672157604e+13 7.2762809881e+14 0.0000000000e+00
1.6102672805e+21 2.2832334450e+21 2.9167931046e+18 1.4248113316e+35 0.0000000000e+00 0.0000000000e+00 0.0000000000e+00 -6.8819414470e+13 8.6233916608e+14 0.0000000000e+00
7.2735213974e+17 7.7672895346e+20 1.0255900387e+19 1.4223048714e+35 0.0000000000e+00 0.0000000000e+00 0.0000000000e+00 -6.6022700929e+13 3.7888105436e+14 0.0000000000e+00
7.2807540616e+20 2.0930126882e+21 -1.1101675638e+18 1.4027858117e+35 0.0000000000e+00 0.0000000000e+00 0.0000000000e+00 -3.6703377379e+13 7.0842041982e+14 0.0000000000e+00
6.2844359838e+20 1.1984842445e+20 -4.9542286142e+18 1.8863601041e+35 0.0000000000e+00 0.0000000000e+00 0.0000000000e+00 -5.3174608801e+13 1.2650177756e+14 0.0000000000e+00
7.5595753329e+20 2.5333334575e+21 6.5942526713e+18 1.6753305628e+35 0.0000000000e+00 0.0000000000e+00 0.0000000000e+00 -2.5870778185e+13 7.3070522968e+14 0.0000000000e+00
2.4322238328e+21 1.3525796163e+21 5.9182411170e+17 2.9300358084e+34 0.0000000000e+00 0.0000000000e+00 0.0000000000e+00 -9.9491037186e+12 4.0119140751e+14 0.0000000000e+00
8.4405569906e+20 1.9215392155e+21 1.3806931226e+18 1.0523932393e+35 0.0000000000e+00 0.0000000000e+00 0.0000000000e+00 -3.0844457416e+13 9.7390935703e+13 0.0000000000e+00
5.7801134995e+20 6.6769574018e+20 -6.2945772834e+18 9.2297655459e+34 0.0000000000e+00 0.0000000000e+00 0.0000000000e+00 -7.5315363092e+13 3.2886323223e+14 0.0000000000e+00
1.5218671247e+21 2.0434084648e+21 -1.2959836359e+19 7.6758790414e+34 0.0000000000e+00 0.0000000000e+00 0.0000000000e+00 -6.3731927942e+12 6.0860093847e+14 0.0000000000e+00
2.6125167198e+21 2.3306211526e+21 1.7816944825e+18 1.0174488213e+35 0.0000000000e+00 0.0000000000e+00 0.0000000000e+00 -6.9632519100e+13 1.2664800637e+14 0.0000000000e+00
7.2839340618e+20 1.4281573980e+21 6.8279386031e+18 8.9862768943e+34 0.0000000000e+00 0.0000000000e+00 0.0000000000e+00 -8.0481887357e+13 8.0151930690e+14 0.0000000000e+00
2.3702238075e+20 1.8642998568e+21 -1.7037119218e+18 9.8381981055e+34 0.0000000000e+00 0.0000000000e+00 0.0000000000e+00 -8.6155345802e+13 7.4698637824e+13 0.0000000000e+00
1.0756294928e+21 1.3771916381e+21 1.0837860725e+19 1.9517099101e+35 0.0000000000e+00 0.0000000000e+00 0.0000000000e+00 -4.1335683797e+13 8.4575417787e+14 0.0000000000e+00
2.2564132065e+21 2.6983677524e+21 -5.3110486753e+18 3.7557751269e+34 0.0000000000e+00 0.0000000000e+00 0.0000000000e+00 -8.3902589142e+13 6.1329041013e+14 0.0000000000e+00
1.6619840639e+21 1.5025691868e+21 -7.9577451127e+18 1.8507830246e+35 0.0000000000e+00 0.0000000000e+00 0.0000000000e+00 -8.1534498479e+13 2.9407127509e+14 0.0000000000e+00
2.4650823894e+21 2.5405786838e+21 -5.0725266779e+17 1.0685926909e+35 0.0000000000e+00 0.0000000000e+00 0.0000000000e+00 -6.6268074317e+13 3.6134559135e+14 0.0000000000e+00
2.8960491015e+21 2.4184805119e+21 -6.2316098103e+17 1.3225522476e+35 0.0000000000e+00 0.0000000000e+00 0.0000000000e+00 -6.8007920945e+13 6.5787535048e+14 0.0000000000e+00
2.3922553548e+21 1.2389035508e+21 5.8094140779e+18 1.6878872508e+35 0.0000000000e+00 0.0000000000e+00 0.0000000000e+00 -3.7467753686e+13 5.6969162547e+14 0.0000000000e+00
1.8222776920e+21 6.9439499643e+20 -5.8470945076e+18 8.5663102412e+34 0.0000000000e+00 0.0000000000e+00 0.0000000000e+00 -1.7349237506e+13 6.4960040626e+14 0.0000000000e+00
1.4889049127e+21 1.2255558761e+21 1.0322271017e+19 9.8043618777e+34 0.0000000000e+00 0.0000000000e+00 0.0000000000e+00 -2.2593696268e+13 4.0366883889e+14 0.0000000000e+00
1.2092850260e+20 2.4935240401e+21 1.4840388482e+19 9.4344370961e+34 0.0000000000e+00 0.0000000000e+00 0.0000000000e+00 -6.9822661716e+13 4.4049415209e+14 0.0000000000e+00
2.9706837321e+21 6.8699499310e+20 -2.9534168348e+17 8.8188087493e+34 0.0000000000e+00 0.0000000000e+00 0.0000000000e+00 -7.1448568286e+13 8.6664596880e+14 0.0000000000e+00
1.1573460279e+21 1.5827488918e+21 9.4290651203e+18 1.8566202446e+35 0.0000000000e+00 0.0000000000e+00 0.0000000000e+00 -3.2386116285e+12 2.7370828258e+14 0.0000000000e+00
4.5942474960e+20 2.4327999853e+21 -7.9712703979e+18 1.6856697022e+35 0.0000000000e+00 0.0000000000e+00 0.0000000000e+00 -9.3893051947e+13 3.5681628463e+14 0.0000000000e+00
2.0121273256e+21 1.0667950199e+21 8.1125465282e+18 4.1162070946e+34 0.0000000000e+00 0.0000000000e+00 0.0000000000e+00 -1.1387193918e+13 3.3193507054e+14 0.0000000000e+00
8.5798205649e+20 1.9381886845e+21 7.9017005026e+18 4.1006933761e+34 0.0000000000e+00 0.0000000000e+00 0.0000000000e+00 -7.5763941855e+13 6.7082609920e+14 0.0000000000e+00
1.7678788217e+21 7.4131609048e+20 6.5146342790e+18 9.7591925629e+34 0.0000000000e+00 0.0000000000e+00 0.0000000000e+00 -4.9907407370e+12 7.4066298983e+14 0.0000000000e+00
1.7708655459e+21 3.2980536612e+20 -1.1742350553e+17 3.9331754436e+34 0.0000000000e+00 0.0000000000e+00 0.0000000000e+00 -6.2265610885e+13 2.8158686487e+14 0.0000000000e+00
1.3452125995e+21 2.3974515913e+21 -2.2289808262e+19 1.3143247171e+35 0.0000000000e+00 0.0000000000e+00 0.0000000000e+00 -5.2983464581e+13 1.1103837794e+14 0.0000000000e+00
2.5234059817e+21 2.9868730545e+20 -4.8418312989e+18 4.7301393694e+34 0.0000000000e+00 0.0000000000e+00 0.0000000000e+00 -2.7727711540e+13 7.6686360068e+13 0.0000000000e+00
7.9967059177e+20 8.1902905035e+20 -4.7225363534e+18 1.1431611032e+35 0.0000000000e+00 0.0000000000e+00 0.0000000000e+00 -3.9036525424e+13 4.1984772417e+14 0.0000000000e+00
1.3539731615e+21 2.5807202356e+21 -7.3809335077e+18 2.3150211617e+34 0.0000000000e+00 0.0000000000e+00 0.0000000000e+00 -6.4572593427e+13 3.7973048758e+14 0.0000000000e+00
1.6227548441e+21 1.0456443084e+21 9.2232346931e+17 7.7900082664e+34 0.0000000000e+00 0.0000000000e+00 0.0000000000e+00 -4.2240076468e+13 8.9459545925e+14 0.0000000000e+00
2.0028194073e+21 2.9366508648e+21 -3.1610791965e+18 1.4171392062e+35 0.0000000000e+00 0.0000000000e+00 0.0000000000e+00 -2.5494733278e+13 4.6947536829e+14 0.0000000000e+00
2.3660270448e+21 2.9568382223e+21 -6.2216976137e+18 1.0753214338e+35 0.0000000000e+00 0.0000000000e+00 0.0000000000e+00 -9.0664832134e+13 2.2249057304e+14 0.0000000000e+00
1.1915283797e+21 8.0965702973e+20 -7.9886471185e+18 1.9499537110e+35 0.0000000000e+00 0.0000000000e+00 0.0000000000e+00 -9.3612530413e+13 7.6043694921e+14 0.0000000000e+00
1.9497696773e+21 1.2367227475e+20 -5.3985454755e+18 1.7656132744e+35 0.0000000000e+00 0.0000000000e+00 0.0000000000e+00 -5.1306320291e+13 4.6178347977e+14 0.0000000000e+00
4.5454385636e+20 2.1278809917e+21 8.4617115534e+18 8.5416718029e+34 0.0000000000e+00 0.0000000000e+00 0.0000000000e+00 -8.2191458250e+13 5.2301205744e+14 0.0000000000e+00
2.8147319674e+21 1.3610772650e+21 -4.9874340372e+18 2.9922192618e+34 0.0000000000e+00 0.0000000000e+00 0.0000000000e+00 -3.1777465763e+13 1.4441035643e+14 0.0000000000e+00
1.1560714778e+21 3.0407208307e+20 -3.8852125400e+18 1.7152170831e+35 0.0000000000e+00 0.0000000000e+00 0.0000000000e+00 -7.4407854622e+13 3.4653086141e+14 0.0000000000e+00
2.2016956515e+21 2.1353038677e+21 -3.4457835054e+18 1.8313225805e+35 0.0000000000e+00 0.0000000000e+00 0.0000000000e+00 -5.3693573737e+13 8.4550991806e+14 0.0000000000e+00
6.1389385120e+19 9.4085875700e+19 2.5577060617e+18 1.6709768983e+35 0.0000000000e+00 0.0000000000e+00 0.0000000000e+00 -7.5958738927e+13 5.2100518909e+14 0.0000000000e+00
6.1925479729e+20 2.6262536119e+21 3.4424023909e+18 4.4515614952e+34 0.0000000000e+00 0.0000000000e+00 0.0000000000e+00 -4.2746323183e+13 3.4546107390e+14 0.0000000000e+00
1.4700151188e+21 4.1845333286e+20 -2.2971933589e+19 1.9847203161e+35 0.0000000000e+00 0.0000000000e+00 0.0000000000e+00 -8.3685694050e+13 5.4409008068e+14 0.0000000000e+00
2.6505659476e+21 3.8422725006e+20 7.7082376883e+18 6.7633764838e+34 0.0000000000e+00 0.0000000000e+00 0.0000000000e+00 -9.2485209547e+13 7.7790809347e+14 0.0000000000e+00
1.5912560426e+21 5.3017899527e+20 1.0837396818e+19 1.5003395014e+35 0.0000000000e+00 0.0000000000e+00 0.0000000000e+00 -8.9832024652e+13 2.3829589123e+14 0.0000000000e+00
2.8063491156e+21 2.8980838699e+21 -7.9236574244e+18 1.8256605909e+35 0.0000000000e+00 0.0000000000e+00 0.0000000000e+00 -4.3304814181e+12 5.2072964516e+14 0.0000000000e+00
1.4600990339e+21 2.0919851292e+21 -7.3359902565e+18 6.3581698611e+34 0.0000000000e+00 0.0000000000e+00 0.0000000000e+00 -8.1202165283e+13 8.3032799157e+14 0.0000000000e+00
1.4801753739e+21 2.4185392940e+21 -3.3971618108e+18 1.8260564310e+35 0.0000000000e+00 0.0000000000e+00 0.0000000000e+00 -2.7599180036e+13 2.1396465032e+14 0.0000000000e+00
3.6139580769e+20 1.2000623869e+21 -5.7040503268e+18 7.6640992781e+34 0.0000000000e+00 0.0000000000e+00 0.0000000000e+00 -8.8242036053e+13 6.1962415400e+14 0.0000000000e+00
2.4224165449e+21 1.0149918116e+21 1.6895282639e+18 1.9466687095e+35 0.0000000000e+00 0.0000000000e+00 0.0000000000e+00 -8.4432956605e+13 5.3381158174e+14 0.0000000000e+00
7.4534161483e+20 7.0767273247e+20 -1.4686533286e+19 7.1646666456e+34 0.0000000000e+00 0.0000000000e+00 0.0000000000e+00 -4.6496060426e+13 6.2729746937e+14 0.0000000000e+00
2.7150304929e+21 1.4505957494e+21 -8.4347638026e+18 1.9060059585e+35 0.0000000000e+00 0.0000000000e+00 0.0000000000e+00 -5.0662167404e+13 3.4326914525e+14 0.0000000000e+00
2.7488674970e+21 1.6654191178e+21 1.1613242875e+19 3.1348223982e+34 0.0000000000e+00 0.0000000000e+00 0.0000000000e+00 -4.5840276805e+12 3.5753132467e+14 0.0000000000e+00
2.8469099176e+21 1.9066964781e+21 -7.0034196536e+18 1.4739129734e+35 0.0000000000e+00 0.0000000000e+00 0.0000000000e+00 -5.2225821233e+12 6.7243462559e+14 0.0000000000e+00
1.5700556161e+21 7.7598364507e+20 9.3816663583e+18 1.1603940634e+35 0.0000000000e+00 0.0000000000e+00 0.0000000000e+00 -2.0865066906e+13 2.5746250999e+14 0.0000000000e+00
2.0434690425e+21 2.8630380162e+21 2.6810266857e+18 1.0644168784e+35 0.0000000000e+00 0.0000000000e+00 0.0000000000e+00 -3.7670133857e+13 4.1457167371e+14 0.0000000000e+00
2.3495609260e+21 5.1233114759e+20 -1.3650924907e+19 6.1423957333e+34 0.0000000000e+00 0.0000000000e+00 0.0000000000e+00 -5.1600432864e+13 2.0340755281e+14 0.0000000000e+00
3.9540211909e+20 2.9143412814e+21 4.7935587779e+18 1.4674072195e+35 0.0000000000e+00 0.0000000000e+00 0.0000000000e+00 -6.0952380855e+13 4.0796602209e+13 0.0000000000e+00
1.8136888145e+21 4.4835777728e+19 -8.8779979505e+17 5.5639773969e+34 0.0000000000e+00 0.0000000000e+00 0.0000000000e+00 -5.0093700827e+12 9.1620584784e+14 0.0000000000e+00
1.0351106613e+20 1.4520373379e+21 -3.4364989394e+18 1.1970808008e+35 0.0000000000e+00 0.0000000000e+00 0.0000000000e+00 -3.7593734678e+13 4.2491383314e+14 0.0000000000e+00
1.5016544397e+21 1.0061041354e+21 1.8482012680e+18 6.6688955170e+34 0.0000000000e+00 0.0000000000e+00 0.0000000000e+00 -3.9850382401e+13 8.8076179718e+14 0.0000000000e+00
4.6731521313e+20 1.3554544632e+21 3.5811096486e+18 1.9098737020e+35 0.0000000000e+00 0.0000000000e+00 0.0000000000e+00 -7.2718071479e+13 1.4151811322e+14 0.0000000000e+00
5.5206139055e+20 1.7222656994e+21 5.3387802968e+18 2.6939327392e+34 0.0000000000e+00 0.0000000000e+00 0.0000000000e+00 -9.0251786827e+13 5.0488993192e+14 0.0000000000e+00
1.1017135563e+21 1.3146080789e+21 8.8899177347e+18 5.7218118430e+34 0.0000000000e+00 0.0000000000e+00 0.0000000000e+00 -5.1891506261e+12 2.6072461908e+14 0.0000000000e+00
1.3050953692e+21 1.2520077942e+21 3.0793854619e+18 6.4753847922e+34 0.0000000000e+00 0.0000000000e+00 0.0000000000e+00 -6.4970604586e+13 7.0288896368e+14 0.0000000000e+00
1.8807343772e+21 2.2113592677e+21 -1.0379159200e+19 9.5149461711e+34 0.0000000000e+00 0.0000000000e+00 0.0000000000e+00 -5.2771657913e+13 7.0965934892e+14 0.0000000000e+00
2.2462496685e+20 2.0699745982e+21 -3.5736549780e+18 6.3058425390e+34 0.0000000000e+00 0.0000000000e+00 0.0000000000e+00 -8.3819515549e+13 1.0680079135e+14 0.0000000000e+00
1.5201417354e+21 2.5148127292e+21 2.2205299690e+19 1.0882580951e+35 0.0000000000e+00 0.0000000000e+00 0.0000000000e+00 -1.5438830299e+13 8.5636322951e+14 0.0000000000e+00
5.5116264310e+20 7.5437620538e+20 5.4662850506e+18 1.7627140479e+35 0.0000000000e+00 0.0000000000e+00 0.0000000000e+00 -9.2056817014e+13 1.6845118596e+14 0.0000000000e+00
1.7322570782e+21 1.8395570424e+21 1.7876272685e+19 1.4788528888e+35 0.0000000000e+00 0.0000000000e+00 0.0000000000e+00 -1.5716559378e+13 6.0124677201e+14 0.0000000000e+00
1.9236871198e+21 1.7661178623e+21 1.0528550150e+19 1.2450749788e+35 0.0000000000e+00 0.0000000000e+00 0.0000000000e+00 -8.1391625041e+13 8.5309542625e+14 0.0000000000e+00
1.6801485363e+21 1.1158687132e+21 1.8243966299e+18 3.7623265572e+34 0.0000000000e+00 0.0000000000e+00 0.0000000000e+00 -1.0739293078e+13 8.3578406283e+14 0.0000000000e+00
2.2281758506e+21 1.4669216615e+21 2.2741163415e+18 1.4468723611e+35 0.0000000000e+00 0.0000000000e+00 0.0000000000e+00 -2.5583181060e+13 8.8413488840e+14 0.0000000000e+00
1.0128686991e+21 9.4699450850e+20 -2.7599640087e+17 5.1322591279e+34 0.0000000000e+00 0.0000000000e+00 0.0000000000e+00 -7.9083005172e+13 3.0750285936e+14 0.0000000000e+00
2.3090916935e+21 4.2808639201e+20 -1.3111735827e+19 1.6103474843e+35 0.0000000000e+00 0.0000000000e+00 0.0000000000e+00 -4.1105226326e+13 1.4352384862e+14 0.0000000000e+00
1.3060910526e+21 6.4525205378e+20 1.3616651987e+17 6.6124672678e+34 0.0000000000e+00 0.0000000000e+00 0.0000000000e+00 -6.5072751282e+13 1.9008198151e+14 0.0000000000e+00
1.4612688159e+21 3.1844018484e+20 9.1345394989e+18 9.5676987500e+34 0.0000000000e+00 0.0000000000e+00 0.0000000000e+00 -7.7798973473e+13 4.4332310445e+14 0.0000000000e+00
1.9559722201e+21 2.0615039779e+21 -4.5242837609e+18 8.3894687051e+34 0.0000000000e+00 0.0000000000e+00 0.0000000000e+00 -1.3331615472e+13 7.5721665670e+14 0.0000000000e+00
5.5405602910e+19 1.9940752724e+21 3.1081853779e+18 1.7385550039e+35 0.0000000000e+00 0.0000000000e+00 0.0000000000e+00 -5.6470169831e+13 1.6614182349e+14 0.0000000000e+00
1.9737545602e+21 2.8689300294e+21 6.4252544413e+18 4.4266888905e+34 0.0000000000e+00 0.0000000000e+00 0.0000000000e+00 -5.6941550639e+13 5.9985893203e+14 0.0000000000e+00
1.8668899799e+21 2.2021694524e+21 -6.8635389146e+18 1.2197382280e+35 0.0000000000e+00 0.0000000000e+00 0.0000000000e+00 -7.8589152813e+13 2.9178962731e+14 0.0000000000e+00
9.3511859836e+20 1.5707434137e+20 -3.4050801115e+18 4.7012935460e+34 0.0000000000e+00 0.0000000000e+00 0.0000000000e+00 -5.8406899861e+13 3.2698890017e+14 0.0000000000e+00
2.5892715183e+20 2.6686519349e+21 -7.6801421957e+18 1.4659915537e+35 0.0000000000e+00 0.0000000000e+00 0.0000000000e+00 -1.2154392631e+13 6.4650885132e+14 0.0000000000e+00
2.7444318784e+20 2.6035536418e+21 -6.2032395025e+18 1.8204280780e+35 0.0000000000e+00 0.0000000000e+00 0.0000000000e+00 -6.0294388218e+13 4.3228769559e+14 0.0000000000e+00
2.7862892684e+21 1.3379407281e+21 -9.7149818652e+18 9.8784363839e+34 0.0000000000e+00 0.0000000000e+00 0.0000000000e+00 -4.5818262482e+12 7.8198816365e+14 0.0000000000e+00
2.0802449915e+21 1.7681346865e+21 -6.7938836411e+18 1.0824945326e+35 0.0000000000e+00 0.0000000000e+00 0.0000000000e+00 -5.0830868470e+12 2.2244089009e+14 0.0000000000e+00
3.8359568836e+20 2.9458044074e+21 1.0709793112e+19 1.8599711690e+35 0.0000000000e+00 0.0000000000e+00 0.0000000000e+00 -8.0954838207e+13 6.8679749278e+14 0.0000000000e+00
1.0765905250e+21 1.6064945701e+21 -6.9072741845e+18 1.1407156195e+35 0.0000000000e+00 0.0000000000e+00 0.0000000000e+00 -7.7886247158e+13 7.1518529973e+13 0.0000000000e+00
1.7881136756e+21 2.7322612780e+21 9.5413480781e+17 1.0816206229e+35 0.0000000000e+00 0.0000000000e+00 0.0000000000e+00 -1.3001030274e+13 2.4701638747e+14 0.0000000000e+00
2.5217554060e+21 2.5061097107e+20 -3.7941447464e+18 1.2421852997e+35 0.0000000000e+00 0.0000000000e+00 0.0000000000e+00 -5.7489024075e+13 5.9625955215e+14 0.0000000000e+00
1.3176868286e+20 5.7659453976e+20 8.8945434949e+18 1.4384444638e+35 0.0000000000e+00 0.0000000000e+00 0.0000000000e+00 -9.4258702850e+13 7.2885794839e+14 0.0000000000e+00
7.1415879078e+20 1.3301984193e+21 9.8927195279e+18 4.0787496849e+34 0.0000000000e+00 0.0000000000e+00 0.0000000000e+00 -6.8744587987e+13 2.4122520276e+14 0.0000000000e+00
2.6852624527e+21 1.7647960476e+21 6.5194080152e+18 1.6718318937e+35 0.0000000000e+00 0.0000000000e+00 0.0000000000e+00 -3.8093589853e+13 3.3536451929e+14 0.0000000000e+00
2.7661630455e+19 2.4633756569e+21 2.3097852032e+18 9.8943170677e+34 0.0000000000e+00 0.0000000000e+00 0.0000000000e+00 -1.9004053058e+13 5.3332527355e+14 0.0000000000e+00
6.0782249223e+20 2.9825750635e+21 -1.7433442055e+18 3.4675914301e+34 0.0000000000e+00 0.0000000000e+00 0.0000000000e+00 -8.2044526132e+13 1.9289998382e+14 0.0000000000e+00
2.8943349631e+21 1.1735538164e+21 -8.9926946431e+18 1.6100205939e+35 0.0000000000e+00 0.0000000000e+00 0.0000000000e+00 -8.4207539515e+13 7.0161517118e+14 0.0000000000e+00
1.8512467728e+21 1.4310038987e+20 1.4663925408e+19 8.8580771548e+34 0.0000000000e+00 0.0000000000e+00 0.0000000000e+00 -7.3757066269e+12 7.4647821966e+14 0.0000000000e+00
7.8972418451e+20 2.4179355969e+21 -5.7317329189e+18 3.9634391481e+34 0.0000000000e+00 0.0000000000e+00 0.0000000000e+00 -2.3559480803e+13 1.9490987789e+14 0.0000000000e+00
2.0217912289e+20 1.8240210102e+21 5.0072116884e+18 1.3403142093e+35 0.0000000000e+00 0.0000000000e+00 0.0000000000e+00 -3.8836713811e+13 4.5104462110e+14 0.0000000000e+00
8.5081465470e+19 5.9920234806e+20 7.9944222454e+18 1.7762801510e+35 0.0000000000e+00 0.0000000000e+00 0.0000000000e+00 -2.1851732868e+13 7.3301709481e+14 0.0000000000e+00
7.3864065034e+20 1.4933922821e+21 -4.1895913492e+18 1.7897689644e+35 0.0000000000e+00 0.0000000000e+00 0.0000000000e+00 -5.4071956823e+13 3.2802422427e+14 0.0000000000e+00
2.6603242035e+21 2.2402923210e+21 7.8318045186e+18 1.9134875665e+35 0.0000000000e+00 0.0000000000e+00 0.0000000000e+00 -2.2867670726e+13 6.1124708973e+14 0.0000000000e+00
1.2552274087e+21 2.3251027734e+21 5.7659886192e+18 1.7542902360e+35 0.0000000000e+00 0.0000000000e+00 0.0000000000e+00 -5.9473169768e+13 7.7983981478e+13 0.0000000000e+00
2.1739661081e+21 1.5078483674e+21 1.3037487138e+19 2.2251383820e+34 0.0000000000e+00 0.0000000000e+00 0.0000000000e+00 -7.1563683357e+13 5.4174554023e+14 0.0000000000e+00
2.7713842368e+21 9.2113745193e+20 -3.5412190892e+18 8.9163209271e+34 0.0000000000e+00 0.0000000000e+00 0.0000000000e+00 -2.5655058169e+13 1.9908650724e+14 0.0000000000e+00
1.2314661131e+21 2.9387551126e+21 -9.7018440104e+18 1.6672874355e+35 0.0000000000e+00 0.0000000000e+00 0.0000000000e+00 -5.4941249019e+13 7.4743439218e+14 0.0000000000e+00
5.7727510579e+20 2.0020283599e+21 -3.8139202048e+18 8.6687745806e+34 0.0000000000e+00 0.0000000000e+00 0.0000000000e+00 -1.7630816775e+12 3.9577228210e+14 0.0000000000e+00
1.5606619153e+21 1.2320608334e+21 1.5757999784e+18 1.2832763251e+35 0.0000000000e+00 0.0000000000e+00 0.0000000000e+00 -6.1586059232e+13 2.7298617359e+14 0.0000000000e+00
2.7405965675e+21 8.4643801065e+20 4.3921502586e+17 1.2917149626e+35 0.0000000000e+00 0.0000000000e+00 0.0000000000e+00 -7.4102842615e+12 8.0374634097e+14 0.0000000000e+00
2.4276019819e+21 2.2064688027e+21 -2.9684889274e+18 8.6470481258e+34 0.0000000000e+00 0.0000000000e+00 0.0000000000e+00 -6.3466232320e+12 1.3105165238e+14 0.0000000000e+00
1.9867446727e+20 7.3090963880e+20 -1.4404894828e+19 1.8193588335e+35 0.0000000000e+00 0.0000000000e+00 0.0000000000e+00 -7.1775904313e+13 3.6082948553e+14 0.0000000000e+00
2.0901847106e+21 5.1822074672e+20 3.5497942058e+18 1.1092806321e+35 0.0000000000e+00 0.0000000000e+00 0.0000000000e+00 -1.9102965720e+13 3.9083327505e+14 0.0000000000e+00
1.7259867228e+21 1.5990386769e+21 1.4881339095e+19 1.0412466235e+35 0.0000000000e+00 0.0000000000e+00 0.0000000000e+00 -5.3672423989e+13 2.8366601585e+14 0.0000000000e+00
2.7387238662e+21 8.7518195100e+20 3.5027755916e+18 1.9840099845e+35 0.0000000000e+00 0.0000000000e+00 0.0000000000e+00 -7.8081650039e+12 8.6372965470e+14 0.0000000000e+00
3.6964891605e+20 1.8980357274e+21 4.5959274913e+18 1.0920651716e+35 0.0000000000e+00 0.0000000000e+00 0.0000000000e+00 -5.2058274762e+13 6.8244696776e+14 0.0000000000e+00
1.6117209897e+21 3.5593892077e+20 4.3190998349e+18 5.3443375795e+34 0.0000000000e+00 0.0000000000e+00 0.0000000000e+00 -2.4207483029e+13 1.2493138142e+14 0.0000000000e+00
2.6542184090e+21 1.9766122536e+21 2.9957171243e+18 1.1266962372e+35 0.0000000000e+00 0.0000000000e+00 0.0000000000e+00 -5.0463687866e+13 6.5316226980e+14 0.0000000000e+00
1.2374517884e+21 8.5498892150e+20 7.0294197200e+18 1.6592781175e+35 0.0000000000e+00 0.0000000000e+00 0.0000000000e+00 -7.3106264615e+13 4.7085450372e+14 0.0000000000e+00
1.4546606617e+21 7.3317612336e+17 2.9830944245e+18 1.5935229865e+35 0.0000000000e+00 0.0000000000e+00 0.0000000000e+00 -7.5799765112e+13 7.8646220883e+14 0.0000000000e+00
2.1265032520e+20 3.8309302206e+20 -2.3591492450e+18 1.6142662374e+35 0.0000000000e+00 0.0000000000e+00 0.0000000000e+00 -5.4396037632e+13 3.0692370295e+14 0.0000000000e+00
8.3943750687e+20 2.8176512103e+21 -6.0057363260e+18 1.4717040039e+35 0.0000000000e+00 0.0000000000e+00 0.0000000000e+00 -2.3148005435e+13 5.6074251197e+14 0.0000000000e+00
9.7936106719e+20 2.6176763009e+21 -1.8785062291e+18 6.6861051003e+34 0.0000000000e+00 0.0000000000e+00 0.0000000000e+00 -3.7388988298e+13 4.8395494747e+14 0.0000000000e+00
2.8523795503e+21 7.0503205869e+20 2.3701070507e+18 1.7443421761e+35 0.0000000000e+00 0.0000000000e+00 0.0000000000e+00 -2.9478336963e+13 4.8232737890e+14 0.0000000000e+00
8.5309009411e+20 2.3491264079e+21 -2.3848459417e+18 1.7998383929e+35 0.0000000000e+00 0.0000000000e+00 0.0000000000e+00 -6.7944173862e+13 4.1535560354e+14 0.0000000000e+00
1.3909018430e+21 1.8366690682e+21 2.3716853642e+18 5.6231415902e+34 0.0000000000e+00 0.0000000000e+00 0.0000000000e+00 -4.9093967779e+13 2.2078649612e+14 0.0000000000e+00
2.0259967503e+21 2.9301904192e+21 3.3133877588e+18 4.4959044096e+34 0.0000000000e+00 0.0000000000e+00 0.0000000000e+00 -9.0469775959e+13 6.4810959319e+14 0.0000000000e+00
4.8946941793e+20 1.1275418805e+21 6.2863388089e+18 1.9452383551e+35 0.0000000000e+00 0.0000000000e+00 0.0000000000e+00 -1.7274717090e+13 4.6196129655e+14 0.0000000000e+00
1.4680831244e+21 2.0566481286e+21 9.6786880399e+18 1.7553847929e+35 0.0000000000e+00 0.0000000000e+00 0.0000000000e+00 -9.5693730270e+11 9.1042463910e+14 0.0000000000e+00
2.2289108211e+21 1.9175081028e+20 5.8856597242e+17 1.7994715051e+35 0.0000000000e+00 0.0000000000e+00 0.0000000000e+00 -5.6152419880e+13 2.6074355671e+14 0.0000000000e+00
2.6161690329e+21 1.1958744927e+21 -9.8671741840e+18 1.7873318876e+35 0.0000000000e+00 0.0000000000e+00 0.0000000000e+00 -9.3634840260e+13 5.8277339856e+14 0.0000000000e+00
1.8900504909e+21 2.9088017015e+21 -2.6038104105e+18 1.1773400166e+35 0.0000000000e+00 0.0000000000e+00 0.0000000000e+00 -7.8598055394e+13 8.1761762404e+14 0.0000000000e+00
2.0192035092e+21 1.6266442791e+21 3.3245207108e+17 1.3626524043e+35 0.0000000000e+00 0.0000000000e+00 0.0000000000e+00 -3.2896253408e+13 6.2707966070e+14 0.0000000000e+00
3.8112352026e+20 8.6882034106e+20 -1.3850875265e+19 1.1838454276e+35 0.0000000000e+00 0.0000000000e+00 0.0000000000e+00 -3.6725537124e+13 8.0031987443e+14 0.0000000000e+00
2.8543534687e+21 3.6297776672e+20 1.0477473804e+19 3.0934418288e+34 0.0000000000e+00 0.0000000000e+00 0.0000000000e+00 -2.0083440976e+13 7.7964881369e+14 0.0000000000e+00
4.0010856585e+20 2.1232485307e+21 1.0742413499e+18 1.5380305533e+35 0.0000000000e+00 0.0000000000e+00 0.0000000000e+00 -7.0636889807e+13 3.3087608229e+14 0.0000000000e+00
2.3379629244e+21 1.9461755391e+21 2.8773071369e+18 1.1130034967e+35 0.0000000000e+00 0.0000000000e+00 0.0000000000e+00 -2.2377628386e+13 5.8363389528e+14 0.0000000000e+00
7.9921565913e+20 1.1285470377e+21 1.0302897160e+19 1.3649659807e+35 0.0000000000e+00 0.0000000000e+00 0.0000000000e+00 -2.9539426327e+13 1.9827666082e+14 0.0000000000e+00
2.8175841077e+21 2.8699409999e+21 -4.7544276534e+18 1.1082391011e+35 0.0000000000e+00 0.0000000000e+00 0.0000000000e+00 -6.4111047621e+13 4.8685936546e+14 0.0000000000e+00
2.1728378898e+21 6.7008089597e+19 4.3311463685e+18 1.0890761001e+35 0.0000000000e+00 0.0000000000e+00 0.0000000000e+00 -4.3029909657e+13 2.4797512962e+14 0.0000000000e+00
2.2750097858e+21 9.1663858422e+20 -8.2892480880e+17 5.2273765911e+34 0.0000000000e+00 0.0000000000e+00 0.0000000000e+00 -8.0729976183e+13 6.4764764443e+14 0.0000000000e+00
6.6112058429e+20 2.7797877097e+21 -1.3889354116e+18 7.1196050692e+34 0.0000000000e+00 0.0000000000e+00 0.0000000000e+00 -5.1827251279e+13 4.9278047300e+14 0.0000000000e+00
1.3370946495e+21 9.6858315285e+20 -5.8261915660e+18 4.9984427783e+34 0.0000000000e+00 0.0000000000e+00 0.0000000000e+00 -1.1247380512e+13 4.3381383220e+14 0.0000000000e+00
1.8645602213e+21 7.6129905257e+20 1.2566976247e+19 5.6499275215e+34 0.0000000000e+00 0.0000000000e+00 0.0000000000e+00 -5.4797432736e+13 2.6890533080e+14 0.0000000000e+00
2.3237803797e+21 1.6122771972e+21 -2.8331478024e+18 1.9405883523e+35 0.0000000000e+00 0.0000000000e+00 0.0000000000e+00 -1.5188669111e+13 9.3043036557e+14 0.0000000000e+00
3.1374939650e+20 2.4862336813e+21 5.2774577428e+18 4.8968762120e+34 0.0000000000e+00 0.0000000000e+00 0.0000000000e+00 -3.8791861201e+13 1.1698226101e+14 0.0000000000e+00
2.9044185251e+21 3.1129692433e+20 -1.4146930738e+19 6.9524885880e+34 0.0000000000e+00 0.0000000000e+00 0.0000000000e+00 -7.6507294316e+13 5.5281610081e+13 0.0000000000e+00
2.6866859837e+21 2.8460365017e+21 8.9030134565e+18 1.2638826174e+35 0.0000000000e+00 0.0000000000e+00 0.0000000000e+00 -3.9657844717e+13 2.4013025311e+14 0.0000000000e+00
8.1591204612e+20 2.3995299554e+21 7.9389331717e+18 1.2985488284e+35 0.0000000000e+00 0.0000000000e+00 0.0000000000e+00 -4.6769941475e+13 8.7531019648e+14 0.0000000000e+00
2.4830904135e+21 5.4701327125e+20 7.3514036219e+17 4.9121076053e+34 0.0000000000e+00 0.0000000000e+00 0.0000000000e+00 -5.6932308601e+13 8.7210546475e+14 0.0000000000e+00
1.5643015997e+21 2.1488400269e+21 -1.7122809070e+18 1.6233547380e+35 0.0000000000e+00 0.0000000000e+00 0.0000000000e+00 -8.3347051326e+13 5.6936033071e+14 0.0000000000e+00
1.3937319614e+21 1.1618054249e+21 3.0180000424e+18 1.6082866544e+35 0.0000000000e+00 0.0000000000e+00 0.0000000000e+00 -5.5221824009e+13 7.8935043834e+14 0.0000000000e+00
9.4896213134e+20 1.2141253384e+21 1.7268925536e+19 6.3870261620e+34 0.0000000000e+00 0.0000000000e+00 0.0000000000e+00 -8.7784182107e+13 1.8919582326e+14 0.0000000000e+00
1.7533631945e+21 2.3639694990e+21 -1.3303620893e+19 7.2957344965e+34 0.0000000000e+00 0.0000000000e+00 0.0000000000e+00 -8.5322057351e+13 8.3758426361e+14 0.0000000000e+00
2.2028053572e+21 2.9056845505e+21 5.9003966392e+18 1.8786679400e+35 0.0000000000e+00 0.0000000000e+00 0.0000000000e+00 -5.5296817261e+13 1.6103655678e+14 0.0000000000e+00
1.2401955072e+21 3.8224742425e+20 -6.8781525448e+18 1.6799032813e+35 0.0000000000e+00 0.0000000000e+00 0.0000000000e+00 -6.5761480034e+13 1.1507556241e+14 0.0000000000e+00
1.8989835245e+21 1.2694620549e+21 -1.5028430008e+17 1.4536058784e+35 0.0000000000e+00 0.0000000000e+00 0.0000000000e+00 -7.0489271465e+12 1.8323429837e+14 0.0000000000e+00
2.1105263960e+21 1.4514817732e+21 -1.8702554984e+18 3.6425196675e+34 0.0000000000e+00 0.0000000000e+00 0.0000000000e+00 -5.9103679428e+13 5.2390574786e+14 0.0000000000e+00
2.1461656438e+21 1.1357090636e+21 -3.2316612551e+18 9.5892066597e+34 0.0000000000e+00 0.0000000000e+00 0.0000000000e+00 -2.2924249581e+13 7.3718184962e+14 0.0000000000e+00
1.5683368416e+20 1.0961047754e+21 -7.8959398703e+16 1.2085130992e+35 0.0000000000e+00 0.0000000000e+00 0.0000000000e+00 -4.4472781986e+13 3.6262069359e+14 0.0000000000e+00
2.5947188776e+21 1.5774683870e+20 -8.5573212911e+18 5.5038399073e+34 0.0000000000e+00 0.0000000000e+00 0.0000000000e+00 -2.8015038310e+13 8.9987912314e+14 0.0000000000e+00
1.3830085040e+21 2.0689555569e+21 7.7651663906e+18 1.0119448485e+35 0.0000000000e+00 0.0000000000e+00 0.0000000000e+00 -7.0046891563e+13 3.9477584611e+14 0.0000000000e+00
7.9197173456e+20 1.3164951109e+21 -1.3536812792e+19 1.2823514367e+35 0.0000000000e+00 0.0000000000e+00 0.0000000000e+00 -5.5000188875e+12 2.1736325113e+14 0.0000000000e+00
7.2964528357e+20 5.8788769638e+20 4.0725232493e+18 7.9807861564e+34 0.0000000000e+00 0.0000000000e+00 0.0000000000e+00 -4.4487837749e+13 4.4721435307e+14 0.0000000000e+00
1.4577365926e+21 2.4627891099e+21 -2.4637130074e+18 1.6007512500e+35 0.0000000000e+00 0.0000000000e+00 0.0000000000e+00 -1.5969022464e+13 6.5728092533e+14 0.0000000000e+00
2.6764575861e+21 2.4221283379e+21 -8.8346283238e+18 1.7060559232e+35 0.0000000000e+00 0.0000000000e+00 0.0000000000e+00 -6.0112902071e+13 7.4366220178e+14 0.0000000000e+00
1.1418530015e+21 1.4679299336e+21 1.5269825312e+18 7.9141184021e+34 0.0000000000e+00 0.0000000000e+00 0.0000000000e+00 -8.5185510994e+13 4.0038319606e+14 0.0000000000e+00
2.2626723038e+21 9.0072409534e+20 -1.1747195949e+19 1.7028838921e+35 0.0000000000e+00 0.0000000000e+00 0.0000000000e+00 -3.0890631918e+13 5.6956795097e+14 0.0000000000e+00
2.9219893012e+20 1.9257638465e+21 2.9964078487e+17 4.0202295894e+34 0.0000000000e+00 0.0000000000e+00 0.0000000000e+00 -9.3938172365e+13 2.2852707982e+14 0.0000000000e+00
1.4367391271e+21 8.6964314578e+20 -1.0735606269e+19 1.7012415258e+35 0.0000000000e+00 0.0000000000e+00 0.0000000000e+00 -4.9675483088e+13 5.9535385200e+14 0.0000000000e+00
2.9929087717e+21 7.1227193372e+20 3.4802978762e+18 4.8904520066e+34 0.0000000000e+00 0.0000000000e+00 0.0000000000e+00 -7.6419704029e+13 8.5835561787e+14 0.0000000000e+00
2.3251812888e+21 2.2046932259e+21 -6.9742760822e+18 3.6548000589e+34 0.0000000000e+00 0.0000000000e+00 0.0000000000e+00 -3.5277404344e+13 1.0119174726e+14 0.0000000000e+00
6.3537497811e+20 1.2170157348e+20 -3.4027498585e+18 1.3544652546e+35 0.0000000000e+00 0.0000000000e+00 0.0000000000e+00 -1.9483782344e+12 8.4809748970e+14 0.0000000000e+00
1.5133503676e+21 2.8601124558e+20 2.2178481320e+18 1.0539054615e+35 0.0000000000e+00 0.0000000000e+00 0.0000000000e+00 -5.0706476530e+13 5.2306205382e+14 0.0000000000e+00
7.0507953669e+20 2.0486709203e+19 -5.8288302338e+18 1.8254052680e+35 0.0000000000e+00 0.0000000000e+00 0.0000000000e+00 -1.7277951060e+13 2.9219682273e+14 0.0000000000e+00
1.2360548785e+21 4.6158253678e+20 -4.3733837750e+17 8.6145548028e+34 0.0000000000e+00 0.0000000000e+00 0.0000000000e+00 -4.6599449226e+13 8.6169209361e+14 0.0000000000e+00
2.3542935836e+21 2.0821184629e+20 -1.1421851132e+19 7.2689407745e+34 0.0000000000e+00 0.0000000000e+00 0.0000000000e+00 -4.7730235903e+13 4.5878711146e+14 0.0000000000e+00
2.3275564925e+21 3.0053315460e+21 4.7599564291e+18 1.1048680306e+35 0.0000000000e+00 0.0000000000e+00 0.0000000000e+00 -6.5870027150e+12 3.7070420101e+14 0.0000000000e+00
6.8840694051e+20 8.7162848932e+20 1.3316274663e+19 1.0256061136e+35 0.0000000000e+00 0.0000000000e+00 0.0000000000e+00 -1.0417239301e+13 2.3890155865e+14 0.0000000000e+00
2.7832699742e+21 4.5049086224e+20 2.1067215908e+19 8.2825415879e+34 0.0000000000e+00 0.0000000000e+00 0.0000000000e+00 -2.0278869719e+13 2.8268070718e+14 0.0000000000e+00
1.7883707756e+21 7.2732670663e+20 6.8786366660e+17 1.4464285070e+35 0.0000000000e+00 0.0000000000e+00 0.0000000000e+00 -6.6625438317e+13 7.3768071839e+14 0.0000000000e+00
1.1466115101e+21 2.8252269749e+21 5.9470002423e+18 1.5629101067e+35 0.0000000000e+00 0.0000000000e+00 0.0000000000e+00 -4.3075327260e+13 5.7510871611e+14 0.0000000000e+00
1.5148415828e+21 1.5698435531e+21 -1.3434820702e+19 1.7282378378e+35 0.0000000000e+00 0.0000000000e+00 0.0000000000e+00 -7.3475822011e+13 7.9933265695e+14 0.0000000000e+00
1.8261050429e+21 1.1010210147e+21 1.1338130492e+19 1.9403746173e+35 0.0000000000e+00 0.0000000000e+00 0.0000000000e+00 -5.2645963229e+13 2.3967676267e+14 0.0000000000e+00
1.6897496251e+21 2.6358954200e+21 5.8566440681e+18 6.9062249190e+34 0.0000000000e+00 0.0000000000e+00 0.0000000000e+00 -4.8830993268e+13 1.4905855850e+14 0.0000000000e+00
1.4679703972e+21 1.1920806365e+21 -3.6512778422e+18 1.4859848265e+35 0.0000000000e+00 0.0000000000e+00 0.0000000000e+00 -1.5939108805e+13 8.3920603618e+13 0.0000000000e+00
1.5238872027e+21 1.0110558641e+21 9.3345291382e+18 9.1643788660e+34 0.0000000000e+00 0.0000000000e+00 0.0000000000e+00 -9.8432857753e+12 5.1755600426e+14 0.0000000000e+00
5.3241114567e+20 6.2557865306e+20 -1.9200219983e+18 1.4169467499e+35 0.0000000000e+00 0.0000000000e+00 0.0000000000e+00 -5.5419557757e+13 8.8986585347e+14 0.0000000000e+00
2.4528279052e+21 1.1401908146e+21 -3.4558000058e+18 1.0610626413e+35 0.0000000000e+00 0.0000000000e+00 0.0000000000e+00 -9.2996670612e+13 5.9382490050e+14 0.0000000000e+00
1.6350326456e+21 9.5575338646e+20 3.5864020124e+18 1.9773902257e+35 0.0000000000e+00 0.0000000000e+00 0.0000000000e+00 -1.3086257620e+13 3.4435575812e+14 0.0000000000e+00
3.9559902262e+20 2.0441033492e+21 -8.0230097012e+18 1.5086521054e+35 0.0000000000e+00 0.0000000000e+00 0.0000000000e+00 -7.8173349526e+13 7.6363136581e+14 0.0000000000e+00
2.3122621326e+21 8.7396060270e+20 7.7081588474e+18 1.9043344482e+35 0.0000000000e+00 0.0000000000e+00 0.0000000000e+00 -3.5797493209e+13 7.2494582848e+14 0.0000000000e+00
2.8141159267e+21 1.7419888347e+21 -7.9674431310e+18 1.6963579936e+35 0.0000000000e+00 0.0000000000e+00 0.0000000000e+00 -9.2308734937e+13 1.5498637477e+13 0.0000000000e+00
2.8589722219e+21 1.9886255407e+20 -7.9226633892e+18 1.8165752678e+35 0.0000000000e+00 0.0000000000e+00 0.0000000000e+00 -5.6850403369e+13 7.3383261675e+14 0.0000000000e+00
1.1136955164e+21 5.7731067491e+20 -6.8636094535e+18 1.6599903479e+35 0.0000000000e+00 0.0000000000e+00 0.0000000000e+00 -1.3291775099e+12 3.4940900873e+14 0.0000000000e+00
4.0898992441e+20 1.2295491097e+21 5.7304277831e+18 1.0312920128e+35 0.0000000000e+00 0.0000000000e+00 0.0000000000e+00 -8.5139854841e+13 1.3706299896e+14 0.0000000000e+00
1.5645300732e+21 2.8277128483e+21 -4.6535701027e+18 6.6431128078e+34 0.0000000000e+00 0.0000000000e+00 0.0000000000e+00 -5.4560582959e+13 2.3295858596e+14 0.0000000000e+00
3.3985465418e+20 1.1385464929e+21 -1.0170628193e+19 8.7407506595e+34 0.0000000000e+00 0.0000000000e+00 0.0000000000e+00 -6.5594054196e+13 4.2833460474e+14 0.0000000000e+00
2.8187740291e+21 2.0041756978e+21 -4.5698555995e+18 2.5453683882e+34 0.0000000000e+00 0.0000000000e+00 0.0000000000e+00 -8.9855731121e+12 4.4769815346e+14 0.0000000000e+00
5.5404331536e+20 7.6985323727e+20 -2.4175968678e+17 1.1460278218e+35 0.0000000000e+00 0.0000000000e+00 0.0000000000e+00 -1.2369937832e+13 3.2845078781e+14 0.0000000000e+00
7.6284736533e+20 3.8338733229e+20 -8.9104373892e+18 1.1125181906e+35 0.0000000000e+00 0.0000000000e+00 0.0000000000e+00 -7.2169192805e+13 1.6924312417e+14 0.0000000000e+00
1.2272290381e+21 1.7666345904e+20 -8.6894339677e+18 1.1482528418e+35 0.0000000000e+00 0.0000000000e+00 0.0000000000e+00 -8.6986524874e+13 6.5714898304e+14 0.0000000000e+00
1.1563903661e+21 9.2173793860e+20 1.5929730841e+19 1.9424533249e+35 0.0000000000e+00 0.0000000000e+00 0.0000000000e+00 -3.5299852247e+13 9.0300113756e+14 0.0000000000e+00
2.3982926093e+21 4.7582097887e+20 -6.4929659718e+18 1.8317113681e+35 0.0000000000e+00 0.0000000000e+00 0.0000000000e+00 -6.2827832214e+13 6.9456632840e+14 0.0000000000e+00
1.3771641644e+21 5.2516353211e+20 -2.4373546724e+18 5.0490572919e+34 0.0000000000e+00 0.0000000000e+00 0.0000000000e+00 -3.1044688905e+13 3.1578274327e+14 0.0000000000e+00
5.1537860869e+20 2.2959715927e+21 -2.7708031710e+18 8.7153087173e+34 0.0000000000e+00 0.0000000000e+00 0.0000000000e+00 -9.1631932758e+13 2.1163161582e+14 0.0000000000e+00
8.0643946458e+20 4.7799298112e+19 -3.1791371146e+18 9.6899388619e+34 0.0000000000e+00 0.0000000000e+00 0.0000000000e+00 -8.2043520888e+13 1.9809262068e+14 0.0000000000e+00
1.5365041965e+21 1.6834709595e+21 4.6880611531e+18 8.5675470509e+34 0.0000000000e+00 0.0000000000e+00 0.0000000000e+00 -2.9692018881e+13 1.8145253015e+14 0.0000000000e+00
4.4501592279e+20 1.1452144466e+21 7.1537385613e+18 1.6318112436e+35 0.0000000000e+00 0.0000000000e+00 0.0000000000e+00 -7.4567075425e+13 4.8986978636e+14 0.0000000000e+00
1.8459768291e+21 1.5287678997e+21 -2.3084261859e+18 1.1461065770e+35 0.0000000000e+00 0.0000000000e+00 0.0000000000e+00 -1.3482573490e+13 5.9702476151e+14 0.0000000000e+00
1.7074253712e+21 1.6986216559e+21 -9.3292286723e+18 1.2311614275e+35 0.0000000000e+00 0.0000000000e+00 0.0000000000e+00 -8.9125836606e+13 6.0667417403e+14 0.0000000000e+00
2.1569715908e+21 9.4574370187e+20 9.6156515191e+18 1.7282902027e+35 0.0000000000e+00 0.0000000000e+00 0.0000000000e+00 -7.4272517340e+13 5.9997962247e+14 0.0000000000e+00
2.8299925292e+21 8.9063854004e+20 -7.1934853308e+17 1.6449638769e+35 0.0000000000e+00 0.0000000000e+00 0.0000000000e+00 -1.3630530722e+11 3.4362061271e+14 0.0000000000e+00
2.7531842654e+21 2.2134067813e+21 1.3055278093e+19 4.5269780617e+34 0.0000000000e+00 0.0000000000e+00 0.0000000000e+00 -5.3672272755e+13 3.2244373701e+14 0.0000000000e+00
2.8552562153e+21 2.6295139501e+21 -1.6942945597e+19 1.4821288632e+35 0.0000000000e+00 0.0000000000e+00 0.0000000000e+00 -2.8121072328e+13 6.4723973147e+14 0.0000000000e+00
7.3855167182e+20 5.8121136676e+20 1.4743173046e+18 9.8930977805e+34 0.0000000000e+00 0.0000000000e+00 0.0000000000e+00 -7.7379577708e+13 3.1504190175e+14 0.0000000000e+00
3.9706409544e+20 2.9461341930e+20 1.4475884789e+19 7.4016076653e+34 0.0000000000e+00 0.0000000000e+00 0.0000000000e+00 -3.6934819226e+13 2.3890467513e+14 0.0000000000e+00
9.1227108210e+20 2.7095477437e+21 -2.6653779019e+18 3.0724263213e+34 0.0000000000e+00 0.0000000000e+00 0.0000000000e+00 -2.5930305410e+13 3.8769756089e+14 0.0000000000e+00
2.7013670514e+21 1.0559845093e+21 -1.7013478791e+18 1.0810032193e+35 0.0000000000e+00 0.0000000000e+00 0.0000000000e+00 -6.4900416348e+13 2.6160310495e+14 0.0000000000e+00
2.9336573864e+21 1.6638758850e+21 2.2296357130e+18 8.4773597179e+34 0.0000000000e+00 0.0000000000e+00 0.0000000000e+00 -1.6198789497e+13 1.5372132384e+14 0.0000000000e+00
2.5934427023e+21 1.0851012102e+21 -4.2161144535e+18 6.6382388540e+34 0.0000000000e+00 0.0000000000e+00 0.0000000000e+00 -3.7545568277e+13 7.6445140013e+14 0.0000000000e+00
3.3203348236e+20 3.7967145109e+20 -2.3545827273e+18 1.4480750764e+35 0.0000000000e+00 0.0000000000e+00 0.0000000000e+00 -5.7833435135e+13 7.6373736018e+14 0.0000000000e+00
2.8593376981e+21 1.7786029045e+21 -2.5488148857e+18 1.5804716682e+35 0.0000000000e+00 0.0000000000e+00 0.0000000000e+00 -4.1879233224e+13 2.4003295274e+14 0.0000000000e+00
1.2776945265e+21 1.5848750906e+21 -4.7338894412e+18 6.5192537321e+34 0.0000000000e+00 0.0000000000e+00 0.0000000000e+00 -4.0069235643e+13 1.0979305378e+14 0.0000000000e+00
2.8098457521e+19 6.1263456164e+20 9.2717226713e+18 3.0623146217e+34 0.0000000000e+00 0.0000000000e+00 0.0000000000e+00 -7.9001110342e+13 6.4519344956e+14 0.0000000000e+00
1.3351443096e+21 1.3637407768e+21 3.4788337537e+18 1.7207498264e+35 0.0000000000e+00 0.0000000000e+00 0.0000000000e+00 -5.6544998894e+13 2.1836186672e+14 0.0000000000e+00
1.3903675408e+20 2.4051875671e+21 1.8909900112e+18 2.3635068828e+34 0.0000000000e+00 0.0000000000e+00 0.0000000000e+00 -6.2159264627e+13 3.6774229001e+14 0.0000000000e+00
1.6414235661e+21 1.7819059792e+21 6.1006682470e+18 1.8771188083e+35 0.0000000000e+00 0.0000000000e+00 0.0000000000e+00 -5.6718216726e+13 9.2601358446e+13 0.0000000000e+00
1.0217560548e+21 2.9249649309e+20 -1.9945647615e+18 1.3294144277e+35 0.0000000000e+00 0.0000000000e+00 0.0000000000e+00 -2.2616329478e+13 2.6485064682e+14 0.0000000000e+00
1.4288266296e+21 1.6539288786e+21 -5.8413678095e+18 7.8829217929e+34 0.0000000000e+00 0.0000000000e+00 0.0000000000e+00 -4.8989537858e+13 7.2127977149e+14 0.0000000000e+00
1.8505481487e+21 2.1208641873e+21 -4.5468003783e+18 6.5491329227e+34 0.0000000000e+00 0.0000000000e+00 0.0000000000e+00 -5.6504368876e+12 7.7441253857e+14 0.0000000000e+00
2.6220417072e+21 2.3923788786e+21 1.3453045134e+16 2.3466227284e+34 0.0000000000e+00 0.0000000000e+00 0.0000000000e+00 -6.6869631653e+13 2.0425087023e+14 0.0000000000e+00
1.9976189578e+21 1.8986768523e+21 -7.9917523397e+18 6.3543526984e+34 0.0000000000e+00 0.0000000000e+00 0.0000000000e+00 -5.5316978274e+13 3.2557296020e+14 0.0000000000e+00
1.3099594851e+21 4.6072234058e+20 -3.7744693701e+18 4.6246076549e+34 0.0000000000e+00 0.0000000000e+00 0.0000000000e+00 -2.0169395273e+13 1.8888194776e+14 0.0000000000e+00
2.4730332624e+21 2.1433029186e+21 -3.8941000629e+18 1.3020663326e+35 0.0000000000e+00 0.0000000000e+00 0.0000000000e+00 -4.2979122881e+13 1.1489285245e+14 0.0000000000e+00
2.7330468912e+21 2.0442176915e+21 1.6029776754e+19 5.1345827998e+34 0.0000000000e+00 0.0000000000e+00 0.0000000000e+00 -4.2884113699e+13 8.9717375489e+14 0.0000000000e+00
