1000
3.5245148651e+20 1.2733036795e+20 6.1275649053e+19 1.2963069654e+35 0.0000000000e+00 0.0000000000e+00 0.0000000000e+00 -2.1351753170e+13 2.5403523997e+14 0.0000000000e+00
3.0246273548e+20 2.1352564559e+20 -1.5129720846e+20 7.4364930923e+34 0.0000000000e+00 0.0000000000e+00 0.0000000000e+00 -2.1351753170e+13 2.5403523997e+14 0.0000000000e+00
2.5251759090e+21 1.3191903646e+21 3.2746250322e+19 3.4945208737e+34 0.0000000000e+00 0.0000000000e+00 0.0000000000e+00 -2.1351753170e+13 2.5403523997e+14 0.0000000000e+00
9.6443660349e+20 8.1938934332e+20 9.9270343138e+19 1.9881638511e+35 0.0000000000e+00 0.0000000000e+00 0.0000000000e+00 -2.1351753170e+13 2.5403523997e+14 0.0000000000e+00
2.6584931083e+21 1.7677118288e+21 2.1960970068e+19 3.2654918357e+34 0.0000000000e+00 0.0000000000e+00 0.0000000000e+00 -2.1351753170e+13 2.5403523997e+14 0.0000000000e+00
1.1263273907e+21 2.1917901572e+20 1.9885913301e+20 1.2092651100e+35 0.0000000000e+00 0.0000000000e+00 0.0000000000e+00 -2.1351753170e+13 2.5403523997e+14 0.0000000000e+00
2.9638328546e+21 1.8895231475e+21 6.8397340309e+19 7.4100783212e+34 0.0000000000e+00 0.0000000000e+00 0.0000000000e+00 -2.1351753170e+13 2.5403523997e+14 0.0000000000e+00
4.7884673974e+20 1.7446909308e+21 -2.4904095611e+19 1.3783140213e+35 0.0000000000e+00 0.0000000000e+00 0.0000000000e+00 -2.1351753170e+13 2.5403523997e+14 0.0000000000e+00
3.0081140691e+21 7.3015505770e+20 1.5129919632e+20 4.0857888849e+34 0.0000000000e+00 0.0000000000e+00 0.0000000000e+00 -2.1351753170e+13 2.5403523997e+14 0.0000000000e+00
2.0837321209e+21 2.6507047661e+21 -7.6385936713e+19 9.4386040734e+34 0.0000000000e+00 0.0000000000e+00 0.0000000000e+00 -2.1351753170e+13 2.5403523997e+14 0.0000000000e+00
1.2388902979e+21 1.3406585143e+21 2.6445162811e+19 7.7879445702e+34 0.0000000000e+00 0.0000000000e+00 0.0000000000e+00 -2.1351753170e+13 2.5403523997e+14 0.0000000000e+00
2.0558411916e+20 2.7927941562e+21 2.9908962767e+19 9.8957250377e+34 0.0000000000e+00 0.0000000000e+00 0.0000000000e+00 -2.1351753170e+13 2.5403523997e+14 0.0000000000e+00
5.7921326041e+20 7.4001167092e+20 5.8846861997e+19 5.0514103649e+34 0.0000000000e+00 0.0000000000e+00 0.0000000000e+00 -2.1351753170e+13 2.5403523997e+14 0.0000000000e+00
2.4597541193e+19 1.7958481517e+21 2.1475975336e+19 8.7730927282e+34 0.0000000000e+00 0.0000000000e+00 0.0000000000e+00 -2.1351753170e+13 2.5403523997e+14 0.0000000000e+00
1.0717824654e+21 3.9527763338e+20 -1.2508162917e+20 5.5813123380e+34 0.0000000000e+00 0.0000000000e+00 0.0000000000e+00 -2.1351753170e+13 2.5403523997e+14 0.0000000000e+00
2.3914153029e+21 1.1381228805e+21 -1.7475828784e+18 1.2095427026e+35 0.0000000000e+00 0.0000000000e+00 0.0000000000e+00 -2.1351753170e+13 2.5403523997e+14 0.0000000000e+00
1.7550659127e+21 1.0482936817e+21 1.1601755551e+20 1.3859424199e+35 0.0000000000e+00 0.0000000000e+00 0.0000000000e+00 -2.1351753170e+13 2.5403523997e+14 0.0000000000e+00
1.3885145151e+21 7.4120446312e+20 1.2382982486e+19 2.5652786713e+34 0.0000000000e+00 0.0000000000e+00 0.0000000000e+00 -2.1351753170e+13 2.5403523997e+14 0.0000000000e+00
1.3075299066e+21 6.1224753091e+20 2.2740611167e+19 5.5452574398e+34 0.0000000000e+00 0.0000000000e+00 0.0000000000e+00 -2.1351753170e+13 2.5403523997e+14 0.0000000000e+00
2.6590673586e+21 2.5562387515e+21 5.8872684056e+19 4.0067449987e+34 0.0000000000e+00 0.0000000000e+00 0.0000000000e+00 -2.1351753170e+13 2.5403523997e+14 0.0000000000e+00
1.6995462661e+21 2.5350058334e+21 -4.2915665373e+19 6.1812293675e+34 0.0000000000e+00 0.0000000000e+00 0.0000000000e+00 -2.1351753170e+13 2.5403523997e+14 0.0000000000e+00
1.3983109996e+21 1.8079863944e+21 -1.3288550023e+20 7.5420461763e+34 0.0000000000e+00 0.0000000000e+00 0.0000000000e+00 -2.1351753170e+13 2.5403523997e+14 0.0000000000e+00
2.1361577744e+21 2.4198593238e+21 5.9612932247e+19 8.0713702173e+34 0.0000000000e+00 0.0000000000e+00 0.0000000000e+00 -2.1351753170e+13 2.5403523997e+14 0.0000000000e+00
1.0744974733e+21 1.9840179334e+21 9.7928735357e+19 2.7767105910e+34 0.0000000000e+00 0.0000000000e+00 0.0000000000e+00 -2.1351753170e+13 2.5403523997e+14 0.0000000000e+00
1.3601606820e+21 1.1046224709e+21 1.3967766802e+20 1.4706419832e+35 0.0000000000e+00 0.0000000000e+00 0.0000000000e+00 -2.1351753170e+13 2.5403523997e+14 0.0000000000e+00
2.1373604930e+21 1.9309038648e+21 -4.6349662236e+19 1.0807389805e+35 0.0000000000e+00 0.0000000000e+00 0.0000000000e+00 -2.1351753170e+13 2.5403523997e+14 0.0000000000e+00
2.8847187879e+21 1.6603918931e+21 9.1331933251e+19 1.2147752466e+35 0.0000000000e+00 0.0000000000e+00 0.0000000000e+00 -2.1351753170e+13 2.5403523997e+14 0.0000000000e+00
1.2578943395e+21 2.0080092559e+20 2.0729347600e+19 1.9628166940e+35 0.0000000000e+00 0.0000000000e+00 0.0000000000e+00 -2.1351753170e+13 2.5403523997e+14 0.0000000000e+00
1.8015900825e+21 7.9353585976e+20 2.5562713911e+18 1.6884113279e+35 0.0000000000e+00 0.0000000000e+00 0.0000000000e+00 -2.1351753170e+13 2.5403523997e+14 0.0000000000e+00
2.7029880089e+20 2.7686697212e+21 -1.1585357709e+19 6.0279114316e+34 0.0000000000e+00 0.0000000000e+00 0.0000000000e+00 -2.1351753170e+13 2.5403523997e+14 0.0000000000e+00
3.8808797756e+20 1.9057753469e+21 -6.0043998918e+19 1.6724123724e+35 0.0000000000e+00 0.0000000000e+00 0.0000000000e+00 -2.1351753170e+13 2.5403523997e+14 0.0000000000e+00
1.3240763163e+21 2.7264142017e+21 6.7993447482e+19 1.6503317285e+35 0.0000000000e+00 0.0000000000e+00 0.0000000000e+00 -2.1351753170e+13 2.5403523997e+14 0.0000000000e+00
2.7450491136e+21 2.5113789747e+21 -5.8721135401e+19 5.2397459052e+34 0.0000000000e+00 0.0000000000e+00 0.0000000000e+00 -2.1351753170e+13 2.5403523997e+14 0.0000000000e+00
3.4246730371e+20 1.2473558507e+21 5.2036256292e+19 3.2928906092e+34 0.0000000000e+00 0.0000000000e+00 0.0000000000e+00 -2.1351753170e+13 2.5403523997e+14 0.0000000000e+00
1.0391000154e+21 1.2198594684e+21 1.3866320471e+19 1.3329194460e+35 0.0000000000e+00 0.0000000000e+00 0.0000000000e+00 -2.1351753170e+13 2.5403523997e+14 0.0000000000e+00
2.8304785417e+21 2.5954522411e+21 -1.8424203883e+19 1.8904941405e+35 0.0000000000e+00 0.0000000000e+00 0.0000000000e+00 -2.1351753170e+13 2.5403523997e+14 0.0000000000e+00
1.5420760914e+21 2.1121742709e+21 5.3159986095e+19 7.9996716640e+34 0.0000000000e+00 0.0000000000e+00 0.0000000000e+00 -2.1351753170e+13 2.5403523997e+14 0.0000000000e+00
8.2057603237e+20 1.4895172939e+21 1.0642815024e+20 1.1669615939e+35 0.0000000000e+00 0.0000000000e+00 0.0000000000e+00 -2.1351753170e+13 2.5403523997e+14 0.0000000000e+00
1.0826705141e+21 1.9060287277e+21 -1.9784903338e+20 4.4318482986e+34 0.0000000000e+00 0.0000000000e+00 0.0000000000e+00 -2.1351753170e+13 2.5403523997e+14 0.0000000000e+00
5.6643174771e+20 4.8832460075e+20 -7.0164889677e+19 1.4294075774e+35 0.0000000000e+00 0.0000000000e+00 0.0000000000e+00 -2.1351753170e+13 2.5403523997e+14 0.0000000000e+00
1.3811013189e+20 2.5480907572e+21 -9.3711150042e+18 1.4853735301e+35 0.0000000000e+00 0.0000000000e+00 0.0000000000e+00 -2.1351753170e+13 2.5403523997e+14 0.0000000000e+00
2.7691752545e+21 1.6917789525e+21 6.8781700513e+19 1.4313862751e+35 0.0000000000e+00 0.0000000000e+00 0.0000000000e+00 -2.1351753170e+13 2.5403523997e+14 0.0000000000e+00
1.5205373879e+21 7.4186747025e+20 8.4794992915e+19 1.6086650904e+35 0.0000000000e+00 0.0000000000e+00 0.0000000000e+00 -2.1351753170e+13 2.5403523997e+14 0.0000000000e+00
1.9513172807e+21 2.5551038032e+20 -8.1099976261e+18 1.7505239512e+35 0.0000000000e+00 0.0000000000e+00 0.0000000000e+00 -2.1351753170e+13 2.5403523997e+14 0.0000000000e+00
5.7068142373e+19 1.4107139244e+21 1.0960686571e+20 7.8755730735e+34 0.0000000000e+00 0.0000000000e+00 0.0000000000e+00 -2.1351753170e+13 2.5403523997e+14 0.0000000000e+00
4.5136386938e+20 1.0072215876e+21 6.1009821975e+18 1.5531251815e+35 0.0000000000e+00 0.0000000000e+00 0.0000000000e+00 -2.1351753170e+13 2.5403523997e+14 0.0000000000e+00
2.5359445320e+21 2.6251771864e+21 8.2332169238e+18 1.2094187826e+35 0.0000000000e+00 0.0000000000e+00 0.0000000000e+00 -2.1351753170e+13 2.5403523997e+14 0.0000000000e+00
2.4837364536e+20 3.0559395937e+19 3.5631936472e+17 3.3785003728e+34 0.0000000000e+00 0.0000000000e+00 0.0000000000e+00 -2.1351753170e+13 2.5403523997e+14 0.0000000000e+00
2.7734809972e+21 3.2488367348e+20 8.5857519450e+19 7.9592703964e+34 0.0000000000e+00 0.0000000000e+00 0.0000000000e+00 -2.1351753170e+13 2.5403523997e+14 0.0000000000e+00
9.2366211623e+20 4.8487866353e+20 5.9963177501e+19 1.3470047613e+35 0.0000000000e+00 0.0000000000e+00 0.0000000000e+00 -2.1351753170e+13 2.5403523997e+14 0.0000000000e+00
1.5953555791e+21 2.7125853509e+21 7.3758684313e+19 1.0170884690e+35 0.0000000000e+00 0.0000000000e+00 0.0000000000e+00 -2.1351753170e+13 2.5403523997e+14 0.0000000000e+00
2.2607854020e+21 1.2875105750e+21 -9.4503038021e+19 1.2293353482e+35 0.0000000000e+00 0.0000000000e+00 0.0000000000e+00 -2.1351753170e+13 2.5403523997e+14 0.0000000000e+00
2.7279219576e+21 2.2061223743e+21 1.5756163269e+19 7.3245387848e+34 0.0000000000e+00 0.0000000000e+00 0.0000000000e+00 -2.1351753170e+13 2.5403523997e+14 0.0000000000e+00
1.9909677795e+21 2.3491782869e+21 -1.2475798444e+20 1.0684897215e+35 0.0000000000e+00 0.0000000000e+00 0.0000000000e+00 -2.1351753170e+13 2.5403523997e+14 0.0000000000e+00
2.6575473448e+20 5.4834114471e+20 -5.7490283311e+19 6.4275843762e+34 0.0000000000e+00 0.0000000000e+00 0.0000000000e+00 -2.1351753170e+13 2.5403523997e+14 0.0000000000e+00
3.2801237961e+20 1.4584492088e+20 7.5396014959e+19 5.4273286071e+34 0.0000000000e+00 0.0000000000e+00 0.0000000000e+00 -2.1351753170e+13 2.5403523997e+14 0.0000000000e+00
2.7582239819e+18 2.7951164275e+21 -1.2577431570e+20 2.3748078789e+34 0.0000000000e+00 0.0000000000e+00 0.0000000000e+00 -2.1351753170e+13 2.5403523997e+14 0.0000000000e+00
5.4321276646e+20 1.6537527587e+21 8.3411512516e+19 1.4340736697e+35 0.0000000000e+00 0.0000000000e+00 0.0000000000e+00 -2.1351753170e+13 2.5403523997e+14 0.0000000000e+00
2.1394070179e+21 2.3586672454e+21 -1.2946238852e+20 1.2494359129e+35 0.0000000000e+00 0.0000000000e+00 0.0000000000e+00 -2.1351753170e+13 2.5403523997e+14 0.0000000000e+00
1.8357054796e+21 1.6071864286e+20 -4.5319588938e+19 1.6644158699e+35 0.0000000000e+00 0.0000000000e+00 0.0000000000e+00 -2.1351753170e+13 2.5403523997e+14 0.0000000000e+00
2.1307875612e+20 1.0932761060e+21 -4.4316953350e+18 3.5736154864e+34 0.0000000000e+00 0.0000000000e+00 0.0000000000e+00 -2.1351753170e+13 2.5403523997e+14 0.0000000000e+00
2.4717074933e+21 1.0747240334e+21 9.5294068270e+19 2.7293430575e+34 0.0000000000e+00 0.0000000000e+00 0.0000000000e+00 -2.1351753170e+13 2.5403523997e+14 0.0000000000e+00
1.1008050376e+21 9.6221607509e+18 6.6842645065e+19 4.8101257217e+34 0.0000000000e+00 0.0000000000e+00 0.0000000000e+00 -2.1351753170e+13 2.5403523997e+14 0.0000000000e+00
1.3618944637e+21 2.6699491296e+21 -4.0103892656e+19 1.1216354413e+35 0.0000000000e+00 0.0000000000e+00 0.0000000000e+00 -2.1351753170e+13 2.5403523997e+14 0.0000000000e+00
9.5147335593e+20 1.8777764642e+21 7.3293165984e+17 2.8383065314e+34 0.0000000000e+00 0.0000000000e+00 0.0000000000e+00 -2.1351753170e+13 2.5403523997e+14 0.0000000000e+00
2.1464876057e+21 2.0823730474e+21 6.5907411433e+19 3.4283961710e+34 0.0000000000e+00 0.0000000000e+00 0.0000000000e+00 -2.1351753170e+13 2.5403523997e+14 0.0000000000e+00
2.8466392974e+21 2.7654041759e+21 2.1585932528e+19 9.9126025969e+34 0.0000000000e+00 0.0000000000e+00 0.0000000000e+00 -2.1351753170e+13 2.5403523997e+14 0.0000000000e+00
2.1618062213e+21 2.1288124313e+21 -1.2247127299e+20 5.8083976294e+34 0.0000000000e+00 0.0000000000e+00 0.0000000000e+00 -2.1351753170e+13 2.5403523997e+14 0.0000000000e+00
9.8666753388e+20 2.7549470560e+21 -2.8002289146e+19 1.4809909623e+35 0.0000000000e+00 0.0000000000e+00 0.0000000000e+00 -2.1351753170e+13 2.5403523997e+14 0.0000000000e+00
2.7485397644e+21 2.2356613734e+21 4.8073717938e+19 6.8581513124e+34 0.0000000000e+00 0.0000000000e+00 0.0000000000e+00 -2.1351753170e+13 2.5403523997e+14 0.0000000000e+00
1.3762062212e+21 2.9183672977e+21 7.4109869358e+19 1.2738283672e+35 0.0000000000e+00 0.0000000000e+00 0.0000000000e+00 -2.1351753170e+13 2.5403523997e+14 0.0000000000e+00
1.6294660305e+21 3.7058336631e+20 -8.7930519563e+19 1.4125300647e+35 0.0000000000e+00 0.0000000000e+00 0.0000000000e+00 -2.1351753170e+13 2.5403523997e+14 0.0000000000e+00
1.2808114926e+21 1.1966790273e+21 1.9361954691e+20 9.4694468134e+34 0.0000000000e+00 0.0000000000e+00 0.0000000000e+00 -2.1351753170e+13 2.5403523997e+14 0.0000000000e+00
2.9526383669e+21 8.0864314850e+20 6.3232540447e+19 9.8929563101e+34 0.0000000000e+00 0.0000000000e+00 0.0000000000e+00 -2.1351753170e+13 2.5403523997e+14 0.0000000000e+00
2.5507180148e+20 1.0960973392e+21 4.3527366274e+19 1.0893303210e+35 0.0000000000e+00 0.0000000000e+00 0.0000000000e+00 -2.1351753170e+13 2.5403523997e+14 0.0000000000e+00
7.4526775342e+20 2.3462215174e+21 6.1293805938e+19 1.3152216495e+35 0.0000000000e+00 0.0000000000e+00 0.0000000000e+00 -2.1351753170e+13 2.5403523997e+14 0.0000000000e+00
6.3978147244e+20 1.2633128694e+21 -4.0840214641e+19 2.9794252089e+34 0.0000000000e+00 0.0000000000e+00 0.0000000000e+00 -2.1351753170e+13 2.5403523997e+14 0.0000000000e+00
2.6048081525e+21 2.2852193032e+21 9.4365164015e+19 7.5962528303e+34 0.0000000000e+00 0.0000000000e+00 0.0000000000e+00 -2.1351753170e+13 2.5403523997e+14 0.0000000000e+00
2.5675728792e+21 5.0829642018e+20 2.2851730602e+20 3.1515370818e+34 0.0000000000e+00 0.0000000000e+00 0.0000000000e+00 -2.1351753170e+13 2.5403523997e+14 0.0000000000e+00
3.4200164842e+20 1.1319747542e+21 -3.8466957707e+19 1.8872026213e+35 0.0000000000e+00 0.0000000000e+00 0.0000000000e+00 -2.1351753170e+13 2.5403523997e+14 0.0000000000e+00
1.7872996296e+21 2.1687979141e+21 -6.6714660780e+19 6.7294142127e+34 0.0000000000e+00 0.0000000000e+00 0.0000000000e+00 -2.1351753170e+13 2.5403523997e+14 0.0000000000e+00
2.8495033076e+21 2.7032049830e+21 1.1644071122e+20 1.9552701503e+35 0.0000000000e+00 0.0000000000e+00 0.0000000000e+00 -2.1351753170e+13 2.5403523997e+14 0.0000000000e+00
1.1005138290e+21 1.9264291317e+21 1.5967185866e+20 1.2438149077e+35 0.0000000000e+00 0.0000000000e+00 0.0000000000e+00 -2.1351753170e+13 2.5403523997e+14 0.0000000000e+00
4.3544188383e+20 2.4053205797e+20 -2.2870448890e+19 1.5353768983e+35 0.0000000000e+00 0.0000000000e+00 0.0000000000e+00 -2.1351753170e+13 2.5403523997e+14 0.0000000000e+00
4.1171092945e+20 2.0260039516e+21 -1.6378544783e+19 1.6580334863e+35 0.0000000000e+00 0.0000000000e+00 0.0000000000e+00 -2.1351753170e+13 2.5403523997e+14 0.0000000000e+00
1.3095692745e+21 2.4091614751e+21 4.6980042571e+19 3.3732713259e+34 0.0000000000e+00 0.0000000000e+00 0.0000000000e+00 -2.1351753170e+13 2.5403523997e+14 0.0000000000e+00
1.9004947339e+21 7.4636822427e+20 -2.6315518146e+19 1.0288350184e+35 0.0000000000e+00 0.0000000000e+00 0.0000000000e+00 -2.1351753170e+13 2.5403523997e+14 0.0000000000e+00
1.9326855879e+21 1.7112324312e+21 7.0860387688e+19 1.1178620626e+35 0.0000000000e+00 0.0000000000e+00 0.0000000000e+00 -2.1351753170e+13 2.5403523997e+14 0.0000000000e+00
2.4664140077e+21 7.9748537983e+20 -8.5955936689e+19 1.0760220885e+35 0.0000000000e+00 0.0000000000e+00 0.0000000000e+00 -2.1351753170e+13 2.5403523997e+14 0.0000000000e+00
2.1114513848e+21 6.0775508133e+20 9.3938893824e+19 1.0449371040e+35 0.0000000000e+00 0.0000000000e+00 0.0000000000e+00 -2.1351753170e+13 2.5403523997e+14 0.0000000000e+00
1.9190810436e+21 1.0016410813e+21 6.7806144219e+19 5.1233399397e+34 0.0000000000e+00 0.0000000000e+00 0.0000000000e+00 -2.1351753170e+13 2.5403523997e+14 0.0000000000e+00
1.3835109769e+21 2.0189145128e+21 6.2520163094e+19 8.5655907006e+34 0.0000000000e+00 0.0000000000e+00 0.0000000000e+00 -2.1351753170e+13 2.5403523997e+14 0.0000000000e+00
1.4743536437e+21 2.7782998185e+21 6.3029654542e+18 1.2520879734e+35 0.0000000000e+00 0.0000000000e+00 0.0000000000e+00 -2.1351753170e+13 2.5403523997e+14 0.0000000000e+00
2.9058877326e+21 1.4482199518e+20 -6.9860742276e+19 4.9901026578e+34 0.0000000000e+00 0.0000000000e+00 0.0000000000e+00 -2.1351753170e+13 2.5403523997e+14 0.0000000000e+00
1.6860967253e+21 8.8108686163e+20 -7.5508959240e+18 3.1494243238e+34 0.0000000000e+00 0.0000000000e+00 0.0000000000e+00 -2.1351753170e+13 2.5403523997e+14 0.0000000000e+00
1.3487456919e+21 2.7405750100e+21 2.6442322533e+19 1.6030475069e+35 0.0000000000e+00 0.0000000000e+00 0.0000000000e+00 -2.1351753170e+13 2.5403523997e+14 0.0000000000e+00
2.5697718695e+21 2.7032980950e+21 4.8225923886e+18 9.1833906651e+34 0.0000000000e+00 0.0000000000e+00 0.0000000000e+00 -2.1351753170e+13 2.5403523997e+14 0.0000000000e+00
1.8074008430e+21 9.9549133475e+20 -9.9673568664e+19 1.6399726761e+35 0.0000000000e+00 0.0000000000e+00 0.0000000000e+00 -2.1351753170e+13 2.5403523997e+14 0.0000000000e+00
6.5838298814e+20 1.1064088194e+21 3.8859580469e+19 1.0601310113e+35 0.0000000000e+00 0.0000000000e+00 0.0000000000e+00 -2.1351753170e+13 2.5403523997e+14 0.0000000000e+00
5.4857466764e+20 8.0867849702e+20 1.6279864311e+20 1.3489844381e+35 0.0000000000e+00 0.0000000000e+00 0.0000000000e+00 -2.1351753170e+13 2.5403523997e+14 0.0000000000e+00
1.8418698735e+21 1.9182063188e+21 -3.4006443224e+19 1.9507518533e+35 0.0000000000e+00 0.0000000000e+00 0.0000000000e+00 -2.1351753170e+13 2.5403523997e+14 0.0000000000e+00
1.4453740038e+21 2.6019761086e+21 8.7625955633e+18 1.5282210309e+35 0.0000000000e+00 0.0000000000e+00 0.0000000000e+00 -2.1351753170e+13 2.5403523997e+14 0.0000000000e+00
1.7550151067e+21 1.3087279776e+21 6.1370814332e+18 1.1427671585e+35 0.0000000000e+00 0.0000000000e+00 0.0000000000e+00 -2.1351753170e+13 2.5403523997e+14 0.0000000000e+00
2.3772173618e+21 1.8657137403e+21 -2.8646331700e+18 8.7107808817e+34 0.0000000000e+00 0.0000000000e+00 0.0000000000e+00 -2.1351753170e+13 2.5403523997e+14 0.0000000000e+00
2.9326549770e+21 1.8696708648e+21 -5.9867440445e+18 8.7035467102e+34 0.0000000000e+00 0.0000000000e+00 0.0000000000e+00 -2.1351753170e+13 2.5403523997e+14 0.0000000000e+00
1.3872889173e+21 9.7210828142e+20 -3.2072353993e+19 1.7784902633e+35 0.0000000000e+00 0.0000000000e+00 0.0000000000e+00 -2.1351753170e+13 2.5403523997e+14 0.0000000000e+00
2.7714606189e+21 1.6167690751e+21 -1.3864762513e+19 1.2743891119e+35 0.0000000000e+00 0.0000000000e+00 0.0000000000e+00 -2.1351753170e+13 2.5403523997e+14 0.0000000000e+00
1.6541956546e+21 2.6277742423e+21 -4.8167948863e+19 6.8334215857e+34 0.0000000000e+00 0.0000000000e+00 0.0000000000e+00 -2.1351753170e+13 2.5403523997e+14 0.0000000000e+00
4.7972047866e+20 1.0861611254e+21 7.0390659137e+19 1.8530451084e+35 0.0000000000e+00 0.0000000000e+00 0.0000000000e+00 -2.1351753170e+13 2.5403523997e+14 0.0000000000e+00
1.1313621878e+21 1.3755909955e+20 -3.5275835697e+19 3.5236770063e+34 0.0000000000e+00 0.0000000000e+00 0.0000000000e+00 -2.1351753170e+13 2.5403523997e+14 0.0000000000e+00
6.6720950009e+20 1.0136718986e+21 -3.5280992971e+19 1.3247529297e+35 0.0000000000e+00 0.0000000000e+00 0.0000000000e+00 -2.1351753170e+13 2.5403523997e+14 0.0000000000e+00
2.0030408419e+21 1.1190177615e+21 9.5420753248e+19 1.4438108627e+35 0.0000000000e+00 0.0000000000e+00 0.0000000000e+00 -2.1351753170e+13 2.5403523997e+14 0.0000000000e+00
1.1230902013e+21 2.5618235895e+21 1.6638063142e+18 1.4061433902e+35 0.0000000000e+00 0.0000000000e+00 0.0000000000e+00 -2.1351753170e+13 2.5403523997e+14 0.0000000000e+00
2.3406000210e+21 1.8898446876e+21 5.5430622534e+19 4.9434231888e+34 0.0000000000e+00 0.0000000000e+00 0.0000000000e+00 -2.1351753170e+13 2.5403523997e+14 0.0000000000e+00
6.5555224915e+20 1.8756212578e+19 -8.6815840708e+18 1.4860848958e+35 0.0000000000e+00 0.0000000000e+00 0.0000000000e+00 -2.1351753170e+13 2.5403523997e+14 0.0000000000e+00
2.5540601642e+21 2.3278225396e+21 -2.2776240977e+18 1.1099790106e+35 0.0000000000e+00 0.0000000000e+00 0.0000000000e+00 -2.1351753170e+13 2.5403523997e+14 0.0000000000e+00
1.1127724693e+21 2.9892717866e+21 -7.6708892310e+19 9.7721288467e+34 0.0000000000e+00 0.0000000000e+00 0.0000000000e+00 -2.1351753170e+13 2.5403523997e+14 0.0000000000e+00
3.9846883140e+20 1.7458999887e+21 -1.2226562041e+19 1.6868292600e+35 0.0000000000e+00 0.0000000000e+00 0.0000000000e+00 -2.1351753170e+13 2.5403523997e+14 0.0000000000e+00
2.3912138510e+21 1.3705795688e+21 -5.8879242729e+19 1.2341482928e+35 0.0000000000e+00 0.0000000000e+00 0.0000000000e+00 -2.1351753170e+13 2.5403523997e+14 0.0000000000e+00
2.2116286267e+20 1.4846034744e+21 -1.8840091612e+19 1.1243009301e+35 0.0000000000e+00 0.0000000000e+00 0.0000000000e+00 -2.1351753170e+13 2.5403523997e+14 0.0000000000e+00
2.5515618537e+20 1.4008318512e+21 -1.8935338337e+20 7.4099474937e+34 0.0000000000e+00 0.0000000000e+00 0.0000000000e+00 -2.1351753170e+13 2.5403523997e+14 0.0000000000e+00
4.7264490117e+20 1.7619099788e+21 5.0864636646e+19 1.0179452026e+35 0.0000000000e+00 0.0000000000e+00 0.0000000000e+00 -2.1351753170e+13 2.5403523997e+14 0.0000000000e+00
6.5591204920e+20 7.3402386425e+20 -3.6584250101e+19 6.2955490890e+34 0.0000000000e+00 0.0000000000e+00 0.0000000000e+00 -2.1351753170e+13 2.5403523997e+14 0.0000000000e+00
2.2353753095e+21 3.8612430001e+19 -2.2296875791e+19 1.7784614234e+35 0.0000000000e+00 0.0000000000e+00 0.0000000000e+00 -2.1351753170e+13 2.5403523997e+14 0.0000000000e+00
1.4903163357e+21 2.5881091984e+21 3.6474612780e+19 6.8618974887e+34 0.0000000000e+00 0.0000000000e+00 0.0000000000e+00 -2.1351753170e+13 2.5403523997e+14 0.0000000000e+00
1.6887928331e+21 2.2565406088e+21 9.5149105544e+19 1.6748793200e+35 0.0000000000e+00 0.0000000000e+00 0.0000000000e+00 -2.1351753170e+13 2.5403523997e+14 0.0000000000e+00
2.7590138480e+20 2.5983692183e+21 -3.0347089832e+18 1.1640997557e+35 0.0000000000e+00 0.0000000000e+00 0.0000000000e+00 -2.1351753170e+13 2.5403523997e+14 0.0000000000e+00
6.3593531867e+20 7.2914433408e+19 1.1066335091e+20 1.5717402864e+35 0.0000000000e+00 0.0000000000e+00 0.0000000000e+00 -2.1351753170e+13 2.5403523997e+14 0.0000000000e+00
2.1882096338e+21 1.0038831786e+21 -9.9755038080e+19 4.4343464523e+34 0.0000000000e+00 0.0000000000e+00 0.0000000000e+00 -2.1351753170e+13 2.5403523997e+14 0.0000000000e+00
1.3057988420e+21 2.9652306390e+21 7.8262074560e+19 1.2092689769e+35 0.0000000000e+00 0.0000000000e+00 0.0000000000e+00 -2.1351753170e+13 2.5403523997e+14 0.0000000000e+00
1.7197712495e+21 6.1786680524e+20 -4.2856758947e+19 1.3590969983e+35 0.0000000000e+00 0.0000000000e+00 0.0000000000e+00 -2.1351753170e+13 2.5403523997e+14 0.0000000000e+00
3.3571672379e+20 1.0425175023e+21 3.4453514616e+19 1.2296233587e+35 0.0000000000e+00 0.0000000000e+00 0.0000000000e+00 -2.1351753170e+13 2.5403523997e+14 0.0000000000e+00
2.6564613039e+21 2.6020392710e+21 9.3253327745e+19 1.1991675428e+35 0.0000000000e+00 0.0000000000e+00 0.0000000000e+00 -2.1351753170e+13 2.5403523997e+14 0.0000000000e+00
2.9895395854e+21 1.7340613108e+21 1.3035611878e+20 1.8244441564e+35 0.0000000000e+00 0.0000000000e+00 0.0000000000e+00 -2.1351753170e+13 2.5403523997e+14 0.0000000000e+00
1.9819209502e+21 2.7070816773e+21 -1.7682697919e+20 2.3530668527e+34 0.0000000000e+00 0.0000000000e+00 0.0000000000e+00 -2.1351753170e+13 2.5403523997e+14 0.0000000000e+00
2.9750092408e+21 1.3402819115e+21 -7.2194688333e+19 6.2443667701e+34 0.0000000000e+00 0.0000000000e+00 0.0000000000e+00 -2.1351753170e+13 2.5403523997e+14 0.0000000000e+00
2.4943921082e+21 2.4099380153e+21 -7.2209199388e+19 2.2667316278e+34 0.0000000000e+00 0.0000000000e+00 0.0000000000e+00 -2.1351753170e+13 2.5403523997e+14 0.0000000000e+00
1.9481128928e+21 1.7325745430e+21 6.0231118179e+19 5.0449238926e+34 0.0000000000e+00 0.0000000000e+00 0.0000000000e+00 -2.1351753170e+13 2.5403523997e+14 0.0000000000e+00
2.0110717513e+21 2.6605060367e+21 4.9295402875e+18 1.7007635548e+35 0.0000000000e+00 0.0000000000e+00 0.0000000000e+00 -2.1351753170e+13 2.5403523997e+14 0.0000000000e+00
1.2597493354e+21 2.1010522867e+21 -6.1317260110e+19 9.6471231979e+34 0.0000000000e+00 0.0000000000e+00 0.0000000000e+00 -2.1351753170e+13 2.5403523997e+14 0.0000000000e+00
2.0122839852e+21 1.5389963012e+21 7.3121427323e+19 1.6642824170e+35 0.0000000000e+00 0.0000000000e+00 0.0000000000e+00 -2.1351753170e+13 2.5403523997e+14 0.0000000000e+00
2.9153618156e+21 2.1487272612e+21 -1.3581741782e+20 1.7215248525e+35 0.0000000000e+00 0.0000000000e+00 0.0000000000e+00 -2.1351753170e+13 2.5403523997e+14 0.0000000000e+00
2.7267587725e+21 8.3225756293e+20 1.4463723079e+19 4.8957724201e+34 0.0000000000e+00 0.0000000000e+00 0.0000000000e+00 -2.1351753170e+13 2.5403523997e+14 0.0000000000e+00
2.0589390980e+21 3.3277182827e+20 7.9004005747e+19 8.9411624260e+34 0.0000000000e+00 0.0000000000e+00 0.0000000000e+00 -2.1351753170e+13 2.5403523997e+14 0.0000000000e+00
9.7725651213e+20 1.8646776764e+21 -4.8135474427e+18 4.3572884493e+34 0.0000000000e+00 0.0000000000e+00 0.0000000000e+00 -2.1351753170e+13 2.5403523997e+14 0.0000000000e+00
2.6457127113e+21 1.1148174743e+21 -7.5255363763e+19 7.7648543157e+34 0.0000000000e+00 0.0000000000e+00 0.0000000000e+00 -2.1351753170e+13 2.5403523997e+14 0.0000000000e+00
1.8879642142e+21 2.4512355657e+21 4.1075124086e+19 6.2238850330e+34 0.0000000000e+00 0.0000000000e+00 0.0000000000e+00 -2.1351753170e+13 2.5403523997e+14 0.0000000000e+00
1.2221198519e+21 2.0280183114e+21 -7.2091308389e+19 1.6355579551e+35 0.0000000000e+00 0.0000000000e+00 0.0000000000e+00 -2.1351753170e+13 2.5403523997e+14 0.0000000000e+00
1.1684456031e+20 1.4856730928e+21 -1.7227909208e+19 5.1405544220e+34 0.0000000000e+00 0.0000000000e+00 0.0000000000e+00 -2.1351753170e+13 2.5403523997e+14 0.0000000000e+00
9.5345819858e+20 5.5628142508e+20 3.0264972544e+19 1.6747805061e+35 0.0000000000e+00 0.0000000000e+00 0.0000000000e+00 -2.1351753170e+13 2.5403523997e+14 0.0000000000e+00
1.3555711836e+21 1.7683571096e+21 -1.0699609090e+20 1.5422798466e+35 0.0000000000e+00 0.0000000000e+00 0.0000000000e+00 -2.1351753170e+13 2.5403523997e+14 0.0000000000e+00
2.2117968133e+21 2.7541670166e+21 6.9594072935e+19 1.7925070141e+35 0.0000000000e+00 0.0000000000e+00 0.0000000000e+00 -2.1351753170e+13 2.5403523997e+14 0.0000000000e+00
2.0253456482e+21 2.4293101564e+21 1.2850772713e+19 1.9108818229e+35 0.0000000000e+00 0.0000000000e+00 0.0000000000e+00 -2.1351753170e+13 2.5403523997e+14 0.0000000000e+00
1.1325158116e+21 2.4454247787e+21 -2.2528659743e+18 7.0626933048e+34 0.0000000000e+00 0.0000000000e+00 0.0000000000e+00 -2.1351753170e+13 2.5403523997e+14 0.0000000000e+00
2.6696610804e+21 2.6302588059e+20 -2.9960315698e+19 9.0856028886e+34 0.0000000000e+00 0.0000000000e+00 0.0000000000e+00 -2.1351753170e+13 2.5403523997e+14 0.0000000000e+00
2.7557198724e+21 4.4938688212e+20 2.1653322589e+19 1.4096253503e+35 0.0000000000e+00 0.0000000000e+00 0.0000000000e+00 -2.1351753170e+13 2.5403523997e+14 0.0000000000e+00
2.7231436978e+21 2.1732835284e+21 3.1859542774e+19 1.8752166694e+35 0.0000000000e+00 0.0000000000e+00 0.0000000000e+00 -2.1351753170e+13 2.5403523997e+14 0.0000000000e+00
1.1978618119e+21 1.1595252497e+21 -1.4264864408e+20 1.2600207036e+35 0.0000000000e+00 0.0000000000e+00 0.0000000000e+00 -2.1351753170e+13 2.5403523997e+14 0.0000000000e+00
2.2742054338e+21 1.2806584744e+21 -1.2214036708e+20 1.1860190552e+35 0.0000000000e+00 0.0000000000e+00 0.0000000000e+00 -2.1351753170e+13 2.5403523997e+14 0.0000000000e+00
1.0946578511e+21 2.8370483455e+21 -8.4262546727e+19 8.2354606186e+34 0.0000000000e+00 0.0000000000e+00 0.0000000000e+00 -2.1351753170e+13 2.5403523997e+14 0.0000000000e+00
4.1062754206e+20 2.5961296222e+21 -8.6670342866e+19 6.9607553209e+34 0.0000000000e+00 0.0000000000e+00 0.0000000000e+00 -2.1351753170e+13 2.5403523997e+14 0.0000000000e+00
1.2157700337e+21 2.4961092178e+21 -8.2585907474e+19 1.7894592151e+35 0.0000000000e+00 0.0000000000e+00 0.0000000000e+00 -2.1351753170e+13 2.5403523997e+14 0.0000000000e+00
1.3919146087e+21 2.9371935077e+21 3.7779369506e+19 1.2285586037e+35 0.0000000000e+00 0.0000000000e+00 0.0000000000e+00 -2.1351753170e+13 2.5403523997e+14 0.0000000000e+00
1.2379046810e+20 1.4011431405e+20 -1.2462473018e+20 1.7327304103e+35 0.0000000000e+00 0.0000000000e+00 0.0000000000e+00 -2.1351753170e+13 2.5403523997e+14 0.0000000000e+00
1.0329727163e+21 1.1572050884e+21 1.9686791045e+19 5.4109442863e+34 0.0000000000e+00 0.0000000000e+00 0.0000000000e+00 -2.1351753170e+13 2.5403523997e+14 0.0000000000e+00
9.6998246230e+20 2.0549233539e+21 -2.8301962231e+19 7.1020008521e+34 0.0000000000e+00 0.0000000000e+00 0.0000000000e+00 -2.1351753170e+13 2.5403523997e+14 0.0000000000e+00
1.1168059584e+21 9.0692987111e+19 -1.2110484798e+19 8.1800502784e+34 0.0000000000e+00 0.0000000000e+00 0.0000000000e+00 -2.1351753170e+13 2.5403523997e+14 0.0000000000e+00
2.8319160925e+21 7.2810916307e+20 6.9410427817e+19 1.1651205750e+35 0.0000000000e+00 0.0000000000e+00 0.0000000000e+00 -2.1351753170e+13 2.5403523997e+14 0.0000000000e+00
6.0849520421e+20 2.1336770655e+21 -8.5236562305e+19 1.0501146259e+35 0.0000000000e+00 0.0000000000e+00 0.0000000000e+00 -2.1351753170e+13 2.5403523997e+14 0.0000000000e+00
2.6801804780e+21 2.6156667586e+21 -1.5679358142e+20 1.3788470441e+35 0.0000000000e+00 0.0000000000e+00 0.0000000000e+00 -2.1351753170e+13 2.5403523997e+14 0.0000000000e+00
1.7752766954e+21 3.5251429689e+20 -1.5909279904e+19 6.4902055207e+34 0.0000000000e+00 0.0000000000e+00 0.0000000000e+00 -2.1351753170e+13 2.5403523997e+14 0.0000000000e+00
5.2985501176e+20 1.1231406334e+21 4.7256347186e+19 1.2692633340e+35 0.0000000000e+00 0.0000000000e+00 0.0000000000e+00 -2.1351753170e+13 2.5403523997e+14 0.0000000000e+00
1.5921208629e+21 2.4273394786e+21 -4.7936365215e+19 1.4981245531e+35 0.0000000000e+00 0.0000000000e+00 0.0000000000e+00 -2.1351753170e+13 2.5403523997e+14 0.0000000000e+00
2.4514809469e+21 4.7420266751e+20 2.9907979385e+19 1.3422698898e+35 0.0000000000e+00 0.0000000000e+00 0.0000000000e+00 -2.1351753170e+13 2.5403523997e+14 0.0000000000e+00
2.1521133669e+21 1.1474367336e+20 -4.2143154691e+19 3.6104477747e+34 0.0000000000e+00 0.0000000000e+00 0.0000000000e+00 -2.1351753170e+13 2.5403523997e+14 0.0000000000e+00
5.4968317607e+20 2.2526032344e+21 -9.4196121495e+19 1.2572101748e+35 0.0000000000e+00 0.0000000000e+00 0.0000000000e+00 -2.1351753170e+13 2.5403523997e+14 0.0000000000e+00
6.4963955434e+20 2.1590251433e+20 3.2806575485e+19 6.4441101626e+34 0.0000000000e+00 0.0000000000e+00 0.0000000000e+00 -2.1351753170e+13 2.5403523997e+14 0.0000000000e+00
2.0965360109e+21 2.6517869992e+21 6.3736986041e+19 1.1437025541e+35 0.0000000000e+00 0.0000000000e+00 0.0000000000e+00 -2.1351753170e+13 2.5403523997e+14 0.0000000000e+00
1.5245393868e+20 2.9779554292e+21 -2.0448864840e+19 4.3647978590e+34 0.0000000000e+00 0.0000000000e+00 0.0000000000e+00 -2.1351753170e+13 2.5403523997e+14 0.0000000000e+00
2.8048131723e+21 1.9353339141e+20 1.3488941643e+20 9.1645642936e+34 0.0000000000e+00 0.0000000000e+00 0.0000000000e+00 -2.1351753170e+13 2.5403523997e+14 0.0000000000e+00
2.4224920793e+21 1.0843733907e+21 -1.6611159080e+19 1.3036245746e+35 0.0000000000e+00 0.0000000000e+00 0.0000000000e+00 -2.1351753170e+13 2.5403523997e+14 0.0000000000e+00
1.4224061629e+21 2.2101597895e+21 3.7216718895e+19 1.7305587283e+35 0.0000000000e+00 0.0000000000e+00 0.0000000000e+00 -2.1351753170e+13 2.5403523997e+14 0.0000000000e+00
1.1918300851e+21 2.3356644036e+21 1.2052200980e+19 9.7091991722e+34 0.0000000000e+00 0.0000000000e+00 0.0000000000e+00 -2.1351753170e+13 2.5403523997e+14 0.0000000000e+00
2.1253509830e+21 2.0130996447e+21 -6.8179165578e+19 1.7336084075e+35 0.0000000000e+00 0.0000000000e+00 0.0000000000e+00 -2.1351753170e+13 2.5403523997e+14 0.0000000000e+00
1.4883872258e+21 1.5516698112e+21 -3.9671252965e+19 7.2301004771e+34 0.0000000000e+00 0.0000000000e+00 0.0000000000e+00 -2.1351753170e+13 2.5403523997e+14 0.0000000000e+00
1.4762057291e+20 1.3643884310e+21 -5.4847880204e+19 7.7558200447e+34 0.0000000000e+00 0.0000000000e+00 0.0000000000e+00 -2.1351753170e+13 2.5403523997e+14 0.0000000000e+00
1.1604597514e+21 2.6961447849e+21 -9.2323235251e+19 1.5093261817e+35 0.0000000000e+00 0.0000000000e+00 0.0000000000e+00 -2.1351753170e+13 2.5403523997e+14 0.0000000000e+00
2.6655044268e+21 1.0609130609e+21 -2.4226059607e+19 7.1417035437e+34 0.0000000000e+00 0.0000000000e+00 0.0000000000e+00 -2.1351753170e+13 2.5403523997e+14 0.0000000000e+00
9.8702904597e+20 2.5063300775e+21 -1.6275413835e+19 8.3448298834e+34 0.0000000000e+00 0.0000000000e+00 0.0000000000e+00 -2.1351753170e+13 2.5403523997e+14 0.0000000000e+00
2.7383173559e+21 5.9962031741e+20 -1.1503517527e+20 2.2708854744e+34 0.0000000000e+00 0.0000000000e+00 0.0000000000e+00 -2.1351753170e+13 2.5403523997e+14 0.0000000000e+00
1.5447144328e+21 1.6765777190e+21 -3.5133079409e+19 2.9597695621e+34 0.0000000000e+00 0.0000000000e+00 0.0000000000e+00 -2.1351753170e+13 2.5403523997e+14 0.0000000000e+00
5.5312398175e+19 1.7709921897e+21 -1.8022721971e+20 4.4344335216e+34 0.0000000000e+00 0.0000000000e+00 0.0000000000e+00 -2.1351753170e+13 2.5403523997e+14 0.0000000000e+00
3.0046706775e+21 5.8717159777e+20 -4.2912896564e+19 1.1044154414e+35 0.0000000000e+00 0.0000000000e+00 0.0000000000e+00 -2.1351753170e+13 2.5403523997e+14 0.0000000000e+00
2.9518194155e+21 1.5277841138e+21 1.1325158975e+19 7.9409076604e+34 0.0000000000e+00 0.0000000000e+00 0.0000000000e+00 -2.1351753170e+13 2.5403523997e+14 0.0000000000e+00
1.5214723784e+21 4.5113517866e+20 9.7482202428e+19 1.6260451034e+35 0.0000000000e+00 0.0000000000e+00 0.0000000000e+00 -2.1351753170e+13 2.5403523997e+14 0.0000000000e+00
1.0789143817e+21 1.9273331521e+21 -1.6691202472e+20 1.9753159640e+35 0.0000000000e+00 0.0000000000e+00 0.0000000000e+00 -2.1351753170e+13 2.5403523997e+14 0.0000000000e+00
2.1576530192e+21 7.1709320516e+20 -1.0580028239e+20 1.2356396058e+35 0.0000000000e+00 0.0000000000e+00 0.0000000000e+00 -2.1351753170e+13 2.5403523997e+14 0.0000000000e+00
2.7989029572e+21 1.3173283226e+21 6.0878496387e+19 9.5283160730e+34 0.0000000000e+00 0.0000000000e+00 0.0000000000e+00 -2.1351753170e+13 2.5403523997e+14 0.0000000000e+00
2.1269997849e+21 7.1459702304e+20 3.6251187084e+19 1.8744054246e+35 0.0000000000e+00 0.0000000000e+00 0.0000000000e+00 -2.1351753170e+13 2.5403523997e+14 0.0000000000e+00
9.3300917424e+20 7.3086832289e+20 1.0014843535e+19 4.5004246611e+34 0.0000000000e+00 0.0000000000e+00 0.0000000000e+00 -2.1351753170e+13 2.5403523997e+14 0.0000000000e+00
2.4492260227e+21 1.0554930046e+21 7.5965975314e+18 6.0009911253e+34 0.0000000000e+00 0.0000000000e+00 0.0000000000e+00 -2.1351753170e+13 2.5403523997e+14 0.0000000000e+00
1.0699263621e+18 2.3751206824e+21 -4.7676604594e+18 1.3679424573e+35 0.0000000000e+00 0.0000000000e+00 0.0000000000e+00 -2.1351753170e+13 2.5403523997e+14 0.0000000000e+00
1.4062359702e+21 9.2486370166e+20 -2.2680737916e+19 4.6326355507e+34 0.0000000000e+00 0.0000000000e+00 0.0000000000e+00 -2.1351753170e+13 2.5403523997e+14 0.0000000000e+00
2.7811794836e+21 1.1694772342e+20 -1.7826532126e+19 1.1447109361e+35 0.0000000000e+00 0.0000000000e+00 0.0000000000e+00 -2.1351753170e+13 2.5403523997e+14 0.0000000000e+00
1.9519546705e+21 7.9253391843e+20 1.0362209860e+20 1.9443690280e+35 0.0000000000e+00 0.0000000000e+00 0.0000000000e+00 -2.1351753170e+13 2.5403523997e+14 0.0000000000e+00
2.5712406982e+21 6.9027401866e+20 -2.7904191296e+19 6.5975812992e+34 0.0000000000e+00 0.0000000000e+00 0.0000000000e+00 -2.1351753170e+13 2.5403523997e+14 0.0000000000e+00
2.8372036192e+21 2.2975501280e+21 8.6792662381e+18 1.1998211508e+35 0.0000000000e+00 0.0000000000e+00 0.0000000000e+00 -2.1351753170e+13 2.5403523997e+14 0.0000000000e+00
1.3940503945e+21 2.8790906657e+21 -1.6427502891e+19 1.0102024281e+35 0.0000000000e+00 0.0000000000e+00 0.0000000000e+00 -2.1351753170e+13 2.5403523997e+14 0.0000000000e+00
1.1298339014e+20 2.2853985290e+20 1.1240285978e+20 1.6635572346e+35 0.0000000000e+00 0.0000000000e+00 0.0000000000e+00 -2.1351753170e+13 2.5403523997e+14 0.0000000000e+00
1.3264132292e+21 1.5827666873e+20 -4.8428810508e+19 1.7332690710e+35 0.0000000000e+00 0.0000000000e+00 0.0000000000e+00 -2.1351753170e+13 2.5403523997e+14 0.0000000000e+00
2.7470214427e+21 2.0543573835e+21 -9.9582401225e+19 5.8074766397e+34 0.0000000000e+00 0.0000000000e+00 0.0000000000e+00 -2.1351753170e+13 2.5403523997e+14 0.0000000000e+00
1.4732351207e+21 1.7378881303e+21 -1.3184756053e+20 3.5257170675e+34 0.0000000000e+00 0.0000000000e+00 0.0000000000e+00 -2.1351753170e+13 2.5403523997e+14 0.0000000000e+00
1.1596283732e+21 2.8882094604e+21 4.6586333011e+19 1.2400641925e+35 0.0000000000e+00 0.0000000000e+00 0.0000000000e+00 -2.1351753170e+13 2.5403523997e+14 0.0000000000e+00
4.7245340035e+20 1.6009649238e+21 -3.9352782255e+19 1.8018839001e+35 0.0000000000e+00 0.0000000000e+00 0.0000000000e+00 -2.1351753170e+13 2.5403523997e+14 0.0000000000e+00
2.0649313188e+21 9.0206486374e+20 2.8459855878e+19 3.1506580819e+34 0.0000000000e+00 0.0000000000e+00 0.0000000000e+00 -2.1351753170e+13 2.5403523997e+14 0.0000000000e+00
1.5513614026e+21 9.7737405634e+20 3.6056791698e+19 1.5765961894e+35 0.0000000000e+00 0.0000000000e+00 0.0000000000e+00 -2.1351753170e+13 2.5403523997e+14 0.0000000000e+00
3.6989886703e+20 2.0218896360e+21 -1.8388067667e+20 1.0429177501e+35 0.0000000000e+00 0.0000000000e+00 0.0000000000e+00 -2.1351753170e+13 2.5403523997e+14 0.0000000000e+00
4.5518610669e+20 2.4079879036e+21 -4.5783604804e+19 9.6427968054e+34 0.0000000000e+00 0.0000000000e+00 0.0000000000e+00 -2.1351753170e+13 2.5403523997e+14 0.0000000000e+00
9.1472556078e+19 1.4281000729e+21 3.4350701670e+19 3.7208455181e+34 0.0000000000e+00 0.0000000000e+00 0.0000000000e+00 -2.1351753170e+13 2.5403523997e+14 0.0000000000e+00
2.0078231210e+21 1.8619906602e+21 6.1554021880e+19 1.3760746319e+35 0.0000000000e+00 0.0000000000e+00 0.0000000000e+00 -2.1351753170e+13 2.5403523997e+14 0.0000000000e+00
1.5515494661e+21 1.8796322510e+21 -1.0289772916e+19 1.4479943435e+35 0.0000000000e+00 0.0000000000e+00 0.0000000000e+00 -2.1351753170e+13 2.5403523997e+14 0.0000000000e+00
2.0000813888e+21 2.0537231246e+21 -3.0286206784e+19 1.6739646237e+35 0.0000000000e+00 0.0000000000e+00 0.0000000000e+00 -2.1351753170e+13 2.5403523997e+14 0.0000000000e+00
1.4928058981e+21 1.4445809352e+21 -5.9474719280e+19 1.9020721323e+35 0.0000000000e+00 0.0000000000e+00 0.0000000000e+00 -2.1351753170e+13 2.5403523997e+14 0.0000000000e+00
2.4108491972e+21 6.8693720174e+20 -4.0786122730e+19 1.3826050130e+35 0.0000000000e+00 0.0000000000e+00 0.0000000000e+00 -2.1351753170e+13 2.5403523997e+14 0.0000000000e+00
8.6981404399e+20 1.5500552192e+21 -1.6929565452e+20 1.4848408959e+35 0.0000000000e+00 0.0000000000e+00 0.0000000000e+00 -2.1351753170e+13 2.5403523997e+14 0.0000000000e+00
1.2833860113e+21 9.9229564980e+20 3.5508415673e+19 1.0870562969e+35 0.0000000000e+00 0.0000000000e+00 0.0000000000e+00 -2.1351753170e+13 2.5403523997e+14 0.0000000000e+00
1.0194683208e+21 1.6673002660e+21 8.1291084301e+19 5.4828389791e+34 0.0000000000e+00 0.0000000000e+00 0.0000000000e+00 -2.1351753170e+13 2.5403523997e+14 0.0000000000e+00
2.9150990631e+21 1.4625331846e+21 8.9078182864e+19 9.5353724897e+34 0.0000000000e+00 0.0000000000e+00 0.0000000000e+00 -2.1351753170e+13 2.5403523997e+14 0.0000000000e+00
5.5558976432e+20 1.0963392742e+21 -4.1362148027e+19 7.8205743312e+34 0.0000000000e+00 0.0000000000e+00 0.0000000000e+00 -2.1351753170e+13 2.5403523997e+14 0.0000000000e+00
1.0809597291e+21 9.1575950199e+20 2.8625898690e+19 2.6078467007e+34 0.0000000000e+00 0.0000000000e+00 0.0000000000e+00 -2.1351753170e+13 2.5403523997e+14 0.0000000000e+00
3.5361396691e+20 9.7301518770e+17 -2.7046537915e+19 3.6018404071e+34 0.0000000000e+00 0.0000000000e+00 0.0000000000e+00 -2.1351753170e+13 2.5403523997e+14 0.0000000000e+00
2.1653064067e+21 1.3071004080e+21 9.5084894228e+19 1.7751714368e+35 0.0000000000e+00 0.0000000000e+00 0.0000000000e+00 -2.1351753170e+13 2.5403523997e+14 0.0000000000e+00
5.7817222152e+20 9.5457932763e+20 3.6512056053e+19 1.2558298541e+35 0.0000000000e+00 0.0000000000e+00 0.0000000000e+00 -2.1351753170e+13 2.5403523997e+14 0.0000000000e+00
1.0487430663e+21 2.7448009108e+21 -4.9001836561e+19 7.5023247791e+34 0.0000000000e+00 0.0000000000e+00 0.0000000000e+00 -2.1351753170e+13 2.5403523997e+14 0.0000000000e+00
1.8347719943e+21 2.4601940591e+20 -4.1075212357e+19 1.3303048846e+35 0.0000000000e+00 0.0000000000e+00 0.0000000000e+00 -2.1351753170e+13 2.5403523997e+14 0.0000000000e+00
2.1621338472e+20 7.2275837057e+20 -8.3217423770e+19 1.7910710014e+35 0.0000000000e+00 0.0000000000e+00 0.0000000000e+00 -2.1351753170e+13 2.5403523997e+14 0.0000000000e+00
2.5847461229e+21 2.5211051274e+21 -5.3431463687e+19 4.7691238272e+34 0.0000000000e+00 0.0000000000e+00 0.0000000000e+00 -2.1351753170e+13 2.5403523997e+14 0.0000000000e+00
9.9526386160e+20 1.4490721387e+21 -1.9911034946e+19 9.1492839025e+34 0.0000000000e+00 0.0000000000e+00 0.0000000000e+00 -2.1351753170e+13 2.5403523997e+14 0.0000000000e+00
3.5152706058e+20 1.5901437182e+21 6.8271350039e+19 9.8892374476e+34 0.0000000000e+00 0.0000000000e+00 0.0000000000e+00 -2.1351753170e+13 2.5403523997e+14 0.0000000000e+00
2.7972881677e+19 2.1678712416e+21 5.3679005182e+17 5.6790128057e+34 0.0000000000e+00 0.0000000000e+00 0.0000000000e+00 -2.1351753170e+13 2.5403523997e+14 0.0000000000e+00
5.6113305096e+20 7.5447906640e+20 -3.0477450671e+19 1.4795655929e+35 0.0000000000e+00 0.0000000000e+00 0.0000000000e+00 -2.1351753170e+13 2.5403523997e+14 0.0000000000e+00
2.4532608297e+21 2.8627173963e+21 -9.7763917919e+19 2.6604321937e+34 0.0000000000e+00 0.0000000000e+00 0.0000000000e+00 -2.1351753170e+13 2.5403523997e+14 0.0000000000e+00
4.3777939464e+20 7.1344915887e+20 4.1540539713e+19 3.0093534681e+34 0.0000000000e+00 0.0000000000e+00 0.0000000000e+00 -2.1351753170e+13 2.5403523997e+14 0.0000000000e+00
2.7395560930e+21 1.5203480209e+21 2.5240190507e+19 4.9200152412e+34 0.0000000000e+00 0.0000000000e+00 0.0000000000e+00 -2.1351753170e+13 2.5403523997e+14 0.0000000000e+00
1.1910621906e+21 7.1073436923e+19 -1.8706766164e+19 5.9617159941e+34 0.0000000000e+00 0.0000000000e+00 0.0000000000e+00 -2.1351753170e+13 2.5403523997e+14 0.0000000000e+00
2.4291141171e+21 2.3882238284e+21 1.0209900244e+20 1.4481679023e+35 0.0000000000e+00 0.0000000000e+00 0.0000000000e+00 -2.1351753170e+13 2.5403523997e+14 0.0000000000e+00
1.5676062942e+20 2.4093547950e+19 -6.1340492158e+19 1.3475091020e+35 0.0000000000e+00 0.0000000000e+00 0.0000000000e+00 -2.1351753170e+13 2.5403523997e+14 0.0000000000e+00
5.7885597893e+20 2.3634662825e+21 -1.3066857380e+20 4.0307594890e+34 0.0000000000e+00 0.0000000000e+00 0.0000000000e+00 -2.1351753170e+13 2.5403523997e+14 0.0000000000e+00
6.7713977412e+20 3.3225538405e+19 -1.2437085167e+20 1.0675285846e+35 0.0000000000e+00 0.0000000000e+00 0.0000000000e+00 -2.1351753170e+13 2.5403523997e+14 0.0000000000e+00
1.2180182801e+21 1.9825672726e+21 2.0282806369e+18 8.0174675235e+34 0.0000000000e+00 0.0000000000e+00 0.0000000000e+00 -2.1351753170e+13 2.5403523997e+14 0.0000000000e+00
1.7643430917e+21 3.3363903925e+20 -1.7835352978e+19 1.5052245928e+35 0.0000000000e+00 0.0000000000e+00 0.0000000000e+00 -2.1351753170e+13 2.5403523997e+14 0.0000000000e+00
2.4642276519e+21 1.3278064673e+21 -4.6606352596e+19 5.9753309588e+34 0.0000000000e+00 0.0000000000e+00 0.0000000000e+00 -2.1351753170e+13 2.5403523997e+14 0.0000000000e+00
2.6602104738e+21 6.2781071465e+20 6.9829962696e+19 1.3842094366e+35 0.0000000000e+00 0.0000000000e+00 0.0000000000e+00 -2.1351753170e+13 2.5403523997e+14 0.0000000000e+00
1.0659760785e+20 7.5042579666e+20 -5.0027410567e+19 1.3034438097e+35 0.0000000000e+00 0.0000000000e+00 0.0000000000e+00 -2.1351753170e+13 2.5403523997e+14 0.0000000000e+00
9.2153793043e+20 1.0234370671e+21 3.0155962140e+19 1.5298710609e+35 0.0000000000e+00 0.0000000000e+00 0.0000000000e+00 -2.1351753170e+13 2.5403523997e+14 0.0000000000e+00
1.6846624347e+21 2.0732278853e+19 -1.5980470924e+20 1.4589981396e+35 0.0000000000e+00 0.0000000000e+00 0.0000000000e+00 -2.1351753170e+13 2.5403523997e+14 0.0000000000e+00
2.0909898566e+21 1.2074464228e+21 -2.1773281816e+19 1.5912134545e+35 0.0000000000e+00 0.0000000000e+00 0.0000000000e+00 -2.1351753170e+13 2.5403523997e+14 0.0000000000e+00
4.1676156908e+19 2.2096550883e+21 -8.1029231106e+19 1.0304907328e+35 0.0000000000e+00 0.0000000000e+00 0.0000000000e+00 -2.1351753170e+13 2.5403523997e+14 0.0000000000e+00
1.2094031290e+21 1.3660265501e+21 4.9486986721e+19 1.0620399507e+35 0.0000000000e+00 0.0000000000e+00 0.0000000000e+00 -2.1351753170e+13 2.5403523997e+14 0.0000000000e+00
2.9718469151e+21 9.8304520365e+20 7.0612833397e+19 1.7839025284e+35 0.0000000000e+00 0.0000000000e+00 0.0000000000e+00 -2.1351753170e+13 2.5403523997e+14 0.0000000000e+00
8.5385717208e+20 1.3025356078e+21 4.9316073758e+19 1.8196962708e+35 0.0000000000e+00 0.0000000000e+00 0.0000000000e+00 -2.1351753170e+13 2.5403523997e+14 0.0000000000e+00
2.8055131406e+21 7.9927891352e+20 -2.8673633548e+19 1.3134101034e+35 0.0000000000e+00 0.0000000000e+00 0.0000000000e+00 -2.1351753170e+13 2.5403523997e+14 0.0000000000e+00
1.6265256150e+21 8.8099454310e+20 2.9291378448e+19 2.4626629964e+34 0.0000000000e+00 0.0000000000e+00 0.0000000000e+00 -2.1351753170e+13 2.5403523997e+14 0.0000000000e+00
2.8166514617e+21 2.3343530683e+21 2.4715267908e+19 1.3089925792e+35 0.0000000000e+00 0.0000000000e+00 0.0000000000e+00 -2.1351753170e+13 2.5403523997e+14 0.0000000000e+00
2.0232298160e+21 2.9643936808e+21 -1.3802693314e+19 7.2756704693e+34 0.0000000000e+00 0.0000000000e+00 0.0000000000e+00 -2.1351753170e+13 2.5403523997e+14 0.0000000000e+00
1.3405675090e+21 6.4350248865e+20 -1.9695193477e+20 1.2345122479e+35 0.0000000000e+00 0.0000000000e+00 0.0000000000e+00 -2.1351753170e+13 2.5403523997e+14 0.0000000000e+00
1.9154464314e+21 1.6903028922e+21 1.4871799031e+20 6.5859856127e+34 0.0000000000e+00 0.0000000000e+00 0.0000000000e+00 -2.1351753170e+13 2.5403523997e+14 0.0000000000e+00
2.8111765024e+20 1.8025512559e+21 9.4351232903e+19 1.5481195574e+35 0.0000000000e+00 0.0000000000e+00 0.0000000000e+00 -2.1351753170e+13 2.5403523997e+14 0.0000000000e+00
1.7103297863e+21 2.8404544780e+21 -3.4071176006e+19 3.1832363190e+34 0.0000000000e+00 0.0000000000e+00 0.0000000000e+00 -2.1351753170e+13 2.5403523997e+14 0.0000000000e+00
8.4379705264e+20 2.1174026550e+21 -2.5039222862e+17 1.0584991885e+35 0.0000000000e+00 0.0000000000e+00 0.0000000000e+00 -2.1351753170e+13 2.5403523997e+14 0.0000000000e+00
2.0224061712e+21 2.3716006703e+21 8.2397646470e+19 3.4996512096e+34 0.0000000000e+00 0.0000000000e+00 0.0000000000e+00 -2.1351753170e+13 2.5403523997e+14 0.0000000000e+00
5.9089377297e+20 1.5607458470e+20 -8.9668215383e+19 1.1062549518e+35 0.0000000000e+00 0.0000000000e+00 0.0000000000e+00 -2.1351753170e+13 2.5403523997e+14 0.0000000000e+00
2.7745477491e+21 6.5850278201e+20 -1.2624771903e+20 4.2472431680e+34 0.0000000000e+00 0.0000000000e+00 0.0000000000e+00 -2.1351753170e+13 2.5403523997e+14 0.0000000000e+00
2.2365371432e+21 1.0737752970e+21 3.5130380186e+19 5.8530001156e+34 0.0000000000e+00 0.0000000000e+00 0.0000000000e+00 -2.1351753170e+13 2.5403523997e+14 0.0000000000e+00
6.3911706382e+20 3.1809308273e+20 5.2052272963e+19 1.1687147179e+35 0.0000000000e+00 0.0000000000e+00 0.0000000000e+00 -2.1351753170e+13 2.5403523997e+14 0.0000000000e+00
4.5056196612e+20 2.9107893871e+20 -9.9705758508e+19 1.4845456656e+35 0.0000000000e+00 0.0000000000e+00 0.0000000000e+00 -2.1351753170e+13 2.5403523997e+14 0.0000000000e+00
2.5520959122e+21 6.0329494537e+20 -1.9690758641e+19 4.6997325933e+34 0.0000000000e+00 0.0000000000e+00 0.0000000000e+00 -2.1351753170e+13 2.5403523997e+14 0.0000000000e+00
2.6419405159e+21 3.1096036773e+20 5.5177115301e+19 9.8493857521e+34 0.0000000000e+00 0.0000000000e+00 0.0000000000e+00 -2.1351753170e+13 2.5403523997e+14 0.0000000000e+00
1.0829601536e+21 2.1121518536e+21 -2.5019242238e+18 1.4352631644e+35 0.0000000000e+00 0.0000000000e+00 0.0000000000e+00 -2.1351753170e+13 2.5403523997e+14 0.0000000000e+00
1.8396741925e+21 2.9422395991e+20 -4.6390624825e+19 1.7383926574e+35 0.0000000000e+00 0.0000000000e+00 0.0000000000e+00 -2.1351753170e+13 2.5403523997e+14 0.0000000000e+00
1.0235632450e+21 2.9993217616e+21 1.0308554833e+20 1.6954124289e+35 0.0000000000e+00 0.0000000000e+00 0.0000000000e+00 -2.1351753170e+13 2.5403523997e+14 0.0000000000e+00
2.8755313601e+20 9.8733125467e+20 -1.1282625712e+19 1.7641259476e+35 0.0000000000e+00 0.0000000000e+00 0.0000000000e+00 -2.1351753170e+13 2.5403523997e+14 0.0000000000e+00
2.4792826304e+21 1.9701615874e+21 3.6214339720e+19 1.3439062920e+35 0.0000000000e+00 0.0000000000e+00 0.0000000000e+00 -2.1351753170e+13 2.5403523997e+14 0.0000000000e+00
1.1670926570e+20 2.6126477509e+21 3.8478248579e+19 1.9444522746e+35 0.0000000000e+00 0.0000000000e+00 0.0000000000e+00 -2.1351753170e+13 2.5403523997e+14 0.0000000000e+00
3.0039435007e+21 2.1260416506e+21 8.7133139147e+19 1.6078363509e+35 0.0000000000e+00 0.0000000000e+00 0.0000000000e+00 -2.1351753170e+13 2.5403523997e+14 0.0000000000e+00
1.4898001532e+21 2.6980807572e+21 6.2749577633e+19 6.2446275367e+34 0.0000000000e+00 0.0000000000e+00 0.0000000000e+00 -2.1351753170e+13 2.5403523997e+14 0.0000000000e+00
1.6589447989e+21 9.4850435515e+20 8.1538662891e+19 9.5116079896e+34 0.0000000000e+00 0.0000000000e+00 0.0000000000e+00 -2.1351753170e+13 2.5403523997e+14 0.0000000000e+00
2.5326876377e+21 2.9983238570e+21 -1.5683009878e+20 1.3794407015e+35 0.0000000000e+00 0.0000000000e+00 0.0000000000e+00 -2.1351753170e+13 2.5403523997e+14 0.0000000000e+00
1.1759698629e+21 4.0855847912e+20 -7.2464594746e+19 1.8154878155e+35 0.0000000000e+00 0.0000000000e+00 0.0000000000e+00 -2.1351753170e+13 2.5403523997e+14 0.0000000000e+00
1.3429001361e+21 1.8894468675e+21 -2.2399116766e+19 6.0816452474e+34 0.0000000000e+00 0.0000000000e+00 0.0000000000e+00 -2.1351753170e+13 2.5403523997e+14 0.0000000000e+00
2.1176833843e+21 2.0211103651e+21 6.9043633444e+19 1.9740576851e+35 0.0000000000e+00 0.0000000000e+00 0.0000000000e+00 -2.1351753170e+13 2.5403523997e+14 0.0000000000e+00
2.4903003649e+21 2.8785434014e+21 3.2246327823e+19 4.3209702503e+34 0.0000000000e+00 0.0000000000e+00 0.0000000000e+00 -2.1351753170e+13 2.5403523997e+14 0.0000000000e+00
1.3468704092e+21 2.1983866502e+21 9.8412642576e+19 3.2757997669e+34 0.0000000000e+00 0.0000000000e+00 0.0000000000e+00 -2.1351753170e+13 2.5403523997e+14 0.0000000000e+00
2.0987707272e+21 7.4439360516e+20 9.5149162199e+18 1.2848720568e+35 0.0000000000e+00 0.0000000000e+00 0.0000000000e+00 -2.1351753170e+13 2.5403523997e+14 0.0000000000e+00
9.4696659495e+20 1.9332093829e+21 -6.8276711700e+19 1.9858980238e+35 0.0000000000e+00 0.0000000000e+00 0.0000000000e+00 -2.1351753170e+13 2.5403523997e+14 0.0000000000e+00
1.3304294156e+21 2.2711330251e+21 8.3441107428e+19 1.6665172186e+35 0.0000000000e+00 0.0000000000e+00 0.0000000000e+00 -2.1351753170e+13 2.5403523997e+14 0.0000000000e+00
2.2337915821e+21 2.4847937148e+21 8.4365209628e+19 1.7131442764e+35 0.0000000000e+00 0.0000000000e+00 0.0000000000e+00 -2.1351753170e+13 2.5403523997e+14 0.0000000000e+00
2.4801415876e+21 2.7802107092e+21 -5.7204301273e+19 9.3106320705e+34 0.0000000000e+00 0.0000000000e+00 0.0000000000e+00 -2.1351753170e+13 2.5403523997e+14 0.0000000000e+00
2.3744543067e+21 1.9116822357e+19 -4.4000384013e+19 4.5315489884e+34 0.0000000000e+00 0.0000000000e+00 0.0000000000e+00 -2.1351753170e+13 2.5403523997e+14 0.0000000000e+00
1.7288138811e+21 2.6043803785e+21 2.0209319475e+19 1.4750736616e+35 0.0000000000e+00 0.0000000000e+00 0.0000000000e+00 -2.1351753170e+13 2.5403523997e+14 0.0000000000e+00
1.8935601866e+21 1.3651842648e+21 -7.1213407910e+19 8.7700596811e+34 0.0000000000e+00 0.0000000000e+00 0.0000000000e+00 -2.1351753170e+13 2.5403523997e+14 0.0000000000e+00
2.8896427772e+21 7.1755556132e+20 6.8122147144e+19 5.8555586310e+34 0.0000000000e+00 0.0000000000e+00 0.0000000000e+00 -2.1351753170e+13 2.5403523997e+14 0.0000000000e+00
1.5564010685e+21 2.2385019086e+21 -1.2283245109e+20 4.1113777191e+34 0.0000000000e+00 0.0000000000e+00 0.0000000000e+00 -2.1351753170e+13 2.5403523997e+14 0.0000000000e+00
9.2290321605e+20 2.2910287240e+21 3.3995537159e+19 1.0328434760e+35 0.0000000000e+00 0.0000000000e+00 0.0000000000e+00 -2.1351753170e+13 2.5403523997e+14 0.0000000000e+00
8.5965015902e+19 1.1089161917e+20 -6.5356962233e+18 5.6885209467e+34 0.0000000000e+00 0.0000000000e+00 0.0000000000e+00 -2.1351753170e+13 2.5403523997e+14 0.0000000000e+00
2.8772446621e+21 2.4176760171e+21 5.7171515919e+19 1.8324837166e+35 0.0000000000e+00 0.0000000000e+00 0.0000000000e+00 -2.1351753170e+13 2.5403523997e+14 0.0000000000e+00
1.6754536057e+21 1.1179195905e+21 -3.8262372425e+19 2.4468188788e+34 0.0000000000e+00 0.0000000000e+00 0.0000000000e+00 -2.1351753170e+13 2.5403523997e+14 0.0000000000e+00
1.6233047777e+21 3.8427486643e+20 -3.1261691593e+19 1.7378876706e+35 0.0000000000e+00 0.0000000000e+00 0.0000000000e+00 -2.1351753170e+13 2.5403523997e+14 0.0000000000e+00
2.6050807127e+21 2.2172638120e+21 1.1880832376e+20 1.1582737044e+35 0.0000000000e+00 0.0000000000e+00 0.0000000000e+00 -2.1351753170e+13 2.5403523997e+14 0.0000000000e+00
1.6319831309e+21 1.9064168762e+21 1.7839096931e+20 1.9298011478e+35 0.0000000000e+00 0.0000000000e+00 0.0000000000e+00 -2.1351753170e+13 2.5403523997e+14 0.0000000000e+00
2.3472666134e+21 6.5836029802e+19 9.7241206745e+19 1.4969935930e+35 0.0000000000e+00 0.0000000000e+00 0.0000000000e+00 -2.1351753170e+13 2.5403523997e+14 0.0000000000e+00
1.2064513481e+21 1.6655952211e+21 3.1888697411e+19 1.6523270694e+35 0.0000000000e+00 0.0000000000e+00 0.0000000000e+00 -2.1351753170e+13 2.5403523997e+14 0.0000000000e+00
7.8887511552e+20 8.5101381848e+20 9.0563651976e+19 4.5860434192e+34 0.0000000000e+00 0.0000000000e+00 0.0000000000e+00 -2.1351753170e+13 2.5403523997e+14 0.0000000000e+00
1.9566790228e+21 2.2473981008e+21 1.2167405720e+20 3.6949858942e+34 0.0000000000e+00 0.0000000000e+00 0.0000000000e+00 -2.1351753170e+13 2.5403523997e+14 0.0000000000e+00
9.6678474531e+19 1.9430825339e+21 -1.8969192698e+20 1.0566557735e+35 0.0000000000e+00 0.0000000000e+00 0.0000000000e+00 -2.1351753170e+13 2.5403523997e+14 0.0000000000e+00
1.2855917486e+21 8.1746894446e+20 4.0994042532e+19 1.1420737157e+35 0.0000000000e+00 0.0000000000e+00 0.0000000000e+00 -2.1351753170e+13 2.5403523997e+14 0.0000000000e+00
2.4997514712e+21 1.8978520556e+21 -1.6763587581e+19 2.8183663760e+34 0.0000000000e+00 0.0000000000e+00 0.0000000000e+00 -2.1351753170e+13 2.5403523997e+14 0.0000000000e+00
4.8424900680e+19 2.7959284131e+21 1.2251155541e+20 9.3440075642e+34 0.0000000000e+00 0.0000000000e+00 0.0000000000e+00 -2.1351753170e+13 2.5403523997e+14 0.0000000000e+00
1.7948141842e+21 6.8937511313e+20 8.0935697476e+19 1.9375722634e+35 0.0000000000e+00 0.0000000000e+00 0.0000000000e+00 -2.1351753170e+13 2.5403523997e+14 0.0000000000e+00
2.9182979639e+21 1.7693060029e+21 -1.0744540536e+20 1.6170111762e+35 0.0000000000e+00 0.0000000000e+00 0.0000000000e+00 -2.1351753170e+13 2.5403523997e+14 0.0000000000e+00
1.7994153838e+21 1.5828341069e+21 -7.7536053509e+18 8.3376689327e+34 0.0000000000e+00 0.0000000000e+00 0.0000000000e+00 -2.1351753170e+13 2.5403523997e+14 0.0000000000e+00
2.2727902041e+21 5.9913088159e+20 3.9273150535e+19 1.1961358610e+35 0.0000000000e+00 0.0000000000e+00 0.0000000000e+00 -2.1351753170e+13 2.5403523997e+14 0.0000000000e+00
2.0742560349e+21 2.5506290786e+21 7.4077321137e+19 2.8678009279e+34 0.0000000000e+00 0.0000000000e+00 0.0000000000e+00 -2.1351753170e+13 2.5403523997e+14 0.0000000000e+00
1.8581798360e+21 1.4706199133e+21 -1.7307328274e+20 1.1376908430e+35 0.0000000000e+00 0.0000000000e+00 0.0000000000e+00 -2.1351753170e+13 2.5403523997e+14 0.0000000000e+00
1.8628827638e+21 1.7003518837e+21 3.1444251099e+19 9.6324071932e+34 0.0000000000e+00 0.0000000000e+00 0.0000000000e+00 -2.1351753170e+13 2.5403523997e+14 0.0000000000e+00
2.3858783168e+21 1.7213871355e+21 -5.5109314507e+19 1.0007515513e+35 0.0000000000e+00 0.0000000000e+00 0.0000000000e+00 -2.1351753170e+13 2.5403523997e+14 0.0000000000e+00
1.4075460946e+21 2.1739439085e+21 -6.1799722778e+19 6.8900067600e+34 0.0000000000e+00 0.0000000000e+00 0.0000000000e+00 -2.1351753170e+13 2.5403523997e+14 0.0000000000e+00
2.1039841480e+21 2.4644092350e+21 -9.9225804790e+19 4.6101550359e+34 0.0000000000e+00 0.0000000000e+00 0.0000000000e+00 -2.1351753170e+13 2.5403523997e+14 0.0000000000e+00
8.9716080222e+20 2.9948762671e+21 2.7540353440e+19 1.9732035812e+35 0.0000000000e+00 0.0000000000e+00 0.0000000000e+00 -2.1351753170e+13 2.5403523997e+14 0.0000000000e+00
5.6443857341e+20 1.3738099025e+21 6.9995710734e+19 1.6844956661e+35 0.0000000000e+00 0.0000000000e+00 0.0000000000e+00 -2.1351753170e+13 2.5403523997e+14 0.0000000000e+00
2.7586219197e+21 2.0662568678e+21 1.2304550521e+19 8.4812703401e+34 0.0000000000e+00 0.0000000000e+00 0.0000000000e+00 -2.1351753170e+13 2.5403523997e+14 0.0000000000e+00
2.7002686280e+21 2.3362314687e+21 -4.6131998694e+19 1.6163756685e+35 0.0000000000e+00 0.0000000000e+00 0.0000000000e+00 -2.1351753170e+13 2.5403523997e+14 0.0000000000e+00
3.9299680255e+20 2.2346477920e+21 -1.8333787665e+19 1.5856948272e+35 0.0000000000e+00 0.0000000000e+00 0.0000000000e+00 -2.1351753170e+13 2.5403523997e+14 0.0000000000e+00
2.8942545073e+21 1.4447904750e+21 3.4656673101e+19 1.0192069397e+35 0.0000000000e+00 0.0000000000e+00 0.0000000000e+00 -2.1351753170e+13 2.5403523997e+14 0.0000000000e+00
8.1215080963e+19 3.1737318794e+20 -6.0111231023e+19 1.6282613239e+35 0.0000000000e+00 0.0000000000e+00 0.0000000000e+00 -2.1351753170e+13 2.5403523997e+14 0.0000000000e+00
8.7965486459e+20 9.8179124545e+20 -8.4056650508e+18 1.3632387325e+35 0.0000000000e+00 0.0000000000e+00 0.0000000000e+00 -2.1351753170e+13 2.5403523997e+14 0.0000000000e+00
3.6386929329e+20 1.9104862462e+21 -5.3020815883e+19 9.7263953045e+34 0.0000000000e+00 0.0000000000e+00 0.0000000000e+00 -2.1351753170e+13 2.5403523997e+14 0.0000000000e+00
1.1451689536e+21 1.2849640901e+21 -1.0584340770e+20 8.7010071030e+34 0.0000000000e+00 0.0000000000e+00 0.0000000000e+00 -2.1351753170e+13 2.5403523997e+14 0.0000000000e+00
1.0116237338e+21 1.4874121791e+21 1.4754112858e+19 1.3291495593e+35 0.0000000000e+00 0.0000000000e+00 0.0000000000e+00 -2.1351753170e+13 2.5403523997e+14 0.0000000000e+00
2.9521059210e+21 2.9534939669e+21 6.1709914667e+19 1.8345157392e+35 0.0000000000e+00 0.0000000000e+00 0.0000000000e+00 -2.1351753170e+13 2.5403523997e+14 0.0000000000e+00
4.4990589196e+20 2.0222120007e+21 7.0582114427e+18 1.5839578929e+35 0.0000000000e+00 0.0000000000e+00 0.0000000000e+00 -2.1351753170e+13 2.5403523997e+14 0.0000000000e+00
2.2032487172e+21 2.0511553352e+21 8.0323320248e+19 7.4307445093e+34 0.0000000000e+00 0.0000000000e+00 0.0000000000e+00 -2.1351753170e+13 2.5403523997e+14 0.0000000000e+00
2.0305311314e+21 1.1344213561e+21 1.3464009125e+20 4.8337653870e+34 0.0000000000e+00 0.0000000000e+00 0.0000000000e+00 -2.1351753170e+13 2.5403523997e+14 0.0000000000e+00
1.1407197718e+21 1.2634047381e+21 2.9619819469e+19 1.1007656001e+35 0.0000000000e+00 0.0000000000e+00 0.0000000000e+00 -2.1351753170e+13 2.5403523997e+14 0.0000000000e+00
1.5796676250e+21 2.0503654063e+20 -1.7279439390e+20 1.0930169002e+35 0.0000000000e+00 0.0000000000e+00 0.0000000000e+00 -2.1351753170e+13 2.5403523997e+14 0.0000000000e+00
2.9731788464e+21 1.1016950666e+21 -8.9391245567e+19 8.7162715736e+34 0.0000000000e+00 0.0000000000e+00 0.0000000000e+00 -2.1351753170e+13 2.5403523997e+14 0.0000000000e+00
2.1008431353e+20 2.4303966021e+21 3.9485409214e+19 1.7030671837e+35 0.0000000000e+00 0.0000000000e+00 0.0000000000e+00 -2.1351753170e+13 2.5403523997e+14 0.0000000000e+00
2.4342190288e+21 1.1732869081e+21 -2.3923047433e+19 1.8987592052e+35 0.0000000000e+00 0.0000000000e+00 0.0000000000e+00 -2.1351753170e+13 2.5403523997e+14 0.0000000000e+00
3.1780713832e+20 2.8802546953e+21 -1.0589237965e+20 7.0537240334e+34 0.0000000000e+00 0.0000000000e+00 0.0000000000e+00 -2.1351753170e+13 2.5403523997e+14 0.0000000000e+00
2.7967484753e+21 2.3222843700e+21 1.0258046903e+20 7.5024752524e+34 0.0000000000e+00 0.0000000000e+00 0.0000000000e+00 -2.1351753170e+13 2.5403523997e+14 0.0000000000e+00
7.8918522736e+20 9.7389560780e+20 -9.5059668239e+19 2.2748015843e+34 0.0000000000e+00 0.0000000000e+00 0.0000000000e+00 -2.1351753170e+13 2.5403523997e+14 0.0000000000e+00
2.2722698216e+21 2.7670522921e+21 7.1319290323e+18 1.3321529381e+35 0.0000000000e+00 0.0000000000e+00 0.0000000000e+00 -2.1351753170e+13 2.5403523997e+14 0.0000000000e+00
6.3321148693e+20 6.5773541878e+20 -2.3637120808e+19 3.6970156238e+34 0.0000000000e+00 0.0000000000e+00 0.0000000000e+00 -2.1351753170e+13 2.5403523997e+14 0.0000000000e+00
2.7491106808e+21 1.4616189160e+21 2.7697454173e+19 6.5296063392e+34 0.0000000000e+00 0.0000000000e+00 0.0000000000e+00 -2.1351753170e+13 2.5403523997e+14 0.0000000000e+00
1.9550724580e+21 2.9250735296e+21 8.0948266601e+19 3.4977834474e+34 0.0000000000e+00 0.0000000000e+00 0.0000000000e+00 -2.1351753170e+13 2.5403523997e+14 0.0000000000e+00
1.1834459706e+21 1.7786540926e+21 -1.1964476841e+20 4.4034980732e+34 0.0000000000e+00 0.0000000000e+00 0.0000000000e+00 -2.1351753170e+13 2.5403523997e+14 0.0000000000e+00
1.4047526230e+21 6.6225677173e+20 9.5297385442e+19 4.0078285492e+34 0.0000000000e+00 0.0000000000e+00 0.0000000000e+00 -2.1351753170e+13 2.5403523997e+14 0.0000000000e+00
1.6317984974e+21 4.2987392039e+20 8.3398652035e+19 1.4280740971e+35 0.0000000000e+00 0.0000000000e+00 0.0000000000e+00 -2.1351753170e+13 2.5403523997e+14 0.0000000000e+00
2.7557234050e+21 2.0966174709e+19 6.3814449658e+19 2.3105448179e+34 0.0000000000e+00 0.0000000000e+00 0.0000000000e+00 -2.1351753170e+13 2.5403523997e+14 0.0000000000e+00
1.9169428151e+21 2.7200099686e+20 -1.1388695316e+20 2.1988941102e+34 0.0000000000e+00 0.0000000000e+00 0.0000000000e+00 -2.1351753170e+13 2.5403523997e+14 0.0000000000e+00
2.8582143372e+21 1.9119966998e+21 -1.3185603272e+19 1.4344128054e+35 0.0000000000e+00 0.0000000000e+00 0.0000000000e+00 -2.1351753170e+13 2.5403523997e+14 0.0000000000e+00
2.3383959509e+21 2.1973066057e+21 -8.1663978077e+18 6.6918614948e+34 0.0000000000e+00 0.0000000000e+00 0.0000000000e+00 -2.1351753170e+13 2.5403523997e+14 0.0000000000e+00
2.0058519459e+21 2.7502838426e+21 -5.8661811585e+19 2.9277117025e+34 0.0000000000e+00 0.0000000000e+00 0.0000000000e+00 -2.1351753170e+13 2.5403523997e+14 0.0000000000e+00
1.4875269937e+21 2.2637785842e+21 -1.0260854123e+20 1.7185281998e+35 0.0000000000e+00 0.0000000000e+00 0.0000000000e+00 -2.1351753170e+13 2.5403523997e+14 0.0000000000e+00
1.6002511710e+21 1.3808791903e+21 1.5173142881e+19 1.5530787250e+35 0.0000000000e+00 0.0000000000e+00 0.0000000000e+00 -2.1351753170e+13 2.5403523997e+14 0.0000000000e+00
5.7468069537e+20 5.8997004553e+20 7.4593051572e+19 1.0047495592e+35 0.0000000000e+00 0.0000000000e+00 0.0000000000e+00 -2.1351753170e+13 2.5403523997e+14 0.0000000000e+00
1.3994866607e+21 2.3126297348e+21 1.0661735307e+20 1.2849384443e+35 0.0000000000e+00 0.0000000000e+00 0.0000000000e+00 -2.1351753170e+13 2.5403523997e+14 0.0000000000e+00
1.7501972272e+21 2.1182943518e+21 7.8196456781e+19 2.8654951015e+34 0.0000000000e+00 0.0000000000e+00 0.0000000000e+00 -2.1351753170e+13 2.5403523997e+14 0.0000000000e+00
2.5191470653e+21 1.2091200943e+21 7.2662088732e+19 1.0734353172e+35 0.0000000000e+00 0.0000000000e+00 0.0000000000e+00 -2.1351753170e+13 2.5403523997e+14 0.0000000000e+00
1.7043811651e+21 4.4844833119e+20 2.7091719395e+19 2.9996315216e+34 0.0000000000e+00 0.0000000000e+00 0.0000000000e+00 -2.1351753170e+13 2.5403523997e+14 0.0000000000e+00
2.6129430687e+19 4.5224746869e+20 -5.5131204660e+19 8.0971201735e+34 0.0000000000e+00 0.0000000000e+00 0.0000000000e+00 -2.1351753170e+13 2.5403523997e+14 0.0000000000e+00
1.8817683681e+21 2.3884852730e+20 -3.1004420352e+19 1.1927542522e+35 0.0000000000e+00 0.0000000000e+00 0.0000000000e+00 -2.1351753170e+13 2.5403523997e+14 0.0000000000e+00
1.9880220937e+21 2.8727987985e+21 -5.3073483249e+18 8.7760175023e+34 0.0000000000e+00 0.0000000000e+00 0.0000000000e+00 -2.1351753170e+13 2.5403523997e+14 0.0000000000e+00
1.1542511268e+21 2.4480484645e+21 8.4575119102e+19 1.2670657481e+35 0.0000000000e+00 0.0000000000e+00 0.0000000000e+00 -2.1351753170e+13 2.5403523997e+14 0.0000000000e+00
4.1421772314e+20 6.8208873317e+20 2.7948889346e+19 1.8638766031e+35 0.0000000000e+00 0.0000000000e+00 0.0000000000e+00 -2.1351753170e+13 2.5403523997e+14 0.0000000000e+00
1.9229420577e+21 2.0949616983e+21 2.3459771326e+19 9.8607123564e+34 0.0000000000e+00 0.0000000000e+00 0.0000000000e+00 -2.1351753170e+13 2.5403523997e+14 0.0000000000e+00
9.3788529173e+20 2.5262101102e+21 -1.5934229482e+20 6.3051979937e+34 0.0000000000e+00 0.0000000000e+00 0.0000000000e+00 -2.1351753170e+13 2.5403523997e+14 0.0000000000e+00
2.1177818798e+21 1.2102879410e+21 -7.3327296022e+19 3.2504584688e+34 0.0000000000e+00 0.0000000000e+00 0.0000000000e+00 -2.1351753170e+13 2.5403523997e+14 0.0000000000e+00
2.6885883156e+21 1.1635380708e+21 4.5817603787e+19 6.0978762163e+34 0.0000000000e+00 0.0000000000e+00 0.0000000000e+00 -2.1351753170e+13 2.5403523997e+14 0.0000000000e+00
4.7210768536e+20 1.3664654550e+21 4.5870157189e+19 2.7877464136e+34 0.0000000000e+00 0.0000000000e+00 0.0000000000e+00 -2.1351753170e+13 2.5403523997e+14 0.0000000000e+00
1.4761550124e+21 2.5691488841e+21 -2.4382473537e+19 6.4677101005e+34 0.0000000000e+00 0.0000000000e+00 0.0000000000e+00 -2.1351753170e+13 2.5403523997e+14 0.0000000000e+00
1.6173704414e+21 5.3026539140e+20 2.4581000540e+19 5.8589165594e+34 0.0000000000e+00 0.0000000000e+00 0.0000000000e+00 -2.1351753170e+13 2.5403523997e+14 0.0000000000e+00
1.1873038028e+21 2.0010097710e+21 1.0697705014e+20 2.5507953292e+34 0.0000000000e+00 0.0000000000e+00 0.0000000000e+00 -2.1351753170e+13 2.5403523997e+14 0.0000000000e+00
6.0913186450e+20 1.5970335687e+21 -3.6165009466e+19 1.0112099780e+35 0.0000000000e+00 0.0000000000e+00 0.0000000000e+00 -2.1351753170e+13 2.5403523997e+14 0.0000000000e+00
2.8281521100e+21 2.3144311258e+21 -1.9443041622e+20 1.9541684136e+35 0.0000000000e+00 0.0000000000e+00 0.0000000000e+00 -2.1351753170e+13 2.5403523997e+14 0.0000000000e+00
2.5245785357e+21 2.0553144588e+21 -3.6240358234e+19 9.3731565792e+34 0.0000000000e+00 0.0000000000e+00 0.0000000000e+00 -2.1351753170e+13 2.5403523997e+14 0.0000000000e+00
1.7283326850e+21 1.1401095712e+21 -9.8517550382e+19 8.9394305304e+34 0.0000000000e+00 0.0000000000e+00 0.0000000000e+00 -2.1351753170e+13 2.5403523997e+14 0.0000000000e+00
1.1914338419e+21 1.1761946806e+21 -3.1164775058e+19 1.0185588309e+35 0.0000000000e+00 0.0000000000e+00 0.0000000000e+00 -2.1351753170e+13 2.5403523997e+14 0.0000000000e+00
8.2878014337e+20 8.3187782477e+20 4.6425555523e+19 1.8237232183e+35 0.0000000000e+00 0.0000000000e+00 0.0000000000e+00 -2.1351753170e+13 2.5403523997e+14 0.0000000000e+00
3.0790606976e+20 3.0090183349e+21 -8.9731709610e+19 1.1665280875e+35 0.0000000000e+00 0.0000000000e+00 0.0000000000e+00 -2.1351753170e+13 2.5403523997e+14 0.0000000000e+00
2.6483839504e+21 1.0763800583e+21 -2.1615446794e+19 1.4078282060e+35 0.0000000000e+00 0.0000000000e+00 0.0000000000e+00 -2.1351753170e+13 2.5403523997e+14 0.0000000000e+00
6.2546496408e+20 2.4060466599e+21 3.7431288382e+19 5.5108874056e+34 0.0000000000e+00 0.0000000000e+00 0.0000000000e+00 -2.1351753170e+13 2.5403523997e+14 0.0000000000e+00
2.2354912889e+21 3.0042369749e+21 2.7329898346e+19 1.9603194714e+35 0.0000000000e+00 0.0000000000e+00 0.0000000000e+00 -2.1351753170e+13 2.5403523997e+14 0.0000000000e+00
4.7434019188e+20 1.8626036093e+21 -8.2068014004e+18 1.3361975115e+35 0.0000000000e+00 0.0000000000e+00 0.0000000000e+00 -2.1351753170e+13 2.5403523997e+14 0.0000000000e+00
2.3391936248e+21 5.5138008246e+20 -9.4533430937e+18 7.7087922669e+34 0.0000000000e+00 0.0000000000e+00 0.0000000000e+00 -2.1351753170e+13 2.5403523997e+14 0.0000000000e+00
2.5200400108e+21 2.6398432818e+21 -5.5391680885e+18 1.9717709238e+35 0.0000000000e+00 0.0000000000e+00 0.0000000000e+00 -2.1351753170e+13 2.5403523997e+14 0.0000000000e+00
1.2231627278e+21 2.9638204809e+21 2.5863528161e+19 1.7903495261e+35 0.0000000000e+00 0.0000000000e+00 0.0000000000e+00 -2.1351753170e+13 2.5403523997e+14 0.0000000000e+00
2.8565496051e+21 7.8925451591e+20 -8.6580308749e+18 1.4379988121e+35 0.0000000000e+00 0.0000000000e+00 0.0000000000e+00 -2.1351753170e+13 2.5403523997e+14 0.0000000000e+00
2.7633609955e+21 8.2117669644e+20 -1.8413004848e+19 1.1437123078e+35 0.0000000000e+00 0.0000000000e+00 0.0000000000e+00 -2.1351753170e+13 2.5403523997e+14 0.0000000000e+00
2.8876304600e+21 7.7897002738e+20 -6.7275325709e+19 4.9361134326e+34 0.0000000000e+00 0.0000000000e+00 0.0000000000e+00 -2.1351753170e+13 2.5403523997e+14 0.0000000000e+00
1.6383135400e+21 2.2606100810e+21 6.6735010388e+19 8.0561455657e+34 0.0000000000e+00 0.0000000000e+00 0.0000000000e+00 -2.1351753170e+13 2.5403523997e+14 0.0000000000e+00
1.9906757547e+21 9.2437399793e+20 -3.0112587017e+19 1.9077527272e+35 0.0000000000e+00 0.0000000000e+00 0.0000000000e+00 -2.1351753170e+13 2.5403523997e+14 0.0000000000e+00
2.6718370797e+21 1.9042753170e+21 -3.7776866959e+19 1.5263130802e+35 0.0000000000e+00 0.0000000000e+00 0.0000000000e+00 -2.1351753170e+13 2.5403523997e+14 0.0000000000e+00
1.4179352960e+21 1.4850702605e+21 -3.4478839745e+19 6.5497491096e+34 0.0000000000e+00 0.0000000000e+00 0.0000000000e+00 -2.1351753170e+13 2.5403523997e+14 0.0000000000e+00
2.7042533883e+21 3.9331199742e+20 -8.8407001854e+19 1.6270491073e+35 0.0000000000e+00 0.0000000000e+00 0.0000000000e+00 -2.1351753170e+13 2.5403523997e+14 0.0000000000e+00
3.3738918920e+20 1.4502643013e+21 -4.2886069715e+19 1.6028004690e+35 0.0000000000e+00 0.0000000000e+00 0.0000000000e+00 -2.1351753170e+13 2.5403523997e+14 0.0000000000e+00
2.6771754011e+21 2.9339437091e+21 2.0343419789e+20 7.8408026762e+34 0.0000000000e+00 0.0000000000e+00 0.0000000000e+00 -2.1351753170e+13 2.5403523997e+14 0.0000000000e+00
1.5495588839e+21 2.3596892045e+21 2.0063717688e+19 1.3177774744e+35 0.0000000000e+00 0.0000000000e+00 0.0000000000e+00 -2.1351753170e+13 2.5403523997e+14 0.0000000000e+00
2.2489472924e+21 5.9217526324e+20 -1.7323405082e+20 2.8908766245e+34 0.0000000000e+00 0.0000000000e+00 0.0000000000e+00 -2.1351753170e+13 2.5403523997e+14 0.0000000000e+00
2.7943328467e+21 2.7836817205e+21 -2.1997724221e+19 1.9506006004e+35 0.0000000000e+00 0.0000000000e+00 0.0000000000e+00 -2.1351753170e+13 2.5403523997e+14 0.0000000000e+00
2.7652897432e+21 1.1354220986e+21 -2.4267684087e+19 1.6814921549e+35 0.0000000000e+00 0.0000000000e+00 0.0000000000e+00 -2.1351753170e+13 2.5403523997e+14 0.0000000000e+00
2.3933203438e+21 2.0897584242e+21 7.8764167925e+18 7.4187992841e+34 0.0000000000e+00 0.0000000000e+00 0.0000000000e+00 -2.1351753170e+13 2.5403523997e+14 0.0000000000e+00
2.5600864250e+21 1.4231563493e+21 6.6181769467e+19 1.7730144669e+35 0.0000000000e+00 0.0000000000e+00 0.0000000000e+00 -2.1351753170e+13 2.5403523997e+14 0.0000000000e+00
2.8012821311e+21 4.5056203383e+20 -5.8847277406e+19 3.4926489565e+34 0.0000000000e+00 0.0000000000e+00 0.0000000000e+00 -2.1351753170e+13 2.5403523997e+14 0.0000000000e+00
2.7466166281e+21 2.3272513908e+21 -9.0576553527e+19 1.5354074537e+35 0.0000000000e+00 0.0000000000e+00 0.0000000000e+00 -2.1351753170e+13 2.5403523997e+14 0.0000000000e+00
6.6586081565e+20 5.6473385749e+20 -9.0732355767e+19 1.7932627751e+35 0.0000000000e+00 0.0000000000e+00 0.0000000000e+00 -2.1351753170e+13 2.5403523997e+14 0.0000000000e+00
9.7943559610e+20 7.4992611505e+19 1.8621119743e+19 4.7740890891e+34 0.0000000000e+00 0.0000000000e+00 0.0000000000e+00 -2.1351753170e+13 2.5403523997e+14 0.0000000000e+00
2.0574331547e+21 1.7266690815e+21 -4.2528470457e+19 3.2912445885e+34 0.0000000000e+00 0.0000000000e+00 0.0000000000e+00 -2.1351753170e+13 2.5403523997e+14 0.0000000000e+00
2.6611158336e+21 1.4094247166e+21 7.2162931483e+18 1.5242060403e+35 0.0000000000e+00 0.0000000000e+00 0.0000000000e+00 -2.1351753170e+13 2.5403523997e+14 0.0000000000e+00
8.4706123393e+20 1.5715563556e+21 5.6754432741e+19 6.7667892466e+34 0.0000000000e+00 0.0000000000e+00 0.0000000000e+00 -2.1351753170e+13 2.5403523997e+14 0.0000000000e+00
1.1750111487e+21 1.3558711884e+21 1.0940405663e+19 5.4286978181e+34 0.0000000000e+00 0.0000000000e+00 0.0000000000e+00 -2.1351753170e+13 2.5403523997e+14 0.0000000000e+00
8.6349789357e+20 2.2395541181e+21 -5.7763211513e+19 1.4007537668e+35 0.0000000000e+00 0.0000000000e+00 0.0000000000e+00 -2.1351753170e+13 2.5403523997e+14 0.0000000000e+00
2.3734357645e+21 7.9063158721e+20 3.1691432612e+19 5.9064859677e+34 0.0000000000e+00 0.0000000000e+00 0.0000000000e+00 -2.1351753170e+13 2.5403523997e+14 0.0000000000e+00
2.3600913025e+21 2.7489110642e+21 -1.0789624668e+20 1.4903010242e+35 0.0000000000e+00 0.0000000000e+00 0.0000000000e+00 -2.1351753170e+13 2.5403523997e+14 0.0000000000e+00
1.6218976849e+21 2.6010022516e+21 -6.9081441846e+19 1.8167100593e+35 0.0000000000e+00 0.0000000000e+00 0.0000000000e+00 -2.1351753170e+13 2.5403523997e+14 0.0000000000e+00
2.1599891562e+21 3.7575947977e+20 -1.2667335816e+20 1.2071880728e+35 0.0000000000e+00 0.0000000000e+00 0.0000000000e+00 -2.1351753170e+13 2.5403523997e+14 0.0000000000e+00
1.9679905330e+21 1.7896074756e+21 -2.8711627901e+19 1.6391940882e+35 0.0000000000e+00 0.0000000000e+00 0.0000000000e+00 -2.1351753170e+13 2.5403523997e+14 0.0000000000e+00
1.7341396186e+21 2.2103558465e+21 3.7262260289e+19 1.1380410174e+35 0.0000000000e+00 0.0000000000e+00 0.0000000000e+00 -2.1351753170e+13 2.5403523997e+14 0.0000000000e+00
2.2432365795e+21 8.2357336596e+20 -3.3331383535e+18 1.7858834828e+35 0.0000000000e+00 0.0000000000e+00 0.0000000000e+00 -2.1351753170e+13 2.5403523997e+14 0.0000000000e+00
2.6674067515e+21 8.7917328865e+20 -1.1714554227e+19 4.6258404867e+34 0.0000000000e+00 0.0000000000e+00 0.0000000000e+00 -2.1351753170e+13 2.5403523997e+14 0.0000000000e+00
5.3479314917e+20 2.5219579268e+21 -1.4798448144e+20 1.0512289498e+35 0.0000000000e+00 0.0000000000e+00 0.0000000000e+00 -2.1351753170e+13 2.5403523997e+14 0.0000000000e+00
8.7407225795e+20 2.6465247476e+21 2.3454087660e+19 9.5412734971e+34 0.0000000000e+00 0.0000000000e+00 0.0000000000e+00 -2.1351753170e+13 2.5403523997e+14 0.0000000000e+00
2.4245549893e+21 2.7770252626e+21 9.3017324631e+19 1.0527771409e+35 0.0000000000e+00 0.0000000000e+00 0.0000000000e+00 -2.1351753170e+13 2.5403523997e+14 0.0000000000e+00
2.4285151331e+21 1.7840718495e+21 1.1594855757e+20 1.8220635700e+35 0.0000000000e+00 0.0000000000e+00 0.0000000000e+00 -2.1351753170e+13 2.5403523997e+14 0.0000000000e+00
8.1022299392e+20 1.3911547664e+21 7.2837710882e+17 1.5852832068e+35 0.0000000000e+00 0.0000000000e+00 0.0000000000e+00 -2.1351753170e+13 2.5403523997e+14 0.0000000000e+00
4.7144864366e+20 2.8871259460e+21 -7.9480794187e+19 1.0722425779e+35 0.0000000000e+00 0.0000000000e+00 0.0000000000e+00 -2.1351753170e+13 2.5403523997e+14 0.0000000000e+00
1.9890712835e+20 2.6653581921e+21 7.9427261756e+19 1.3111085803e+35 0.0000000000e+00 0.0000000000e+00 0.0000000000e+00 -2.1351753170e+13 2.5403523997e+14 0.0000000000e+00
2.7151625646e+21 1.1326410450e+21 4.6349252222e+18 1.5615440489e+35 0.0000000000e+00 0.0000000000e+00 0.0000000000e+00 -2.1351753170e+13 2.5403523997e+14 0.0000000000e+00
8.7184928257e+18 7.1715986284e+20 5.0400432683e+19 1.1465600189e+35 0.0000000000e+00 0.0000000000e+00 0.0000000000e+00 -2.1351753170e+13 2.5403523997e+14 0.0000000000e+00
1.3869083161e+21 2.4099467764e+21 7.2967205769e+19 1.0764614037e+35 0.0000000000e+00 0.0000000000e+00 0.0000000000e+00 -2.1351753170e+13 2.5403523997e+14 0.0000000000e+00
1.2635357846e+21 1.5587372035e+21 -2.9594253799e+19 1.3178002647e+35 0.0000000000e+00 0.0000000000e+00 0.0000000000e+00 -2.1351753170e+13 2.5403523997e+14 0.0000000000e+00
7.5758061710e+20 1.7089531317e+21 4.2980640765e+19 1.8339734411e+35 0.0000000000e+00 0.0000000000e+00 0.0000000000e+00 -2.1351753170e+13 2.5403523997e+14 0.0000000000e+00
2.3655258187e+21 4.5085644512e+20 2.7942195508e+19 1.6796363872e+35 0.0000000000e+00 0.0000000000e+00 0.0000000000e+00 -2.1351753170e+13 2.5403523997e+14 0.0000000000e+00
9.8858379738e+19 1.6976536452e+20 1.0471500915e+20 6.3143008370e+34 0.0000000000e+00 0.0000000000e+00 0.0000000000e+00 -2.1351753170e+13 2.5403523997e+14 0.0000000000e+00
2.3208729496e+21 9.6355527927e+20 1.9359212432e+19 1.8555038706e+35 0.0000000000e+00 0.0000000000e+00 0.0000000000e+00 -2.1351753170e+13 2.5403523997e+14 0.0000000000e+00
8.4119795089e+20 2.6644074729e+20 5.1190895547e+19 1.2384735387e+35 0.0000000000e+00 0.0000000000e+00 0.0000000000e+00 -2.1351753170e+13 2.5403523997e+14 0.0000000000e+00
1.2729243522e+21 2.0555129571e+21 -3.6946621649e+19 1.8232893343e+35 0.0000000000e+00 0.0000000000e+00 0.0000000000e+00 -2.1351753170e+13 2.5403523997e+14 0.0000000000e+00
6.6164721835e+20 2.0678296388e+21 9.4551221213e+19 1.1262797224e+35 0.0000000000e+00 0.0000000000e+00 0.0000000000e+00 -2.1351753170e+13 2.5403523997e+14 0.0000000000e+00
2.9720549122e+21 1.1152969731e+20 -2.4073142476e+19 1.3413596270e+35 0.0000000000e+00 0.0000000000e+00 0.0000000000e+00 -2.1351753170e+13 2.5403523997e+14 0.0000000000e+00
1.8933852641e+21 2.1252849146e+21 -4.1452402708e+19 6.5329460406e+34 0.0000000000e+00 0.0000000000e+00 0.0000000000e+00 -2.1351753170e+13 2.5403523997e+14 0.0000000000e+00
6.6803864780e+20 1.8196062643e+21 6.0201970812e+19 1.2663627028e+35 0.0000000000e+00 0.0000000000e+00 0.0000000000e+00 -2.1351753170e+13 2.5403523997e+14 0.0000000000e+00
1.2557330343e+21 1.2882516761e+21 4.7165977830e+19 8.3046686999e+34 0.0000000000e+00 0.0000000000e+00 0.0000000000e+00 -2.1351753170e+13 2.5403523997e+14 0.0000000000e+00
1.6045623602e+21 1.0077311588e+21 2.1838464547e+19 1.9752713119e+35 0.0000000000e+00 0.0000000000e+00 0.0000000000e+00 -2.1351753170e+13 2.5403523997e+14 0.0000000000e+00
6.5420157732e+20 1.0552420046e+21 -1.1534932861e+20 1.5403904502e+35 0.0000000000e+00 0.0000000000e+00 0.0000000000e+00 -2.1351753170e+13 2.5403523997e+14 0.0000000000e+00
3.7552916834e+20 8.3201511236e+20 6.6179329269e+19 1.2989131036e+35 0.0000000000e+00 0.0000000000e+00 0.0000000000e+00 -2.1351753170e+13 2.5403523997e+14 0.0000000000e+00
4.8938491738e+20 1.4242312793e+21 8.5672302689e+19 5.4683703196e+34 0.0000000000e+00 0.0000000000e+00 0.0000000000e+00 -2.1351753170e+13 2.5403523997e+14 0.0000000000e+00
2.9574949814e+21 7.2178342808e+20 -1.6651365194e+19 5.5776937281e+34 0.0000000000e+00 0.0000000000e+00 0.0000000000e+00 -2.1351753170e+13 2.5403523997e+14 0.0000000000e+00
8.5467688353e+20 3.6840480598e+20 6.1259782940e+19 1.1164265425e+35 0.0000000000e+00 0.0000000000e+00 0.0000000000e+00 -2.1351753170e+13 2.5403523997e+14 0.0000000000e+00
2.0636937267e+20 3.2787158141e+20 -3.4704988530e+19 4.8476741864e+34 0.0000000000e+00 0.0000000000e+00 0.0000000000e+00 -2.1351753170e+13 2.5403523997e+14 0.0000000000e+00
2.8103455668e+21 1.6369126692e+21 -6.0497764926e+19 1.5100728972e+35 0.0000000000e+00 0.0000000000e+00 0.0000000000e+00 -2.1351753170e+13 2.5403523997e+14 0.0000000000e+00
1.5077171102e+21 1.9356808715e+21 1.6260774264e+20 1.3739154721e+35 0.0000000000e+00 0.0000000000e+00 0.0000000000e+00 -2.1351753170e+13 2.5403523997e+14 0.0000000000e+00
1.7875923082e+21 1.5901416422e+21 -8.5668696844e+19 1.2372663891e+35 0.0000000000e+00 0.0000000000e+00 0.0000000000e+00 -2.1351753170e+13 2.5403523997e+14 0.0000000000e+00
1.4020650129e+21 2.1515590184e+21 8.8257709207e+19 2.8152056771e+34 0.0000000000e+00 0.0000000000e+00 0.0000000000e+00 -2.1351753170e+13 2.5403523997e+14 0.0000000000e+00
1.6982779537e+20 1.1086175067e+21 -4.7587535680e+19 7.4681140396e+34 0.0000000000e+00 0.0000000000e+00 0.0000000000e+00 -2.1351753170e+13 2.5403523997e+14 0.0000000000e+00
1.8469963326e+21 2.2466873498e+20 5.2131150230e+18 9.8095880347e+34 0.0000000000e+00 0.0000000000e+00 0.0000000000e+00 -2.1351753170e+13 2.5403523997e+14 0.0000000000e+00
6.9785594889e+20 9.3812113693e+20 -8.0999957391e+18 1.0049127760e+35 0.0000000000e+00 0.0000000000e+00 0.0000000000e+00 -2.1351753170e+13 2.5403523997e+14 0.0000000000e+00
2.4478585033e+21 9.7806850187e+20 -1.2565738956e+20 1.6128069062e+35 0.0000000000e+00 0.0000000000e+00 0.0000000000e+00 -2.1351753170e+13 2.5403523997e+14 0.0000000000e+00
4.0567026031e+20 1.1423023999e+21 -2.7397473712e+19 5.3921594783e+34 0.0000000000e+00 0.0000000000e+00 0.0000000000e+00 -2.1351753170e+13 2.5403523997e+14 0.0000000000e+00
1.3347676459e+21 1.8076724005e+21 3.3521139906e+19 6.9695459803e+34 0.0000000000e+00 0.0000000000e+00 0.0000000000e+00 -2.1351753170e+13 2.5403523997e+14 0.0000000000e+00
6.9713398527e+20 2.6388654568e+20 -1.7028709190e+20 1.1693092806e+35 0.0000000000e+00 0.0000000000e+00 0.0000000000e+00 -2.1351753170e+13 2.5403523997e+14 0.0000000000e+00
1.1784888159e+21 8.2804656354e+20 4.7359798152e+18 9.0254462531e+34 0.0000000000e+00 0.0000000000e+00 0.0000000000e+00 -2.1351753170e+13 2.5403523997e+14 0.0000000000e+00
2.3579587310e+21 9.4474700251e+20 -8.1397322697e+19 1.1242340292e+35 0.0000000000e+00 0.0000000000e+00 0.0000000000e+00 -2.1351753170e+13 2.5403523997e+14 0.0000000000e+00
6.1350485790e+20 1.3930334727e+21 -5.3672910764e+19 5.4613658025e+34 0.0000000000e+00 0.0000000000e+00 0.0000000000e+00 -2.1351753170e+13 2.5403523997e+14 0.0000000000e+00
2.8462307921e+21 2.7879048407e+21 -5.0981596404e+19 1.5293636058e+35 0.0000000000e+00 0.0000000000e+00 0.0000000000e+00 -2.1351753170e+13 2.5403523997e+14 0.0000000000e+00
2.0828088710e+21 2.9797488760e+21 1.1467569728e+20 1.8248159159e+35 0.0000000000e+00 0.0000000000e+00 0.0000000000e+00 -2.1351753170e+13 2.5403523997e+14 0.0000000000e+00
2.6823124273e+21 8.1352535916e+20 5.4063286077e+19 1.5605225453e+35 0.0000000000e+00 0.0000000000e+00 0.0000000000e+00 -2.1351753170e+13 2.5403523997e+14 0.0000000000e+00
1.6465759736e+21 7.4448901328e+20 -1.3287697115e+19 3.7887546716e+34 0.0000000000e+00 0.0000000000e+00 0.0000000000e+00 -2.1351753170e+13 2.5403523997e+14 0.0000000000e+00
1.6365137188e+21 1.9386169740e+21 -3.1208285187e+19 1.1916097345e+35 0.0000000000e+00 0.0000000000e+00 0.0000000000e+00 -2.1351753170e+13 2.5403523997e+14 0.0000000000e+00
4.7991915446e+20 7.6949880088e+20 5.7194529816e+19 1.8925465352e+35 0.0000000000e+00 0.0000000000e+00 0.0000000000e+00 -2.1351753170e+13 2.5403523997e+14 0.0000000000e+00
2.1266823793e+21 2.8843704525e+21 1.0998614552e+20 9.5600763769e+34 0.0000000000e+00 0.0000000000e+00 0.0000000000e+00 -2.1351753170e+13 2.5403523997e+14 0.0000000000e+00
1.6016301104e+21 2.4533158822e+21 5.9902174094e+18 9.8332453707e+34 0.0000000000e+00 0.0000000000e+00 0.0000000000e+00 -2.1351753170e+13 2.5403523997e+14 0.0000000000e+00
7.0238717377e+20 6.1673716863e+20 -1.8916113087e+20 3.8816033622e+34 0.0000000000e+00 0.0000000000e+00 0.0000000000e+00 -2.1351753170e+13 2.5403523997e+14 0.0000000000e+00
1.3252814798e+21 1.4172444029e+21 -1.0958973466e+20 1.7917544801e+35 0.0000000000e+00 0.0000000000e+00 0.0000000000e+00 -2.1351753170e+13 2.5403523997e+14 0.0000000000e+00
1.4362770031e+21 3.8284215504e+20 4.1050402792e+19 9.4727723360e+34 0.0000000000e+00 0.0000000000e+00 0.0000000000e+00 -2.1351753170e+13 2.5403523997e+14 0.0000000000e+00
2.4093257697e+21 4.8004223958e+20 -6.3830669519e+19 7.2391254534e+34 0.0000000000e+00 0.0000000000e+00 0.0000000000e+00 -2.1351753170e+13 2.5403523997e+14 0.0000000000e+00
9.4212299617e+20 4.7141539313e+20 -1.0272837715e+20 1.8545641342e+35 0.0000000000e+00 0.0000000000e+00 0.0000000000e+00 -2.1351753170e+13 2.5403523997e+14 0.0000000000e+00
8.4697224711e+20 1.8192905847e+21 2.7099042837e+19 5.9709813288e+34 0.0000000000e+00 0.0000000000e+00 0.0000000000e+00 -2.1351753170e+13 2.5403523997e+14 0.0000000000e+00
1.2828898150e+21 2.8575578672e+21 -1.1067205611e+19 5.0788559930e+34 0.0000000000e+00 0.0000000000e+00 0.0000000000e+00 -2.1351753170e+13 2.5403523997e+14 0.0000000000e+00
1.6446108464e+21 2.4702236329e+21 -7.3210372936e+19 2.7284106982e+34 0.0000000000e+00 0.0000000000e+00 0.0000000000e+00 -2.1351753170e+13 2.5403523997e+14 0.0000000000e+00
2.2507476465e+21 2.6139958858e+21 -4.8289215869e+19 7.2744347154e+34 0.0000000000e+00 0.0000000000e+00 0.0000000000e+00 -2.1351753170e+13 2.5403523997e+14 0.0000000000e+00
1.7841451057e+21 1.4626574724e+20 6.8807939269e+19 1.3262058806e+35 0.0000000000e+00 0.0000000000e+00 0.0000000000e+00 -2.1351753170e+13 2.5403523997e+14 0.0000000000e+00
1.2781515128e+20 2.2275865282e+21 -1.6484024971e+20 2.7793486574e+34 0.0000000000e+00 0.0000000000e+00 0.0000000000e+00 -2.1351753170e+13 2.5403523997e+14 0.0000000000e+00
2.6632991308e+21 2.5101543956e+21 1.0060682344e+20 1.9593983418e+35 0.0000000000e+00 0.0000000000e+00 0.0000000000e+00 -2.1351753170e+13 2.5403523997e+14 0.0000000000e+00
5.1606531612e+20 3.0151036920e+21 3.3755167297e+19 1.5174784306e+35 0.0000000000e+00 0.0000000000e+00 0.0000000000e+00 -2.1351753170e+13 2.5403523997e+14 0.0000000000e+00
8.6514462121e+20 3.3172198994e+20 -1.0191805927e+20 1.4755359403e+35 0.0000000000e+00 0.0000000000e+00 0.0000000000e+00 -2.1351753170e+13 2.5403523997e+14 0.0000000000e+00
1.9420791937e+21 3.6746993475e+20 1.2068101122e+20 1.8967334768e+35 0.0000000000e+00 0.0000000000e+00 0.0000000000e+00 -2.1351753170e+13 2.5403523997e+14 0.0000000000e+00
1.2758218762e+20 3.3580148981e+20 -9.2346311315e+19 1.4084849212e+35 0.0000000000e+00 0.0000000000e+00 0.0000000000e+00 -2.1351753170e+13 2.5403523997e+14 0.0000000000e+00
1.4310582877e+21 2.3592946393e+21 9.2005262706e+18 1.6293310572e+35 0.0000000000e+00 0.0000000000e+00 0.0000000000e+00 -2.1351753170e+13 2.5403523997e+14 0.0000000000e+00
7.0451800132e+20 4.1259012669e+20 6.6482382857e+19 1.8420596860e+35 0.0000000000e+00 0.0000000000e+00 0.0000000000e+00 -2.1351753170e+13 2.5403523997e+14 0.0000000000e+00
2.9598206597e+21 3.3140488281e+20 3.2980360122e+19 1.3024176956e+35 0.0000000000e+00 0.0000000000e+00 0.0000000000e+00 -2.1351753170e+13 2.5403523997e+14 0.0000000000e+00
1.8660555971e+21 3.4487449203e+19 -1.0836663206e+20 1.7686966144e+35 0.0000000000e+00 0.0000000000e+00 0.0000000000e+00 -2.1351753170e+13 2.5403523997e+14 0.0000000000e+00
2.9167609380e+21 2.7407825746e+21 9.2800439571e+19 3.0733184438e+34 0.0000000000e+00 0.0000000000e+00 0.0000000000e+00 -2.1351753170e+13 2.5403523997e+14 0.0000000000e+00
1.7397723565e+21 1.7815661140e+21 -3.5060423247e+19 1.2604372798e+35 0.0000000000e+00 0.0000000000e+00 0.0000000000e+00 -2.1351753170e+13 2.5403523997e+14 0.0000000000e+00
1.7015984125e+21 2.0115471470e+21 7.7338802422e+19 1.9796335671e+35 0.0000000000e+00 0.0000000000e+00 0.0000000000e+00 -2.1351753170e+13 2.5403523997e+14 0.0000000000e+00
2.0992688727e+21 2.4965006365e+21 4.4038316013e+19 5.4513437448e+34 0.0000000000e+00 0.0000000000e+00 0.0000000000e+00 -2.1351753170e+13 2.5403523997e+14 0.0000000000e+00
3.8209597690e+20 2.0463171810e+21 -1.8179874158e+20 9.1168319675e+34 0.0000000000e+00 0.0000000000e+00 0.0000000000e+00 -2.1351753170e+13 2.5403523997e+14 0.0000000000e+00
2.6075821261e+20 4.8772106699e+20 -6.5442875821e+19 1.7837705647e+35 0.0000000000e+00 0.0000000000e+00 0.0000000000e+00 -2.1351753170e+13 2.5403523997e+14 0.0000000000e+00
2.1828939414e+20 9.5472118121e+19 -2.1875422459e+19 1.5507694865e+35 0.0000000000e+00 0.0000000000e+00 0.0000000000e+00 -2.1351753170e+13 2.5403523997e+14 0.0000000000e+00
1.5147345248e+20 2.8583112433e+21 -1.8168470384e+19 5.6667114484e+34 0.0000000000e+00 0.0000000000e+00 0.0000000000e+00 -2.1351753170e+13 2.5403523997e+14 0.0000000000e+00
2.7329451775e+21 2.3423161915e+21 4.4129811787e+19 1.4816645510e+35 0.0000000000e+00 0.0000000000e+00 0.0000000000e+00 -2.1351753170e+13 2.5403523997e+14 0.0000000000e+00
4.5833768105e+20 1.0335154777e+21 -1.3582973499e+19 4.3776224060e+34 0.0000000000e+00 0.0000000000e+00 0.0000000000e+00 -2.1351753170e+13 2.5403523997e+14 0.0000000000e+00
2.9566230988e+21 1.7428900837e+21 -3.5444141888e+19 7.2304248307e+34 0.0000000000e+00 0.0000000000e+00 0.0000000000e+00 -2.1351753170e+13 2.5403523997e+14 0.0000000000e+00
1.1942217910e+21 2.3564086068e+21 -8.5861135909e+19 5.1449558837e+34 0.0000000000e+00 0.0000000000e+00 0.0000000000e+00 -2.1351753170e+13 2.5403523997e+14 0.0000000000e+00
2.4607496498e+21 2.0641847864e+21 4.7559554861e+19 1.3455984282e+35 0.0000000000e+00 0.0000000000e+00 0.0000000000e+00 -2.1351753170e+13 2.5403523997e+14 0.0000000000e+00
7.2463126874e+20 2.3454536425e+21 -6.6977908833e+18 1.3973578592e+35 0.0000000000e+00 0.0000000000e+00 0.0000000000e+00 -2.1351753170e+13 2.5403523997e+14 0.0000000000e+00
2.6756801348e+21 1.0223251361e+21 1.2342323516e+20 1.3534416739e+35 0.0000000000e+00 0.0000000000e+00 0.0000000000e+00 -2.1351753170e+13 2.5403523997e+14 0.0000000000e+00
2.3743919847e+20 1.7731753990e+21 1.9693390240e+20 1.1035422019e+35 0.0000000000e+00 0.0000000000e+00 0.0000000000e+00 -2.1351753170e+13 2.5403523997e+14 0.0000000000e+00
2.0811428702e+21 2.3636473850e+21 6.7754211282e+19 6.9484265939e+34 0.0000000000e+00 0.0000000000e+00 0.0000000000e+00 -2.1351753170e+13 2.5403523997e+14 0.0000000000e+00
1.3266107503e+21 2.3793505833e+21 3.0455758542e+19 1.0644986157e+35 0.0000000000e+00 0.0000000000e+00 0.0000000000e+00 -2.1351753170e+13 2.5403523997e+14 0.0000000000e+00
3.0142332941e+21 1.1434658148e+21 1.2479804063e+20 6.4419255033e+34 0.0000000000e+00 0.0000000000e+00 0.0000000000e+00 -2.1351753170e+13 2.5403523997e+14 0.0000000000e+00
1.8796798281e+21 9.7762334123e+20 -4.3085832289e+19 1.3443149652e+35 0.0000000000e+00 0.0000000000e+00 0.0000000000e+00 -2.1351753170e+13 2.5403523997e+14 0.0000000000e+00
1.9092057461e+21 2.9597571540e+21 -4.4946772092e+19 7.8438924096e+34 0.0000000000e+00 0.0000000000e+00 0.0000000000e+00 -2.1351753170e+13 2.5403523997e+14 0.0000000000e+00
1.3702402038e+20 2.1300926139e+20 -4.5596687342e+18 3.9990460679e+34 0.0000000000e+00 0.0000000000e+00 0.0000000000e+00 -2.1351753170e+13 2.5403523997e+14 0.0000000000e+00
2.2200536924e+21 3.5307418732e+20 -2.7218728854e+19 1.5160940441e+35 0.0000000000e+00 0.0000000000e+00 0.0000000000e+00 -2.1351753170e+13 2.5403523997e+14 0.0000000000e+00
2.1022463395e+21 3.5492657168e+20 9.1392193331e+19 5.4007265633e+34 0.0000000000e+00 0.0000000000e+00 0.0000000000e+00 -2.1351753170e+13 2.5403523997e+14 0.0000000000e+00
2.7741383537e+21 1.6538100833e+20 -4.1974804853e+19 8.7615664462e+34 0.0000000000e+00 0.0000000000e+00 0.0000000000e+00 -2.1351753170e+13 2.5403523997e+14 0.0000000000e+00
1.2871314602e+21 2.3215955955e+21 1.4844874128e+20 1.9434065718e+35 0.0000000000e+00 0.0000000000e+00 0.0000000000e+00 -2.1351753170e+13 2.5403523997e+14 0.0000000000e+00
1.4985622094e+20 1.6021599576e+21 1.8481528785e+20 1.5412376479e+35 0.0000000000e+00 0.0000000000e+00 0.0000000000e+00 -2.1351753170e+13 2.5403523997e+14 0.0000000000e+00
2.3120020087e+21 1.2203754488e+20 1.0861955589e+20 5.3865095696e+34 0.0000000000e+00 0.0000000000e+00 0.0000000000e+00 -2.1351753170e+13 2.5403523997e+14 0.0000000000e+00
1.6868663735e+20 2.3828722681e+21 -9.0145742632e+18 1.1117558628e+35 0.0000000000e+00 0.0000000000e+00 0.0000000000e+00 -2.1351753170e+13 2.5403523997e+14 0.0000000000e+00
7.6356019535e+20 1.2523315073e+21 4.3434612969e+19 7.2214887678e+34 0.0000000000e+00 0.0000000000e+00 0.0000000000e+00 -2.1351753170e+13 2.5403523997e+14 0.0000000000e+00
1.8857882136e+21 1.6418390173e+21 -3.6289964194e+19 1.5188884145e+35 0.0000000000e+00 0.0000000000e+00 0.0000000000e+00 -2.1351753170e+13 2.5403523997e+14 0.0000000000e+00
1.1273100067e+21 2.0924797879e+21 1.6137007876e+19 1.5135694914e+35 0.0000000000e+00 0.0000000000e+00 0.0000000000e+00 -2.1351753170e+13 2.5403523997e+14 0.0000000000e+00
1.0062590955e+21 2.2939420483e+21 4.6456019634e+19 1.5007797831e+35 0.0000000000e+00 0.0000000000e+00 0.0000000000e+00 -2.1351753170e+13 2.5403523997e+14 0.0000000000e+00
1.5245906462e+21 1.7520635557e+21 6.2448364805e+19 2.8141974404e+34 0.0000000000e+00 0.0000000000e+00 0.0000000000e+00 -2.1351753170e+13 2.5403523997e+14 0.0000000000e+00
9.3291330658e+20 2.0277551823e+21 4.4667090480e+19 1.6566506880e+35 0.0000000000e+00 0.0000000000e+00 0.0000000000e+00 -2.1351753170e+13 2.5403523997e+14 0.0000000000e+00
9.4872206206e+20 2.6963611364e+21 4.8923559480e+18 1.4351653575e+35 0.0000000000e+00 0.0000000000e+00 0.0000000000e+00 -2.1351753170e+13 2.5403523997e+14 0.0000000000e+00
6.1491475214e+20 1.5233458590e+20 -2.9819616561e+19 1.3378885990e+35 0.0000000000e+00 0.0000000000e+00 0.0000000000e+00 -2.1351753170e+13 2.5403523997e+14 0.0000000000e+00
2.4791845174e+21 2.8942941613e+21 4.8526982218e+19 6.5256149895e+34 0.0000000000e+00 0.0000000000e+00 0.0000000000e+00 -2.1351753170e+13 2.5403523997e+14 0.0000000000e+00
3.3688806412e+20 3.5348191883e+20 -6.6660639225e+19 8.4389735865e+34 0.0000000000e+00 0.0000000000e+00 0.0000000000e+00 -2.1351753170e+13 2.5403523997e+14 0.0000000000e+00
3.8703215934e+20 1.4669611164e+21 1.1315933803e+20 1.2771218267e+35 0.0000000000e+00 0.0000000000e+00 0.0000000000e+00 -2.1351753170e+13 2.5403523997e+14 0.0000000000e+00
1.2315120252e+21 2.4616105120e+21 -6.6618915549e+19 5.4618090831e+34 0.0000000000e+00 0.0000000000e+00 0.0000000000e+00 -2.1351753170e+13 2.5403523997e+14 0.0000000000e+00
2.3905777225e+21 2.7802579064e+21 4.4431598149e+19 1.1725490064e+35 0.0000000000e+00 0.0000000000e+00 0.0000000000e+00 -2.1351753170e+13 2.5403523997e+14 0.0000000000e+00
1.4278139729e+21 5.1004928412e+20 -4.8914258925e+19 1.8545328977e+35 0.0000000000e+00 0.0000000000e+00 0.0000000000e+00 -2.1351753170e+13 2.5403523997e+14 0.0000000000e+00
1.3337604842e+21 1.1362386909e+21 -9.9880015524e+19 1.0959816488e+35 0.0000000000e+00 0.0000000000e+00 0.0000000000e+00 -2.1351753170e+13 2.5403523997e+14 0.0000000000e+00
1.8345530919e+21 6.7464804904e+20 -5.0772711655e+19 7.6399761441e+34 0.0000000000e+00 0.0000000000e+00 0.0000000000e+00 -2.1351753170e+13 2.5403523997e+14 0.0000000000e+00
2.1185868081e+21 1.8296300465e+21 -1.5697353077e+20 1.0534637427e+35 0.0000000000e+00 0.0000000000e+00 0.0000000000e+00 -2.1351753170e+13 2.5403523997e+14 0.0000000000e+00
6.5869115431e+20 3.9586995069e+20 1.2349415453e+20 2.8930892901e+34 0.0000000000e+00 0.0000000000e+00 0.0000000000e+00 -2.1351753170e+13 2.5403523997e+14 0.0000000000e+00
1.8658768306e+21 2.1377120630e+21 -3.7482278882e+19 8.9793431275e+34 0.0000000000e+00 0.0000000000e+00 0.0000000000e+00 -2.1351753170e+13 2.5403523997e+14 0.0000000000e+00
1.3962221207e+21 1.2460687629e+21 4.2919497316e+19 9.6383125445e+34 0.0000000000e+00 0.0000000000e+00 0.0000000000e+00 -2.1351753170e+13 2.5403523997e+14 0.0000000000e+00
2.4778919128e+21 7.8146183815e+20 1.1716658318e+19 7.8844520997e+34 0.0000000000e+00 0.0000000000e+00 0.0000000000e+00 -2.1351753170e+13 2.5403523997e+14 0.0000000000e+00
2.0879758815e+21 6.2995571196e+19 2.3322635145e+19 1.3381301659e+35 0.0000000000e+00 0.0000000000e+00 0.0000000000e+00 -2.1351753170e+13 2.5403523997e+14 0.0000000000e+00
2.4106368177e+21 1.7223079502e+21 -1.8241245439e+19 5.8429245452e+34 0.0000000000e+00 0.0000000000e+00 0.0000000000e+00 -2.1351753170e+13 2.5403523997e+14 0.0000000000e+00
2.3700837201e+21 2.8394424735e+21 -5.4912685436e+19 1.9325392582e+35 0.0000000000e+00 0.0000000000e+00 0.0000000000e+00 -2.1351753170e+13 2.5403523997e+14 0.0000000000e+00
1.3760323373e+21 2.8481315473e+21 -1.4415728471e+20 4.9379074973e+34 0.0000000000e+00 0.0000000000e+00 0.0000000000e+00 -2.1351753170e+13 2.5403523997e+14 0.0000000000e+00
2.3657544222e+21 1.5613344295e+21 -3.3382058022e+19 4.9283153512e+34 0.0000000000e+00 0.0000000000e+00 0.0000000000e+00 -2.1351753170e+13 2.5403523997e+14 0.0000000000e+00
1.0584513629e+21 1.4182651020e+21 -1.0356505157e+20 1.9151615319e+35 0.0000000000e+00 0.0000000000e+00 0.0000000000e+00 -2.1351753170e+13 2.5403523997e+14 0.0000000000e+00
2.0172234997e+21 1.8712440528e+21 -3.0400387110e+19 1.6914136279e+35 0.0000000000e+00 0.0000000000e+00 0.0000000000e+00 -2.1351753170e+13 2.5403523997e+14 0.0000000000e+00
1.3661929321e+21 2.2776003391e+21 1.7198656700e+20 9.7557386588e+34 0.0000000000e+00 0.0000000000e+00 0.0000000000e+00 -2.1351753170e+13 2.5403523997e+14 0.0000000000e+00
2.6887582945e+21 8.7270472963e+20 -1.2838579656e+20 3.5636729246e+34 0.0000000000e+00 0.0000000000e+00 0.0000000000e+00 -2.1351753170e+13 2.5403523997e+14 0.0000000000e+00
8.8629821922e+20 9.2780222152e+20 5.2745418273e+19 1.2934818012e+35 0.0000000000e+00 0.0000000000e+00 0.0000000000e+00 -2.1351753170e+13 2.5403523997e+14 0.0000000000e+00
1.0164527824e+21 2.3545195616e+21 -8.2872496458e+19 1.7892279536e+35 0.0000000000e+00 0.0000000000e+00 0.0000000000e+00 -2.1351753170e+13 2.5403523997e+14 0.0000000000e+00
2.0388554543e+21 1.3408024610e+21 2.3132631628e+19 1.6903681813e+35 0.0000000000e+00 0.0000000000e+00 0.0000000000e+00 -2.1351753170e+13 2.5403523997e+14 0.0000000000e+00
1.1622105990e+21 1.7548391079e+20 8.1357067117e+19 2.4501032864e+34 0.0000000000e+00 0.0000000000e+00 0.0000000000e+00 -2.1351753170e+13 2.5403523997e+14 0.0000000000e+00
1.1961200859e+21 6.8985656734e+20 -9.7333097942e+19 1.0045744353e+35 0.0000000000e+00 0.0000000000e+00 0.0000000000e+00 -2.1351753170e+13 2.5403523997e+14 0.0000000000e+00
1.5665784853e+21 1.1824269079e+21 4.1234473232e+19 6.7769951553e+34 0.0000000000e+00 0.0000000000e+00 0.0000000000e+00 -2.1351753170e+13 2.5403523997e+14 0.0000000000e+00
2.1652809713e+20 7.4401563866e+20 3.1770017847e+19 2.9963159761e+34 0.0000000000e+00 0.0000000000e+00 0.0000000000e+00 -2.1351753170e+13 2.5403523997e+14 0.0000000000e+00
5.7538398316e+19 2.4276551641e+21 5.4767929158e+19 7.3915073298e+34 0.0000000000e+00 0.0000000000e+00 0.0000000000e+00 -2.1351753170e+13 2.5403523997e+14 0.0000000000e+00
2.1625401516e+21 2.5374484914e+21 -7.2517328850e+19 4.6564460506e+34 0.0000000000e+00 0.0000000000e+00 0.0000000000e+00 -2.1351753170e+13 2.5403523997e+14 0.0000000000e+00
8.0107938096e+20 3.1319490825e+20 7.2979345105e+19 1.0908830890e+35 0.0000000000e+00 0.0000000000e+00 0.0000000000e+00 -2.1351753170e+13 2.5403523997e+14 0.0000000000e+00
1.0433028861e+21 1.5111954254e+21 -8.8466496814e+19 1.2614002573e+35 0.0000000000e+00 0.0000000000e+00 0.0000000000e+00 -2.1351753170e+13 2.5403523997e+14 0.0000000000e+00
2.6345415285e+21 7.8086670127e+20 9.3936843102e+19 2.2197748438e+34 0.0000000000e+00 0.0000000000e+00 0.0000000000e+00 -2.1351753170e+13 2.5403523997e+14 0.0000000000e+00
1.6458619253e+21 9.0013513227e+20 -7.5041063913e+19 1.1671505579e+35 0.0000000000e+00 0.0000000000e+00 0.0000000000e+00 -2.1351753170e+13 2.5403523997e+14 0.0000000000e+00
6.0879898998e+20 1.4529245753e+19 1.1132059491e+20 5.6264346194e+34 0.0000000000e+00 0.0000000000e+00 0.0000000000e+00 -2.1351753170e+13 2.5403523997e+14 0.0000000000e+00
9.5969439962e+20 6.7199079820e+20 8.8090454441e+19 1.7408650798e+35 0.0000000000e+00 0.0000000000e+00 0.0000000000e+00 -2.1351753170e+13 2.5403523997e+14 0.0000000000e+00
7.0237928291e+20 8.4978078815e+20 -1.1000250651e+19 1.9264560283e+35 0.0000000000e+00 0.0000000000e+00 0.0000000000e+00 -2.1351753170e+13 2.5403523997e+14 0.0000000000e+00
1.4995560740e+20 2.2925552040e+21 6.2125420881e+19 1.5442344244e+35 0.0000000000e+00 0.0000000000e+00 0.0000000000e+00 -2.1351753170e+13 2.5403523997e+14 0.0000000000e+00
2.0273141803e+21 4.6737721647e+19 1.1608081778e+20 1.5692318075e+35 0.0000000000e+00 0.0000000000e+00 0.0000000000e+00 -2.1351753170e+13 2.5403523997e+14 0.0000000000e+00
5.2241226282e+20 1.2423974439e+21 -2.5530677573e+19 1.9627596709e+35 0.0000000000e+00 0.0000000000e+00 0.0000000000e+00 -2.1351753170e+13 2.5403523997e+14 0.0000000000e+00
2.5939087891e+21 6.4202429184e+20 -1.8092208919e+19 1.0021265058e+35 0.0000000000e+00 0.0000000000e+00 0.0000000000e+00 -2.1351753170e+13 2.5403523997e+14 0.0000000000e+00
2.5666533805e+21 6.8110372499e+20 1.0649418342e+20 1.3991370393e+35 0.0000000000e+00 0.0000000000e+00 0.0000000000e+00 -2.1351753170e+13 2.5403523997e+14 0.0000000000e+00
6.0980871575e+20 4.2626403660e+20 -5.8985794892e+19 2.3203428724e+34 0.0000000000e+00 0.0000000000e+00 0.0000000000e+00 -2.1351753170e+13 2.5403523997e+14 0.0000000000e+00
9.4613811419e+20 2.2570061555e+21 -4.2427723140e+19 8.9713516278e+34 0.0000000000e+00 0.0000000000e+00 0.0000000000e+00 -2.1351753170e+13 2.5403523997e+14 0.0000000000e+00
1.1268649232e+21 8.3448938917e+19 4.3774514228e+19 1.8180949480e+35 0.0000000000e+00 0.0000000000e+00 0.0000000000e+00 -2.1351753170e+13 2.5403523997e+14 0.0000000000e+00
2.8619935470e+20 2.1399472442e+21 1.4737303078e+20 1.6088096838e+35 0.0000000000e+00 0.0000000000e+00 0.0000000000e+00 -2.1351753170e+13 2.5403523997e+14 0.0000000000e+00
2.9184436967e+21 2.7301284894e+21 5.7842103053e+19 4.4736348523e+34 0.0000000000e+00 0.0000000000e+00 0.0000000000e+00 -2.1351753170e+13 2.5403523997e+14 0.0000000000e+00
2.6328653716e+21 1.8871800907e+21 -1.6437670428e+20 5.3457147010e+34 0.0000000000e+00 0.0000000000e+00 0.0000000000e+00 -2.1351753170e+13 2.5403523997e+14 0.0000000000e+00
1.6282511096e+21 2.6069109659e+21 -2.1849537270e+19 1.1180982667e+35 0.0000000000e+00 0.0000000000e+00 0.0000000000e+00 -2.1351753170e+13 2.5403523997e+14 0.0000000000e+00
2.6573307289e+21 1.1089715648e+21 6.1149487679e+19 3.7831400887e+34 0.0000000000e+00 0.0000000000e+00 0.0000000000e+00 -2.1351753170e+13 2.5403523997e+14 0.0000000000e+00
1.9440776181e+21 5.7240303434e+20 -1.2523261823e+19 1.0163066501e+35 0.0000000000e+00 0.0000000000e+00 0.0000000000e+00 -2.1351753170e+13 2.5403523997e+14 0.0000000000e+00
2.9407494608e+21 2.4645366467e+20 -1.1794447669e+18 1.9080366845e+35 0.0000000000e+00 0.0000000000e+00 0.0000000000e+00 -2.1351753170e+13 2.5403523997e+14 0.0000000000e+00
1.8862898416e+21 1.0294357610e+21 2.8793913660e+19 4.7371147462e+34 0.0000000000e+00 0.0000000000e+00 0.0000000000e+00 -2.1351753170e+13 2.5403523997e+14 0.0000000000e+00
4.1038680554e+20 2.7459284349e+20 -2.9571822459e+19 4.4729397998e+34 0.0000000000e+00 0.0000000000e+00 0.0000000000e+00 -2.1351753170e+13 2.5403523997e+14 0.0000000000e+00
1.5444761377e+21 2.9316544595e+21 2.9500241712e+19 1.2252097370e+35 0.0000000000e+00 0.0000000000e+00 0.0000000000e+00 -2.1351753170e+13 2.5403523997e+14 0.0000000000e+00
6.2480386571e+20 4.5985712246e+20 -1.2213707751e+18 6.9945797993e+34 0.0000000000e+00 0.0000000000e+00 0.0000000000e+00 -2.1351753170e+13 2.5403523997e+14 0.0000000000e+00
1.0797383646e+21 1.3264902894e+21 -3.1576399592e+19 1.0195695692e+35 0.0000000000e+00 0.0000000000e+00 0.0000000000e+00 -2.1351753170e+13 2.5403523997e+14 0.0000000000e+00
1.9242660830e+21 1.1442220055e+21 -1.8052342321e+18 4.5887652788e+34 0.0000000000e+00 0.0000000000e+00 0.0000000000e+00 -2.1351753170e+13 2.5403523997e+14 0.0000000000e+00
2.8847752832e+21 1.2963847207e+21 -6.7111006818e+19 8.2405215449e+34 0.0000000000e+00 0.0000000000e+00 0.0000000000e+00 -2.1351753170e+13 2.5403523997e+14 0.0000000000e+00
1.4741086657e+21 2.1152362034e+21 9.6686260398e+19 8.6720513519e+34 0.0000000000e+00 0.0000000000e+00 0.0000000000e+00 -2.1351753170e+13 2.5403523997e+14 0.0000000000e+00
2.7791709279e+21 1.6939555705e+21 -9.1504408467e+18 1.6703729231e+35 0.0000000000e+00 0.0000000000e+00 0.0000000000e+00 -2.1351753170e+13 2.5403523997e+14 0.0000000000e+00
1.5858445167e+21 1.1535447401e+21 -4.3962890058e+19 4.9579456502e+34 0.0000000000e+00 0.0000000000e+00 0.0000000000e+00 -2.1351753170e+13 2.5403523997e+14 0.0000000000e+00
2.2053378523e+21 2.4895933576e+21 -1.7349443027e+19 7.1772939091e+34 0.0000000000e+00 0.0000000000e+00 0.0000000000e+00 -2.1351753170e+13 2.5403523997e+14 0.0000000000e+00
2.1145085747e+21 1.8282546937e+21 -5.6873166613e+18 5.1609017622e+34 0.0000000000e+00 0.0000000000e+00 0.0000000000e+00 -2.1351753170e+13 2.5403523997e+14 0.0000000000e+00
5.4465840699e+20 5.1298041510e+20 -3.0120824486e+19 6.5758710605e+34 0.0000000000e+00 0.0000000000e+00 0.0000000000e+00 -2.1351753170e+13 2.5403523997e+14 0.0000000000e+00
2.4242750100e+21 2.4762385098e+21 8.9532541253e+19 1.2651353606e+35 0.0000000000e+00 0.0000000000e+00 0.0000000000e+00 -2.1351753170e+13 2.5403523997e+14 0.0000000000e+00
4.3677485247e+20 8.6199719180e+20 -2.3608628338e+19 7.2713766233e+34 0.0000000000e+00 0.0000000000e+00 0.0000000000e+00 -2.1351753170e+13 2.5403523997e+14 0.0000000000e+00
2.2842793402e+21 2.7770725835e+20 5.2483871407e+19 1.6203124822e+35 0.0000000000e+00 0.0000000000e+00 0.0000000000e+00 -2.1351753170e+13 2.5403523997e+14 0.0000000000e+00
2.2511938880e+21 9.9019942964e+20 4.6766461092e+19 1.0932806078e+35 0.0000000000e+00 0.0000000000e+00 0.0000000000e+00 -2.1351753170e+13 2.5403523997e+14 0.0000000000e+00
7.1681927270e+20 2.1553858838e+20 8.1967949897e+18 1.7256442543e+35 0.0000000000e+00 0.0000000000e+00 0.0000000000e+00 -2.1351753170e+13 2.5403523997e+14 0.0000000000e+00
7.8334363017e+20 9.1858258595e+20 3.1982990750e+18 3.2223281877e+34 0.0000000000e+00 0.0000000000e+00 0.0000000000e+00 -2.1351753170e+13 2.5403523997e+14 0.0000000000e+00
2.8547316473e+19 2.6139402189e+21 9.8541887375e+19 3.9943189555e+34 0.0000000000e+00 0.0000000000e+00 0.0000000000e+00 -2.1351753170e+13 2.5403523997e+14 0.0000000000e+00
2.3256656497e+21 2.7877022912e+21 2.4966935075e+19 4.0334034321e+34 0.0000000000e+00 0.0000000000e+00 0.0000000000e+00 -2.1351753170e+13 2.5403523997e+14 0.0000000000e+00
3.0350145534e+20 7.2406933968e+19 -7.5629512767e+19 1.0660466646e+35 0.0000000000e+00 0.0000000000e+00 0.0000000000e+00 -2.1351753170e+13 2.5403523997e+14 0.0000000000e+00
7.6846608037e+20 2.8234961149e+21 -6.8890973485e+19 1.0078384120e+35 0.0000000000e+00 0.0000000000e+00 0.0000000000e+00 -2.1351753170e+13 2.5403523997e+14 0.0000000000e+00
9.7204646460e+20 2.8651532711e+21 4.8790921119e+19 1.1381833416e+35 0.0000000000e+00 0.0000000000e+00 0.0000000000e+00 -2.1351753170e+13 2.5403523997e+14 0.0000000000e+00
2.6568187455e+21 2.0933273806e+21 2.6451864798e+19 1.2018949058e+35 0.0000000000e+00 0.0000000000e+00 0.0000000000e+00 -2.1351753170e+13 2.5403523997e+14 0.0000000000e+00
2.2080885157e+21 1.9981195715e+21 3.5966892895e+19 1.5741873497e+35 0.0000000000e+00 0.0000000000e+00 0.0000000000e+00 -2.1351753170e+13 2.5403523997e+14 0.0000000000e+00
2.5079131461e+21 4.8291647427e+20 -2.0682331506e+18 1.7592295609e+35 0.0000000000e+00 0.0000000000e+00 0.0000000000e+00 -2.1351753170e+13 2.5403523997e+14 0.0000000000e+00
4.7719275313e+20 2.7642249033e+21 -2.2374232670e+19 1.4065109159e+35 0.0000000000e+00 0.0000000000e+00 0.0000000000e+00 -2.1351753170e+13 2.5403523997e+14 0.0000000000e+00
2.9135419782e+21 2.4070167823e+21 6.3789994479e+19 8.3736840202e+34 0.0000000000e+00 0.0000000000e+00 0.0000000000e+00 -2.1351753170e+13 2.5403523997e+14 0.0000000000e+00
1.0923702732e+21 8.5315466818e+20 -1.2364456626e+20 9.8498632761e+34 0.0000000000e+00 0.0000000000e+00 0.0000000000e+00 -2.1351753170e+13 2.5403523997e+14 0.0000000000e+00
1.0478585099e+21 6.7619908243e+19 7.6303542446e+19 1.9486596319e+35 0.0000000000e+00 0.0000000000e+00 0.0000000000e+00 -2.1351753170e+13 2.5403523997e+14 0.0000000000e+00
2.3187003986e+21 2.0926360901e+21 5.5362010869e+19 1.8725692298e+35 0.0000000000e+00 0.0000000000e+00 0.0000000000e+00 -2.1351753170e+13 2.5403523997e+14 0.0000000000e+00
1.0099452794e+21 7.0912424099e+20 -6.7650258998e+19 1.1087305623e+35 0.0000000000e+00 0.0000000000e+00 0.0000000000e+00 -2.1351753170e+13 2.5403523997e+14 0.0000000000e+00
8.5112825320e+20 7.3549464953e+20 -7.9508680753e+19 6.2138897567e+34 0.0000000000e+00 0.0000000000e+00 0.0000000000e+00 -2.1351753170e+13 2.5403523997e+14 0.0000000000e+00
2.6798156983e+21 1.2281656120e+21 -5.6263723008e+17 1.1480535153e+35 0.0000000000e+00 0.0000000000e+00 0.0000000000e+00 -2.1351753170e+13 2.5403523997e+14 0.0000000000e+00
1.6700504366e+21 7.1630468654e+20 2.4936365375e+18 1.9010111706e+35 0.0000000000e+00 0.0000000000e+00 0.0000000000e+00 -2.1351753170e+13 2.5403523997e+14 0.0000000000e+00
8.7391628576e+20 1.5221761270e+21 -1.1542528110e+20 7.2319426750e+34 0.0000000000e+00 0.0000000000e+00 0.0000000000e+00 -2.1351753170e+13 2.5403523997e+14 0.0000000000e+00
2.5635163211e+21 1.8379984559e+21 9.1742016369e+19 4.7935197987e+34 0.0000000000e+00 0.0000000000e+00 0.0000000000e+00 -2.1351753170e+13 2.5403523997e+14 0.0000000000e+00
2.7107938841e+20 8.2947319850e+20 4.8827995168e+18 1.5536665677e+35 0.0000000000e+00 0.0000000000e+00 0.0000000000e+00 -2.1351753170e+13 2.5403523997e+14 0.0000000000e+00
5.1213707452e+20 1.3913078251e+21 -1.6217011924e+18 1.7459581677e+35 0.0000000000e+00 0.0000000000e+00 0.0000000000e+00 -2.1351753170e+13 2.5403523997e+14 0.0000000000e+00
1.0639771896e+21 1.7423152492e+21 4.0414140434e+19 7.9369072428e+34 0.0000000000e+00 0.0000000000e+00 0.0000000000e+00 -2.1351753170e+13 2.5403523997e+14 0.0000000000e+00
3.4400966738e+20 1.2461216378e+21 4.2982966493e+19 1.7274792248e+35 0.0000000000e+00 0.0000000000e+00 0.0000000000e+00 -2.1351753170e+13 2.5403523997e+14 0.0000000000e+00
1.6840183172e+21 4.6257132380e+20 -1.4629168290e+20 1.1503778901e+35 0.0000000000e+00 0.0000000000e+00 0.0000000000e+00 -2.1351753170e+13 2.5403523997e+14 0.0000000000e+00
4.4492276895e+20 2.9539749148e+21 -5.8600549094e+19 1.0648051976e+35 0.0000000000e+00 0.0000000000e+00 0.0000000000e+00 -2.1351753170e+13 2.5403523997e+14 0.0000000000e+00
1.2074294400e+21 2.7743161140e+21 -2.5224821307e+19 1.0130267531e+35 0.0000000000e+00 0.0000000000e+00 0.0000000000e+00 -2.1351753170e+13 2.5403523997e+14 0.0000000000e+00
1.7726190712e+20 2.7540665240e+21 -3.4663015360e+19 3.3177870889e+34 0.0000000000e+00 0.0000000000e+00 0.0000000000e+00 -2.1351753170e+13 2.5403523997e+14 0.0000000000e+00
2.0333149764e+21 2.1380725205e+21 -2.6792519175e+18 8.9989361603e+34 0.0000000000e+00 0.0000000000e+00 0.0000000000e+00 -2.1351753170e+13 2.5403523997e+14 0.0000000000e+00
4.1665969152e+20 2.1512565705e+21 1.0825883947e+20 1.5862776361e+35 0.0000000000e+00 0.0000000000e+00 0.0000000000e+00 -2.1351753170e+13 2.5403523997e+14 0.0000000000e+00
1.9480475951e+21 1.5479319841e+21 5.3706145588e+19 7.1496159715e+34 0.0000000000e+00 0.0000000000e+00 0.0000000000e+00 -2.1351753170e+13 2.5403523997e+14 0.0000000000e+00
2.3059369303e+21 2.6501830546e+21 1.1910719581e+20 6.0338028666e+34 0.0000000000e+00 0.0000000000e+00 0.0000000000e+00 -2.1351753170e+13 2.5403523997e+14 0.0000000000e+00
8.0114046683e+20 2.1771769374e+21 -7.7447062877e+19 2.4182990126e+34 0.0000000000e+00 0.0000000000e+00 0.0000000000e+00 -2.1351753170e+13 2.5403523997e+14 0.0000000000e+00
2.0634542017e+21 2.1321124557e+21 7.9625618981e+19 1.9144919713e+35 0.0000000000e+00 0.0000000000e+00 0.0000000000e+00 -2.1351753170e+13 2.5403523997e+14 0.0000000000e+00
4.2290604315e+19 1.7443996501e+21 1.0503006157e+19 1.5360425810e+35 0.0000000000e+00 0.0000000000e+00 0.0000000000e+00 -2.1351753170e+13 2.5403523997e+14 0.0000000000e+00
8.3445849046e+20 1.0601402155e+21 1.1162560027e+20 3.6311444613e+34 0.0000000000e+00 0.0000000000e+00 0.0000000000e+00 -2.1351753170e+13 2.5403523997e+14 0.0000000000e+00
1.7098771162e+21 2.3622150984e+21 -7.4682417722e+19 4.2692610275e+34 0.0000000000e+00 0.0000000000e+00 0.0000000000e+00 -2.1351753170e+13 2.5403523997e+14 0.0000000000e+00
1.0310141440e+21 1.0020592404e+21 -7.2702031233e+19 1.3762837817e+35 0.0000000000e+00 0.0000000000e+00 0.0000000000e+00 -2.1351753170e+13 2.5403523997e+14 0.0000000000e+00
1.4605823622e+21 1.8858157558e+21 4.3273473465e+18 1.3065543793e+35 0.0000000000e+00 0.0000000000e+00 0.0000000000e+00 -2.1351753170e+13 2.5403523997e+14 0.0000000000e+00
1.5984413163e+20 6.9468199908e+20 -7.2127858126e+19 2.4028048494e+34 0.0000000000e+00 0.0000000000e+00 0.0000000000e+00 -2.1351753170e+13 2.5403523997e+14 0.0000000000e+00
1.3146092928e+21 2.2583285210e+21 8.7732890824e+18 1.8498668283e+35 0.0000000000e+00 0.0000000000e+00 0.0000000000e+00 -2.1351753170e+13 2.5403523997e+14 0.0000000000e+00
2.9946497896e+21 2.3188145205e+21 6.6937238186e+18 1.9314097671e+35 0.0000000000e+00 0.0000000000e+00 0.0000000000e+00 -2.1351753170e+13 2.5403523997e+14 0.0000000000e+00
5.7188631156e+20 7.8388713967e+20 -3.9126965677e+19 2.5629302737e+34 0.0000000000e+00 0.0000000000e+00 0.0000000000e+00 -2.1351753170e+13 2.5403523997e+14 0.0000000000e+00
4.9686109054e+20 2.3382715463e+21 1.1936978662e+20 1.2201734490e+35 0.0000000000e+00 0.0000000000e+00 0.0000000000e+00 -2.1351753170e+13 2.5403523997e+14 0.0000000000e+00
2.2550135382e+21 2.2155378618e+21 3.9032646642e+19 1.4076325904e+35 0.0000000000e+00 0.0000000000e+00 0.0000000000e+00 -2.1351753170e+13 2.5403523997e+14 0.0000000000e+00
7.9794252170e+20 2.0885409219e+20 5.0697398110e+18 1.8642549410e+35 0.0000000000e+00 0.0000000000e+00 0.0000000000e+00 -2.1351753170e+13 2.5403523997e+14 0.0000000000e+00
2.3939635869e+21 2.4214304072e+21 -7.3884088172e+19 8.7593082427e+34 0.0000000000e+00 0.0000000000e+00 0.0000000000e+00 -2.1351753170e+13 2.5403523997e+14 0.0000000000e+00
1.3207234751e+21 1.9343596964e+21 -9.6981177556e+18 1.3735331675e+35 0.0000000000e+00 0.0000000000e+00 0.0000000000e+00 -2.1351753170e+13 2.5403523997e+14 0.0000000000e+00
7.4993104711e+20 1.6950426157e+21 -5.0780731995e+19 1.5928101447e+35 0.0000000000e+00 0.0000000000e+00 0.0000000000e+00 -2.1351753170e+13 2.5403523997e+14 0.0000000000e+00
9.1018356658e+20 2.7896519107e+21 -5.5854391392e+19 1.6406586695e+35 0.0000000000e+00 0.0000000000e+00 0.0000000000e+00 -2.1351753170e+13 2.5403523997e+14 0.0000000000e+00
1.4537026339e+21 6.5612224710e+20 1.6197069208e+19 1.1395843643e+35 0.0000000000e+00 0.0000000000e+00 0.0000000000e+00 -2.1351753170e+13 2.5403523997e+14 0.0000000000e+00
2.5816739564e+20 2.3081351213e+21 -6.1806940028e+18 5.9832402496e+34 0.0000000000e+00 0.0000000000e+00 0.0000000000e+00 -2.1351753170e+13 2.5403523997e+14 0.0000000000e+00
9.8563565970e+20 6.8268139857e+20 1.9887573054e+19 7.9583238039e+34 0.0000000000e+00 0.0000000000e+00 0.0000000000e+00 -2.1351753170e+13 2.5403523997e+14 0.0000000000e+00
7.2769028120e+20 1.3964304650e+21 9.4437505241e+19 7.8603859614e+34 0.0000000000e+00 0.0000000000e+00 0.0000000000e+00 -2.1351753170e+13 2.5403523997e+14 0.0000000000e+00
8.0015248189e+20 1.7897834965e+21 -6.3865460013e+19 8.1097060701e+34 0.0000000000e+00 0.0000000000e+00 0.0000000000e+00 -2.1351753170e+13 2.5403523997e+14 0.0000000000e+00
8.9519092657e+20 1.3642529581e+21 -1.1961650728e+20 1.2302997698e+35 0.0000000000e+00 0.0000000000e+00 0.0000000000e+00 -2.1351753170e+13 2.5403523997e+14 0.0000000000e+00
7.1967978667e+20 2.5315112390e+21 -3.2925175517e+19 5.8935702652e+34 0.0000000000e+00 0.0000000000e+00 0.0000000000e+00 -2.1351753170e+13 2.5403523997e+14 0.0000000000e+00
2.1483648508e+21 1.0981441248e+21 1.2455731156e+20 1.6305785678e+35 0.0000000000e+00 0.0000000000e+00 0.0000000000e+00 -2.1351753170e+13 2.5403523997e+14 0.0000000000e+00
2.1612476346e+21 6.4024066433e+20 -1.9532958357e+19 2.7970338381e+34 0.0000000000e+00 0.0000000000e+00 0.0000000000e+00 -2.1351753170e+13 2.5403523997e+14 0.0000000000e+00
2.0189719473e+21 2.0014395301e+21 5.6687825765e+19 5.1809530640e+34 0.0000000000e+00 0.0000000000e+00 0.0000000000e+00 -2.1351753170e+13 2.5403523997e+14 0.0000000000e+00
2.5265504318e+21 2.5104996883e+21 -9.9806965249e+19 1.5931486560e+35 0.0000000000e+00 0.0000000000e+00 0.0000000000e+00 -2.1351753170e+13 2.5403523997e+14 0.0000000000e+00
1.2168828510e+21 2.1391226846e+21 -9.9125323246e+19 1.3757698504e+35 0.0000000000e+00 0.0000000000e+00 0.0000000000e+00 -2.1351753170e+13 2.5403523997e+14 0.0000000000e+00
8.2273362002e+20 2.7474804878e+21 -9.4939055164e+19 2.3600243294e+34 0.0000000000e+00 0.0000000000e+00 0.0000000000e+00 -2.1351753170e+13 2.5403523997e+14 0.0000000000e+00
1.2689427492e+21 1.3940566480e+21 -4.7579678658e+19 1.7215355318e+35 0.0000000000e+00 0.0000000000e+00 0.0000000000e+00 -2.1351753170e+13 2.5403523997e+14 0.0000000000e+00
2.1533641242e+21 1.0970859770e+21 1.1849280369e+20 2.7389467457e+34 0.0000000000e+00 0.0000000000e+00 0.0000000000e+00 -2.1351753170e+13 2.5403523997e+14 0.0000000000e+00
2.9354033592e+20 1.7952441923e+20 1.8478645365e+19 2.4245535719e+34 0.0000000000e+00 0.0000000000e+00 0.0000000000e+00 -2.1351753170e+13 2.5403523997e+14 0.0000000000e+00
2.4865354294e+20 2.1706808070e+21 -4.1664652522e+19 1.3724766087e+35 0.0000000000e+00 0.0000000000e+00 0.0000000000e+00 -2.1351753170e+13 2.5403523997e+14 0.0000000000e+00
2.7394304576e+21 2.2265345795e+21 1.3220091287e+20 9.6625164332e+34 0.0000000000e+00 0.0000000000e+00 0.0000000000e+00 -2.1351753170e+13 2.5403523997e+14 0.0000000000e+00
1.9431561843e+21 1.8072665374e+21 -7.1255917021e+19 7.8276525391e+34 0.0000000000e+00 0.0000000000e+00 0.0000000000e+00 -2.1351753170e+13 2.5403523997e+14 0.0000000000e+00
9.8700772069e+20 6.9292555255e+20 -5.9214875223e+19 4.7078099603e+34 0.0000000000e+00 0.0000000000e+00 0.0000000000e+00 -2.1351753170e+13 2.5403523997e+14 0.0000000000e+00
1.3220182412e+21 8.7475879683e+20 5.0012814235e+19 1.2471933311e+35 0.0000000000e+00 0.0000000000e+00 0.0000000000e+00 -2.1351753170e+13 2.5403523997e+14 0.0000000000e+00
1.8534785352e+21 2.9685427060e+21 -9.2895467648e+19 1.4792422514e+35 0.0000000000e+00 0.0000000000e+00 0.0000000000e+00 -2.1351753170e+13 2.5403523997e+14 0.0000000000e+00
1.5205704182e+21 1.7377005390e+19 -5.3398005349e+19 7.9912589362e+34 0.0000000000e+00 0.0000000000e+00 0.0000000000e+00 -2.1351753170e+13 2.5403523997e+14 0.0000000000e+00
8.8190147681e+20 9.9406822148e+20 1.9344544838e+19 7.3366185714e+34 0.0000000000e+00 0.0000000000e+00 0.0000000000e+00 -2.1351753170e+13 2.5403523997e+14 0.0000000000e+00
9.8197514188e+19 1.5668573441e+21 -7.3936712645e+19 1.6270889908e+35 0.0000000000e+00 0.0000000000e+00 0.0000000000e+00 -2.1351753170e+13 2.5403523997e+14 0.0000000000e+00
2.3694165339e+21 2.7570129413e+21 -1.1164057180e+20 1.8870158502e+35 0.0000000000e+00 0.0000000000e+00 0.0000000000e+00 -2.1351753170e+13 2.5403523997e+14 0.0000000000e+00
1.6798570003e+21 1.6405654532e+21 7.1377871277e+19 1.6297541441e+35 0.0000000000e+00 0.0000000000e+00 0.0000000000e+00 -2.1351753170e+13 2.5403523997e+14 0.0000000000e+00
1.2389582595e+21 2.3190602910e+21 -4.3582897810e+18 1.5848227566e+35 0.0000000000e+00 0.0000000000e+00 0.0000000000e+00 -2.1351753170e+13 2.5403523997e+14 0.0000000000e+00
1.3436971402e+21 2.8030144802e+21 1.0165421170e+20 1.1222783845e+35 0.0000000000e+00 0.0000000000e+00 0.0000000000e+00 -2.1351753170e+13 2.5403523997e+14 0.0000000000e+00
1.1462482600e+21 6.1704791243e+20 2.1484524030e+18 1.9318230883e+35 0.0000000000e+00 0.0000000000e+00 0.0000000000e+00 -2.1351753170e+13 2.5403523997e+14 0.0000000000e+00
3.0109535310e+21 2.4579862018e+21 -1.5237068058e+20 5.9504369623e+34 0.0000000000e+00 0.0000000000e+00 0.0000000000e+00 -2.1351753170e+13 2.5403523997e+14 0.0000000000e+00
1.7616377131e+21 2.5517027369e+21 4.6092818824e+19 3.3310274512e+34 0.0000000000e+00 0.0000000000e+00 0.0000000000e+00 -2.1351753170e+13 2.5403523997e+14 0.0000000000e+00
5.1906528945e+20 2.9346802559e+21 9.3549435590e+19 1.4598069403e+35 0.0000000000e+00 0.0000000000e+00 0.0000000000e+00 -2.1351753170e+13 2.5403523997e+14 0.0000000000e+00
6.7541979088e+20 4.3707969941e+19 9.8423263468e+18 2.2612066916e+34 0.0000000000e+00 0.0000000000e+00 0.0000000000e+00 -2.1351753170e+13 2.5403523997e+14 0.0000000000e+00
2.2337788397e+21 1.2667647183e+20 1.5216284384e+20 1.6540673418e+35 0.0000000000e+00 0.0000000000e+00 0.0000000000e+00 -2.1351753170e+13 2.5403523997e+14 0.0000000000e+00
1.1166551764e+20 5.8075712438e+20 -6.9886029396e+19 8.8544182106e+34 0.0000000000e+00 0.0000000000e+00 0.0000000000e+00 -2.1351753170e+13 2.5403523997e+14 0.0000000000e+00
2.9969468192e+21 1.6258797436e+21 9.2361502885e+19 8.4820293518e+34 0.0000000000e+00 0.0000000000e+00 0.0000000000e+00 -2.1351753170e+13 2.5403523997e+14 0.0000000000e+00
1.0446964111e+21 2.9364262537e+21 -1.0261718144e+20 9.3509176797e+34 0.0000000000e+00 0.0000000000e+00 0.0000000000e+00 -2.1351753170e+13 2.5403523997e+14 0.0000000000e+00
1.4771110236e+21 3.8141501692e+20 -4.3866483373e+19 1.1808396515e+35 0.0000000000e+00 0.0000000000e+00 0.0000000000e+00 -2.1351753170e+13 2.5403523997e+14 0.0000000000e+00
2.9261975197e+21 2.9037245468e+21 -5.7498721176e+19 9.4471971520e+34 0.0000000000e+00 0.0000000000e+00 0.0000000000e+00 -2.1351753170e+13 2.5403523997e+14 0.0000000000e+00
3.5969001989e+20 2.7316787832e+21 1.6802602986e+20 1.3646250877e+35 0.0000000000e+00 0.0000000000e+00 0.0000000000e+00 -2.1351753170e+13 2.5403523997e+14 0.0000000000e+00
2.5244465204e+21 3.0088867881e+21 1.8303438520e+20 6.0511771945e+34 0.0000000000e+00 0.0000000000e+00 0.0000000000e+00 -2.1351753170e+13 2.5403523997e+14 0.0000000000e+00
1.5446304627e+21 1.3540075138e+20 1.9840799162e+19 1.0966212505e+35 0.0000000000e+00 0.0000000000e+00 0.0000000000e+00 -2.1351753170e+13 2.5403523997e+14 0.0000000000e+00
2.4817305421e+21 2.2897240948e+21 1.0105151751e+20 2.7350209701e+34 0.0000000000e+00 0.0000000000e+00 0.0000000000e+00 -2.1351753170e+13 2.5403523997e+14 0.0000000000e+00
2.6025798147e+21 3.8932419117e+20 1.7563481815e+20 1.0585501872e+35 0.0000000000e+00 0.0000000000e+00 0.0000000000e+00 -2.1351753170e+13 2.5403523997e+14 0.0000000000e+00
7.3431914365e+20 2.6926924533e+21 -6.5775191861e+19 1.6324422947e+35 0.0000000000e+00 0.0000000000e+00 0.0000000000e+00 -2.1351753170e+13 2.5403523997e+14 0.0000000000e+00
1.9570856240e+21 2.0204674489e+21 -6.1975892282e+19 1.5025429440e+35 0.0000000000e+00 0.0000000000e+00 0.0000000000e+00 -2.1351753170e+13 2.5403523997e+14 0.0000000000e+00
2.9316668256e+21 5.5243120557e+20 -1.9742747767e+19 1.1315838349e+35 0.0000000000e+00 0.0000000000e+00 0.0000000000e+00 -2.1351753170e+13 2.5403523997e+14 0.0000000000e+00
2.5875708093e+21 2.7923804309e+21 -2.8065317359e+19 1.2357948704e+35 0.0000000000e+00 0.0000000000e+00 0.0000000000e+00 -2.1351753170e+13 2.5403523997e+14 0.0000000000e+00
3.6171352539e+20 1.8747862032e+21 1.4013073037e+19 4.4584243662e+34 0.0000000000e+00 0.0000000000e+00 0.0000000000e+00 -2.1351753170e+13 2.5403523997e+14 0.0000000000e+00
1.6887921306e+21 1.6231571094e+21 5.3124308179e+19 1.0752947685e+35 0.0000000000e+00 0.0000000000e+00 0.0000000000e+00 -2.1351753170e+13 2.5403523997e+14 0.0000000000e+00
1.5793542479e+21 1.1308362356e+21 -5.7523760896e+19 8.4208783108e+34 0.0000000000e+00 0.0000000000e+00 0.0000000000e+00 -2.1351753170e+13 2.5403523997e+14 0.0000000000e+00
1.6910888710e+21 3.3407446876e+20 8.3675796624e+19 4.9805474930e+34 0.0000000000e+00 0.0000000000e+00 0.0000000000e+00 -2.1351753170e+13 2.5403523997e+14 0.0000000000e+00
5.0978235287e+20 2.4646277715e+21 1.4896848166e+19 7.5530305048e+34 0.0000000000e+00 0.0000000000e+00 0.0000000000e+00 -2.1351753170e+13 2.5403523997e+14 0.0000000000e+00
2.2410625154e+21 2.4833739229e+21 1.3305927267e+19 1.0466976241e+35 0.0000000000e+00 0.0000000000e+00 0.0000000000e+00 -2.1351753170e+13 2.5403523997e+14 0.0000000000e+00
4.9977123146e+20 2.6293766090e+21 3.2008905046e+19 5.8270813151e+34 0.0000000000e+00 0.0000000000e+00 0.0000000000e+00 -2.1351753170e+13 2.5403523997e+14 0.0000000000e+00
1.0695245751e+21 7.2961415021e+20 -6.1662175405e+19 7.2088538598e+34 0.0000000000e+00 0.0000000000e+00 0.0000000000e+00 -2.1351753170e+13 2.5403523997e+14 0.0000000000e+00
9.3078040044e+20 2.6315466384e+21 4.9989426617e+19 1.9309774632e+35 0.0000000000e+00 0.0000000000e+00 0.0000000000e+00 -2.1351753170e+13 2.5403523997e+14 0.0000000000e+00
1.1508405589e+21 2.3413832880e+21 -1.5349481130e+20 6.5633522586e+34 0.0000000000e+00 0.0000000000e+00 0.0000000000e+00 -2.1351753170e+13 2.5403523997e+14 0.0000000000e+00
6.0801388549e+20 6.7799268299e+20 -2.2919008996e+19 4.6616838388e+34 0.0000000000e+00 0.0000000000e+00 0.0000000000e+00 -2.1351753170e+13 2.5403523997e+14 0.0000000000e+00
2.4994901056e+21 1.2723551908e+21 -2.8465157987e+18 1.6976210001e+35 0.0000000000e+00 0.0000000000e+00 0.0000000000e+00 -2.1351753170e+13 2.5403523997e+14 0.0000000000e+00
2.7500713636e+21 2.6202375110e+21 -6.5856674309e+19 1.4696627670e+35 0.0000000000e+00 0.0000000000e+00 0.0000000000e+00 -2.1351753170e+13 2.5403523997e+14 0.0000000000e+00
2.9707284236e+21 2.2435865876e+21 -4.4062065828e+19 5.2992640096e+34 0.0000000000e+00 0.0000000000e+00 0.0000000000e+00 -2.1351753170e+13 2.5403523997e+14 0.0000000000e+00
1.7451382454e+21 1.4679057115e+21 -5.4811545124e+19 1.4693383165e+35 0.0000000000e+00 0.0000000000e+00 0.0000000000e+00 -2.1351753170e+13 2.5403523997e+14 0.0000000000e+00
2.4151269796e+21 2.5238455736e+21 -3.8321665957e+19 1.7764791581e+35 0.0000000000e+00 0.0000000000e+00 0.0000000000e+00 -2.1351753170e+13 2.5403523997e+14 0.0000000000e+00
6.9518232154e+20 2.3321566258e+21 2.4246832468e+19 1.1940879707e+35 0.0000000000e+00 0.0000000000e+00 0.0000000000e+00 -2.1351753170e+13 2.5403523997e+14 0.0000000000e+00
1.8615130535e+21 2.2217126990e+21 1.3050903401e+20 6.9509204717e+34 0.0000000000e+00 0.0000000000e+00 0.0000000000e+00 -2.1351753170e+13 2.5403523997e+14 0.0000000000e+00
1.7552333384e+21 6.5482125888e+20 -9.9436235591e+19 9.7075889368e+34 0.0000000000e+00 0.0000000000e+00 0.0000000000e+00 -2.1351753170e+13 2.5403523997e+14 0.0000000000e+00
3.9854540740e+20 4.7081884885e+20 -7.4312585979e+19 6.5266677120e+34 0.0000000000e+00 0.0000000000e+00 0.0000000000e+00 -2.1351753170e+13 2.5403523997e+14 0.0000000000e+00
2.0411690948e+21 2.7278389944e+21 -4.5926760364e+18 1.0984641345e+35 0.0000000000e+00 0.0000000000e+00 0.0000000000e+00 -2.1351753170e+13 2.5403523997e+14 0.0000000000e+00
2.0286939634e+21 1.1404168516e+20 7.7084374408e+19 6.0599910979e+34 0.0000000000e+00 0.0000000000e+00 0.0000000000e+00 -2.1351753170e+13 2.5403523997e+14 0.0000000000e+00
1.9754152845e+21 2.5457823360e+21 -8.8337414242e+19 2.9216545583e+34 0.0000000000e+00 0.0000000000e+00 0.0000000000e+00 -2.1351753170e+13 2.5403523997e+14 0.0000000000e+00
2.6166035340e+21 1.5314193954e+21 -1.0618304655e+20 1.2136776713e+35 0.0000000000e+00 0.0000000000e+00 0.0000000000e+00 -2.1351753170e+13 2.5403523997e+14 0.0000000000e+00
1.4584706169e+21 6.5194386408e+20 -7.3768070193e+19 1.5436591161e+35 0.0000000000e+00 0.0000000000e+00 0.0000000000e+00 -2.1351753170e+13 2.5403523997e+14 0.0000000000e+00
1.6149674268e+21 1.5287315855e+21 1.6121892832e+20 4.3785298780e+34 0.0000000000e+00 0.0000000000e+00 0.0000000000e+00 -2.1351753170e+13 2.5403523997e+14 0.0000000000e+00
1.4477843824e+21 2.5992308266e+21 7.2692915548e+18 6.7429459933e+34 0.0000000000e+00 0.0000000000e+00 0.0000000000e+00 -2.1351753170e+13 2.5403523997e+14 0.0000000000e+00
4.4859040274e+20 1.0249772668e+21 -7.3122995681e+19 1.0972440088e+35 0.0000000000e+00 0.0000000000e+00 0.0000000000e+00 -2.1351753170e+13 2.5403523997e+14 0.0000000000e+00
6.1129018572e+20 2.7917239846e+21 -9.1602925542e+19 9.0845545126e+34 0.0000000000e+00 0.0000000000e+00 0.0000000000e+00 -2.1351753170e+13 2.5403523997e+14 0.0000000000e+00
7.5337409240e+20 2.7535839417e+21 -7.5709127206e+18 9.7299159426e+34 0.0000000000e+00 0.0000000000e+00 0.0000000000e+00 -2.1351753170e+13 2.5403523997e+14 0.0000000000e+00
2.6893611849e+21 1.3642727533e+21 -9.5626234829e+19 5.6445326108e+34 0.0000000000e+00 0.0000000000e+00 0.0000000000e+00 -2.1351753170e+13 2.5403523997e+14 0.0000000000e+00
2.2696972090e+21 2.3323826024e+21 5.5991836806e+19 1.6372056283e+35 0.0000000000e+00 0.0000000000e+00 0.0000000000e+00 -2.1351753170e+13 2.5403523997e+14 0.0000000000e+00
1.1644237445e+21 2.1654601669e+21 -4.0442135458e+19 7.6035689196e+34 0.0000000000e+00 0.0000000000e+00 0.0000000000e+00 -2.1351753170e+13 2.5403523997e+14 0.0000000000e+00
1.1839009763e+21 2.7032612312e+21 -8.3826965497e+19 6.8125163977e+34 0.0000000000e+00 0.0000000000e+00 0.0000000000e+00 -2.1351753170e+13 2.5403523997e+14 0.0000000000e+00
1.0690428402e+21 3.1210372002e+20 -5.2374536665e+19 1.5618060216e+35 0.0000000000e+00 0.0000000000e+00 0.0000000000e+00 -2.1351753170e+13 2.5403523997e+14 0.0000000000e+00
7.3483234194e+20 2.4319224059e+21 -6.6789465396e+19 1.1656357542e+35 0.0000000000e+00 0.0000000000e+00 0.0000000000e+00 -2.1351753170e+13 2.5403523997e+14 0.0000000000e+00
2.2925656883e+21 1.9992154921e+21 -1.3665977096e+20 4.4107283135e+34 0.0000000000e+00 0.0000000000e+00 0.0000000000e+00 -2.1351753170e+13 2.5403523997e+14 0.0000000000e+00
1.9285294845e+21 1.3643227705e+21 3.5129448846e+19 9.0976878004e+34 0.0000000000e+00 0.0000000000e+00 0.0000000000e+00 -2.1351753170e+13 2.5403523997e+14 0.0000000000e+00
1.2237750269e+21 2.9961151853e+21 9.4659169388e+19 9.1903196767e+34 0.0000000000e+00 0.0000000000e+00 0.0000000000e+00 -2.1351753170e+13 2.5403523997e+14 0.0000000000e+00
4.1205935986e+20 1.0588307820e+21 -6.8599774388e+19 1.0953244237e+35 0.0000000000e+00 0.0000000000e+00 0.0000000000e+00 -2.1351753170e+13 2.5403523997e+14 0.0000000000e+00
2.0680120018e+21 2.7727843307e+21 -2.1315494652e+19 1.3896191691e+35 0.0000000000e+00 0.0000000000e+00 0.0000000000e+00 -2.1351753170e+13 2.5403523997e+14 0.0000000000e+00
3.4290700843e+20 8.4230230064e+20 3.2847665305e+19 2.3283114302e+34 0.0000000000e+00 0.0000000000e+00 0.0000000000e+00 -2.1351753170e+13 2.5403523997e+14 0.0000000000e+00
1.7841218974e+21 2.4368894346e+21 -6.1429562154e+18 2.4703767925e+34 0.0000000000e+00 0.0000000000e+00 0.0000000000e+00 -2.1351753170e+13 2.5403523997e+14 0.0000000000e+00
2.7013795697e+21 2.1926189180e+21 -5.0817461295e+19 1.8288425676e+35 0.0000000000e+00 0.0000000000e+00 0.0000000000e+00 -2.1351753170e+13 2.5403523997e+14 0.0000000000e+00
2.0026120128e+20 9.8326026154e+20 -1.9674034314e+19 7.2046385964e+34 0.0000000000e+00 0.0000000000e+00 0.0000000000e+00 -2.1351753170e+13 2.5403523997e+14 0.0000000000e+00
2.2007938130e+21 2.9697524139e+21 -3.1472625871e+19 1.2877255979e+35 0.0000000000e+00 0.0000000000e+00 0.0000000000e+00 -2.1351753170e+13 2.5403523997e+14 0.0000000000e+00
5.1391660458e+20 7.3210041918e+20 -9.1374050076e+19 1.9442018846e+35 0.0000000000e+00 0.0000000000e+00 0.0000000000e+00 -2.1351753170e+13 2.5403523997e+14 0.0000000000e+00
5.4343794821e+20 6.1669260395e+20 -4.9515029527e+19 9.6623446288e+34 0.0000000000e+00 0.0000000000e+00 0.0000000000e+00 -2.1351753170e+13 2.5403523997e+14 0.0000000000e+00
1.6176265987e+21 5.4433536226e+20 -3.1233084196e+19 6.0460107849e+34 0.0000000000e+00 0.0000000000e+00 0.0000000000e+00 -2.1351753170e+13 2.5403523997e+14 0.0000000000e+00
9.6604489460e+20 2.9900960532e+21 2.6822008439e+19 8.5517920305e+34 0.0000000000e+00 0.0000000000e+00 0.0000000000e+00 -2.1351753170e+13 2.5403523997e+14 0.0000000000e+00
5.4102892616e+19 7.9771650295e+20 4.5293736206e+19 1.1519052038e+35 0.0000000000e+00 0.0000000000e+00 0.0000000000e+00 -2.1351753170e+13 2.5403523997e+14 0.0000000000e+00
2.1403278687e+21 1.7473202075e+21 -4.1703363308e+19 6.5624810144e+34 0.0000000000e+00 0.0000000000e+00 0.0000000000e+00 -2.1351753170e+13 2.5403523997e+14 0.0000000000e+00
1.4351422180e+21 2.2548162538e+21 1.4450602869e+19 2.9996730445e+34 0.0000000000e+00 0.0000000000e+00 0.0000000000e+00 -2.1351753170e+13 2.5403523997e+14 0.0000000000e+00
2.6184494890e+21 1.2508966694e+21 -7.6372152148e+19 1.9151901423e+35 0.0000000000e+00 0.0000000000e+00 0.0000000000e+00 -2.1351753170e+13 2.5403523997e+14 0.0000000000e+00
1.9545468265e+21 1.8508648340e+21 6.6684648607e+18 3.1414301239e+34 0.0000000000e+00 0.0000000000e+00 0.0000000000e+00 -2.1351753170e+13 2.5403523997e+14 0.0000000000e+00
6.9363827958e+20 2.3953029269e+21 -1.1248523057e+20 1.9456666826e+35 0.0000000000e+00 0.0000000000e+00 0.0000000000e+00 -2.1351753170e+13 2.5403523997e+14 0.0000000000e+00
1.6185456980e+21 1.1184556238e+21 3.0296457772e+19 1.7480371236e+35 0.0000000000e+00 0.0000000000e+00 0.0000000000e+00 -2.1351753170e+13 2.5403523997e+14 0.0000000000e+00
1.5320248323e+21 3.8315535455e+20 -1.4532536672e+19 1.7880845071e+35 0.0000000000e+00 0.0000000000e+00 0.0000000000e+00 -2.1351753170e+13 2.5403523997e+14 0.0000000000e+00
2.8716852998e+21 2.1264757881e+21 -8.4969220475e+19 1.9356277388e+35 0.0000000000e+00 0.0000000000e+00 0.0000000000e+00 -2.1351753170e+13 2.5403523997e+14 0.0000000000e+00
2.5387267651e+21 4.9380315594e+20 -4.9893600057e+19 1.4186006201e+35 0.0000000000e+00 0.0000000000e+00 0.0000000000e+00 -2.1351753170e+13 2.5403523997e+14 0.0000000000e+00
2.5152775867e+21 1.5930398614e+21 4.2550894718e+18 6.7502668206e+34 0.0000000000e+00 0.0000000000e+00 0.0000000000e+00 -2.1351753170e+13 2.5403523997e+14 0.0000000000e+00
4.9156242643e+20 1.3517755016e+20 -2.9983594912e+19 1.5604202046e+35 0.0000000000e+00 0.0000000000e+00 0.0000000000e+00 -2.1351753170e+13 2.5403523997e+14 0.0000000000e+00
2.2405293254e+21 1.8914766881e+20 -2.9044523907e+19 1.6918346839e+35 0.0000000000e+00 0.0000000000e+00 0.0000000000e+00 -2.1351753170e+13 2.5403523997e+14 0.0000000000e+00
3.3596328497e+20 1.8609795342e+20 -1.1378425695e+19 1.7070174077e+35 0.0000000000e+00 0.0000000000e+00 0.0000000000e+00 -2.1351753170e+13 2.5403523997e+14 0.0000000000e+00
2.5799483381e+21 2.8005041625e+21 -4.1968945714e+19 9.5793253493e+34 0.0000000000e+00 0.0000000000e+00 0.0000000000e+00 -2.1351753170e+13 2.5403523997e+14 0.0000000000e+00
1.2905726010e+21 1.6911706859e+21 2.9031562002e+19 1.7986244556e+35 0.0000000000e+00 0.0000000000e+00 0.0000000000e+00 -2.1351753170e+13 2.5403523997e+14 0.0000000000e+00
2.7919942835e+20 1.2608730947e+21 2.0620025686e+20 1.4707445519e+35 0.0000000000e+00 0.0000000000e+00 0.0000000000e+00 -2.1351753170e+13 2.5403523997e+14 0.0000000000e+00
2.9442172577e+21 3.3801916867e+20 -4.4553592823e+19 8.4464000813e+34 0.0000000000e+00 0.0000000000e+00 0.0000000000e+00 -2.1351753170e+13 2.5403523997e+14 0.0000000000e+00
9.7207615277e+20 1.7449283291e+21 1.2316654243e+20 1.3951646051e+35 0.0000000000e+00 0.0000000000e+00 0.0000000000e+00 -2.1351753170e+13 2.5403523997e+14 0.0000000000e+00
1.4314634296e+21 2.6776218370e+21 4.7675281814e+19 1.4465589701e+35 0.0000000000e+00 0.0000000000e+00 0.0000000000e+00 -2.1351753170e+13 2.5403523997e+14 0.0000000000e+00
2.7406720864e+21 1.5561908312e+21 1.1034828146e+19 6.0703945086e+34 0.0000000000e+00 0.0000000000e+00 0.0000000000e+00 -2.1351753170e+13 2.5403523997e+14 0.0000000000e+00
7.6132231260e+20 8.4610641593e+20 9.7939626463e+18 1.7622670715e+35 0.0000000000e+00 0.0000000000e+00 0.0000000000e+00 -2.1351753170e+13 2.5403523997e+14 0.0000000000e+00
2.7745877330e+21 5.0649887745e+20 7.3249034712e+19 1.0113355564e+35 0.0000000000e+00 0.0000000000e+00 0.0000000000e+00 -2.1351753170e+13 2.5403523997e+14 0.0000000000e+00
1.2227930035e+21 2.9422554670e+20 -1.8052104819e+19 1.5137230869e+35 0.0000000000e+00 0.0000000000e+00 0.0000000000e+00 -2.1351753170e+13 2.5403523997e+14 0.0000000000e+00
2.1672189272e+21 2.5202347384e+21 7.8529223318e+19 9.9663668628e+34 0.0000000000e+00 0.0000000000e+00 0.0000000000e+00 -2.1351753170e+13 2.5403523997e+14 0.0000000000e+00
1.5844916413e+21 1.2855786064e+21 -3.8878737954e+19 1.6538346175e+35 0.0000000000e+00 0.0000000000e+00 0.0000000000e+00 -2.1351753170e+13 2.5403523997e+14 0.0000000000e+00
1.9879329539e+21 3.0176454613e+20 2.8156936544e+19 1.5420789330e+35 0.0000000000e+00 0.0000000000e+00 0.0000000000e+00 -2.1351753170e+13 2.5403523997e+14 0.0000000000e+00
2.8909128145e+21 2.8579025403e+21 6.6167622585e+19 6.6001837003e+34 0.0000000000e+00 0.0000000000e+00 0.0000000000e+00 -2.1351753170e+13 2.5403523997e+14 0.0000000000e+00
1.9800696754e+21 3.1391676422e+20 3.9251439886e+19 5.6527941651e+34 0.0000000000e+00 0.0000000000e+00 0.0000000000e+00 -2.1351753170e+13 2.5403523997e+14 0.0000000000e+00
2.0844639755e+21 2.8349958585e+21 1.1599379827e+20 5.0690330969e+34 0.0000000000e+00 0.0000000000e+00 0.0000000000e+00 -2.1351753170e+13 2.5403523997e+14 0.0000000000e+00
2.1758173447e+21 9.5348640873e+20 -1.4421528572e+20 2.9521303538e+34 0.0000000000e+00 0.0000000000e+00 0.0000000000e+00 -2.1351753170e+13 2.5403523997e+14 0.0000000000e+00
1.9559504750e+21 1.9852236275e+21 1.3034001270e+20 1.1382020143e+35 0.0000000000e+00 0.0000000000e+00 0.0000000000e+00 -2.1351753170e+13 2.5403523997e+14 0.0000000000e+00
2.5636543747e+21 7.3365607197e+20 1.1039401111e+19 1.1494005666e+35 0.0000000000e+00 0.0000000000e+00 0.0000000000e+00 -2.1351753170e+13 2.5403523997e+14 0.0000000000e+00
2.4486544798e+21 2.3885062045e+21 -2.3163366653e+19 6.5628283490e+34 0.0000000000e+00 0.0000000000e+00 0.0000000000e+00 -2.1351753170e+13 2.5403523997e+14 0.0000000000e+00
8.1769053781e+20 2.0068949997e+21 3.2307313724e+19 1.4609474557e+35 0.0000000000e+00 0.0000000000e+00 0.0000000000e+00 -2.1351753170e+13 2.5403523997e+14 0.0000000000e+00
5.2758676259e+19 2.1153449812e+21 3.6687205996e+19 1.2365439419e+35 0.0000000000e+00 0.0000000000e+00 0.0000000000e+00 -2.1351753170e+13 2.5403523997e+14 0.0000000000e+00
1.1357692183e+21 2.5025355502e+20 9.5213105939e+19 1.0760749966e+35 0.0000000000e+00 0.0000000000e+00 0.0000000000e+00 -2.1351753170e+13 2.5403523997e+14 0.0000000000e+00
1.3825869097e+21 1.9242251669e+21 1.5565752905e+20 5.6525103745e+34 0.0000000000e+00 0.0000000000e+00 0.0000000000e+00 -2.1351753170e+13 2.5403523997e+14 0.0000000000e+00
1.7166366544e+21 2.2675251378e+21 -5.2945348241e+19 1.1393620842e+35 0.0000000000e+00 0.0000000000e+00 0.0000000000e+00 -2.1351753170e+13 2.5403523997e+14 0.0000000000e+00
6.6476300519e+20 4.5140281322e+20 -4.3210727887e+19 1.5845869898e+35 0.0000000000e+00 0.0000000000e+00 0.0000000000e+00 -2.1351753170e+13 2.5403523997e+14 0.0000000000e+00
1.1979403421e+20 9.1173284114e+20 9.1073113332e+19 1.7301414910e+35 0.0000000000e+00 0.0000000000e+00 0.0000000000e+00 -2.1351753170e+13 2.5403523997e+14 0.0000000000e+00
9.1256629989e+19 6.2534696085e+19 -1.3686192396e+20 9.0378453790e+34 0.0000000000e+00 0.0000000000e+00 0.0000000000e+00 -2.1351753170e+13 2.5403523997e+14 0.0000000000e+00
5.9957609550e+20 2.7018375691e+21 4.0955383329e+19 1.4965953304e+35 0.0000000000e+00 0.0000000000e+00 0.0000000000e+00 -2.1351753170e+13 2.5403523997e+14 0.0000000000e+00
2.6571930288e+21 1.4956969859e+21 -4.1044310964e+19 1.3541869963e+35 0.0000000000e+00 0.0000000000e+00 0.0000000000e+00 -2.1351753170e+13 2.5403523997e+14 0.0000000000e+00
7.7337247423e+20 2.9016566623e+21 -5.7982807113e+19 1.0500177802e+35 0.0000000000e+00 0.0000000000e+00 0.0000000000e+00 -2.1351753170e+13 2.5403523997e+14 0.0000000000e+00
1.8648860337e+21 1.7312514346e+21 -7.0998987320e+19 1.3169371074e+35 0.0000000000e+00 0.0000000000e+00 0.0000000000e+00 -2.1351753170e+13 2.5403523997e+14 0.0000000000e+00
6.2298591631e+20 2.8359252870e+21 -1.0888539463e+20 4.7672747291e+34 0.0000000000e+00 0.0000000000e+00 0.0000000000e+00 -2.1351753170e+13 2.5403523997e+14 0.0000000000e+00
2.7519743886e+21 1.8747040448e+21 -3.6515188224e+19 1.2708364350e+35 0.0000000000e+00 0.0000000000e+00 0.0000000000e+00 -2.1351753170e+13 2.5403523997e+14 0.0000000000e+00
1.5273668264e+21 1.1195558000e+21 4.3825914301e+19 1.5365204900e+35 0.0000000000e+00 0.0000000000e+00 0.0000000000e+00 -2.1351753170e+13 2.5403523997e+14 0.0000000000e+00
1.1390420368e+21 1.9996980723e+20 -1.1960531270e+19 8.1038384046e+34 0.0000000000e+00 0.0000000000e+00 0.0000000000e+00 -2.1351753170e+13 2.5403523997e+14 0.0000000000e+00
7.6610010813e+20 2.3159316047e+21 -1.0400098626e+20 7.9801017145e+34 0.0000000000e+00 0.0000000000e+00 0.0000000000e+00 -2.1351753170e+13 2.5403523997e+14 0.0000000000e+00
3.7311514282e+20 8.8317298532e+20 -2.2162397350e+20 2.6064422187e+34 0.0000000000e+00 0.0000000000e+00 0.0000000000e+00 -2.1351753170e+13 2.5403523997e+14 0.0000000000e+00
2.8735093008e+21 1.2064187920e+21 -1.0915220214e+19 1.6507248402e+35 0.0000000000e+00 0.0000000000e+00 0.0000000000e+00 -2.1351753170e+13 2.5403523997e+14 0.0000000000e+00
1.8929942647e+21 1.0011231525e+21 -6.0085812697e+19 1.0364262735e+35 0.0000000000e+00 0.0000000000e+00 0.0000000000e+00 -2.1351753170e+13 2.5403523997e+14 0.0000000000e+00
1.6281984544e+20 2.4538287813e+21 7.2092405865e+19 1.6043038896e+35 0.0000000000e+00 0.0000000000e+00 0.0000000000e+00 -2.1351753170e+13 2.5403523997e+14 0.0000000000e+00
8.4790379422e+20 1.4692772306e+21 -1.7292946936e+20 9.5057246794e+34 0.0000000000e+00 0.0000000000e+00 0.0000000000e+00 -2.1351753170e+13 2.5403523997e+14 0.0000000000e+00
2.3629757696e+21 2.6203921090e+21 7.4993736191e+19 1.4160416847e+35 0.0000000000e+00 0.0000000000e+00 0.0000000000e+00 -2.1351753170e+13 2.5403523997e+14 0.0000000000e+00
2.4577642994e+21 1.5996728363e+21 4.1984954044e+19 9.0097296807e+34 0.0000000000e+00 0.0000000000e+00 0.0000000000e+00 -2.1351753170e+13 2.5403523997e+14 0.0000000000e+00
1.8023953957e+21 2.0793429399e+21 -1.4748898970e+19 1.7210075858e+35 0.0000000000e+00 0.0000000000e+00 0.0000000000e+00 -2.1351753170e+13 2.5403523997e+14 0.0000000000e+00
3.0015228419e+21 2.7151763660e+21 -3.2420529079e+19 1.0162353843e+35 0.0000000000e+00 0.0000000000e+00 0.0000000000e+00 -2.1351753170e+13 2.5403523997e+14 0.0000000000e+00
2.6213144053e+21 2.1673736487e+20 2.1876550222e+19 1.3974087162e+35 0.0000000000e+00 0.0000000000e+00 0.0000000000e+00 -2.1351753170e+13 2.5403523997e+14 0.0000000000e+00
2.1130800642e+21 2.6522664113e+21 6.2502613272e+19 1.1659508078e+35 0.0000000000e+00 0.0000000000e+00 0.0000000000e+00 -2.1351753170e+13 2.5403523997e+14 0.0000000000e+00
2.5793112263e+21 1.4103711171e+21 -3.4653222557e+19 1.6957921070e+35 0.0000000000e+00 0.0000000000e+00 0.0000000000e+00 -2.1351753170e+13 2.5403523997e+14 0.0000000000e+00
9.6229654620e+20 2.7808536743e+21 3.3554926848e+19 1.5349419826e+35 0.0000000000e+00 0.0000000000e+00 0.0000000000e+00 -2.1351753170e+13 2.5403523997e+14 0.0000000000e+00
2.4131881804e+21 1.8960379001e+21 -1.3974172449e+20 5.3486089313e+34 0.0000000000e+00 0.0000000000e+00 0.0000000000e+00 -2.1351753170e+13 2.5403523997e+14 0.0000000000e+00
9.3150409308e+20 2.7362083494e+21 4.0117663063e+19 3.2904491151e+34 0.0000000000e+00 0.0000000000e+00 0.0000000000e+00 -2.1351753170e+13 2.5403523997e+14 0.0000000000e+00
2.0696724743e+21 2.3883818082e+21 -7.1443654266e+19 7.4058465345e+34 0.0000000000e+00 0.0000000000e+00 0.0000000000e+00 -2.1351753170e+13 2.5403523997e+14 0.0000000000e+00
2.4092689855e+21 2.9967233942e+21 -9.0228478158e+19 4.8588873084e+34 0.0000000000e+00 0.0000000000e+00 0.0000000000e+00 -2.1351753170e+13 2.5403523997e+14 0.0000000000e+00
2.7398300057e+21 3.5908348476e+20 1.1021782086e+20 1.6976501230e+35 0.0000000000e+00 0.0000000000e+00 0.0000000000e+00 -2.1351753170e+13 2.5403523997e+14 0.0000000000e+00
1.1963446317e+21 1.7505871121e+21 1.2690053316e+20 8.7028155276e+34 0.0000000000e+00 0.0000000000e+00 0.0000000000e+00 -2.1351753170e+13 2.5403523997e+14 0.0000000000e+00
2.3692435730e+21 1.0719531036e+21 9.2953408596e+18 1.4064753198e+35 0.0000000000e+00 0.0000000000e+00 0.0000000000e+00 -2.1351753170e+13 2.5403523997e+14 0.0000000000e+00
2.1166456423e+21 1.5225157184e+21 6.3399586860e+19 1.4799294667e+35 0.0000000000e+00 0.0000000000e+00 0.0000000000e+00 -2.1351753170e+13 2.5403523997e+14 0.0000000000e+00
1.0285908869e+21 1.4518139216e+20 7.2185123260e+19 7.7508427896e+34 0.0000000000e+00 0.0000000000e+00 0.0000000000e+00 -2.1351753170e+13 2.5403523997e+14 0.0000000000e+00
1.8602968699e+21 2.1225316535e+21 -8.0753778502e+19 7.5709894365e+34 0.0000000000e+00 0.0000000000e+00 0.0000000000e+00 -2.1351753170e+13 2.5403523997e+14 0.0000000000e+00
1.8994645207e+21 2.7321729624e+21 -4.1456836745e+18 5.4034901369e+34 0.0000000000e+00 0.0000000000e+00 0.0000000000e+00 -2.1351753170e+13 2.5403523997e+14 0.0000000000e+00
5.8325686989e+20 2.3996547268e+21 4.1626052278e+19 1.8840247447e+35 0.0000000000e+00 0.0000000000e+00 0.0000000000e+00 -2.1351753170e+13 2.5403523997e+14 0.0000000000e+00
2.9655531967e+21 2.2462318636e+21 3.8218130682e+18 7.3471646248e+34 0.0000000000e+00 0.0000000000e+00 0.0000000000e+00 -2.1351753170e+13 2.5403523997e+14 0.0000000000e+00
2.7880738969e+21 1.7445928167e+21 -2.5327613883e+19 9.0321251135e+34 0.0000000000e+00 0.0000000000e+00 0.0000000000e+00 -2.1351753170e+13 2.5403523997e+14 0.0000000000e+00
2.7254236563e+21 2.5046519761e+21 -1.4805527390e+18 1.0520909088e+35 0.0000000000e+00 0.0000000000e+00 0.0000000000e+00 -2.1351753170e+13 2.5403523997e+14 0.0000000000e+00
1.9655641006e+21 1.2071528389e+21 -9.5679657574e+16 1.4834897369e+35 0.0000000000e+00 0.0000000000e+00 0.0000000000e+00 -2.1351753170e+13 2.5403523997e+14 0.0000000000e+00
1.4483239004e+21 2.6052540839e+21 -4.2651570453e+19 1.4728624891e+35 0.0000000000e+00 0.0000000000e+00 0.0000000000e+00 -2.1351753170e+13 2.5403523997e+14 0.0000000000e+00
1.9717998430e+21 2.4052425415e+21 6.6698529474e+19 1.9163925596e+35 0.0000000000e+00 0.0000000000e+00 0.0000000000e+00 -2.1351753170e+13 2.5403523997e+14 0.0000000000e+00
2.3961565546e+21 2.7933719487e+20 -7.4881177292e+19 1.8711188271e+35 0.0000000000e+00 0.0000000000e+00 0.0000000000e+00 -2.1351753170e+13 2.5403523997e+14 0.0000000000e+00
1.8978765275e+21 4.5667671387e+20 -1.1143548145e+20 1.5625320774e+35 0.0000000000e+00 0.0000000000e+00 0.0000000000e+00 -2.1351753170e+13 2.5403523997e+14 0.0000000000e+00
1.6971925241e+21 1.9925098949e+21 -1.0984229354e+20 7.3322478625e+34 0.0000000000e+00 0.0000000000e+00 0.0000000000e+00 -2.1351753170e+13 2.5403523997e+14 0.0000000000e+00
2.9331790152e+21 6.9108535934e+20 -2.0969591808e+20 9.4509745657e+34 0.0000000000e+00 0.0000000000e+00 0.0000000000e+00 -2.1351753170e+13 2.5403523997e+14 0.0000000000e+00
3.0880658205e+20 1.3406595803e+21 -5.3612489516e+19 1.6904382669e+35 0.0000000000e+00 0.0000000000e+00 0.0000000000e+00 -2.1351753170e+13 2.5403523997e+14 0.0000000000e+00
1.9551764965e+21 2.6742223204e+21 2.5546568909e+19 1.4183756632e+35 0.0000000000e+00 0.0000000000e+00 0.0000000000e+00 -2.1351753170e+13 2.5403523997e+14 0.0000000000e+00
2.8691765733e+21 1.5086150028e+21 -5.2038319082e+19 1.6988487782e+35 0.0000000000e+00 0.0000000000e+00 0.0000000000e+00 -2.1351753170e+13 2.5403523997e+14 0.0000000000e+00
2.3263324296e+21 3.8931388143e+20 -2.2956335349e+19 1.1729642148e+35 0.0000000000e+00 0.0000000000e+00 0.0000000000e+00 -2.1351753170e+13 2.5403523997e+14 0.0000000000e+00
1.6020168864e+21 1.3135698039e+21 9.5122390545e+19 5.6746262134e+34 0.0000000000e+00 0.0000000000e+00 0.0000000000e+00 -2.1351753170e+13 2.5403523997e+14 0.0000000000e+00
1.7361854891e+21 1.1318653326e+21 -8.9160808037e+19 1.1634031503e+35 0.0000000000e+00 0.0000000000e+00 0.0000000000e+00 -2.1351753170e+13 2.5403523997e+14 0.0000000000e+00
2.2968703142e+20 1.3081308971e+21 7.4258529413e+19 7.8327355065e+34 0.0000000000e+00 0.0000000000e+00 0.0000000000e+00 -2.1351753170e+13 2.5403523997e+14 0.0000000000e+00
2.7914183257e+21 3.6729193671e+20 5.8418184021e+19 9.3344989779e+34 0.0000000000e+00 0.0000000000e+00 0.0000000000e+00 -2.1351753170e+13 2.5403523997e+14 0.0000000000e+00
1.3032528789e+21 1.7857954592e+21 -6.3557523229e+19 6.0632028428e+34 0.0000000000e+00 0.0000000000e+00 0.0000000000e+00 -2.1351753170e+13 2.5403523997e+14 0.0000000000e+00
2.3860240400e+21 2.4608589586e+21 -1.4597336061e+20 9.4241178041e+34 0.0000000000e+00 0.0000000000e+00 0.0000000000e+00 -2.1351753170e+13 2.5403523997e+14 0.0000000000e+00
2.4876251685e+21 9.9538625667e+20 6.8828393013e+19 2.3513076482e+34 0.0000000000e+00 0.0000000000e+00 0.0000000000e+00 -2.1351753170e+13 2.5403523997e+14 0.0000000000e+00
2.6071571872e+21 9.4984663952e+20 7.0194473652e+19 6.8532807754e+34 0.0000000000e+00 0.0000000000e+00 0.0000000000e+00 -2.1351753170e+13 2.5403523997e+14 0.0000000000e+00
9.4218990980e+20 2.3510028789e+21 1.9573606285e+20 1.7892347123e+35 0.0000000000e+00 0.0000000000e+00 0.0000000000e+00 -2.1351753170e+13 2.5403523997e+14 0.0000000000e+00
3.7226872056e+20 8.4171761892e+19 1.4810762413e+19 1.2787460137e+35 0.0000000000e+00 0.0000000000e+00 0.0000000000e+00 -2.1351753170e+13 2.5403523997e+14 0.0000000000e+00
1.2895258578e+21 4.1951288287e+20 -4.7193869282e+19 1.2606552351e+35 0.0000000000e+00 0.0000000000e+00 0.0000000000e+00 -2.1351753170e+13 2.5403523997e+14 0.0000000000e+00
9.8818792006e+20 2.5606903339e+21 -7.2169031676e+19 7.3458638915e+34 0.0000000000e+00 0.0000000000e+00 0.0000000000e+00 -2.1351753170e+13 2.5403523997e+14 0.0000000000e+00
1.3739667343e+21 7.7258294310e+20 -1.2835462809e+20 9.4919522413e+34 0.0000000000e+00 0.0000000000e+00 0.0000000000e+00 -2.1351753170e+13 2.5403523997e+14 0.0000000000e+00
2.2445825190e+21 7.6554569886e+20 5.2910656794e+19 1.8713273905e+35 0.0000000000e+00 0.0000000000e+00 0.0000000000e+00 -2.1351753170e+13 2.5403523997e+14 0.0000000000e+00
2.3797823769e+21 6.3030433800e+20 5.1329939400e+19 3.2888284931e+34 0.0000000000e+00 0.0000000000e+00 0.0000000000e+00 -2.1351753170e+13 2.5403523997e+14 0.0000000000e+00
8.0345845564e+20 2.3775280450e+21 -3.7875308949e+19 1.8026838946e+35 0.0000000000e+00 0.0000000000e+00 0.0000000000e+00 -2.1351753170e+13 2.5403523997e+14 0.0000000000e+00
1.7079966370e+21 8.2097239712e+20 4.8590281117e+19 8.4151808062e+34 0.0000000000e+00 0.0000000000e+00 0.0000000000e+00 -2.1351753170e+13 2.5403523997e+14 0.0000000000e+00
2.5535971684e+21 1.7359515431e+21 1.5307403227e+20 2.3589818033e+34 0.0000000000e+00 0.0000000000e+00 0.0000000000e+00 -2.1351753170e+13 2.5403523997e+14 0.0000000000e+00
2.3361928754e+21 2.3067071249e+21 -7.7698884976e+19 8.4805572512e+34 0.0000000000e+00 0.0000000000e+00 0.0000000000e+00 -2.1351753170e+13 2.5403523997e+14 0.0000000000e+00
5.8867393800e+20 2.4616026326e+21 -1.7903421241e+19 2.3410098238e+34 0.0000000000e+00 0.0000000000e+00 0.0000000000e+00 -2.1351753170e+13 2.5403523997e+14 0.0000000000e+00
1.0556752271e+21 1.3722269753e+20 -2.9082147548e+19 1.6739650978e+35 0.0000000000e+00 0.0000000000e+00 0.0000000000e+00 -2.1351753170e+13 2.5403523997e+14 0.0000000000e+00
2.0561062918e+21 2.0278172477e+21 -1.3288434083e+20 1.1856720488e+35 0.0000000000e+00 0.0000000000e+00 0.0000000000e+00 -2.1351753170e+13 2.5403523997e+14 0.0000000000e+00
2.3156427045e+21 3.0116176292e+20 -1.2143027037e+20 4.4682594469e+34 0.0000000000e+00 0.0000000000e+00 0.0000000000e+00 -2.1351753170e+13 2.5403523997e+14 0.0000000000e+00
1.6556967903e+20 2.0922384629e+21 -6.5665587838e+19 1.4201505593e+35 0.0000000000e+00 0.0000000000e+00 0.0000000000e+00 -2.1351753170e+13 2.5403523997e+14 0.0000000000e+00
1.8513465125e+21 7.6282473671e+20 4.3941782599e+19 1.9789039154e+35 0.0000000000e+00 0.0000000000e+00 0.0000000000e+00 -2.1351753170e+13 2.5403523997e+14 0.0000000000e+00
2.1007498513e+21 7.0002154980e+20 -5.9412344885e+19 1.3962666450e+35 0.0000000000e+00 0.0000000000e+00 0.0000000000e+00 -2.1351753170e+13 2.5403523997e+14 0.0000000000e+00
1.4009313034e+20 2.7649203944e+21 2.6424613470e+19 1.3261792161e+35 0.0000000000e+00 0.0000000000e+00 0.0000000000e+00 -2.1351753170e+13 2.5403523997e+14 0.0000000000e+00
2.8535184098e+21 1.8624548473e+21 2.4531197437e+19 3.7344503074e+34 0.0000000000e+00 0.0000000000e+00 0.0000000000e+00 -2.1351753170e+13 2.5403523997e+14 0.0000000000e+00
2.2135010803e+21 1.1022748681e+21 -5.1569912878e+19 1.6383201374e+35 0.0000000000e+00 0.0000000000e+00 0.0000000000e+00 -2.1351753170e+13 2.5403523997e+14 0.0000000000e+00
9.6365426696e+20 2.7897716902e+21 4.9273957669e+19 1.7798882757e+35 0.0000000000e+00 0.0000000000e+00 0.0000000000e+00 -2.1351753170e+13 2.5403523997e+14 0.0000000000e+00
3.0034032516e+20 4.1483666761e+20 -7.3636532996e+19 1.0846061544e+35 0.0000000000e+00 0.0000000000e+00 0.0000000000e+00 -2.1351753170e+13 2.5403523997e+14 0.0000000000e+00
6.5331399971e+20 3.6215415822e+20 -8.9742612389e+19 6.0937932278e+34 0.0000000000e+00 0.0000000000e+00 0.0000000000e+00 -2.1351753170e+13 2.5403523997e+14 0.0000000000e+00
2.0236008479e+21 1.0042278129e+21 -2.3165774339e+19 1.9662239680e+35 0.0000000000e+00 0.0000000000e+00 0.0000000000e+00 -2.1351753170e+13 2.5403523997e+14 0.0000000000e+00
2.7574264729e+21 1.3753718880e+21 1.0963168189e+20 1.7132516984e+35 0.0000000000e+00 0.0000000000e+00 0.0000000000e+00 -2.1351753170e+13 2.5403523997e+14 0.0000000000e+00
1.5687277569e+21 1.2325195374e+21 2.4199792193e+19 6.6954173769e+34 0.0000000000e+00 0.0000000000e+00 0.0000000000e+00 -2.1351753170e+13 2.5403523997e+14 0.0000000000e+00
7.9617484508e+20 1.1119013172e+21 -4.6608112169e+19 1.5107053238e+35 0.0000000000e+00 0.0000000000e+00 0.0000000000e+00 -2.1351753170e+13 2.5403523997e+14 0.0000000000e+00
1.4145787877e+21 2.4407377394e+21 -2.3960920016e+19 1.8483213402e+35 0.0000000000e+00 0.0000000000e+00 0.0000000000e+00 -2.1351753170e+13 2.5403523997e+14 0.0000000000e+00
7.8123069826e+20 1.9807957076e+21 3.3005036834e+18 5.6100720168e+34 0.0000000000e+00 0.0000000000e+00 0.0000000000e+00 -2.1351753170e+13 2.5403523997e+14 0.0000000000e+00
2.1956740842e+21 2.0986332262e+21 1.7799651358e+19 1.2893521330e+35 0.0000000000e+00 0.0000000000e+00 0.0000000000e+00 -2.1351753170e+13 2.5403523997e+14 0.0000000000e+00
2.5238971868e+21 1.4110036439e+21 4.4922798472e+19 1.5739442174e+35 0.0000000000e+00 0.0000000000e+00 0.0000000000e+00 -2.1351753170e+13 2.5403523997e+14 0.0000000000e+00
9.7165538036e+20 1.1823958326e+21 2.9970126726e+19 5.8991183296e+34 0.0000000000e+00 0.0000000000e+00 0.0000000000e+00 -2.1351753170e+13 2.5403523997e+14 0.0000000000e+00
1.2310637592e+21 1.1233115244e+21 9.3027131733e+19 9.4022947574e+34 0.0000000000e+00 0.0000000000e+00 0.0000000000e+00 -2.1351753170e+13 2.5403523997e+14 0.0000000000e+00
1.2629428221e+21 2.3656287654e+21 8.7874909885e+19 1.0132232419e+35 0.0000000000e+00 0.0000000000e+00 0.0000000000e+00 -2.1351753170e+13 2.5403523997e+14 0.0000000000e+00
2.0660450638e+21 9.4920195270e+20 4.6100384641e+19 1.1337638345e+35 0.0000000000e+00 0.0000000000e+00 0.0000000000e+00 -2.1351753170e+13 2.5403523997e+14 0.0000000000e+00
2.8195357303e+21 2.3866172099e+21 3.4371698691e+19 3.3195994701e+34 0.0000000000e+00 0.0000000000e+00 0.0000000000e+00 -2.1351753170e+13 2.5403523997e+14 0.0000000000e+00
1.1148723057e+21 2.2767172344e+21 1.3627601111e+19 1.5061820206e+35 0.0000000000e+00 0.0000000000e+00 0.0000000000e+00 -2.1351753170e+13 2.5403523997e+14 0.0000000000e+00
2.3388077976e+21 5.0342064071e+20 -2.6487627965e+19 5.8811039121e+34 0.0000000000e+00 0.0000000000e+00 0.0000000000e+00 -2.1351753170e+13 2.5403523997e+14 0.0000000000e+00
7.7113205194e+20 1.3098487278e+21 1.3849905815e+20 6.8939462690e+34 0.0000000000e+00 0.0000000000e+00 0.0000000000e+00 -2.1351753170e+13 2.5403523997e+14 0.0000000000e+00
1.3371565476e+21 2.7708144533e+21 3.3918086240e+19 9.8667808563e+34 0.0000000000e+00 0.0000000000e+00 0.0000000000e+00 -2.1351753170e+13 2.5403523997e+14 0.0000000000e+00
1.2550617805e+21 2.9284058920e+21 -6.0733656714e+19 1.7871936472e+35 0.0000000000e+00 0.0000000000e+00 0.0000000000e+00 -2.1351753170e+13 2.5403523997e+14 0.0000000000e+00
1.7164908392e+21 1.1857165365e+21 4.3281151272e+19 1.6436057519e+35 0.0000000000e+00 0.0000000000e+00 0.0000000000e+00 -2.1351753170e+13 2.5403523997e+14 0.0000000000e+00
1.4023810357e+21 1.5984141449e+20 -1.1337962628e+20 1.2153877154e+35 0.0000000000e+00 0.0000000000e+00 0.0000000000e+00 -2.1351753170e+13 2.5403523997e+14 0.0000000000e+00
1.7998611264e+21 2.6100010197e+21 3.2512329255e+19 4.3627661983e+34 0.0000000000e+00 0.0000000000e+00 0.0000000000e+00 -2.1351753170e+13 2.5403523997e+14 0.0000000000e+00
3.5421520384e+20 8.6125393245e+20 9.0965322744e+19 1.0624075371e+35 0.0000000000e+00 0.0000000000e+00 0.0000000000e+00 -2.1351753170e+13 2.5403523997e+14 0.0000000000e+00
2.2658622453e+21 6.1847271246e+19 2.5693171479e+19 1.9046096890e+35 0.0000000000e+00 0.0000000000e+00 0.0000000000e+00 -2.1351753170e+13 2.5403523997e+14 0.0000000000e+00
5.7945000870e+20 7.4914173324e+20 1.1117150722e+20 1.2529920229e+35 0.0000000000e+00 0.0000000000e+00 0.0000000000e+00 -2.1351753170e+13 2.5403523997e+14 0.0000000000e+00
2.5789670775e+19 2.4544383261e+20 -4.8223927598e+19 1.4157708140e+35 0.0000000000e+00 0.0000000000e+00 0.0000000000e+00 -2.1351753170e+13 2.5403523997e+14 0.0000000000e+00
7.0161755021e+19 8.2126053895e+20 -1.1372581942e+20 1.1229533088e+35 0.0000000000e+00 0.0000000000e+00 0.0000000000e+00 -2.1351753170e+13 2.5403523997e+14 0.0000000000e+00
2.3358483393e+21 1.8098067545e+20 9.7709649806e+18 1.9231852600e+35 0.0000000000e+00 0.0000000000e+00 0.0000000000e+00 -2.1351753170e+13 2.5403523997e+14 0.0000000000e+00
2.6828520588e+21 1.0333911668e+21 5.7266605292e+19 9.8349913587e+34 0.0000000000e+00 0.0000000000e+00 0.0000000000e+00 -2.1351753170e+13 2.5403523997e+14 0.0000000000e+00
2.6007128716e+21 2.4383123617e+21 -4.9576528238e+19 7.6037939514e+34 0.0000000000e+00 0.0000000000e+00 0.0000000000e+00 -2.1351753170e+13 2.5403523997e+14 0.0000000000e+00
2.7345096518e+21 1.8659516282e+21 -9.3344537818e+19 1.6135077355e+35 0.0000000000e+00 0.0000000000e+00 0.0000000000e+00 -2.1351753170e+13 2.5403523997e+14 0.0000000000e+00
1.9617381071e+21 6.4379852561e+20 -8.9879463845e+19 8.3492411067e+34 0.0000000000e+00 0.0000000000e+00 0.0000000000e+00 -2.1351753170e+13 2.5403523997e+14 0.0000000000e+00
2.6187135741e+21 2.6817016377e+21 2.0618190222e+18 9.4678569292e+34 0.0000000000e+00 0.0000000000e+00 0.0000000000e+00 -2.1351753170e+13 2.5403523997e+14 0.0000000000e+00
2.1350932090e+21 1.2758458932e+21 -3.4841812029e+19 3.2087988854e+34 0.0000000000e+00 0.0000000000e+00 0.0000000000e+00 -2.1351753170e+13 2.5403523997e+14 0.0000000000e+00
8.8900272816e+20 2.4656160989e+21 6.7572134140e+19 1.8208890101e+35 0.0000000000e+00 0.0000000000e+00 0.0000000000e+00 -2.1351753170e+13 2.5403523997e+14 0.0000000000e+00
2.1487869613e+20 1.7717278937e+21 -3.3759418007e+19 1.5844481728e+35 0.0000000000e+00 0.0000000000e+00 0.0000000000e+00 -2.1351753170e+13 2.5403523997e+14 0.0000000000e+00
1.1661514138e+21 1.5283241270e+21 6.3435875427e+19 4.6757578376e+34 0.0000000000e+00 0.0000000000e+00 0.0000000000e+00 -2.1351753170e+13 2.5403523997e+14 0.0000000000e+00
2.8695239260e+21 9.0893606800e+20 3.5773417738e+17 1.4072310869e+35 0.0000000000e+00 0.0000000000e+00 0.0000000000e+00 -2.1351753170e+13 2.5403523997e+14 0.0000000000e+00
2.1238376204e+20 1.3775845285e+21 1.1820645568e+18 1.7320590108e+35 0.0000000000e+00 0.0000000000e+00 0.0000000000e+00 -2.1351753170e+13 2.5403523997e+14 0.0000000000e+00
2.2127364803e+21 6.0659219152e+20 9.2886752375e+19 5.0696611801e+34 0.0000000000e+00 0.0000000000e+00 0.0000000000e+00 -2.1351753170e+13 2.5403523997e+14 0.0000000000e+00
1.3619222752e+21 2.9156269642e+21 -8.0495316939e+19 1.2641992917e+35 0.0000000000e+00 0.0000000000e+00 0.0000000000e+00 -2.1351753170e+13 2.5403523997e+14 0.0000000000e+00
1.7931980784e+20 1.4083559031e+21 -5.4294229010e+19 9.7015745832e+34 0.0000000000e+00 0.0000000000e+00 0.0000000000e+00 -2.1351753170e+13 2.5403523997e+14 0.0000000000e+00
1.1411350187e+21 2.1001712856e+21 -2.6862565814e+19 3.4928821996e+34 0.0000000000e+00 0.0000000000e+00 0.0000000000e+00 -2.1351753170e+13 2.5403523997e+14 0.0000000000e+00
1.0037486214e+21 1.8484705994e+21 1.3208424472e+20 3.3639492844e+34 0.0000000000e+00 0.0000000000e+00 0.0000000000e+00 -2.1351753170e+13 2.5403523997e+14 0.0000000000e+00
2.8882576039e+21 2.9251040155e+20 1.2684070764e+20 1.7942535186e+35 0.0000000000e+00 0.0000000000e+00 0.0000000000e+00 -2.1351753170e+13 2.5403523997e+14 0.0000000000e+00
7.3184108859e+20 2.3665041561e+21 1.0435867024e+19 3.6051982085e+34 0.0000000000e+00 0.0000000000e+00 0.0000000000e+00 -2.1351753170e+13 2.5403523997e+14 0.0000000000e+00
5.7661845999e+19 2.5482939804e+20 -2.7410557245e+18 7.7333406382e+34 0.0000000000e+00 0.0000000000e+00 0.0000000000e+00 -2.1351753170e+13 2.5403523997e+14 0.0000000000e+00
2.2101164600e+20 2.9357658847e+20 -1.4215385072e+20 1.7714809133e+35 0.0000000000e+00 0.0000000000e+00 0.0000000000e+00 -2.1351753170e+13 2.5403523997e+14 0.0000000000e+00
1.6468564359e+21 2.4541777359e+21 5.1439834214e+19 2.2525326132e+34 0.0000000000e+00 0.0000000000e+00 0.0000000000e+00 -2.1351753170e+13 2.5403523997e+14 0.0000000000e+00
9.8566632819e+20 1.4616401820e+21 5.3295717594e+19 1.8974974712e+35 0.0000000000e+00 0.0000000000e+00 0.0000000000e+00 -2.1351753170e+13 2.5403523997e+14 0.0000000000e+00
2.2498358946e+21 1.5485021571e+21 3.9039064650e+19 6.1338734801e+34 0.0000000000e+00 0.0000000000e+00 0.0000000000e+00 -2.1351753170e+13 2.5403523997e+14 0.0000000000e+00
1.7738117539e+21 2.7563133800e+21 1.9389652442e+18 1.2491460253e+35 0.0000000000e+00 0.0000000000e+00 0.0000000000e+00 -2.1351753170e+13 2.5403523997e+14 0.0000000000e+00
1.2558279335e+21 2.5910308182e+21 -1.2690530398e+19 8.4465623660e+34 0.0000000000e+00 0.0000000000e+00 0.0000000000e+00 -2.1351753170e+13 2.5403523997e+14 0.0000000000e+00
1.5786215668e+21 1.0260762355e+21 -1.2552494807e+18 2.8275098993e+34 0.0000000000e+00 0.0000000000e+00 0.0000000000e+00 -2.1351753170e+13 2.5403523997e+14 0.0000000000e+00
2.8523991328e+21 1.9425059602e+21 8.1402115943e+19 1.3540080536e+35 0.0000000000e+00 0.0000000000e+00 0.0000000000e+00 -2.1351753170e+13 2.5403523997e+14 0.0000000000e+00
1.2241974556e+21 1.4496445593e+21 1.5864207666e+18 1.3595072321e+35 0.0000000000e+00 0.0000000000e+00 0.0000000000e+00 -2.1351753170e+13 2.5403523997e+14 0.0000000000e+00
6.1841209952e+20 2.7956596581e+20 1.1930267096e+20 1.0499027635e+35 0.0000000000e+00 0.0000000000e+00 0.0000000000e+00 -2.1351753170e+13 2.5403523997e+14 0.0000000000e+00
8.0935246401e+20 1.5830692521e+21 6.0129192479e+18 8.4024798217e+34 0.0000000000e+00 0.0000000000e+00 0.0000000000e+00 -2.1351753170e+13 2.5403523997e+14 0.0000000000e+00
2.8599495990e+21 1.7612250734e+21 4.7648529728e+18 8.5964360108e+34 0.0000000000e+00 0.0000000000e+00 0.0000000000e+00 -2.1351753170e+13 2.5403523997e+14 0.0000000000e+00
2.4025845995e+21 9.5494793443e+20 1.0251046006e+20 6.5944498492e+34 0.0000000000e+00 0.0000000000e+00 0.0000000000e+00 -2.1351753170e+13 2.5403523997e+14 0.0000000000e+00
1.9862509715e+21 9.0497059559e+20 1.3216567322e+19 1.5815514875e+35 0.0000000000e+00 0.0000000000e+00 0.0000000000e+00 -2.1351753170e+13 2.5403523997e+14 0.0000000000e+00
4.4821890346e+20 1.4591307849e+21 8.3647789466e+19 1.5444247505e+35 0.0000000000e+00 0.0000000000e+00 0.0000000000e+00 -2.1351753170e+13 2.5403523997e+14 0.0000000000e+00
5.3377996691e+20 1.3947300558e+21 -2.5739238082e+19 1.7554732081e+35 0.0000000000e+00 0.0000000000e+00 0.0000000000e+00 -2.1351753170e+13 2.5403523997e+14 0.0000000000e+00
5.8789757308e+20 4.8518102816e+20 3.2458591224e+19 1.9729223392e+35 0.0000000000e+00 0.0000000000e+00 0.0000000000e+00 -2.1351753170e+13 2.5403523997e+14 0.0000000000e+00
1.4480973348e+21 1.0348409680e+21 -4.9486993431e+18 1.4062694553e+35 0.0000000000e+00 0.0000000000e+00 0.0000000000e+00 -2.1351753170e+13 2.5403523997e+14 0.0000000000e+00
2.3875188187e+21 2.3632777372e+21 7.5946333170e+19 2.3426179287e+34 0.0000000000e+00 0.0000000000e+00 0.0000000000e+00 -2.1351753170e+13 2.5403523997e+14 0.0000000000e+00
2.1953227874e+21 2.8524128883e+21 4.3862785562e+19 9.4765428321e+34 0.0000000000e+00 0.0000000000e+00 0.0000000000e+00 -2.1351753170e+13 2.5403523997e+14 0.0000000000e+00
2.1878971225e+21 1.2893615633e+21 3.6902744470e+18 1.3472690442e+35 0.0000000000e+00 0.0000000000e+00 0.0000000000e+00 -2.1351753170e+13 2.5403523997e+14 0.0000000000e+00
2.6698319635e+21 1.3803520603e+21 -1.3873925669e+20 1.8439153980e+35 0.0000000000e+00 0.0000000000e+00 0.0000000000e+00 -2.1351753170e+13 2.5403523997e+14 0.0000000000e+00
2.9853007469e+21 2.0443338775e+20 7.3211597484e+19 1.6794183412e+35 0.0000000000e+00 0.0000000000e+00 0.0000000000e+00 -2.1351753170e+13 2.5403523997e+14 0.0000000000e+00
2.6308021662e+21 1.6453464571e+21 -6.6763408597e+19 1.6289096525e+35 0.0000000000e+00 0.0000000000e+00 0.0000000000e+00 -2.1351753170e+13 2.5403523997e+14 0.0000000000e+00
2.4263057002e+21 1.5750409281e+21 -4.4234675750e+19 1.9204173954e+35 0.0000000000e+00 0.0000000000e+00 0.0000000000e+00 -2.1351753170e+13 2.5403523997e+14 0.0000000000e+00
6.6690424184e+20 5.6884129951e+20 -5.2933679427e+19 1.0900565802e+35 0.0000000000e+00 0.0000000000e+00 0.0000000000e+00 -2.1351753170e+13 2.5403523997e+14 0.0000000000e+00
2.0539180971e+21 4.9851227823e+20 3.7156711418e+19 6.3432112722e+34 0.0000000000e+00 0.0000000000e+00 0.0000000000e+00 -2.1351753170e+13 2.5403523997e+14 0.0000000000e+00
8.6450081057e+18 4.9289571218e+20 1.3287718147e+20 1.2767171947e+35 0.0000000000e+00 0.0000000000e+00 0.0000000000e+00 -2.1351753170e+13 2.5403523997e+14 0.0000000000e+00
1.6029604418e+21 2.1579580701e+21 4.8577347461e+19 1.5907975350e+35 0.0000000000e+00 0.0000000000e+00 0.0000000000e+00 -2.1351753170e+13 2.5403523997e+14 0.0000000000e+00
2.8796146292e+21 2.9921966402e+21 1.4665375542e+20 3.3681918788e+34 0.0000000000e+00 0.0000000000e+00 0.0000000000e+00 -2.1351753170e+13 2.5403523997e+14 0.0000000000e+00
4.4141897406e+20 1.7942249643e+21 7.4354456535e+19 3.6498024755e+34 0.0000000000e+00 0.0000000000e+00 0.0000000000e+00 -2.1351753170e+13 2.5403523997e+14 0.0000000000e+00
4.2527885536e+20 1.5804035177e+20 -6.4451421016e+19 1.4658090571e+35 0.0000000000e+00 0.0000000000e+00 0.0000000000e+00 -2.1351753170e+13 2.5403523997e+14 0.0000000000e+00
3.0945785734e+20 1.5406105895e+21 -4.0280683544e+19 4.1026588263e+34 0.0000000000e+00 0.0000000000e+00 0.0000000000e+00 -2.1351753170e+13 2.5403523997e+14 0.0000000000e+00
2.6660199585e+21 8.1193409343e+20 1.8100004722e+19 5.7917185512e+34 0.0000000000e+00 0.0000000000e+00 0.0000000000e+00 -2.1351753170e+13 2.5403523997e+14 0.0000000000e+00
2.9840741531e+20 3.6693120178e+19 -1.7137455341e+19 1.2734229778e+35 0.0000000000e+00 0.0000000000e+00 0.0000000000e+00 -2.1351753170e+13 2.5403523997e+14 0.0000000000e+00
7.0036168554e+20 1.8309614309e+21 -7.0672082264e+19 1.8172292561e+35 0.0000000000e+00 0.0000000000e+00 0.0000000000e+00 -2.1351753170e+13 2.5403523997e+14 0.0000000000e+00
4.8084793312e+20 6.5898917515e+20 3.0438148670e+19 9.6723385561e+34 0.0000000000e+00 0.0000000000e+00 0.0000000000e+00 -2.1351753170e+13 2.5403523997e+14 0.0000000000e+00
2.5011436014e+21 1.4190294684e+21 -3.7874262261e+19 2.3624949112e+34 0.0000000000e+00 0.0000000000e+00 0.0000000000e+00 -2.1351753170e+13 2.5403523997e+14 0.0000000000e+00
2.0643074093e+21 1.3655929804e+21 2.0425580071e+20 1.5635418231e+35 0.0000000000e+00 0.0000000000e+00 0.0000000000e+00 -2.1351753170e+13 2.5403523997e+14 0.0000000000e+00
1.9192600547e+21 2.3763387250e+21 -8.0685411320e+18 1.0958860024e+35 0.0000000000e+00 0.0000000000e+00 0.0000000000e+00 -2.1351753170e+13 2.5403523997e+14 0.0000000000e+00
1.9362104395e+21 8.6161922705e+20 1.7241721295e+20 1.9260108738e+35 0.0000000000e+00 0.0000000000e+00 0.0000000000e+00 -2.1351753170e+13 2.5403523997e+14 0.0000000000e+00
8.7676353406e+20 5.9593125216e+20 -4.9972741161e+19 5.1956265862e+34 0.0000000000e+00 0.0000000000e+00 0.0000000000e+00 -2.1351753170e+13 2.5403523997e+14 0.0000000000e+00
5.6835487585e+20 4.0355777986e+19 -4.0842667005e+19 1.9604234601e+35 0.0000000000e+00 0.0000000000e+00 0.0000000000e+00 -2.1351753170e+13 2.5403523997e+14 0.0000000000e+00
2.3307139693e+21 3.3712180638e+20 -1.1199489052e+20 6.3165854126e+34 0.0000000000e+00 0.0000000000e+00 0.0000000000e+00 -2.1351753170e+13 2.5403523997e+14 0.0000000000e+00
2.9470371357e+21 7.0851894399e+20 7.5046095975e+19 7.9219230552e+34 0.0000000000e+00 0.0000000000e+00 0.0000000000e+00 -2.1351753170e+13 2.5403523997e+14 0.0000000000e+00
1.6672140675e+21 1.0093536596e+20 -1.0040605662e+20 2.3629538020e+34 0.0000000000e+00 0.0000000000e+00 0.0000000000e+00 -2.1351753170e+13 2.5403523997e+14 0.0000000000e+00
5.6799447652e+20 9.4882416922e+19 4.3489029930e+19 1.4783310608e+35 0.0000000000e+00 0.0000000000e+00 0.0000000000e+00 -2.1351753170e+13 2.5403523997e+14 0.0000000000e+00
8.5249983619e+20 1.4591219196e+21 -1.4542940577e+20 1.1234702121e+35 0.0000000000e+00 0.0000000000e+00 0.0000000000e+00 -2.1351753170e+13 2.5403523997e+14 0.0000000000e+00
1.4285087448e+21 1.9549029188e+21 -3.7971914203e+17 1.0335802076e+35 0.0000000000e+00 0.0000000000e+00 0.0000000000e+00 -2.1351753170e+13 2.5403523997e+14 0.0000000000e+00
2.4819382179e+21 2.6319551590e+21 -1.3021010843e+18 5.3766739366e+34 0.0000000000e+00 0.0000000000e+00 0.0000000000e+00 -2.1351753170e+13 2.5403523997e+14 0.0000000000e+00
2.2351515571e+20 2.0273665996e+21 4.1938699593e+19 9.5248594926e+34 0.0000000000e+00 0.0000000000e+00 0.0000000000e+00 -2.1351753170e+13 2.5403523997e+14 0.0000000000e+00
1.7256832150e+21 1.5530438442e+21 -1.1540622357e+20 1.2433837580e+35 0.0000000000e+00 0.0000000000e+00 0.0000000000e+00 -2.1351753170e+13 2.5403523997e+14 0.0000000000e+00
1.0539822896e+21 3.4914816747e+20 -5.6525687303e+19 8.8049307965e+34 0.0000000000e+00 0.0000000000e+00 0.0000000000e+00 -2.1351753170e+13 2.5403523997e+14 0.0000000000e+00
2.1476828220e+21 2.9091467409e+20 1.7739039893e+18 5.8686537856e+34 0.0000000000e+00 0.0000000000e+00 0.0000000000e+00 -2.1351753170e+13 2.5403523997e+14 0.0000000000e+00
4.2382227231e+20 2.1030882233e+21 6.7490723555e+18 9.8163112356e+34 0.0000000000e+00 0.0000000000e+00 0.0000000000e+00 -2.1351753170e+13 2.5403523997e+14 0.0000000000e+00
1.7709378810e+21 2.8411617641e+20 -1.2406528924e+20 1.1277872370e+35 0.0000000000e+00 0.0000000000e+00 0.0000000000e+00 -2.1351753170e+13 2.5403523997e+14 0.0000000000e+00
2.0530999874e+21 5.5221594447e+20 1.7317255995e+19 1.2297200784e+35 0.0000000000e+00 0.0000000000e+00 0.0000000000e+00 -2.1351753170e+13 2.5403523997e+14 0.0000000000e+00
2.6142629750e+21 2.9958680182e+21 -5.8016289010e+19 1.3885696079e+35 0.0000000000e+00 0.0000000000e+00 0.0000000000e+00 -2.1351753170e+13 2.5403523997e+14 0.0000000000e+00
1.7254685861e+21 3.2052044360e+20 -1.2708983645e+20 1.9167711033e+35 0.0000000000e+00 0.0000000000e+00 0.0000000000e+00 -2.1351753170e+13 2.5403523997e+14 0.0000000000e+00
2.2262309658e+20 6.8862818050e+20 -8.9352033258e+19 1.5117106303e+35 0.0000000000e+00 0.0000000000e+00 0.0000000000e+00 -2.1351753170e+13 2.5403523997e+14 0.0000000000e+00
2.9255171939e+21 1.9982562944e+21 -7.6355780503e+19 6.5601342368e+34 0.0000000000e+00 0.0000000000e+00 0.0000000000e+00 -2.1351753170e+13 2.5403523997e+14 0.0000000000e+00
1.1883377275e+21 6.9078375298e+20 -5.4509562405e+19 1.8402103170e+35 0.0000000000e+00 0.0000000000e+00 0.0000000000e+00 -2.1351753170e+13 2.5403523997e+14 0.0000000000e+00
1.2602684762e+21 2.4084902044e+21 -3.5198303802e+18 1.4026160295e+35 0.0000000000e+00 0.0000000000e+00 0.0000000000e+00 -2.1351753170e+13 2.5403523997e+14 0.0000000000e+00
1.8657289412e+21 2.0930487612e+19 2.0926493156e+19 1.4934611530e+35 0.0000000000e+00 0.0000000000e+00 0.0000000000e+00 -2.1351753170e+13 2.5403523997e+14 0.0000000000e+00
1.7257939208e+21 1.7612095397e+21 6.2104049638e+18 1.5747664617e+35 0.0000000000e+00 0.0000000000e+00 0.0000000000e+00 -2.1351753170e+13 2.5403523997e+14 0.0000000000e+00
2.4941404929e+21 1.4366783448e+20 4.2713071889e+18 7.2692941023e+34 0.0000000000e+00 0.0000000000e+00 0.0000000000e+00 -2.1351753170e+13 2.5403523997e+14 0.0000000000e+00
7.6997975697e+20 1.5277002882e+21 -6.9257766353e+19 1.5223269370e+35 0.0000000000e+00 0.0000000000e+00 0.0000000000e+00 -2.1351753170e+13 2.5403523997e+14 0.0000000000e+00
2.3909167704e+21 2.6468258553e+20 3.4788828968e+19 1.3167209921e+35 0.0000000000e+00 0.0000000000e+00 0.0000000000e+00 -2.1351753170e+13 2.5403523997e+14 0.0000000000e+00
1.3777001606e+21 6.1683275556e+20 -8.2198503906e+19 4.5403751566e+34 0.0000000000e+00 0.0000000000e+00 0.0000000000e+00 -2.1351753170e+13 2.5403523997e+14 0.0000000000e+00
8.1246727468e+20 8.9173475128e+19 1.4528252399e+20 1.0166950624e+35 0.0000000000e+00 0.0000000000e+00 0.0000000000e+00 -2.1351753170e+13 2.5403523997e+14 0.0000000000e+00
5.8342966573e+20 1.3212005028e+20 -5.4813772970e+19 1.6894102707e+35 0.0000000000e+00 0.0000000000e+00 0.0000000000e+00 -2.1351753170e+13 2.5403523997e+14 0.0000000000e+00
7.7545083983e+20 9.2560212015e+20 -1.3296265426e+19 1.5823629657e+35 0.0000000000e+00 0.0000000000e+00 0.0000000000e+00 -2.1351753170e+13 2.5403523997e+14 0.0000000000e+00
2.0160025924e+19 7.9351657941e+20 5.0662207255e+19 4.1435111894e+34 0.0000000000e+00 0.0000000000e+00 0.0000000000e+00 -2.1351753170e+13 2.5403523997e+14 0.0000000000e+00
1.1924360270e+21 5.0290183709e+20 4.6517080827e+19 1.4310390785e+35 0.0000000000e+00 0.0000000000e+00 0.0000000000e+00 -2.1351753170e+13 2.5403523997e+14 0.0000000000e+00
