id,area,severity,title,affected_file,affected_symbol,finding_tags,source_log,issue_file,summary,proposed_patch
1,core,Medium,AMRSimulation::computeTimestepAtLevel(int): `hydro_dt` is computed as `dx_min / domain_signal_max` without guarding `domain_signal_max <= 0` or non-finite values (`src/simulation.hpp:1171`),src/simulation.hpp,AMRSimulation::computeTimestepAtLevel(int),none,audit/src-audit-log.md:223,audit/issues/core/001-amrsimulation-computetimestepatlevel-int-simulation-hpp.md,`hydro_dt` is computed as `dx_min / domain_signal_max` without guarding `domain_signal_max <= 0` or non-finite values (`src/simulation.hpp:1171`). A zero/NaN signal speed can produce `inf`/`nan` timestep and contaminate later timestep logic.,"Add explicit runtime guards for zero/non-finite/invalid inputs before the division or square-root path, and choose a deterministic fallback (early return, clamp, or hard abort) consistent with surrounding code."
2,core,Medium,"AMRSimulation::evolve(): time-based checkpoint scheduling is initialized with `next_chk_file_time = 0` and not advanced to `checkpointTimeInterval_` on fresh starts (`src/simulation.hpp:1338-1345`), unlike plotfiles (`src/simulation.hpp:1328-1337`)",src/simulation.hpp,AMRSimulation::evolve(),none,audit/src-audit-log.md:227,audit/issues/core/002-amrsimulation-evolve-simulation-hpp.md,"time-based checkpoint scheduling is initialized with `next_chk_file_time = 0` and not advanced to `checkpointTimeInterval_` on fresh starts (`src/simulation.hpp:1338-1345`), unlike plotfiles (`src/simulation.hpp:1328-1337`). This causes `checkpointtime_interval` to trigger on the first completed step (`src/simulation.hpp:1530-1535`) rather than after one full interval.","Mirror the plotfile scheduling logic on fresh starts by initializing `next_chk_file_time` to the first checkpoint interval (or `cur_time + checkpointTimeInterval_`), then advancing monotonically after writes."
3,core,Medium,AMRSimulation::evolve(): time sync assert divides by `cur_time` (`src/simulation.hpp:1459`),src/simulation.hpp,AMRSimulation::evolve(),none,audit/src-audit-log.md:228,audit/issues/core/003-amrsimulation-evolve-simulation-hpp.md,"time sync assert divides by `cur_time` (`src/simulation.hpp:1459`). If a zero timestep is produced (e.g., pathological CFL calculation), this assertion becomes `0/0` or `x/0` and fails non-diagnostically.",Rework the time-sync assertion to avoid dividing by `cur_time`; use an absolute tolerance when `cur_time == 0` and a relative check otherwise.
4,core,High,"AMRSimulation::calculateGpotAllLevels(): the OpenBCSolver branch computes `abstol = abstolPoisson_ * rhs_min` (`src/simulation.hpp:1842`) using the signed minimum RHS value, while the MLMG branch uses `std::abs(rhs_min)` (`src/simulation.hpp:1821`)",src/simulation.hpp,AMRSimulation::calculateGpotAllLevels(),none,audit/src-audit-log.md:229,audit/issues/core/004-amrsimulation-calculategpotalllevels-simulation-hpp.md,"the OpenBCSolver branch computes `abstol = abstolPoisson_ * rhs_min` (`src/simulation.hpp:1842`) using the signed minimum RHS value, while the MLMG branch uses `std::abs(rhs_min)` (`src/simulation.hpp:1821`). For the common case `rhs_min < 0`, this can pass a negative absolute tolerance to the solver.","Match the MLMG branch and compute the OpenBCSolver absolute tolerance from `std::abs(rhs_min)` (or a non-negative norm), then assert the final `abstol >= 0`."
5,core,High,AMRSimulation::MakeNewLevelFromCoarse(...): constructs per-direction face BC arrays with `BCs_array[idim] = BCs_fc_` (`src/simulation.hpp:2367`) instead of slicing the flattened `BCs_fc_` vector to `ncomp_per_dim_fc` entries,src/simulation.hpp,AMRSimulation::MakeNewLevelFromCoarse(...),correctness,audit/src-audit-log.md:240,audit/issues/core/005-amrsimulation-makenewlevelfromcoarse-simulation-hpp.md,constructs per-direction face BC arrays with `BCs_array[idim] = BCs_fc_` (`src/simulation.hpp:2367`) instead of slicing the flattened `BCs_fc_` vector to `ncomp_per_dim_fc` entries. `FillCoarsePatchFaceArray(...)` then receives incorrect BC vector sizes/ordering.,"Slice `BCs_fc_` into per-direction vectors of length `ncomp_per_dim_fc` before calling face-array fill helpers, instead of reusing the full flattened vector for every direction."
6,core,High,"AMRSimulation::RemakeLevel(...): `int_state_old_cc` is allocated but never filled before `std::swap(int_state_old_cc, state_old_cc_[level])` (`src/simulation.hpp:2386-2389`), so `state_old_cc_[level]` becomes uninitialized after remaking a level",src/simulation.hpp,AMRSimulation::RemakeLevel(...),correctness,audit/src-audit-log.md:241,audit/issues/core/006-amrsimulation-remakelevel-simulation-hpp.md,"`int_state_old_cc` is allocated but never filled before `std::swap(int_state_old_cc, state_old_cc_[level])` (`src/simulation.hpp:2386-2389`), so `state_old_cc_[level]` becomes uninitialized after remaking a level.",Initialize or copy-populate the temporary state before swapping it into the live state vector; add a regression test that exercises the remake/remap path.
7,core,High,"AMRSimulation::RemakeLevel(...): repeats the same face-BC packing bug as `MakeNewLevelFromCoarse` (`BCs_array[idim] = BCs_fc_` at `src/simulation.hpp:2416`), passing flattened BC records where per-direction BC vectors are expected",src/simulation.hpp,AMRSimulation::RemakeLevel(...),correctness,audit/src-audit-log.md:242,audit/issues/core/007-amrsimulation-remakelevel-simulation-hpp.md,"repeats the same face-BC packing bug as `MakeNewLevelFromCoarse` (`BCs_array[idim] = BCs_fc_` at `src/simulation.hpp:2416`), passing flattened BC records where per-direction BC vectors are expected.","Slice `BCs_fc_` into per-direction vectors of length `ncomp_per_dim_fc` before calling face-array fill helpers, instead of reusing the full flattened vector for every direction."
8,core,High,"AMRSimulation::setDiodeBCLo<...>(...): diode ghost fill copies/reflects only `{rho, mom, E, Eint}` and leaves additional conserved components (e.g",src/simulation.hpp,AMRSimulation::setDiodeBCLo<...>(...),correctness,audit/src-audit-log.md:251,audit/issues/core/008-amrsimulation-setdiodebclo-simulation-hpp.md,"diode ghost fill copies/reflects only `{rho, mom, E, Eint}` and leaves additional conserved components (e.g. passive scalars) untouched (`src/simulation.hpp:2642-2653`, `:2689-2694`). This can leave stale ghost values when diode BCs are used with extra hydro state components.","After populating the core hydro fields, explicitly copy/fill all remaining conserved components (passive scalars and optional extras) in the diode ghost-fill path."
9,core,High,"AMRSimulation::setDiodeBCHi<...>(...): same issue on the upper boundary; only core hydro fields are filled (`src/simulation.hpp:2753-2764`, `:2800-2805`), so passive scalars/other extra conserved components are not boundary-populated",src/simulation.hpp,AMRSimulation::setDiodeBCHi<...>(...),correctness,audit/src-audit-log.md:252,audit/issues/core/009-amrsimulation-setdiodebchi-simulation-hpp.md,"same issue on the upper boundary; only core hydro fields are filled (`src/simulation.hpp:2753-2764`, `:2800-2805`), so passive scalars/other extra conserved components are not boundary-populated.","After populating the core hydro fields, explicitly copy/fill all remaining conserved components (passive scalars and optional extras) in the diode ghost-fill path."
10,core,High,"AMRSimulation::FillCoarsePatch(...): face-centered branch still constructs cell-centered boundary functors (`setBoundaryFunctor`) and never uses `setBoundaryFunctorFaceVar` / `dir` (`src/simulation.hpp:3240-3250`), so custom face-variable physical BCs are skipped on coarse interpolation fills",src/simulation.hpp,AMRSimulation::FillCoarsePatch(...),correctness,audit/src-audit-log.md:261,audit/issues/core/010-amrsimulation-fillcoarsepatch-simulation-hpp.md,"face-centered branch still constructs cell-centered boundary functors (`setBoundaryFunctor`) and never uses `setBoundaryFunctorFaceVar` / `dir` (`src/simulation.hpp:3240-3250`), so custom face-variable physical BCs are skipped on coarse interpolation fills.","In the face-centered `FillCoarsePatch` branch, construct and pass `setBoundaryFunctorFaceVar` with the correct `dir` so custom face-variable physical BC callbacks run during coarse interpolation fills."
11,core,High,"AMRSimulation::ReadMetadataFile(...): uses `feholdexcept(...)` / `fesetenv(...)` for temporary FPE masking (`src/simulation.hpp:4164-4165`, `:4192`), but `YAML::LoadFile(...)` or subsequent parsing can throw before `fesetenv(...)` runs, leaving the process FPE environment altered",src/simulation.hpp,AMRSimulation::ReadMetadataFile(...),robustness,audit/src-audit-log.md:288,audit/issues/core/011-amrsimulation-readmetadatafile-simulation-hpp.md,"uses `feholdexcept(...)` / `fesetenv(...)` for temporary FPE masking (`src/simulation.hpp:4164-4165`, `:4192`), but `YAML::LoadFile(...)` or subsequent parsing can throw before `fesetenv(...)` runs, leaving the process FPE environment altered.",Wrap FPE-environment masking/restoration in an RAII guard so `fesetenv(...)` always runs on normal return and exception paths.
12,core,High,"AMRSimulation::readCheckpointHeader(...): parses `istep`, `dt_`, and `tNew_` lines with unbounded `while (lis >> word) { arr[i++] = ...; }` loops (`src/simulation.hpp:4437-4440`, `:4447-4450`, `:4457-4460`) into fixed-size arrays, so malformed headers with extra tokens can overflow",src/simulation.hpp,AMRSimulation::readCheckpointHeader(...),robustness,audit/src-audit-log.md:294,audit/issues/core/012-amrsimulation-readcheckpointheader-simulation-hpp.md,"parses `istep`, `dt_`, and `tNew_` lines with unbounded `while (lis >> word) { arr[i++] = ...; }` loops (`src/simulation.hpp:4437-4440`, `:4447-4450`, `:4457-4460`) into fixed-size arrays, so malformed headers with extra tokens can overflow.","Bound the parser loop by the destination array size, validate the exact token count, and reject malformed checkpoint headers instead of continuing to parse."
13,core,Medium,"QuokkaSimulation::computeNumberOfRadiationSubsteps(int, Real): computes `dtrad_tmp = radiationCflNumber_ * (dx_min / c_hat)` and `ceil(dt_lev_hydro / dtrad_tmp)` with no guard for `c_hat <= 0` or non-positive `radiationCflNumber_` (`src/QuokkaSimulation.hpp:718-721`), allowing division by zero / invalid substep counts from bad runtime parameters",src/QuokkaSimulation.hpp,"QuokkaSimulation::computeNumberOfRadiationSubsteps(int, Real)",robustness,audit/src-audit-log.md:308,audit/issues/core/013-quokkasimulation-computenumberofradiationsubsteps-int-real-quokkasim.md,"computes `dtrad_tmp = radiationCflNumber_ * (dx_min / c_hat)` and `ceil(dt_lev_hydro / dtrad_tmp)` with no guard for `c_hat <= 0` or non-positive `radiationCflNumber_` (`src/QuokkaSimulation.hpp:718-721`), allowing division by zero / invalid substep counts from bad runtime parameters.","Add explicit runtime guards for zero/non-finite/invalid inputs before the division or square-root path, and choose a deterministic fallback (early return, clamp, or hard abort) consistent with surrounding code."
14,core,Medium,"QuokkaSimulation::isCflViolated(...): computes `dt_cfl = cflNumber_ * (dx_min / max_signal)` without guarding zero/non-finite `max_signal` (`src/QuokkaSimulation.hpp:2037`), allowing `inf`/`nan` CFL thresholds and unreliable retry acceptance",src/QuokkaSimulation.hpp,QuokkaSimulation::isCflViolated(...),robustness,audit/src-audit-log.md:330,audit/issues/core/014-quokkasimulation-iscflviolated-quokkasimulation-hpp.md,"computes `dt_cfl = cflNumber_ * (dx_min / max_signal)` without guarding zero/non-finite `max_signal` (`src/QuokkaSimulation.hpp:2037`), allowing `inf`/`nan` CFL thresholds and unreliable retry acceptance.","Add explicit runtime guards for zero/non-finite/invalid inputs before the division or square-root path, and choose a deterministic fallback (early return, clamp, or hard abort) consistent with surrounding code."
15,core,Medium,QuokkaSimulation::advanceHydroAtLevel(...): Stage-2 face-centered ghost fill uses `time` instead of `time + dt_lev` (`src/QuokkaSimulation.hpp:2309`) while the cell-centered fill uses `time + dt_lev` (`src/QuokkaSimulation.hpp:2305`),src/QuokkaSimulation.hpp,QuokkaSimulation::advanceHydroAtLevel(...),none,audit/src-audit-log.md:331,audit/issues/core/015-quokkasimulation-advancehydroatlevel-quokkasimulation-hpp.md,Stage-2 face-centered ghost fill uses `time` instead of `time + dt_lev` (`src/QuokkaSimulation.hpp:2309`) while the cell-centered fill uses `time + dt_lev` (`src/QuokkaSimulation.hpp:2305`). This can apply inconsistent boundary states for time-dependent MHD boundary conditions during the RK2 corrector stage.,Use `time + dt_lev` consistently for both cell-centered and face-centered RK2 stage-2 boundary fills to keep time-dependent BCs synchronized.
16,core,High,"QuokkaSimulation::computeMaxSignalLocal(int): MHD face arrays are filled with `for (int idim = 0; idim < 3; ++idim)` (`src/QuokkaSimulation.hpp:735`) even though the container type is `std::array<..., AMREX_SPACEDIM>`",src/QuokkaSimulation.hpp,QuokkaSimulation::computeMaxSignalLocal(int),portability,audit/src-audit-log.md:332,audit/issues/core/016-quokkasimulation-computemaxsignallocal-int-quokkasimulation-hpp.md,"MHD face arrays are filled with `for (int idim = 0; idim < 3; ++idim)` (`src/QuokkaSimulation.hpp:735`) even though the container type is `std::array<..., AMREX_SPACEDIM>`. This is out-of-bounds for 1D/2D MHD builds.","Make dimensional assumptions explicit: either add `static_assert(AMREX_SPACEDIM == 3)` for intentionally 3D code, or rewrite loops/indexing to use `AMREX_SPACEDIM` with dimension-guarded branches. | Replace fixed indices/loop bounds with container-size-aware logic (`AMREX_SPACEDIM` / `.size()`), and add assertions in debug builds to catch future regressions."
17,core,High,"QuokkaSimulation::replaceEMFs(...): loops `for (int iedge = 0; iedge < 3; ++iedge)` over `std::array<amrex::MultiFab, AMREX_SPACEDIM>` (`src/QuokkaSimulation.hpp:2507`), which is out-of-bounds for 1D/2D MHD builds",src/QuokkaSimulation.hpp,QuokkaSimulation::replaceEMFs(...),portability,audit/src-audit-log.md:333,audit/issues/core/017-quokkasimulation-replaceemfs-quokkasimulation-hpp.md,"loops `for (int iedge = 0; iedge < 3; ++iedge)` over `std::array<amrex::MultiFab, AMREX_SPACEDIM>` (`src/QuokkaSimulation.hpp:2507`), which is out-of-bounds for 1D/2D MHD builds.","Make dimensional assumptions explicit: either add `static_assert(AMREX_SPACEDIM == 3)` for intentionally 3D code, or rewrite loops/indexing to use `AMREX_SPACEDIM` with dimension-guarded branches. | Replace fixed indices/loop bounds with container-size-aware logic (`AMREX_SPACEDIM` / `.size()`), and add assertions in debug builds to catch future regressions."
18,core,High,"HydroSystem::ComputeMaxSignalSpeed(...): MHD branch unconditionally reads `cons_fc[1]` and `cons_fc[2]` (`src/hydro/hydro_system.hpp:409-412`) from a `std::array<..., AMREX_SPACEDIM>`, causing out-of-bounds access for 1D/2D MHD builds",src/hydro/hydro_system.hpp,HydroSystem::ComputeMaxSignalSpeed(...),portability,audit/src-audit-log.md:375,audit/issues/core/018-hydrosystem-computemaxsignalspeed-hydro-system-hpp.md,"MHD branch unconditionally reads `cons_fc[1]` and `cons_fc[2]` (`src/hydro/hydro_system.hpp:409-412`) from a `std::array<..., AMREX_SPACEDIM>`, causing out-of-bounds access for 1D/2D MHD builds.","Replace fixed indices/loop bounds with container-size-aware logic (`AMREX_SPACEDIM` / `.size()`), and add assertions in debug builds to catch future regressions."
19,core,High,"HydroSystem::ComputeMagneticEnergy(...): MHD path unconditionally reads `(*cons_fc)[1]` and `(*cons_fc)[2]` (`src/hydro/hydro_system.hpp:668-671`) from a `std::array<..., AMREX_SPACEDIM>`, so it is out-of-bounds for 1D/2D MHD builds",src/hydro/hydro_system.hpp,HydroSystem::ComputeMagneticEnergy(...),portability,audit/src-audit-log.md:385,audit/issues/core/019-hydrosystem-computemagneticenergy-hydro-system-hpp.md,"MHD path unconditionally reads `(*cons_fc)[1]` and `(*cons_fc)[2]` (`src/hydro/hydro_system.hpp:668-671`) from a `std::array<..., AMREX_SPACEDIM>`, so it is out-of-bounds for 1D/2D MHD builds.","Replace fixed indices/loop bounds with container-size-aware logic (`AMREX_SPACEDIM` / `.size()`), and add assertions in debug builds to catch future regressions."
20,core,Medium,"HydroSystem::ComputeFluxes<...>(...): face-centered normal velocity uses the opposite-side density when deriving `v_norm` from mass flux (`F[rho] >= 0` divides by `rho_R`, `F[rho] < 0` divides by `rho_L`) at `src/hydro/hydro_system.hpp:1514-1521`",src/hydro/hydro_system.hpp,HydroSystem::ComputeFluxes<...>(...),none,audit/src-audit-log.md:386,audit/issues/core/020-hydrosystem-computefluxes-hydro-system-hpp.md,"face-centered normal velocity uses the opposite-side density when deriving `v_norm` from mass flux (`F[rho] >= 0` divides by `rho_R`, `F[rho] < 0` divides by `rho_L`) at `src/hydro/hydro_system.hpp:1514-1521`. This is inconsistent with the immediately following species upwind logic (`src/hydro/hydro_system.hpp:1525-1544`) and with the linear advection implementation (`src/linear_advection/linear_advection.hpp:190-206`), and can bias tracer advection / dual-energy `div v`.","Apply a targeted fix at the cited location, then add a regression/unit test that exercises the failing code path and confirms the corrected behavior."
21,core,Medium,"MHDSystem::ComputeEMF_FelkerStone2017(...): hard-codes 3D indexing (`fcx_mf_cVars[2]`, `fcx_mf_fspds[2]`, `iedge < 3`) at `src/hydro/mhd_system.hpp:179-186` and `:338-340`, so it is not safe for 1D/2D MHD builds",src/hydro/mhd_system.hpp,MHDSystem::ComputeEMF_FelkerStone2017(...),portability,audit/src-audit-log.md:391,audit/issues/core/021-mhdsystem-computeemf-felkerstone2017-mhd-system-hpp.md,"hard-codes 3D indexing (`fcx_mf_cVars[2]`, `fcx_mf_fspds[2]`, `iedge < 3`) at `src/hydro/mhd_system.hpp:179-186` and `:338-340`, so it is not safe for 1D/2D MHD builds.","Make dimensional assumptions explicit: either add `static_assert(AMREX_SPACEDIM == 3)` for intentionally 3D code, or rewrite loops/indexing to use `AMREX_SPACEDIM` with dimension-guarded branches."
22,core,High,"MHDSystem::ComputeEMF_Quokka2026(...): hard-codes 3D indexing (`fcx_mf_vel[2]`, `fcx_mf_cVars[2]`, `fcx_mf_fspds[2]`, `iedge < 3`) at `src/hydro/mhd_system.hpp:371-385` and `:475-477`, causing out-of-bounds access in 1D/2D MHD builds",src/hydro/mhd_system.hpp,MHDSystem::ComputeEMF_Quokka2026(...),portability,audit/src-audit-log.md:392,audit/issues/core/022-mhdsystem-computeemf-quokka2026-mhd-system-hpp.md,"hard-codes 3D indexing (`fcx_mf_vel[2]`, `fcx_mf_cVars[2]`, `fcx_mf_fspds[2]`, `iedge < 3`) at `src/hydro/mhd_system.hpp:371-385` and `:475-477`, causing out-of-bounds access in 1D/2D MHD builds.","Make dimensional assumptions explicit: either add `static_assert(AMREX_SPACEDIM == 3)` for intentionally 3D code, or rewrite loops/indexing to use `AMREX_SPACEDIM` with dimension-guarded branches. | Replace fixed indices/loop bounds with container-size-aware logic (`AMREX_SPACEDIM` / `.size()`), and add assertions in debug builds to catch future regressions."
23,core,Medium,"MHDSystem::ComputeEMF_Balsara2025(...): hard-codes 3D storage/loops (`cc_mf_EMF(...,3,...)`, `fcx_mf_cVars[2]`, `idim < 3`, `iedge < 3`) at `src/hydro/mhd_system.hpp:501-503`, `:514-523`, `:532`, and `:571`, so the implementation is not dimension-safe for 1D/2D MHD builds",src/hydro/mhd_system.hpp,MHDSystem::ComputeEMF_Balsara2025(...),portability,audit/src-audit-log.md:393,audit/issues/core/023-mhdsystem-computeemf-balsara2025-mhd-system-hpp.md,"hard-codes 3D storage/loops (`cc_mf_EMF(...,3,...)`, `fcx_mf_cVars[2]`, `idim < 3`, `iedge < 3`) at `src/hydro/mhd_system.hpp:501-503`, `:514-523`, `:532`, and `:571`, so the implementation is not dimension-safe for 1D/2D MHD builds.","Make dimensional assumptions explicit: either add `static_assert(AMREX_SPACEDIM == 3)` for intentionally 3D code, or rewrite loops/indexing to use `AMREX_SPACEDIM` with dimension-guarded branches."
24,core,High,"MHDSystem::SolveInductionEqn(...): loops over `w0 = 0..2` unconditionally (`src/hydro/mhd_system.hpp:957`) while operating on `std::array<..., AMREX_SPACEDIM>` containers",src/hydro/mhd_system.hpp,MHDSystem::SolveInductionEqn(...),portability,audit/src-audit-log.md:398,audit/issues/core/024-mhdsystem-solveinductioneqn-mhd-system-hpp.md,"loops over `w0 = 0..2` unconditionally (`src/hydro/mhd_system.hpp:957`) while operating on `std::array<..., AMREX_SPACEDIM>` containers. This is out-of-bounds for 1D/2D MHD builds and should use `AMREX_SPACEDIM`.","Make dimensional assumptions explicit: either add `static_assert(AMREX_SPACEDIM == 3)` for intentionally 3D code, or rewrite loops/indexing to use `AMREX_SPACEDIM` with dimension-guarded branches. | Replace fixed indices/loop bounds with container-size-aware logic (`AMREX_SPACEDIM` / `.size()`), and add assertions in debug builds to catch future regressions."
25,core,Medium,"RadSystem::amendRadState(...): comment says NaN `E_r` is handled, but the floor check uses only `if (E_r < Erad_floor_)` (`src/radiation/radiation_system.hpp:695-701`), which is false for NaN",src/radiation/radiation_system.hpp,RadSystem::amendRadState(...),none,audit/src-audit-log.md:404,audit/issues/core/025-radsystem-amendradstate-radiation-system-hpp.md,"comment says NaN `E_r` is handled, but the floor check uses only `if (E_r < Erad_floor_)` (`src/radiation/radiation_system.hpp:695-701`), which is false for NaN. NaN radiation states can therefore survive `amendRadState()` and trip the subsequent assertion in `PredictStep()` (`src/radiation/radiation_system.hpp:756-760`).","Apply a targeted fix at the cited location, then add a regression/unit test that exercises the failing code path and confirms the corrected behavior."
26,core,Medium,RadSystem::ComputeCellOpticalDepth<DIR>(...): harmonic-mean optical depth uses `2*tau_L*tau_R/(tau_L+tau_R)` with no zero-denominator guard (`src/radiation/radiation_system.hpp:914-923`),src/radiation/radiation_system.hpp,RadSystem::ComputeCellOpticalDepth<DIR>(...),robustness,audit/src-audit-log.md:408,audit/issues/core/026-radsystem-computecellopticaldepth-dir-radiation-system-hpp.md,"harmonic-mean optical depth uses `2*tau_L*tau_R/(tau_L+tau_R)` with no zero-denominator guard (`src/radiation/radiation_system.hpp:914-923`). If both sides are optically thin with zero opacity/depth, this becomes `0/0` and can inject NaNs into the optional wavespeed-correction path.","Apply a targeted fix at the cited location, then add a regression/unit test that exercises the failing code path and confirms the corrected behavior."
27,core,Medium,"RadSystem::ComputeRadPressure<DIR>(...): NaN checks use `AMREX_ASSERT(Fn != NAN)` / `Tn* != NAN` (`src/radiation/radiation_system.hpp:1026-1029`), which are ineffective because comparisons with `NaN` are always true in IEEE arithmetic",src/radiation/radiation_system.hpp,RadSystem::ComputeRadPressure<DIR>(...),robustness,audit/src-audit-log.md:410,audit/issues/core/027-radsystem-computeradpressure-dir-radiation-system-hpp.md,"NaN checks use `AMREX_ASSERT(Fn != NAN)` / `Tn* != NAN` (`src/radiation/radiation_system.hpp:1026-1029`), which are ineffective because comparisons with `NaN` are always true in IEEE arithmetic.",Replace NaN comparisons with `amrex::Math::isfinite(...)` / `std::isfinite(...)` checks (or `x == x` if required on device) and assert on non-finite values.
28,core,Medium,"RadSystem::ComputeDustTemperatureBateKeto(...): warm-start branch computes `T_d = T_gas - R_sum / (N_d * sqrt(T_gas))` with no guard on `N_d > 0` and `T_gas > 0` (`src/radiation/radiation_system.hpp:1480-1483`), so low-density/zero-temperature states can generate `inf`/`nan`",src/radiation/radiation_system.hpp,RadSystem::ComputeDustTemperatureBateKeto(...),robustness,audit/src-audit-log.md:439,audit/issues/core/028-radsystem-computedusttemperaturebateketo-radiation-system-hpp.md,"warm-start branch computes `T_d = T_gas - R_sum / (N_d * sqrt(T_gas))` with no guard on `N_d > 0` and `T_gas > 0` (`src/radiation/radiation_system.hpp:1480-1483`), so low-density/zero-temperature states can generate `inf`/`nan`.","Add explicit runtime guards for zero/non-finite/invalid inputs before the division or square-root path, and choose a deterministic fallback (early return, clamp, or hard abort) consistent with surrounding code."
29,core,Medium,"RadSystem::AddSourceTermsSingleGroup(...): in the `beta_order_ > 1` branch, `gasVel` is value-initialized but never populated before building the 3x3 flux-update matrix (`src/radiation/source_terms_single_group.hpp:399`, `:453-463`)",src/radiation/source_terms_single_group.hpp,RadSystem::AddSourceTermsSingleGroup(...),none,audit/src-audit-log.md:450,audit/issues/core/029-radsystem-addsourcetermssinglegroup-source-terms-single-group-hpp.md,"in the `beta_order_ > 1` branch, `gasVel` is value-initialized but never populated before building the 3x3 flux-update matrix (`src/radiation/source_terms_single_group.hpp:399`, `:453-463`). This silently drops the intended velocity-coupling terms in that branch.","Populate `gasVel` from the current gas state before assembling the flux-update matrix in the `beta_order_ > 1` branch, and add a test that exercises that code path."
30,core,Medium,"quokka::particleParmParse(): `particle_param3` is declared (`src/particles/particle_types.hpp:471`) but not parsed from inputs; the parser only reads `param1` and `param2` (`src/particles/particle_types.hpp:542-543`), so `particles.param3` is silently ignored",src/particles/particle_types.hpp,quokka::particleParmParse(),none,audit/src-audit-log.md:479,audit/issues/core/030-quokka-particleparmparse-particle-types-hpp.md,"`particle_param3` is declared (`src/particles/particle_types.hpp:471`) but not parsed from inputs; the parser only reads `param1` and `param2` (`src/particles/particle_types.hpp:542-543`), so `particles.param3` is silently ignored.",Add the missing `ParmParse` query for the parameter and include a unit/regression test that verifies the runtime value is propagated from inputs.
31,core,Medium,"SNFeedbackUtils::depositThermalKineticMomentumSNR(...): when `SN_smooth_gas_velocity == false`, the cross-term uses `((px*p_radial_x)+(py*p_radial_y)+(pz*p_radial_z))/rho` (`src/particles/particle_deposition.hpp:301-304`) without guarding `rho <= 0`",src/particles/particle_deposition.hpp,SNFeedbackUtils::depositThermalKineticMomentumSNR(...),robustness,audit/src-audit-log.md:503,audit/issues/core/031-snfeedbackutils-depositthermalkineticmomentumsnr-particle-deposition.md,"when `SN_smooth_gas_velocity == false`, the cross-term uses `((px*p_radial_x)+(py*p_radial_y)+(pz*p_radial_z))/rho` (`src/particles/particle_deposition.hpp:301-304`) without guarding `rho <= 0`. In low-density/vacuum cells this can produce `inf`/`nan` energy deposition.","Add explicit runtime guards for zero/non-finite/invalid inputs before the division or square-root path, and choose a deterministic fallback (early return, clamp, or hard abort) consistent with surrounding code."
32,core,Medium,SNFeedbackUtils::addCompositeBufferToState(...): computes `d_e_int_d_rho = e_int / rho` (`src/particles/particle_deposition.hpp:511`) without guarding `rho <= 0`,src/particles/particle_deposition.hpp,SNFeedbackUtils::addCompositeBufferToState(...),robustness,audit/src-audit-log.md:505,audit/issues/core/032-snfeedbackutils-addcompositebuffertostate-particle-deposition-hpp.md,"computes `d_e_int_d_rho = e_int / rho` (`src/particles/particle_deposition.hpp:511`) without guarding `rho <= 0`. If a feedback-affected cell has zero/non-positive gas density, this generates invalid energy updates.","Add explicit runtime guards for zero/non-finite/invalid inputs before the division or square-root path, and choose a deterministic fallback (early return, clamp, or hard abort) consistent with surrounding code."
33,core,High,PhysicsParticleDescriptor<...>::splitParticles(...): no validation that `splitFactor > 0` (`src/particles/PhysicsParticles.hpp:408-469`),src/particles/PhysicsParticles.hpp,PhysicsParticleDescriptor<...>::splitParticles(...),robustness,audit/src-audit-log.md:518,audit/issues/core/033-physicsparticledescriptor-splitparticles-physicsparticles-hpp.md,no validation that `splitFactor > 0` (`src/particles/PhysicsParticles.hpp:408-469`). `splitFactor == 0` marks old particles for deletion and creates none; negative values can also overflow `max_new_particles` (`:414`) and corrupt ID/resize logic.,"Apply a targeted fix at the cited location, then add a regression/unit test that exercises the failing code path and confirms the corrected behavior."
34,core,Medium,"PhysicsParticleRegister::readSFH(...): returns `last_time` by overwriting with each parsed entry (`src/particles/PhysicsParticles.hpp:1136-1175`, assignment at `:1165`) rather than tracking the maximum time across particle types/histories",src/particles/PhysicsParticles.hpp,PhysicsParticleRegister::readSFH(...),robustness,audit/src-audit-log.md:524,audit/issues/core/034-physicsparticleregister-readsfh-physicsparticles-hpp.md,"returns `last_time` by overwriting with each parsed entry (`src/particles/PhysicsParticles.hpp:1136-1175`, assignment at `:1165`) rather than tracking the maximum time across particle types/histories. With multiple formation particle types, the returned restart time can depend on iteration order.","Apply a targeted fix at the cited location, then add a regression/unit test that exercises the failing code path and confirms the corrected behavior."
35,core,Medium,"read_dataset(...): opens an HDF5 dataspace with `H5Dget_space(...)` (`src/turbulence/TurbDataReader.cpp:26`) but never calls `H5Sclose(dspace)`, leaking an HDF5 handle per dataset read",src/turbulence/TurbDataReader.cpp,read_dataset(...),resource leak,audit/src-audit-log.md:532,audit/issues/core/035-read-dataset-turbdatareader-cpp.md,"opens an HDF5 dataspace with `H5Dget_space(...)` (`src/turbulence/TurbDataReader.cpp:26`) but never calls `H5Sclose(dspace)`, leaking an HDF5 handle per dataset read.",Close the dataspace handle with `H5Sclose(dspace)` on all paths (preferably via a small RAII wrapper for HDF5 IDs).
36,core,High,"read_dataset(...): reads `ndims` but unconditionally indexes `dims[0..2]` when constructing the 3D table (`src/turbulence/TurbDataReader.cpp:27-30`, `:49`)",src/turbulence/TurbDataReader.cpp,read_dataset(...),robustness,audit/src-audit-log.md:533,audit/issues/core/036-read-dataset-turbdatareader-cpp.md,"reads `ndims` but unconditionally indexes `dims[0..2]` when constructing the 3D table (`src/turbulence/TurbDataReader.cpp:27-30`, `:49`). Malformed/non-3D datasets can trigger out-of-bounds access.","Replace fixed indices/loop bounds with container-size-aware logic (`AMREX_SPACEDIM` / `.size()`), and add assertions in debug builds to catch future regressions."
37,core,Medium,computeRms(...): divides by `N` without guarding `N == 0` (`src/turbulence/TurbDataReader.cpp:117`),src/turbulence/TurbDataReader.cpp,computeRms(...),robustness,audit/src-audit-log.md:536,audit/issues/core/037-computerms-turbdatareader-cpp.md,divides by `N` without guarding `N == 0` (`src/turbulence/TurbDataReader.cpp:117`). Empty turbulence tables yield invalid RMS (`nan`/`inf`).,"Add explicit runtime guards for zero/non-finite/invalid inputs before the division or square-root path, and choose a deterministic fallback (early return, clamp, or hard abort) consistent with surrounding code."
38,core,High,quokka::turbulence::turbulentDriving<problem_t>::applyDriving(...): computes and stores `updated` (`src/turbulence/TurbulentDriving.hpp:58`) but always returns `true` (`:98`),src/turbulence/TurbulentDriving.hpp,quokka::turbulence::turbulentDriving<problem_t>::applyDriving(...),correctness/API,audit/src-audit-log.md:541,audit/issues/core/038-quokka-turbulence-turbulentdriving-problem-t-applydriving-turbulentd.md,computes and stores `updated` (`src/turbulence/TurbulentDriving.hpp:58`) but always returns `true` (`:98`). The return value does not reflect whether the driving field was actually updated/applied.,Return the actual `updated` flag (or equivalent apply-result) so callers can distinguish no-op timesteps from applied turbulence forcing.
39,core,Medium,"quokka::turbulence::turbulentDriving<problem_t>::applyDriving(...): kernel computes velocity and energy increments using division by cell density (`src/turbulence/TurbulentDriving.hpp:81`, `:86`, `:90`) without guarding `rho <= 0`",src/turbulence/TurbulentDriving.hpp,quokka::turbulence::turbulentDriving<problem_t>::applyDriving(...),robustness,audit/src-audit-log.md:542,audit/issues/core/039-quokka-turbulence-turbulentdriving-problem-t-applydriving-turbulentd.md,"kernel computes velocity and energy increments using division by cell density (`src/turbulence/TurbulentDriving.hpp:81`, `:86`, `:90`) without guarding `rho <= 0`.","Add explicit runtime guards for zero/non-finite/invalid inputs before the division or square-root path, and choose a deterministic fallback (early return, clamp, or hard abort) consistent with surrounding code."
40,core,Medium,quokka::turbulence::calculate_dispersion<problem_t>(...): particle-free/zero-mass states are not guarded; reductions divide by `total_rho` (`src/turbulence/TurbulentDriving.hpp:143-150`) and can produce `nan`/`inf`,src/turbulence/TurbulentDriving.hpp,quokka::turbulence::calculate_dispersion<problem_t>(...),robustness,audit/src-audit-log.md:543,audit/issues/core/040-quokka-turbulence-calculate-dispersion-problem-t-turbulentdriving-hp.md,particle-free/zero-mass states are not guarded; reductions divide by `total_rho` (`src/turbulence/TurbulentDriving.hpp:143-150`) and can produce `nan`/`inf`.,"Apply a targeted fix at the cited location, then add a regression/unit test that exercises the failing code path and confirms the corrected behavior."
41,core,High,"particle_io::saveParticleDataToTxtFile<ContainerType>(...): gathers `particle_ids` (`src/particles/particle_IO.hpp:376`) but never writes them, and integer-component output starts at index `1` (`src/particles/particle_IO.hpp:398`) instead of `0`",src/particles/particle_IO.hpp,particle_io::saveParticleDataToTxtFile<ContainerType>(...),correctness/output,audit/src-audit-log.md:562,audit/issues/core/041-particle-io-saveparticledatatotxtfile-containertype-particle-io-hpp.md,"gathers `particle_ids` (`src/particles/particle_IO.hpp:376`) but never writes them, and integer-component output starts at index `1` (`src/particles/particle_IO.hpp:398`) instead of `0`. This silently drops the first user integer component (and all integer data when `NInt == 1`).",Write the gathered particle IDs to the output stream and start integer-component serialization at index `0` so the first user integer component is preserved.
42,core,Medium,"SinkAccretionUtils::compute_Mdot_and_r_K<problem_t>(...): computes `rho_infty = sum_rho / n_cells`, `vx_grid = sum_px / sum_rho`, and `cs_infty = sum_cs / sum_rho` (`src/particles/particle_accretion.hpp:95-103`) before guarding zero counts/mass",src/particles/particle_accretion.hpp,SinkAccretionUtils::compute_Mdot_and_r_K<problem_t>(...),robustness,audit/src-audit-log.md:568,audit/issues/core/042-sinkaccretionutils-compute-mdot-and-r-k-problem-t-particle-accretion.md,"computes `rho_infty = sum_rho / n_cells`, `vx_grid = sum_px / sum_rho`, and `cs_infty = sum_cs / sum_rho` (`src/particles/particle_accretion.hpp:95-103`) before guarding zero counts/mass. Pathological empty/zero-density stencils can produce `inf`/`nan`.","Apply a targeted fix at the cited location, then add a regression/unit test that exercises the failing code path and confirms the corrected behavior."
43,core,Medium,SinkAccretionUtils::ComputeAccretionRateInBox<...>(...): relative accretion rate uses `,src/particles/particle_accretion.hpp,SinkAccretionUtils::ComputeAccretionRateInBox<...>(...),robustness,audit/src-audit-log.md:570,audit/issues/core/043-sinkaccretionutils-computeaccretionrateinbox-particle-accretion-hpp.md,"relative accretion rate uses `... / (vol * rho)` (`src/particles/particle_accretion.hpp:235-239`) without a runtime guard on `rho > 0` beyond an `AMREX_ASSERT`, so release builds can emit invalid rates if zero-density cells appear.","Apply a targeted fix at the cited location, then add a regression/unit test that exercises the failing code path and confirms the corrected behavior."
44,core,High,"SinkAccretionUtils::ComputeScaleDown<problem_t>(...): Jeans-density limiter branch is guarded by `if (accretion_rate_cell > std::numeric_limits<double>::min())` (`src/particles/particle_accretion.hpp:289`), but accretion-zone rates are accumulated as non-positive values (`src/particles/particle_accretion.hpp:237-239`)",src/particles/particle_accretion.hpp,SinkAccretionUtils::ComputeScaleDown<problem_t>(...),correctness,audit/src-audit-log.md:571,audit/issues/core/044-sinkaccretionutils-computescaledown-problem-t-particle-accretion-hpp.md,"Jeans-density limiter branch is guarded by `if (accretion_rate_cell > std::numeric_limits<double>::min())` (`src/particles/particle_accretion.hpp:289`), but accretion-zone rates are accumulated as non-positive values (`src/particles/particle_accretion.hpp:237-239`). The intended limiter branch is effectively skipped.","Apply a targeted fix at the cited location, then add a regression/unit test that exercises the failing code path and confirms the corrected behavior."
45,core,Medium,SinkAccretionUtils::UpdateParticleMassAndMomentumInBox<...>(...): accumulates cell velocities via `mom/rho` (`src/particles/particle_accretion.hpp:415-418`) without a non-assert guard for `rho <= 0`,src/particles/particle_accretion.hpp,SinkAccretionUtils::UpdateParticleMassAndMomentumInBox<...>(...),robustness,audit/src-audit-log.md:572,audit/issues/core/045-sinkaccretionutils-updateparticlemassandmomentuminbox-particle-accre.md,accumulates cell velocities via `mom/rho` (`src/particles/particle_accretion.hpp:415-418`) without a non-assert guard for `rho <= 0`.,"Add explicit runtime guards for zero/non-finite/invalid inputs before the division or square-root path, and choose a deterministic fallback (early return, clamp, or hard abort) consistent with surrounding code."
46,core,High,"ParticleCreationTraits<ParticleType::StochasticStellarPop>::ParticleCreator<problem_t>::operator()(...): computes `num_low = ceil(mass_low_mass_star / low_mass_composite_max_mass_)` unconditionally (`src/particles/particle_creation.hpp:499`), but the checker explicitly treats `low_mass_composite_max_mass_ <= 0` as “no splitting” (`src/particles/particle_creation.hpp:444-446`)",src/particles/particle_creation.hpp,ParticleCreationTraits<ParticleType::StochasticStellarPop>::ParticleCreator<problem_t>::operator()(...),robustness/correctness,audit/src-audit-log.md:586,audit/issues/core/046-particlecreationtraits-particletype-stochasticstellarpop-particlecre.md,"computes `num_low = ceil(mass_low_mass_star / low_mass_composite_max_mass_)` unconditionally (`src/particles/particle_creation.hpp:499`), but the checker explicitly treats `low_mass_composite_max_mass_ <= 0` as “no splitting” (`src/particles/particle_creation.hpp:444-446`). Non-positive `low_mass_composite_max_mass` can therefore trigger division by zero/invalid `num_low` in the creator path.","Apply a targeted fix at the cited location, then add a regression/unit test that exercises the failing code path and confirms the corrected behavior."
47,core,Medium,"AdvectionSimulation::computeMaxSignalLocal(int): uses `state_old_cc_[level]` (`src/linear_advection/AdvectionSimulation.hpp:134`) instead of the current state (`state_new_cc_`) when computing CFL speeds, unlike `QuokkaSimulation`",src/linear_advection/AdvectionSimulation.hpp,AdvectionSimulation::computeMaxSignalLocal(int),none,audit/src-audit-log.md:623,audit/issues/core/047-advectionsimulation-computemaxsignallocal-int-advectionsimulation-hp.md,"uses `state_old_cc_[level]` (`src/linear_advection/AdvectionSimulation.hpp:134`) instead of the current state (`state_new_cc_`) when computing CFL speeds, unlike `QuokkaSimulation`. This can make the timestep estimate use stale data.","Apply a targeted fix at the cited location, then add a regression/unit test that exercises the failing code path and confirms the corrected behavior."
48,core,Medium,AdvectionSimulation::computeAfterEvolve(...): computes `rel_error = err_norm / sol_norm` without guarding `sol_norm == 0` (`src/linear_advection/AdvectionSimulation.hpp:283`),src/linear_advection/AdvectionSimulation.hpp,AdvectionSimulation::computeAfterEvolve(...),robustness,audit/src-audit-log.md:628,audit/issues/core/048-advectionsimulation-computeafterevolve-advectionsimulation-hpp.md,computes `rel_error = err_norm / sol_norm` without guarding `sol_norm == 0` (`src/linear_advection/AdvectionSimulation.hpp:283`). Degenerate zero-reference solutions can produce `inf`/`nan` error norms.,"Add explicit runtime guards for zero/non-finite/invalid inputs before the division or square-root path, and choose a deterministic fallback (early return, clamp, or hard abort) consistent with surrounding code."
49,core,Medium,DiagBase::prepare(...): gated by `if (first_time)` (`src/io/DiagBase.cpp:38`) but never sets `first_time = false`,src/io/DiagBase.cpp,DiagBase::prepare(...),none,audit/src-audit-log.md:643,audit/issues/core/049-diagbase-prepare-diagbase-cpp.md,"gated by `if (first_time)` (`src/io/DiagBase.cpp:38`) but never sets `first_time = false`. As a result, the one-time filter-device setup path re-runs on every `prepare()` call (and base-class users like `DiagPlotfile`/`DiagParticleTxt` rely on this method directly).","Apply a targeted fix at the cited location, then add a regression/unit test that exercises the failing code path and confirms the corrected behavior."
50,core,Medium,"DiagParticleTxt::processDiag<problem_t>(...): header comment/member comment say empty `m_particleTypes` means ""all"" (`src/io/DiagParticleTxt.H:30`), and `init()` prints ""Including all particle types"" when none are specified; but `processDiag()` skips output when the list is empty (`src/io/DiagParticleTxt.H:55-60`)",src/io/DiagParticleTxt.H,DiagParticleTxt::processDiag<problem_t>(...),none,audit/src-audit-log.md:673,audit/issues/core/050-diagparticletxt-processdiag-problem-t-diagparticletxt-h.md,"header comment/member comment say empty `m_particleTypes` means ""all"" (`src/io/DiagParticleTxt.H:30`), and `init()` prints ""Including all particle types"" when none are specified; but `processDiag()` skips output when the list is empty (`src/io/DiagParticleTxt.H:55-60`). Default configuration therefore emits no particle diagnostic.","Apply a targeted fix at the cited location, then add a regression/unit test that exercises the failing code path and confirms the corrected behavior."
51,core,Low,"DiagPlotfile::processDiag<problem_t>(...): when `QUOKKA_USE_OPENPMD` is enabled and `field_names` filtering is requested, the OpenPMD path writes the unfiltered `varnames` + `mf_cc_ptr` (`src/io/DiagPlotfile.H:127`) instead of `varnames_out` + `mf_cc_out_ptr` used by the AMReX plotfile path (`src/io/DiagPlotfile.H:136`)",src/io/DiagPlotfile.H,DiagPlotfile::processDiag<problem_t>(...),conditional,audit/src-audit-log.md:684,audit/issues/core/051-diagplotfile-processdiag-problem-t-diagplotfile-h.md,"when `QUOKKA_USE_OPENPMD` is enabled and `field_names` filtering is requested, the OpenPMD path writes the unfiltered `varnames` + `mf_cc_ptr` (`src/io/DiagPlotfile.H:127`) instead of `varnames_out` + `mf_cc_out_ptr` used by the AMReX plotfile path (`src/io/DiagPlotfile.H:136`). `field_names` is silently ignored for OpenPMD output.","Apply a targeted fix at the cited location, then add a regression/unit test that exercises the failing code path and confirms the corrected behavior."
52,core,Low,DiagFramePlane::init(...): filter-warning condition is reversed,src/io/DiagFramePlane.cpp,DiagFramePlane::init(...),low,audit/src-audit-log.md:702,audit/issues/core/052-diagframeplane-init-diagframeplane-cpp.md,"filter-warning condition is reversed. It prints ""filters ... will be discarded"" only when `m_filters.empty()` (`src/io/DiagFramePlane.cpp:47`), and does not clear filters when they are actually present. Users specifying filters get no warning despite filters being unsupported here.","Apply a targeted fix at the cited location, then add a regression/unit test that exercises the failing code path and confirms the corrected behavior."
53,core,Medium,strided_vector_from(...): no validation for `stride <= 0` (`src/util/ArrayUtil.hpp:16`),src/util/ArrayUtil.hpp,strided_vector_from(...),robustness,audit/src-audit-log.md:750,audit/issues/core/053-strided-vector-from-arrayutil-hpp.md,no validation for `stride <= 0` (`src/util/ArrayUtil.hpp:16`). A zero stride causes an infinite loop; a negative stride underflows the unsigned loop index progression.,"Apply a targeted fix at the cited location, then add a regression/unit test that exercises the failing code path and confirms the corrected behavior."
54,core,Medium,"quokka::DataTableGpuConst<Ndim,Nout,oob_policy>::find_interpolation_data(...): assumes at least 2 points per dimension by forcing `indices = sizes-2` at the upper edge (`src/util/DataTable.hpp:123-126`) and dividing by `dcoord[dim]` (`src/util/DataTable.hpp:130-131`)",src/util/DataTable.hpp,"quokka::DataTableGpuConst<Ndim,Nout,oob_policy>::find_interpolation_data(...)",robustness,audit/src-audit-log.md:794,audit/issues/core/054-quokka-datatablegpuconst-ndim-nout-oob-policy-find-interpolation-dat.md,"assumes at least 2 points per dimension by forcing `indices = sizes-2` at the upper edge (`src/util/DataTable.hpp:123-126`) and dividing by `dcoord[dim]` (`src/util/DataTable.hpp:130-131`). If any dimension size is 1, this produces invalid indices/divide-by-zero.","Apply a targeted fix at the cited location, then add a regression/unit test that exercises the failing code path and confirms the corrected behavior."
55,core,Medium,quokka::DataTable<...>::initialize_common(...): validates only `sizes_[dim] > 0` (`src/util/DataTable.hpp:721`) but later computes `dcoord_[dim] =,src/util/DataTable.hpp,quokka::DataTable<...>::initialize_common(...),robustness,audit/src-audit-log.md:797,audit/issues/core/055-quokka-datatable-initialize-common-datatable-hpp.md,validates only `sizes_[dim] > 0` (`src/util/DataTable.hpp:721`) but later computes `dcoord_[dim] = ... / (sizes_[dim]-1)` (`src/util/DataTable.hpp:763`). `size==1` tables are accepted but create zero-division/invalid interpolation state.,"Apply a targeted fix at the cited location, then add a regression/unit test that exercises the failing code path and confirms the corrected behavior."
56,core,High,"matplotlibcpp::get_array(const std::vector<Numeric>&): in the NumPy path for unsupported element types (`NPY_NOTYPE`), it builds a local temporary `std::vector<double> vd` and returns `PyArray_SimpleNewFromData(..., vd.data())` (`src/util/matplotlibcpp.h:316-320`)",src/util/matplotlibcpp.h,matplotlibcpp::get_array(const std::vector<Numeric>&),none,audit/src-audit-log.md:808,audit/issues/core/056-matplotlibcpp-get-array-const-std-vector-numeric-matplotlibcpp-h.md,"in the NumPy path for unsupported element types (`NPY_NOTYPE`), it builds a local temporary `std::vector<double> vd` and returns `PyArray_SimpleNewFromData(..., vd.data())` (`src/util/matplotlibcpp.h:316-320`). The returned NumPy array then points to freed stack storage after the function returns (dangling pointer / use-after-free).","Apply a targeted fix at the cited location, then add a regression/unit test that exercises the failing code path and confirms the corrected behavior."
57,core,Medium,"matplotlibcpp::xlim(): dereferences `res` via `PyTuple_GetItem(res, ...)` before checking whether the Python call failed (`src/util/matplotlibcpp.h:1305-1314`), which can segfault on error",src/util/matplotlibcpp.h,matplotlibcpp::xlim(),robustness/leak,audit/src-audit-log.md:814,audit/issues/core/057-matplotlibcpp-xlim-matplotlibcpp-h.md,"dereferences `res` via `PyTuple_GetItem(res, ...)` before checking whether the Python call failed (`src/util/matplotlibcpp.h:1305-1314`), which can segfault on error. It also leaks `args` (never `Py_DECREF(args)`), and returns a raw `new double[2]` requiring caller-managed deletion.","Apply a targeted fix at the cited location, then add a regression/unit test that exercises the failing code path and confirms the corrected behavior."
58,core,Medium,"matplotlibcpp::ylim(): same issues as `xlim()` (`src/util/matplotlibcpp.h:1322-1334`): null-check happens after dereference, `args` tuple leaked, raw heap array returned",src/util/matplotlibcpp.h,matplotlibcpp::ylim(),robustness/leak,audit/src-audit-log.md:815,audit/issues/core/058-matplotlibcpp-ylim-matplotlibcpp-h.md,"same issues as `xlim()` (`src/util/matplotlibcpp.h:1322-1334`): null-check happens after dereference, `args` tuple leaked, raw heap array returned.","Apply a targeted fix at the cited location, then add a regression/unit test that exercises the failing code path and confirms the corrected behavior."
59,core,High,"matplotlibcpp::subplot2grid(...): `PyTuple_SetItem(args, 0/1, shape/loc)` steals references, but the code then manually decrefs `shape` and `loc` (`src/util/matplotlibcpp.h:1480-1491`), causing refcount underflow / premature free / double-decref risk",src/util/matplotlibcpp.h,matplotlibcpp::subplot2grid(...),none,audit/src-audit-log.md:816,audit/issues/core/059-matplotlibcpp-subplot2grid-matplotlibcpp-h.md,"`PyTuple_SetItem(args, 0/1, shape/loc)` steals references, but the code then manually decrefs `shape` and `loc` (`src/util/matplotlibcpp.h:1480-1491`), causing refcount underflow / premature free / double-decref risk.","Apply a targeted fix at the cited location, then add a regression/unit test that exercises the failing code path and confirms the corrected behavior."
60,core,High,"matplotlibcpp::Plot: constructor stores `line = PyList_GetItem(res, 0)` (`src/util/matplotlibcpp.h:1915`) without `Py_INCREF`, but later `decref()` unconditionally `Py_DECREF(line)` (`src/util/matplotlibcpp.h:1969-1970`)",src/util/matplotlibcpp.h,matplotlibcpp::Plot,refcount ownership,audit/src-audit-log.md:818,audit/issues/core/060-matplotlibcpp-plot-matplotlibcpp-h.md,"constructor stores `line = PyList_GetItem(res, 0)` (`src/util/matplotlibcpp.h:1915`) without `Py_INCREF`, but later `decref()` unconditionally `Py_DECREF(line)` (`src/util/matplotlibcpp.h:1969-1970`). `PyList_GetItem` returns a borrowed reference, so ownership semantics are unsafe and can over-decrement.","Fix Python reference ownership: `Py_INCREF` borrowed references that are stored, and `Py_DECREF` only owned references. Audit all adjacent code paths for matching ownership semantics."
61,core,Medium,"matplotlibcpp::Plot::update(...): allocates `plot_args` (`src/util/matplotlibcpp.h:1936`) and never decrefs it before returning (`src/util/matplotlibcpp.h:1940-1943`), leaking a Python tuple on each update call",src/util/matplotlibcpp.h,matplotlibcpp::Plot::update(...),leak,audit/src-audit-log.md:819,audit/issues/core/061-matplotlibcpp-plot-update-matplotlibcpp-h.md,"allocates `plot_args` (`src/util/matplotlibcpp.h:1936`) and never decrefs it before returning (`src/util/matplotlibcpp.h:1940-1943`), leaking a Python tuple on each update call.","Apply a targeted fix at the cited location, then add a regression/unit test that exercises the failing code path and confirms the corrected behavior."
62,core,Medium,"matplotlibcpp::Plot::remove(...): obtains `remove_fct` and allocates `args` (`src/util/matplotlibcpp.h:1955-1957`) but never decrefs either object, leaking Python references",src/util/matplotlibcpp.h,matplotlibcpp::Plot::remove(...),leak,audit/src-audit-log.md:820,audit/issues/core/062-matplotlibcpp-plot-remove-matplotlibcpp-h.md,"obtains `remove_fct` and allocates `args` (`src/util/matplotlibcpp.h:1955-1957`) but never decrefs either object, leaking Python references.","Apply a targeted fix at the cited location, then add a regression/unit test that exercises the failing code path and confirms the corrected behavior."
63,core,Medium,"interpolate2d(...): boundary-degenerate branch conditions mistakenly compare coordinate `yi` (double) instead of index `iy` (int) (`src/math/Interpolate2D.hpp:58`, `src/math/Interpolate2D.hpp:63`)",src/math/Interpolate2D.hpp,interpolate2d(...),none,audit/src-audit-log.md:827,audit/issues/core/063-interpolate2d-interpolate2d-hpp.md,"boundary-degenerate branch conditions mistakenly compare coordinate `yi` (double) instead of index `iy` (int) (`src/math/Interpolate2D.hpp:58`, `src/math/Interpolate2D.hpp:63`). This misroutes edge-case interpolation logic near table boundaries.","Apply a targeted fix at the cited location, then add a regression/unit test that exercises the failing code path and confirms the corrected behavior."
64,core,Medium,error_norm(...): weighting uses `reltol * y0[i] + abstol[i]` (`src/math/ODEIntegrate.hpp:118`) instead of `reltol * abs(y0[i]) + abstol[i]` (as in standard weighted RMS norms),src/math/ODEIntegrate.hpp,error_norm(...),robustness,audit/src-audit-log.md:832,audit/issues/core/064-error-norm-odeintegrate-hpp.md,weighting uses `reltol * y0[i] + abstol[i]` (`src/math/ODEIntegrate.hpp:118`) instead of `reltol * abs(y0[i]) + abstol[i]` (as in standard weighted RMS norms). Negative state values can shrink/cancel the denominator and distort timestep control.,"Apply a targeted fix at the cited location, then add a regression/unit test that exercises the failing code path and confirms the corrected behavior."
65,core,Medium,"rk_adaptive_integrate(...): ignores the return code of the initial `rhs(t0, y0, ydot0)` call used for timestep estimation (`src/math/ODEIntegrate.hpp:137`), so an RHS failure can leave `ydot0` invalid and contaminate `dt_guess` / subsequent integration control",src/math/ODEIntegrate.hpp,rk_adaptive_integrate(...),robustness,audit/src-audit-log.md:833,audit/issues/core/065-rk-adaptive-integrate-odeintegrate-hpp.md,"ignores the return code of the initial `rhs(t0, y0, ydot0)` call used for timestep estimation (`src/math/ODEIntegrate.hpp:137`), so an RHS failure can leave `ydot0` invalid and contaminate `dt_guess` / subsequent integration control.","Apply a targeted fix at the cited location, then add a regression/unit test that exercises the failing code path and confirms the corrected behavior."
66,core,Medium,quokka::PeHeatingFromSfh(...): divides by `sf_area_kpc2` without validating it is positive/non-zero (`src/cooling/PhotoelectricHeating.hpp:77`),src/cooling/PhotoelectricHeating.hpp,quokka::PeHeatingFromSfh(...),robustness,audit/src-audit-log.md:857,audit/issues/core/066-quokka-peheatingfromsfh-photoelectricheating-hpp.md,divides by `sf_area_kpc2` without validating it is positive/non-zero (`src/cooling/PhotoelectricHeating.hpp:77`). A zero area configuration will produce `inf`/`nan` heating rates.,"Add explicit runtime guards for zero/non-finite/invalid inputs before the division or square-root path, and choose a deterministic fallback (early return, clamp, or hard abort) consistent with surrounding code."
67,core,Medium,quokka::ResampledCooling::resampled_cooling_function(...): computes `eint = Eint / rho` and `fastlg(rho/eint)` without guarding `rho > 0` and `eint > 0` (`src/cooling/ResampledCooling.hpp:69-70`),src/cooling/ResampledCooling.hpp,quokka::ResampledCooling::resampled_cooling_function(...),robustness,audit/src-audit-log.md:863,audit/issues/core/067-quokka-resampledcooling-resampled-cooling-function-resampledcooling.md,computes `eint = Eint / rho` and `fastlg(rho/eint)` without guarding `rho > 0` and `eint > 0` (`src/cooling/ResampledCooling.hpp:69-70`). Invalid states can produce divide-by-zero/NaNs and invalid table lookups.,"Add explicit runtime guards for zero/non-finite/invalid inputs before the division or square-root path, and choose a deterministic fallback (early return, clamp, or hard abort) consistent with surrounding code."
68,core,Medium,quokka::chemistry::computeChemistry<problem_t>(...): the kernel divides species partial densities by `rho` (`src/chemistry/Chemistry.hpp:59-62`) and computes derived fractions (`src/chemistry/Chemistry.hpp:70-72`) before the low-density early-return guard (`src/chemistry/Chemistry.hpp:75-78`),src/chemistry/Chemistry.hpp,quokka::chemistry::computeChemistry<problem_t>(...),robustness,audit/src-audit-log.md:884,audit/issues/core/068-quokka-chemistry-computechemistry-problem-t-chemistry-hpp.md,"the kernel divides species partial densities by `rho` (`src/chemistry/Chemistry.hpp:59-62`) and computes derived fractions (`src/chemistry/Chemistry.hpp:70-72`) before the low-density early-return guard (`src/chemistry/Chemistry.hpp:75-78`). If `rho <= 0` (or extremely small), this can generate invalid values before the intended density cutoff check.","Apply a targeted fix at the cited location, then add a regression/unit test that exercises the failing code path and confirms the corrected behavior."
69,problems,Medium,problem_main(): reference comparison computes `rel_error = err_norm / sol_norm` without guarding `sol_norm == 0` (`src/problems/ResampledCoolingTest/testResampledCoolingTest.cpp:221-228`),src/problems/ResampledCoolingTest/testResampledCoolingTest.cpp,problem_main(),robustness,audit/src-audit-log.md:901,audit/issues/problems/069-problem-main-testresampledcoolingtest-cpp.md,reference comparison computes `rel_error = err_norm / sol_norm` without guarding `sol_norm == 0` (`src/problems/ResampledCoolingTest/testResampledCoolingTest.cpp:221-228`). A degenerate/zero reference dataset would produce `inf`/`nan`.,"Add explicit runtime guards for zero/non-finite/invalid inputs before the division or square-root path, and choose a deterministic fallback (early return, clamp, or hard abort) consistent with surrounding code."
70,problems,Medium,"QuokkaSimulation<PrimordialChemTest>::setInitialConditionsOnGrid(...): if configured species number densities sum to zero, `rhotot` remains zero and normalization divides by `rhotot` (`src/problems/PrimordialChem/testPrimordialChem.cpp:197-211`), producing invalid initial mass fractions/number densities before EOS call",src/problems/PrimordialChem/testPrimordialChem.cpp,QuokkaSimulation<PrimordialChemTest>::setInitialConditionsOnGrid(...),robustness,audit/src-audit-log.md:908,audit/issues/problems/070-quokkasimulation-primordialchemtest-setinitialconditionsongrid-testp.md,"if configured species number densities sum to zero, `rhotot` remains zero and normalization divides by `rhotot` (`src/problems/PrimordialChem/testPrimordialChem.cpp:197-211`), producing invalid initial mass fractions/number densities before EOS call.","Apply a targeted fix at the cited location, then add a regression/unit test that exercises the failing code path and confirms the corrected behavior."
71,problems,Medium,"AMRSimulation<ShocktubeProblem>::setCustomBoundaryConditions(...): species-2 partial density at both boundaries is computed without multiplying the full mass fraction by density (`src/problems/HydroShocktubeCMA/testHydroShocktubeCMA.cpp:155`, `src/problems/HydroShocktubeCMA/testHydroShocktubeCMA.cpp:172`)",src/problems/HydroShocktubeCMA/testHydroShocktubeCMA.cpp,AMRSimulation<ShocktubeProblem>::setCustomBoundaryConditions(...),none,audit/src-audit-log.md:934,audit/issues/problems/071-amrsimulation-shocktubeproblem-setcustomboundaryconditions-testhydro.md,"species-2 partial density at both boundaries is computed without multiplying the full mass fraction by density (`src/problems/HydroShocktubeCMA/testHydroShocktubeCMA.cpp:155`, `src/problems/HydroShocktubeCMA/testHydroShocktubeCMA.cpp:172`). The expression effectively applies `*rho` only to the sinusoidal term, yielding incorrect (and for the right boundary, dramatically too large) scalar partial density.","Apply a targeted fix at the cited location, then add a regression/unit test that exercises the failing code path and confirms the corrected behavior."
72,problems,High,"QuokkaSimulation<ContactProblem>::computeReferenceSolution(...): in the optional plotting block, vectors are pre-sized to `nx` and then appended with `push_back` inside the loop (`src/problems/HydroContact/testHydroContact.cpp:140-146`, `src/problems/HydroContact/testHydroContact.cpp:150`, `src/problems/HydroContact/testHydroContact.cpp:159-173`)",src/problems/HydroContact/testHydroContact.cpp,QuokkaSimulation<ContactProblem>::computeReferenceSolution(...),plotting-only,audit/src-audit-log.md:943,audit/issues/problems/072-quokkasimulation-contactproblem-computereferencesolution-testhydroco.md,"in the optional plotting block, vectors are pre-sized to `nx` and then appended with `push_back` inside the loop (`src/problems/HydroContact/testHydroContact.cpp:140-146`, `src/problems/HydroContact/testHydroContact.cpp:150`, `src/problems/HydroContact/testHydroContact.cpp:159-173`). This doubles vector lengths and prepends default-initialized zeros, corrupting plotted data (test numerics unaffected).","Apply a targeted fix at the cited location, then add a regression/unit test that exercises the failing code path and confirms the corrected behavior."
73,problems,Medium,"QuokkaSimulation<BlastProblem>::setInitialConditionsOnGrid(...): initializes `energy_index` but never initializes `internalEnergy_index` (`src/problems/HydroBlast2D/testHydroBlast2D.cpp:92-103`), and this routine does not zero-fill all components first",src/problems/HydroBlast2D/testHydroBlast2D.cpp,QuokkaSimulation<BlastProblem>::setInitialConditionsOnGrid(...),none,audit/src-audit-log.md:973,audit/issues/problems/073-quokkasimulation-blastproblem-setinitialconditionsongrid-testhydrobl.md,"initializes `energy_index` but never initializes `internalEnergy_index` (`src/problems/HydroBlast2D/testHydroBlast2D.cpp:92-103`), and this routine does not zero-fill all components first. The dual-energy variable can remain garbage/undefined at startup.","Apply a targeted fix at the cited location, then add a regression/unit test that exercises the failing code path and confirms the corrected behavior."
74,problems,Medium,"QuokkaSimulation<SedovProblem>::setInitialConditionsOnGrid(...): after zero-filling all components, it sets `energy_index` but never sets `internalEnergy_index` (`src/problems/HydroBlast3D/testHydroBlast3D.cpp:95-103`)",src/problems/HydroBlast3D/testHydroBlast3D.cpp,QuokkaSimulation<SedovProblem>::setInitialConditionsOnGrid(...),none,audit/src-audit-log.md:982,audit/issues/problems/074-quokkasimulation-sedovproblem-setinitialconditionsongrid-testhydrobl.md,"after zero-filling all components, it sets `energy_index` but never sets `internalEnergy_index` (`src/problems/HydroBlast3D/testHydroBlast3D.cpp:95-103`). The dual-energy field remains zero and is inconsistent with the deposited blast energy.","Apply a targeted fix at the cited location, then add a regression/unit test that exercises the failing code path and confirms the corrected behavior."
75,problems,Medium,problem_main(): computes custom `BCs_cc` (`src/problems/HydroLeblanc/testHydroLeblanc.cpp:355`) but constructs `QuokkaSimulation<ShocktubeProblem> sim;` without passing them (`src/problems/HydroLeblanc/testHydroLeblanc.cpp:357`),src/problems/HydroLeblanc/testHydroLeblanc.cpp,problem_main(),none,audit/src-audit-log.md:1000,audit/issues/problems/075-problem-main-testhydroleblanc-cpp.md,computes custom `BCs_cc` (`src/problems/HydroLeblanc/testHydroLeblanc.cpp:355`) but constructs `QuokkaSimulation<ShocktubeProblem> sim;` without passing them (`src/problems/HydroLeblanc/testHydroLeblanc.cpp:357`). The intended custom BC configuration is ignored.,"Apply a targeted fix at the cited location, then add a regression/unit test that exercises the failing code path and confirms the corrected behavior."
76,problems,Medium,problem_main(): BC initialization loop writes x-direction BCs to `BCs_cc[0]` instead of `BCs_cc[n]` (`src/problems/HydroShuOsher/testHydroShuOsher.cpp:286-289`),src/problems/HydroShuOsher/testHydroShuOsher.cpp,problem_main(),none,audit/src-audit-log.md:1009,audit/issues/problems/076-problem-main-testhydroshuosher-cpp.md,BC initialization loop writes x-direction BCs to `BCs_cc[0]` instead of `BCs_cc[n]` (`src/problems/HydroShuOsher/testHydroShuOsher.cpp:286-289`). Only component 0 gets x-boundary settings; other components may retain incorrect/default BCs.,"Apply a targeted fix at the cited location, then add a regression/unit test that exercises the failing code path and confirms the corrected behavior."
77,problems,Medium,"QuokkaSimulation<QuirkProblem>::computeAfterTimestep(): entropy-jump diagnostic samples at `ilo = ishock_g` (`src/problems/HydroQuirk/testHydroQuirk.cpp:145`), but `ishock_g` is a compile-time constant `0` (`src/problems/HydroQuirk/testHydroQuirk.cpp:69`) and is never updated from the computed shock index in `setInitialConditionsOnGrid(...)` (`src/problems/HydroQuirk/testHydroQuirk.cpp:79-84`)",src/problems/HydroQuirk/testHydroQuirk.cpp,QuokkaSimulation<QuirkProblem>::computeAfterTimestep(),none,audit/src-audit-log.md:1025,audit/issues/problems/077-quokkasimulation-quirkproblem-computeaftertimestep-testhydroquirk-cp.md,"entropy-jump diagnostic samples at `ilo = ishock_g` (`src/problems/HydroQuirk/testHydroQuirk.cpp:145`), but `ishock_g` is a compile-time constant `0` (`src/problems/HydroQuirk/testHydroQuirk.cpp:69`) and is never updated from the computed shock index in `setInitialConditionsOnGrid(...)` (`src/problems/HydroQuirk/testHydroQuirk.cpp:79-84`). The carbuncle diagnostic can monitor the wrong x-location.","Apply a targeted fix at the cited location, then add a regression/unit test that exercises the failing code path and confirms the corrected behavior."
78,problems,Medium,QuokkaSimulation<MHDShocktubeProblem>::setInitialConditionsOnGridFaceVars(...): uses `x1_L = prob_lo[0] + i * dx[0]` for all face directions (`src/problems/BrioWuShockTube/testBrioWuShockTube.cpp:124`) to choose the left/right `B_y` state,src/problems/BrioWuShockTube/testBrioWuShockTube.cpp,QuokkaSimulation<MHDShocktubeProblem>::setInitialConditionsOnGridFaceVars(...),IC alignment,audit/src-audit-log.md:1060,audit/issues/problems/078-quokkasimulation-mhdshocktubeproblem-setinitialconditionsongridfacev.md,"uses `x1_L = prob_lo[0] + i * dx[0]` for all face directions (`src/problems/BrioWuShockTube/testBrioWuShockTube.cpp:124`) to choose the left/right `B_y` state. For `dir == y` (where x-index is cell-centered, not nodal), this shifts the tangential-field discontinuity by half a cell.","Apply a targeted fix at the cited location, then add a regression/unit test that exercises the failing code path and confirms the corrected behavior."
79,problems,Medium,problem_main(): constructs periodic face-centered BC records `BCs_fc` (`src/problems/CurrentSheet/testCurrentSheet.cpp:111-118`) but then instantiates `QuokkaSimulation<CurrentSheet> sim;` without passing them (`src/problems/CurrentSheet/testCurrentSheet.cpp:120`),src/problems/CurrentSheet/testCurrentSheet.cpp,problem_main(),none,audit/src-audit-log.md:1072,audit/issues/problems/079-problem-main-testcurrentsheet-cpp.md,constructs periodic face-centered BC records `BCs_fc` (`src/problems/CurrentSheet/testCurrentSheet.cpp:111-118`) but then instantiates `QuokkaSimulation<CurrentSheet> sim;` without passing them (`src/problems/CurrentSheet/testCurrentSheet.cpp:120`). The custom face BC configuration is ignored.,"Apply a targeted fix at the cited location, then add a regression/unit test that exercises the failing code path and confirms the corrected behavior."
80,problems,Medium,"QuokkaSimulation<FieldLoop>::setInitialConditionsOnGrid(...): sets `x3Momentum = rho0 * vz` with `vz = 1.0` (`src/problems/FieldLoop/testFieldLoop.cpp:71`, `:90`) but computes `Ekin` using only `vx^2 + vy^2` (`src/problems/FieldLoop/testFieldLoop.cpp:73`) before forming total energy (`src/problems/FieldLoop/testFieldLoop.cpp:92`)",src/problems/FieldLoop/testFieldLoop.cpp,QuokkaSimulation<FieldLoop>::setInitialConditionsOnGrid(...),none,audit/src-audit-log.md:1080,audit/issues/problems/080-quokkasimulation-fieldloop-setinitialconditionsongrid-testfieldloop.md,"sets `x3Momentum = rho0 * vz` with `vz = 1.0` (`src/problems/FieldLoop/testFieldLoop.cpp:71`, `:90`) but computes `Ekin` using only `vx^2 + vy^2` (`src/problems/FieldLoop/testFieldLoop.cpp:73`) before forming total energy (`src/problems/FieldLoop/testFieldLoop.cpp:92`). The conservative total energy is inconsistent with the initialized momentum state.","Apply a targeted fix at the cited location, then add a regression/unit test that exercises the failing code path and confirms the corrected behavior."
81,problems,Medium,QuokkaSimulation<FieldLoop>::refineGrid(...): region-based refinement computes normalized coordinates as `((i+0.5)*dx)/ (phi-plo)` (`src/problems/FieldLoop/testFieldLoop.cpp:148-149`) without subtracting `ProbLo()`,src/problems/FieldLoop/testFieldLoop.cpp,QuokkaSimulation<FieldLoop>::refineGrid(...),none,audit/src-audit-log.md:1082,audit/issues/problems/081-quokkasimulation-fieldloop-refinegrid-testfieldloop-cpp.md,"region-based refinement computes normalized coordinates as `((i+0.5)*dx)/ (phi-plo)` (`src/problems/FieldLoop/testFieldLoop.cpp:148-149`) without subtracting `ProbLo()`. If the domain lower bound is not zero, the refinement window is shifted/misplaced.","Normalize coordinates relative to the domain lower bound by subtracting `ProbLo()`/`plo` before scaling to `[0,1]` region-selection coordinates."
82,problems,Medium,"QuokkaSimulation<MHDQuirk>::computeAfterTimestep(): entropy-jump diagnostic samples at `ilo = ishock_g` (`src/problems/MHDQuirk/testMHDQuirk.cpp:160`), but `ishock_g` is a compile-time constant `0` (`src/problems/MHDQuirk/testMHDQuirk.cpp:69`) and is never updated from the computed shock index in `setInitialConditionsOnGrid(...)` (`src/problems/MHDQuirk/testMHDQuirk.cpp:94-100`)",src/problems/MHDQuirk/testMHDQuirk.cpp,QuokkaSimulation<MHDQuirk>::computeAfterTimestep(),none,audit/src-audit-log.md:1111,audit/issues/problems/082-quokkasimulation-mhdquirk-computeaftertimestep-testmhdquirk-cpp.md,"entropy-jump diagnostic samples at `ilo = ishock_g` (`src/problems/MHDQuirk/testMHDQuirk.cpp:160`), but `ishock_g` is a compile-time constant `0` (`src/problems/MHDQuirk/testMHDQuirk.cpp:69`) and is never updated from the computed shock index in `setInitialConditionsOnGrid(...)` (`src/problems/MHDQuirk/testMHDQuirk.cpp:94-100`). The carbuncle diagnostic can monitor the wrong x-location.","Apply a targeted fix at the cited location, then add a regression/unit test that exercises the failing code path and confirms the corrected behavior."
83,problems,High,computeWaveSolution(...): unconditionally reads `prob_lo[2]` and `dx[2]` (`src/problems/MHDBitwiseICs/testMHDBitwiseICs.cpp:56-58`) even though the file’s explicit 3D requirement is only enforced later inside `verifyPeriodicBCs(...)` (`src/problems/MHDBitwiseICs/testMHDBitwiseICs.cpp:159-160`),src/problems/MHDBitwiseICs/testMHDBitwiseICs.cpp,computeWaveSolution(...),portability/robustness,audit/src-audit-log.md:1120,audit/issues/problems/083-computewavesolution-testmhdbitwiseics-cpp.md,"unconditionally reads `prob_lo[2]` and `dx[2]` (`src/problems/MHDBitwiseICs/testMHDBitwiseICs.cpp:56-58`) even though the file’s explicit 3D requirement is only enforced later inside `verifyPeriodicBCs(...)` (`src/problems/MHDBitwiseICs/testMHDBitwiseICs.cpp:159-160`). In non-3D builds, initialization/reference paths can hit out-of-bounds access before the guard runs.","Make dimensional assumptions explicit: either add `static_assert(AMREX_SPACEDIM == 3)` for intentionally 3D code, or rewrite loops/indexing to use `AMREX_SPACEDIM` with dimension-guarded branches. | Replace fixed indices/loop bounds with container-size-aware logic (`AMREX_SPACEDIM` / `.size()`), and add assertions in debug builds to catch future regressions."
84,problems,Medium,"problem_main(): `stop_time` calculation divides by `vortex_u_magn = vortex_Mach * sound_speed` (`src/problems/MHDBalsaraVortex/testMHDBalsaraVortex.cpp:235`, `:264`, `:268`) without validating `vortex_Mach > 0`",src/problems/MHDBalsaraVortex/testMHDBalsaraVortex.cpp,problem_main(),robustness,audit/src-audit-log.md:1139,audit/issues/problems/084-problem-main-testmhdbalsaravortex-cpp.md,"`stop_time` calculation divides by `vortex_u_magn = vortex_Mach * sound_speed` (`src/problems/MHDBalsaraVortex/testMHDBalsaraVortex.cpp:235`, `:264`, `:268`) without validating `vortex_Mach > 0`. A user input of `setup.vortex_Mach = 0` yields division by zero (`inf`/`nan` stop time).","Add explicit runtime guards for zero/non-finite/invalid inputs before the division or square-root path, and choose a deterministic fallback (early return, clamp, or hard abort) consistent with surrounding code."
85,problems,Low,"problem_main(): unconditionally extracts a z-axis slice with `fextract(..., 2, ...)` (`src/problems/RandomBlast/testRandomBlast.cpp:203`) without a dimension guard or 3D-only assertion",src/problems/RandomBlast/testRandomBlast.cpp,problem_main(),portability,audit/src-audit-log.md:1150,audit/issues/problems/085-problem-main-testrandomblast-cpp.md,"unconditionally extracts a z-axis slice with `fextract(..., 2, ...)` (`src/problems/RandomBlast/testRandomBlast.cpp:203`) without a dimension guard or 3D-only assertion. In 1D/2D builds, this driver is not dimension-safe.",Add compile-time dimension guards or refactor the implementation so indexing and stencil accesses are valid for the supported `AMREX_SPACEDIM` values.
86,problems,Medium,QuokkaSimulation<ShockCloud>::computeAfterTimestep(): frame-shift update computes `vx_cm = xmom / cloud_mass` (`src/problems/ShockCloud/testShockCloud.cpp:232`) without guarding `cloud_mass <= 0`,src/problems/ShockCloud/testShockCloud.cpp,QuokkaSimulation<ShockCloud>::computeAfterTimestep(),robustness,audit/src-audit-log.md:1160,audit/issues/problems/086-quokkasimulation-shockcloud-computeaftertimestep-testshockcloud-cpp.md,"frame-shift update computes `vx_cm = xmom / cloud_mass` (`src/problems/ShockCloud/testShockCloud.cpp:232`) without guarding `cloud_mass <= 0`. If the tracked cloud mass becomes zero/underflows, the frame-shift state and subsequent momentum/energy updates become invalid (`inf`/`nan`).","Add explicit runtime guards for zero/non-finite/invalid inputs before the division or square-root path, and choose a deterministic fallback (early return, clamp, or hard abort) consistent with surrounding code."
87,problems,Medium,QuokkaSimulation<ShockCloud>::ComputeDerivedVar(...): `cloud_fraction` branch computes `rho_cloud / (rho_cloud + rho_bg)` without a zero/positivity guard (`src/problems/ShockCloud/testShockCloud.cpp:425`),src/problems/ShockCloud/testShockCloud.cpp,QuokkaSimulation<ShockCloud>::ComputeDerivedVar(...),robustness,audit/src-audit-log.md:1162,audit/issues/problems/087-quokkasimulation-shockcloud-computederivedvar-testshockcloud-cpp.md,"`cloud_fraction` branch computes `rho_cloud / (rho_cloud + rho_bg)` without a zero/positivity guard (`src/problems/ShockCloud/testShockCloud.cpp:425`). If both partial densities vanish (e.g., pathological/ghost-cell state), this yields `nan`.","Add explicit runtime guards for zero/non-finite/invalid inputs before the division or square-root path, and choose a deterministic fallback (early return, clamp, or hard abort) consistent with surrounding code."
88,problems,Medium,"QuokkaSimulation<ShockCloud>::ComputeStatistics(): cloud-fraction statistics recompute `C_frac = rho_cloud / (rho_cloud + rho_bg)` without guarding the denominator (`src/problems/ShockCloud/testShockCloud.cpp:636`, `:645`), allowing `nan` statistics for zero partial-density states",src/problems/ShockCloud/testShockCloud.cpp,QuokkaSimulation<ShockCloud>::ComputeStatistics(),robustness,audit/src-audit-log.md:1165,audit/issues/problems/088-quokkasimulation-shockcloud-computestatistics-testshockcloud-cpp.md,"cloud-fraction statistics recompute `C_frac = rho_cloud / (rho_cloud + rho_bg)` without guarding the denominator (`src/problems/ShockCloud/testShockCloud.cpp:636`, `:645`), allowing `nan` statistics for zero partial-density states.","Add explicit runtime guards for zero/non-finite/invalid inputs before the division or square-root path, and choose a deterministic fallback (early return, clamp, or hard abort) consistent with surrounding code."
89,problems,Medium,"problem_main(): shock-jump setup divides by `M0` when computing `v_wind` (`src/problems/ShockCloud/testShockCloud.cpp:765`) and uses `v_shock = M0 * x4` downstream (`src/problems/ShockCloud/testShockCloud.cpp:767`, `:781`, `:786`) without validating `Mach_shock > 0`",src/problems/ShockCloud/testShockCloud.cpp,problem_main(),robustness,audit/src-audit-log.md:1168,audit/issues/problems/089-problem-main-testshockcloud-cpp.md,"shock-jump setup divides by `M0` when computing `v_wind` (`src/problems/ShockCloud/testShockCloud.cpp:765`) and uses `v_shock = M0 * x4` downstream (`src/problems/ShockCloud/testShockCloud.cpp:767`, `:781`, `:786`) without validating `Mach_shock > 0`. Zero/invalid `Mach_shock` inputs can produce divide-by-zero/`nan` setup values.","Add explicit runtime guards for zero/non-finite/invalid inputs before the division or square-root path, and choose a deterministic fallback (early return, clamp, or hard abort) consistent with surrounding code."
90,problems,Low,"computeWaveSolution(...): unconditionally accesses `prob_lo[2]` and `dx[2]` (`src/problems/AlfvenWaveLinear/testAlfvenWaveLinear.cpp:221`, `:226`, and FC stencil terms `:277-286`) without a 3D-only guard",src/problems/AlfvenWaveLinear/testAlfvenWaveLinear.cpp,computeWaveSolution(...),portability,audit/src-audit-log.md:1240,audit/issues/problems/090-computewavesolution-testalfvenwavelinear-cpp.md,"unconditionally accesses `prob_lo[2]` and `dx[2]` (`src/problems/AlfvenWaveLinear/testAlfvenWaveLinear.cpp:221`, `:226`, and FC stencil terms `:277-286`) without a 3D-only guard. In non-3D builds this helper is not dimension-safe.","Make dimensional assumptions explicit: either add `static_assert(AMREX_SPACEDIM == 3)` for intentionally 3D code, or rewrite loops/indexing to use `AMREX_SPACEDIM` with dimension-guarded branches."
91,problems,Low,"computeWaveSolution(...): same unguarded 3D-only accesses (`prob_lo[2]`, `dx[2]`) in CC/FC wave helper (`src/problems/AlfvenWaveLinearConvergence/testAlfvenWaveLinearConvergence.cpp:225`, `:230`, `:277-282`), which is not dimension-safe for non-3D builds",src/problems/AlfvenWaveLinearConvergence/testAlfvenWaveLinearConvergence.cpp,computeWaveSolution(...),portability,audit/src-audit-log.md:1252,audit/issues/problems/091-computewavesolution-testalfvenwavelinearconvergence-cpp.md,"same unguarded 3D-only accesses (`prob_lo[2]`, `dx[2]`) in CC/FC wave helper (`src/problems/AlfvenWaveLinearConvergence/testAlfvenWaveLinearConvergence.cpp:225`, `:230`, `:277-282`), which is not dimension-safe for non-3D builds.","Make dimensional assumptions explicit: either add `static_assert(AMREX_SPACEDIM == 3)` for intentionally 3D code, or rewrite loops/indexing to use `AMREX_SPACEDIM` with dimension-guarded branches."
92,problems,Medium,runWaveTest(int): computes `cA = alfven_speed * abs(cos(angle_between_k_b0_rad))` (`src/problems/AlfvenWaveLinearConvergence/testAlfvenWaveLinearConvergence.cpp:381`) and then `max_time = wavelength / cA` (`src/problems/AlfvenWaveLinearConvergence/testAlfvenWaveLinearConvergence.cpp:400`) without guarding `cA > 0`,src/problems/AlfvenWaveLinearConvergence/testAlfvenWaveLinearConvergence.cpp,runWaveTest(int),robustness,audit/src-audit-log.md:1254,audit/issues/problems/092-runwavetest-int-testalfvenwavelinearconvergence-cpp.md,computes `cA = alfven_speed * abs(cos(angle_between_k_b0_rad))` (`src/problems/AlfvenWaveLinearConvergence/testAlfvenWaveLinearConvergence.cpp:381`) and then `max_time = wavelength / cA` (`src/problems/AlfvenWaveLinearConvergence/testAlfvenWaveLinearConvergence.cpp:400`) without guarding `cA > 0`. A perpendicular setup (`angle_between_k_b0 = 90 deg`) yields division by zero.,"Add explicit runtime guards for zero/non-finite/invalid inputs before the division or square-root path, and choose a deterministic fallback (early return, clamp, or hard abort) consistent with surrounding code."
93,problems,Low,"computeWaveSolution(...): unguarded accesses to `prob_lo[2]` and `dx[2]` in CC/FC branches (`src/problems/EntropyWaveConvergence/testEntropyWaveConvergence.cpp:168`, `:173`, `:213-222`) make the helper non-portable to non-3D builds",src/problems/EntropyWaveConvergence/testEntropyWaveConvergence.cpp,computeWaveSolution(...),portability,audit/src-audit-log.md:1262,audit/issues/problems/093-computewavesolution-testentropywaveconvergence-cpp.md,"unguarded accesses to `prob_lo[2]` and `dx[2]` in CC/FC branches (`src/problems/EntropyWaveConvergence/testEntropyWaveConvergence.cpp:168`, `:173`, `:213-222`) make the helper non-portable to non-3D builds.","Make dimensional assumptions explicit: either add `static_assert(AMREX_SPACEDIM == 3)` for intentionally 3D code, or rewrite loops/indexing to use `AMREX_SPACEDIM` with dimension-guarded branches."
94,problems,Low,"computeWaveSolution(...): unguarded 3D-only accesses to `prob_lo[2]`/`dx[2]` in CC/FC branches (`src/problems/FastWaveConvergence/testFastWaveConvergence.cpp:240`, `:248`, `:325-334`) make the helper non-portable to non-3D builds",src/problems/FastWaveConvergence/testFastWaveConvergence.cpp,computeWaveSolution(...),portability,audit/src-audit-log.md:1272,audit/issues/problems/094-computewavesolution-testfastwaveconvergence-cpp.md,"unguarded 3D-only accesses to `prob_lo[2]`/`dx[2]` in CC/FC branches (`src/problems/FastWaveConvergence/testFastWaveConvergence.cpp:240`, `:248`, `:325-334`) make the helper non-portable to non-3D builds.","Make dimensional assumptions explicit: either add `static_assert(AMREX_SPACEDIM == 3)` for intentionally 3D code, or rewrite loops/indexing to use `AMREX_SPACEDIM` with dimension-guarded branches."
95,problems,Low,"computeWaveSolution(...): unguarded 3D-only accesses to `prob_lo[2]`/`dx[2]` in CC/FC branches (`src/problems/SlowWaveConvergence/testSlowWaveConvergence.cpp:241`, `:249`, `:335-344`) make the helper non-portable to non-3D builds",src/problems/SlowWaveConvergence/testSlowWaveConvergence.cpp,computeWaveSolution(...),portability,audit/src-audit-log.md:1282,audit/issues/problems/095-computewavesolution-testslowwaveconvergence-cpp.md,"unguarded 3D-only accesses to `prob_lo[2]`/`dx[2]` in CC/FC branches (`src/problems/SlowWaveConvergence/testSlowWaveConvergence.cpp:241`, `:249`, `:335-344`) make the helper non-portable to non-3D builds.","Make dimensional assumptions explicit: either add `static_assert(AMREX_SPACEDIM == 3)` for intentionally 3D code, or rewrite loops/indexing to use `AMREX_SPACEDIM` with dimension-guarded branches."
96,problems,Medium,runWaveTest(int): computes slow magnetosonic speed `cs` (`src/problems/SlowWaveConvergence/testSlowWaveConvergence.cpp:444`) and then `max_time = wavelength / cs` (`src/problems/SlowWaveConvergence/testSlowWaveConvergence.cpp:463`) without guarding `cs > 0`,src/problems/SlowWaveConvergence/testSlowWaveConvergence.cpp,runWaveTest(int),robustness,audit/src-audit-log.md:1285,audit/issues/problems/096-runwavetest-int-testslowwaveconvergence-cpp.md,"computes slow magnetosonic speed `cs` (`src/problems/SlowWaveConvergence/testSlowWaveConvergence.cpp:444`) and then `max_time = wavelength / cs` (`src/problems/SlowWaveConvergence/testSlowWaveConvergence.cpp:463`) without guarding `cs > 0`. Perpendicular configurations can make `cs` approach or equal zero, causing division by zero/very large stop times.","Add explicit runtime guards for zero/non-finite/invalid inputs before the division or square-root path, and choose a deterministic fallback (early return, clamp, or hard abort) consistent with surrounding code."
97,problems,High,"problem_main(): pressure diagnostic reconstructs `Eint` as `Egas - xmom^2/(2 rho)` (`src/problems/NscbcChannel/testNscbcChannel.cpp:172-180`), omitting `y/z` kinetic energy even though `v_inflow` and `w_inflow` are configurable",src/problems/NscbcChannel/testNscbcChannel.cpp,problem_main(),correctness,audit/src-audit-log.md:1295,audit/issues/problems/097-problem-main-testnscbcchannel-cpp.md,"pressure diagnostic reconstructs `Eint` as `Egas - xmom^2/(2 rho)` (`src/problems/NscbcChannel/testNscbcChannel.cpp:172-180`), omitting `y/z` kinetic energy even though `v_inflow` and `w_inflow` are configurable. This biases diagnostic pressure/error checks when transverse inflow velocity is nonzero.","Apply a targeted fix at the cited location, then add a regression/unit test that exercises the failing code path and confirms the corrected behavior."
98,problems,Medium,problem_main(): component-wise relative error accumulation divides by `U_k` with no zero guard (`src/problems/NscbcChannel/testNscbcChannel.cpp:193-208`),src/problems/NscbcChannel/testNscbcChannel.cpp,problem_main(),robustness,audit/src-audit-log.md:1296,audit/issues/problems/098-problem-main-testnscbcchannel-cpp.md,"component-wise relative error accumulation divides by `U_k` with no zero guard (`src/problems/NscbcChannel/testNscbcChannel.cpp:193-208`). The passive-scalar reference magnitude is `|s_inflow|`, so `s_inflow = 0` yields division by zero in the error norm.","Apply a targeted fix at the cited location, then add a regression/unit test that exercises the failing code path and confirms the corrected behavior."
99,problems,High,QuokkaSimulation<DustAdvection>::setInitialConditionsOnGrid(...): uses `Geom(0).CellSizeArray()` / `Geom(0).ProbLoArray()` (`src/problems/DustAdvection/testDustAdvection.cpp:59-60`) instead of `grid_elem.dx_` / `grid_elem.prob_lo_`,src/problems/DustAdvection/testDustAdvection.cpp,QuokkaSimulation<DustAdvection>::setInitialConditionsOnGrid(...),AMR correctness,audit/src-audit-log.md:1331,audit/issues/problems/099-quokkasimulation-dustadvection-setinitialconditionsongrid-testdustad.md,"uses `Geom(0).CellSizeArray()` / `Geom(0).ProbLoArray()` (`src/problems/DustAdvection/testDustAdvection.cpp:59-60`) instead of `grid_elem.dx_` / `grid_elem.prob_lo_`. If this IC routine runs on refined levels, coordinates are computed with level-0 geometry and the Gaussian profile is misplaced/mis-scaled.",Use `grid_elem.dx_` / `grid_elem.prob_lo_` (or level-local geometry) inside IC kernels so refined-level initialization uses the correct coordinates and spacing.
100,problems,High,QuokkaSimulation<DustAdvection3D>::setInitialConditionsOnGrid(...): uses `Geom(0).CellSizeArray()` / `Geom(0).ProbLoArray()` (`src/problems/DustAdvection3D/testDustAdvection3D.cpp:62-63`) instead of `grid_elem` geometry,src/problems/DustAdvection3D/testDustAdvection3D.cpp,QuokkaSimulation<DustAdvection3D>::setInitialConditionsOnGrid(...),AMR correctness,audit/src-audit-log.md:1339,audit/issues/problems/100-quokkasimulation-dustadvection3d-setinitialconditionsongrid-testdust.md,uses `Geom(0).CellSizeArray()` / `Geom(0).ProbLoArray()` (`src/problems/DustAdvection3D/testDustAdvection3D.cpp:62-63`) instead of `grid_elem` geometry. Refined-level IC fills would use level-0 coordinates and produce incorrect 3D Gaussian placement/width.,Use `grid_elem.dx_` / `grid_elem.prob_lo_` (or level-local geometry) inside IC kernels so refined-level initialization uses the correct coordinates and spacing.
101,problems,High,QuokkaSimulation<DustSoundwave>::setInitialConditionsOnGrid(...): uses `Geom(0).CellSizeArray()` / `Geom(0).ProbLoArray()` (`src/problems/DustSoundwave/testDustSoundwave.cpp:121-122`) rather than `grid_elem.dx_` / `grid_elem.prob_lo_`,src/problems/DustSoundwave/testDustSoundwave.cpp,QuokkaSimulation<DustSoundwave>::setInitialConditionsOnGrid(...),AMR correctness,audit/src-audit-log.md:1387,audit/issues/problems/101-quokkasimulation-dustsoundwave-setinitialconditionsongrid-testdustso.md,uses `Geom(0).CellSizeArray()` / `Geom(0).ProbLoArray()` (`src/problems/DustSoundwave/testDustSoundwave.cpp:121-122`) rather than `grid_elem.dx_` / `grid_elem.prob_lo_`. Refined-level IC fills would use level-0 geometry and mis-phase the wave.,Use `grid_elem.dx_` / `grid_elem.prob_lo_` (or level-local geometry) inside IC kernels so refined-level initialization uses the correct coordinates and spacing.
102,problems,High,QuokkaSimulation<DustyShock>::setInitialConditionsOnGrid(...): uses `Geom(0).CellSizeArray()` / `Geom(0).ProbLoArray()` (`src/problems/DustyShock/testDustyShock.cpp:70-71`) instead of `grid_elem` geometry,src/problems/DustyShock/testDustyShock.cpp,QuokkaSimulation<DustyShock>::setInitialConditionsOnGrid(...),AMR correctness,audit/src-audit-log.md:1395,audit/issues/problems/102-quokkasimulation-dustyshock-setinitialconditionsongrid-testdustyshoc.md,uses `Geom(0).CellSizeArray()` / `Geom(0).ProbLoArray()` (`src/problems/DustyShock/testDustyShock.cpp:70-71`) instead of `grid_elem` geometry. Refined-level IC fills would place the shock using level-0 coordinates.,Use `grid_elem.dx_` / `grid_elem.prob_lo_` (or level-local geometry) inside IC kernels so refined-level initialization uses the correct coordinates and spacing.
103,problems,Low,"ParticleChecker::operator()(...): unconditionally indexes `dx[2]` when computing `k_par1/k_par2` (`src/problems/ParticleCreation/testParticleCreation.cpp:137`, `:141`) without a 3D-only guard, so the checker is not dimension-safe for 1D/2D builds",src/problems/ParticleCreation/testParticleCreation.cpp,ParticleChecker::operator()(...),portability,audit/src-audit-log.md:1419,audit/issues/problems/103-particlechecker-operator-testparticlecreation-cpp.md,"unconditionally indexes `dx[2]` when computing `k_par1/k_par2` (`src/problems/ParticleCreation/testParticleCreation.cpp:137`, `:141`) without a 3D-only guard, so the checker is not dimension-safe for 1D/2D builds.","Make dimensional assumptions explicit: either add `static_assert(AMREX_SPACEDIM == 3)` for intentionally 3D code, or rewrite loops/indexing to use `AMREX_SPACEDIM` with dimension-guarded branches."
104,problems,Low,"ParticleCreator::operator()(...): unconditionally reads/writes z-components (`dx[2]`, `plo[2]`, `p.pos(2)`, `vz`) (`src/problems/ParticleCreation/testParticleCreation.cpp:183`, `:192`) without a 3D-only guard; not dimension-safe for 1D/2D builds",src/problems/ParticleCreation/testParticleCreation.cpp,ParticleCreator::operator()(...),portability,audit/src-audit-log.md:1421,audit/issues/problems/104-particlecreator-operator-testparticlecreation-cpp.md,"unconditionally reads/writes z-components (`dx[2]`, `plo[2]`, `p.pos(2)`, `vz`) (`src/problems/ParticleCreation/testParticleCreation.cpp:183`, `:192`) without a 3D-only guard; not dimension-safe for 1D/2D builds.","Make dimensional assumptions explicit: either add `static_assert(AMREX_SPACEDIM == 3)` for intentionally 3D code, or rewrite loops/indexing to use `AMREX_SPACEDIM` with dimension-guarded branches."
105,problems,Medium,QuokkaSimulation<ParticleSFProblem>::computeAfterTimestep(): `mean_mass_high_mass_stars = m_star_high_tot / n_star_high` (`src/problems/ParticleSF/testParticleSF.cpp:153`) can divide by zero if step-1 stochastic sampling produces no high-mass stars,src/problems/ParticleSF/testParticleSF.cpp,QuokkaSimulation<ParticleSFProblem>::computeAfterTimestep(),robustness,audit/src-audit-log.md:1445,audit/issues/problems/105-quokkasimulation-particlesfproblem-computeaftertimestep-testparticle.md,`mean_mass_high_mass_stars = m_star_high_tot / n_star_high` (`src/problems/ParticleSF/testParticleSF.cpp:153`) can divide by zero if step-1 stochastic sampling produces no high-mass stars.,"Apply a targeted fix at the cited location, then add a regression/unit test that exercises the failing code path and confirms the corrected behavior."
106,problems,Medium,QuokkaSimulation<ParticleSFProblem>::computeAfterTimestep(): histogram slope diagnostic takes `std::log(hist[0])` / `std::log(hist[n_bins-1])` (`src/problems/ParticleSF/testParticleSF.cpp:187`) without checking empty bins; zero counts yield `-inf`/`nan`,src/problems/ParticleSF/testParticleSF.cpp,QuokkaSimulation<ParticleSFProblem>::computeAfterTimestep(),robustness,audit/src-audit-log.md:1446,audit/issues/problems/106-quokkasimulation-particlesfproblem-computeaftertimestep-testparticle.md,histogram slope diagnostic takes `std::log(hist[0])` / `std::log(hist[n_bins-1])` (`src/problems/ParticleSF/testParticleSF.cpp:187`) without checking empty bins; zero counts yield `-inf`/`nan`.,"Apply a targeted fix at the cited location, then add a regression/unit test that exercises the failing code path and confirms the corrected behavior."
107,problems,Medium,QuokkaSimulation<ParticleSFProblem>::computeAfterTimestep(): expectation checks use one-sided normalized differences without `abs(...)` (`src/problems/ParticleSF/testParticleSF.cpp:209-223`),src/problems/ParticleSF/testParticleSF.cpp,QuokkaSimulation<ParticleSFProblem>::computeAfterTimestep(),test validity,audit/src-audit-log.md:1447,audit/issues/problems/107-quokkasimulation-particlesfproblem-computeaftertimestep-testparticle.md,expectation checks use one-sided normalized differences without `abs(...)` (`src/problems/ParticleSF/testParticleSF.cpp:209-223`). Large underestimates can still pass because negative relative errors satisfy `< tol`.,"Apply a targeted fix at the cited location, then add a regression/unit test that exercises the failing code path and confirms the corrected behavior."
108,problems,Medium,"problem_main(): final mass check also uses one-sided relative difference and divides by `m_star_tot2` (`src/problems/ParticleSF/testParticleSF.cpp:325-327`) without `abs(...)` or a zero guard, weakening/falsifying failure detection when stellar mass is small or underpredicted",src/problems/ParticleSF/testParticleSF.cpp,problem_main(),test validity/robustness,audit/src-audit-log.md:1448,audit/issues/problems/108-problem-main-testparticlesf-cpp.md,"final mass check also uses one-sided relative difference and divides by `m_star_tot2` (`src/problems/ParticleSF/testParticleSF.cpp:325-327`) without `abs(...)` or a zero guard, weakening/falsifying failure detection when stellar mass is small or underpredicted.",Use absolute relative error (`std::abs(...)`) and guard zero denominators in pass/fail checks so underestimates and zero-reference cases are handled correctly.
109,problems,Medium,"QuokkaSimulation<SinkProblem>::refineGrid(...): normalized coordinates are computed as `((i+0.5)*dx)/(phi-plo)` (`src/problems/ParticleSink/testParticleSink.cpp:152-154`) without subtracting `plo`, so the selected refinement subregion shifts if the domain lower bound is nonzero",src/problems/ParticleSink/testParticleSink.cpp,QuokkaSimulation<SinkProblem>::refineGrid(...),AMR region selection,audit/src-audit-log.md:1459,audit/issues/problems/109-quokkasimulation-sinkproblem-refinegrid-testparticlesink-cpp.md,"normalized coordinates are computed as `((i+0.5)*dx)/(phi-plo)` (`src/problems/ParticleSink/testParticleSink.cpp:152-154`) without subtracting `plo`, so the selected refinement subregion shifts if the domain lower bound is nonzero.","Normalize coordinates relative to the domain lower bound by subtracting `ProbLo()`/`plo` before scaling to `[0,1]` region-selection coordinates."
110,problems,High,"problem_main(): `AMREX_ASSERT_WITH_MESSAGE(boost_vel_x != NAN, ...)` (`src/problems/ParticleSink/testParticleSink.cpp:167-169`) is ineffective because comparisons with `NaN` are always true",src/problems/ParticleSink/testParticleSink.cpp,problem_main(),correctness,audit/src-audit-log.md:1460,audit/issues/problems/110-problem-main-testparticlesink-cpp.md,"`AMREX_ASSERT_WITH_MESSAGE(boost_vel_x != NAN, ...)` (`src/problems/ParticleSink/testParticleSink.cpp:167-169`) is ineffective because comparisons with `NaN` are always true. Missing `boost_vel_x` input is not reliably detected.",Replace NaN comparisons with `amrex::Math::isfinite(...)` / `std::isfinite(...)` checks (or `x == x` if required on device) and assert on non-finite values.
111,problems,High,QuokkaSimulation<SinkProblem>::setInitialConditionsOnGrid(...): uses `geom[0].ProbLoArray()` / `geom[0].CellSizeArray()` (`src/problems/ParticleSinkFormation/testParticleSinkFormation.cpp:70-71`) instead of `grid_elem` geometry,src/problems/ParticleSinkFormation/testParticleSinkFormation.cpp,QuokkaSimulation<SinkProblem>::setInitialConditionsOnGrid(...),AMR correctness,audit/src-audit-log.md:1467,audit/issues/problems/111-quokkasimulation-sinkproblem-setinitialconditionsongrid-testparticle.md,uses `geom[0].ProbLoArray()` / `geom[0].CellSizeArray()` (`src/problems/ParticleSinkFormation/testParticleSinkFormation.cpp:70-71`) instead of `grid_elem` geometry. Refined-level IC fills would evaluate Jeans threshold and peak-cell placement with level-0 spacing/coordinates.,Use `grid_elem.dx_` / `grid_elem.prob_lo_` (or level-local geometry) inside IC kernels so refined-level initialization uses the correct coordinates and spacing.
112,problems,Low,AMRSimulation<BeamProblem>::setCustomBoundaryConditions(...): only defines index unpacking for `AMREX_SPACEDIM == 2` or `3` (`src/problems/RadBeam/testRadBeam.cpp:76-82`),src/problems/RadBeam/testRadBeam.cpp,AMRSimulation<BeamProblem>::setCustomBoundaryConditions(...),portability,audit/src-audit-log.md:1477,audit/issues/problems/112-amrsimulation-beamproblem-setcustomboundaryconditions-testradbeam-cp.md,only defines index unpacking for `AMREX_SPACEDIM == 2` or `3` (`src/problems/RadBeam/testRadBeam.cpp:76-82`). A 1D build leaves `i/j/k` undefined and this specialization is not dimension-safe.,Add compile-time dimension guards or refactor the implementation so indexing and stencil accesses are valid for the supported `AMREX_SPACEDIM` values.
113,problems,Low,"QuokkaSimulation<BeamProblem>::refineGrid(...): refinement indicator unconditionally accesses y-neighbors (`state(i, j±1, ...)`) (`src/problems/RadBeam/testRadBeam.cpp:257-258`), so the implementation is hard-coded for 2D+ and not 1D-safe",src/problems/RadBeam/testRadBeam.cpp,QuokkaSimulation<BeamProblem>::refineGrid(...),portability,audit/src-audit-log.md:1480,audit/issues/problems/113-quokkasimulation-beamproblem-refinegrid-testradbeam-cpp.md,"refinement indicator unconditionally accesses y-neighbors (`state(i, j±1, ...)`) (`src/problems/RadBeam/testRadBeam.cpp:257-258`), so the implementation is hard-coded for 2D+ and not 1D-safe.","Apply a targeted fix at the cited location, then add a regression/unit test that exercises the failing code path and confirms the corrected behavior."
114,problems,Medium,problem_main(): plotting stride uses `int s = nx / 64` (`src/problems/RadForce/testRadForce.cpp:298`) and passes it to `strided_vector_from(...)` (`:308`) without `s >= 1` guard,src/problems/RadForce/testRadForce.cpp,problem_main(),robustness,audit/src-audit-log.md:1513,audit/issues/problems/114-problem-main-testradforce-cpp.md,"plotting stride uses `int s = nx / 64` (`src/problems/RadForce/testRadForce.cpp:298`) and passes it to `strided_vector_from(...)` (`:308`) without `s >= 1` guard. For `nx < 64` and `HAVE_PYTHON`, this yields `stride == 0`, which is unsafe for `strided_vector_from()`.","Apply a targeted fix at the cited location, then add a regression/unit test that exercises the failing code path and confirms the corrected behavior."
115,problems,Medium,"QuokkaSimulation<SuOlsonProblemCgs>::setInitialConditionsOnGrid(...): `state_cc(..., radEnergy_index)` is assigned twice consecutively (`src/problems/RadMarshakCGS/testRadMarshakCGS.cpp:183-184`)",src/problems/RadMarshakCGS/testRadMarshakCGS.cpp,QuokkaSimulation<SuOlsonProblemCgs>::setInitialConditionsOnGrid(...),code quality/correctness hygiene,audit/src-audit-log.md:1555,audit/issues/problems/115-quokkasimulation-suolsonproblemcgs-setinitialconditionsongrid-testra.md,"`state_cc(..., radEnergy_index)` is assigned twice consecutively (`src/problems/RadMarshakCGS/testRadMarshakCGS.cpp:183-184`). The duplicate write is likely harmless but indicates a copy/paste bug in the IC kernel.","Apply a targeted fix at the cited location, then add a regression/unit test that exercises the failing code path and confirms the corrected behavior."
116,problems,Low,"AMRSimulation<StreamingProblem>::setCustomBoundaryConditions(...): applies `setConstantDirichletBCLo<1>` / `setConstantDirichletBCHi<1>` unconditionally (`src/problems/RadStreamingY/testRadStreamingY.cpp:139-140`), so the specialization is not 1D-safe",src/problems/RadStreamingY/testRadStreamingY.cpp,AMRSimulation<StreamingProblem>::setCustomBoundaryConditions(...),portability,audit/src-audit-log.md:1612,audit/issues/problems/116-amrsimulation-streamingproblem-setcustomboundaryconditions-testradst.md,"applies `setConstantDirichletBCLo<1>` / `setConstantDirichletBCHi<1>` unconditionally (`src/problems/RadStreamingY/testRadStreamingY.cpp:139-140`), so the specialization is not 1D-safe.","Apply a targeted fix at the cited location, then add a regression/unit test that exercises the failing code path and confirms the corrected behavior."
117,problems,Low,"problem_main(): unconditionally configures `BCs_cc[*].setLo/Hi(1, ...)` and extracts a slice with `fextract(..., 1, 0.0)` (`src/problems/RadStreamingY/testRadStreamingY.cpp:160-161`, `:185`), which is invalid for 1D builds without a dimension guard",src/problems/RadStreamingY/testRadStreamingY.cpp,problem_main(),portability,audit/src-audit-log.md:1613,audit/issues/problems/117-problem-main-testradstreamingy-cpp.md,"unconditionally configures `BCs_cc[*].setLo/Hi(1, ...)` and extracts a slice with `fextract(..., 1, 0.0)` (`src/problems/RadStreamingY/testRadStreamingY.cpp:160-161`, `:185`), which is invalid for 1D builds without a dimension guard.","Apply a targeted fix at the cited location, then add a regression/unit test that exercises the failing code path and confirms the corrected behavior."
118,problems,Low,"QuokkaSimulation<ShadowProblem>::setInitialConditionsOnGrid(...): clump IC construction unconditionally uses `prob_lo[1]` / `dx[1]` (`src/problems/RadShadow/testRadShadow.cpp:127`), so the implementation is not 1D-safe without a dimension guard",src/problems/RadShadow/testRadShadow.cpp,QuokkaSimulation<ShadowProblem>::setInitialConditionsOnGrid(...),portability,audit/src-audit-log.md:1622,audit/issues/problems/118-quokkasimulation-shadowproblem-setinitialconditionsongrid-testradsha.md,"clump IC construction unconditionally uses `prob_lo[1]` / `dx[1]` (`src/problems/RadShadow/testRadShadow.cpp:127`), so the implementation is not 1D-safe without a dimension guard.","Apply a targeted fix at the cited location, then add a regression/unit test that exercises the failing code path and confirms the corrected behavior."
119,problems,Low,"QuokkaSimulation<ShadowProblem>::refineGrid(...): refinement indicator unconditionally samples y-neighbors (`state(i, j±1, ...)`) (`src/problems/RadShadow/testRadShadow.cpp:168-169`), making this tagging logic hard-coded for 2D+",src/problems/RadShadow/testRadShadow.cpp,QuokkaSimulation<ShadowProblem>::refineGrid(...),portability,audit/src-audit-log.md:1623,audit/issues/problems/119-quokkasimulation-shadowproblem-refinegrid-testradshadow-cpp.md,"refinement indicator unconditionally samples y-neighbors (`state(i, j±1, ...)`) (`src/problems/RadShadow/testRadShadow.cpp:168-169`), making this tagging logic hard-coded for 2D+.","Apply a targeted fix at the cited location, then add a regression/unit test that exercises the failing code path and confirms the corrected behavior."
120,problems,High,"RadSystem<TophatProblem>::ComputePlanckOpacity(...): the fallback branch uses `AMREX_ALWAYS_ASSERT_WITH_MESSAGE(true, ""opacity not defined!"")` (`src/problems/RadTophat/testRadTophat.cpp:80`), which never fails; unsupported densities silently continue with `kappa == 0`",src/problems/RadTophat/testRadTophat.cpp,RadSystem<TophatProblem>::ComputePlanckOpacity(...),correctness,audit/src-audit-log.md:1630,audit/issues/problems/120-radsystem-tophatproblem-computeplanckopacity-testradtophat-cpp.md,"the fallback branch uses `AMREX_ALWAYS_ASSERT_WITH_MESSAGE(true, ""opacity not defined!"")` (`src/problems/RadTophat/testRadTophat.cpp:80`), which never fails; unsupported densities silently continue with `kappa == 0`.","Apply a targeted fix at the cited location, then add a regression/unit test that exercises the failing code path and confirms the corrected behavior."
121,problems,Low,"AMRSimulation<TophatProblem>::setCustomBoundaryConditions(...): index unpacking is only defined for `AMREX_SPACEDIM == 2/3` (`src/problems/RadTophat/testRadTophat.cpp:136-142`), but the function unconditionally uses `j` and `prob_lo[1]` (`:150`), so a 1D build is not dimension-safe",src/problems/RadTophat/testRadTophat.cpp,AMRSimulation<TophatProblem>::setCustomBoundaryConditions(...),portability,audit/src-audit-log.md:1634,audit/issues/problems/121-amrsimulation-tophatproblem-setcustomboundaryconditions-testradtopha.md,"index unpacking is only defined for `AMREX_SPACEDIM == 2/3` (`src/problems/RadTophat/testRadTophat.cpp:136-142`), but the function unconditionally uses `j` and `prob_lo[1]` (`:150`), so a 1D build is not dimension-safe.",Add compile-time dimension guards or refactor the implementation so indexing and stencil accesses are valid for the supported `AMREX_SPACEDIM` values.
122,problems,Low,QuokkaSimulation<TophatProblem>::setInitialConditionsOnGrid(...): tophat geometry classification unconditionally uses y-coordinates (`src/problems/RadTophat/testRadTophat.cpp:214`) and is not 1D-safe without a dimension guard,src/problems/RadTophat/testRadTophat.cpp,QuokkaSimulation<TophatProblem>::setInitialConditionsOnGrid(...),portability,audit/src-audit-log.md:1635,audit/issues/problems/122-quokkasimulation-tophatproblem-setinitialconditionsongrid-testradtop.md,tophat geometry classification unconditionally uses y-coordinates (`src/problems/RadTophat/testRadTophat.cpp:214`) and is not 1D-safe without a dimension guard.,"Apply a targeted fix at the cited location, then add a regression/unit test that exercises the failing code path and confirms the corrected behavior."
123,problems,High,RadSystem<MarshakProblem>::SetRadEnergySource(...): source-cell overlap coordinates are computed as `xl = i*dx` / `xr = (i+1)*dx` (`src/problems/RadSuOlson/testRadSuOlson.cpp:138-139`) while the `prob_lo` argument is ignored (`:134`),src/problems/RadSuOlson/testRadSuOlson.cpp,RadSystem<MarshakProblem>::SetRadEnergySource(...),domain-origin correctness,audit/src-audit-log.md:1666,audit/issues/problems/123-radsystem-marshakproblem-setradenergysource-testradsuolson-cpp.md,"source-cell overlap coordinates are computed as `xl = i*dx` / `xr = (i+1)*dx` (`src/problems/RadSuOlson/testRadSuOlson.cpp:138-139`) while the `prob_lo` argument is ignored (`:134`). If the domain lower bound is nonzero, the source region `[0, x0]` is shifted incorrectly.","Apply a targeted fix at the cited location, then add a regression/unit test that exercises the failing code path and confirms the corrected behavior."
124,problems,Low,"RadSystem<ShellProblem>::SetRadEnergySource(...): source kernel unconditionally uses z-dimension geometry (`prob_lo[2]`, `dx[2]`, `prob_hi[2]`) (`src/problems/RadhydroShell/testRadhydroShell.cpp:102`, `:114`) without compile-time dimension guards",src/problems/RadhydroShell/testRadhydroShell.cpp,RadSystem<ShellProblem>::SetRadEnergySource(...),portability,audit/src-audit-log.md:1712,audit/issues/problems/124-radsystem-shellproblem-setradenergysource-testradhydroshell-cpp.md,"source kernel unconditionally uses z-dimension geometry (`prob_lo[2]`, `dx[2]`, `prob_hi[2]`) (`src/problems/RadhydroShell/testRadhydroShell.cpp:102`, `:114`) without compile-time dimension guards. `problem_main()` is 3D-gated, but this specialization itself is not dimension-safe for 1D/2D builds.","Make dimensional assumptions explicit: either add `static_assert(AMREX_SPACEDIM == 3)` for intentionally 3D code, or rewrite loops/indexing to use `AMREX_SPACEDIM` with dimension-guarded branches."
125,problems,Low,"QuokkaSimulation<ShellProblem>::setInitialConditionsOnGrid(...): IC kernel and source-center setup unconditionally use z-coordinate geometry (`src/problems/RadhydroShell/testRadhydroShell.cpp:196`, `:212`), so the specialization is not dimension-safe outside 3D",src/problems/RadhydroShell/testRadhydroShell.cpp,QuokkaSimulation<ShellProblem>::setInitialConditionsOnGrid(...),portability,audit/src-audit-log.md:1716,audit/issues/problems/125-quokkasimulation-shellproblem-setinitialconditionsongrid-testradhydr.md,"IC kernel and source-center setup unconditionally use z-coordinate geometry (`src/problems/RadhydroShell/testRadhydroShell.cpp:196`, `:212`), so the specialization is not dimension-safe outside 3D.",Add compile-time dimension guards or refactor the implementation so indexing and stencil accesses are valid for the supported `AMREX_SPACEDIM` values.
126,problems,Low,"QuokkaSimulation<ShellProblem>::refineGrid(...): refinement indicator unconditionally samples z-neighbors (`state(i,j,k±1,...)`) (`src/problems/RadhydroShell/testRadhydroShell.cpp:277-278`), hard-coding 3D behavior in an unguarded specialization",src/problems/RadhydroShell/testRadhydroShell.cpp,QuokkaSimulation<ShellProblem>::refineGrid(...),portability,audit/src-audit-log.md:1717,audit/issues/problems/126-quokkasimulation-shellproblem-refinegrid-testradhydroshell-cpp.md,"refinement indicator unconditionally samples z-neighbors (`state(i,j,k±1,...)`) (`src/problems/RadhydroShell/testRadhydroShell.cpp:277-278`), hard-coding 3D behavior in an unguarded specialization.","Apply a targeted fix at the cited location, then add a regression/unit test that exercises the failing code path and confirms the corrected behavior."
127,problems,High,"problem_main(): comment says the output should include `tNew_[0]` in the filename, but `matplotlibcpp::save(std::format(""./radhydro_pulse_grey_temperature.pdf"", sim2.tNew_[0]))` has no `{}` placeholder (`src/problems/RadhydroPulseGrey/testRadhydroPulseGrey.cpp:372-373`)",src/problems/RadhydroPulseGrey/testRadhydroPulseGrey.cpp,problem_main(),diagnostics/output correctness,audit/src-audit-log.md:1756,audit/issues/problems/127-problem-main-testradhydropulsegrey-cpp.md,"comment says the output should include `tNew_[0]` in the filename, but `matplotlibcpp::save(std::format(""./radhydro_pulse_grey_temperature.pdf"", sim2.tNew_[0]))` has no `{}` placeholder (`src/problems/RadhydroPulseGrey/testRadhydroPulseGrey.cpp:372-373`). The time argument is ignored and the filename is constant.",Add a `{}` placeholder (or equivalent formatted token) to the filename format string so the timestep value is actually embedded in the saved filename.
128,problems,High,QuokkaSimulation<ExactProblem>::setInitialConditionsOnGrid(...): this `ExactProblem` specialization writes state using `RadSystem<MGProblem>::...` indices throughout (`src/problems/RadhydroPulseMGint/testRadhydroPulseMGint.cpp:286-295`) instead of `RadSystem<ExactProblem>::...`,src/problems/RadhydroPulseMGint/testRadhydroPulseMGint.cpp,QuokkaSimulation<ExactProblem>::setInitialConditionsOnGrid(...),correctness,audit/src-audit-log.md:1779,audit/issues/problems/128-quokkasimulation-exactproblem-setinitialconditionsongrid-testradhydr.md,"this `ExactProblem` specialization writes state using `RadSystem<MGProblem>::...` indices throughout (`src/problems/RadhydroPulseMGint/testRadhydroPulseMGint.cpp:286-295`) instead of `RadSystem<ExactProblem>::...`. Because `MGProblem` and `ExactProblem` have different radiation-group layouts, this can write wrong components / go out of bounds.","Apply a targeted fix at the cited location, then add a regression/unit test that exercises the failing code path and confirms the corrected behavior."
129,problems,Low,"problem_main(): contains leftover debug code (`// insert a dummy breakpoint` and `std::cout << aa`) (`src/problems/RadhydroBB/testRadhydroBB.cpp:316`, `:319`) that emits unrelated stdout during the test run",src/problems/RadhydroBB/testRadhydroBB.cpp,problem_main(),diagnostics hygiene,audit/src-audit-log.md:1789,audit/issues/problems/129-problem-main-testradhydrobb-cpp.md,"contains leftover debug code (`// insert a dummy breakpoint` and `std::cout << aa`) (`src/problems/RadhydroBB/testRadhydroBB.cpp:316`, `:319`) that emits unrelated stdout during the test run.","Apply a targeted fix at the cited location, then add a regression/unit test that exercises the failing code path and confirms the corrected behavior."
130,problems,Low,"QuokkaSimulation<CollapseProblem>::setInitialConditionsOnGrid(...): unconditionally uses z-dimension geometry (`prob_lo[2]`, `prob_hi[2]`, `dx[2]`) (`src/problems/SphericalCollapse/testSphericalCollapse.cpp:70`, `:75`), so the specialization is not dimension-safe for 1D/2D builds",src/problems/SphericalCollapse/testSphericalCollapse.cpp,QuokkaSimulation<CollapseProblem>::setInitialConditionsOnGrid(...),portability,audit/src-audit-log.md:1816,audit/issues/problems/130-quokkasimulation-collapseproblem-setinitialconditionsongrid-testsphe.md,"unconditionally uses z-dimension geometry (`prob_lo[2]`, `prob_hi[2]`, `dx[2]`) (`src/problems/SphericalCollapse/testSphericalCollapse.cpp:70`, `:75`), so the specialization is not dimension-safe for 1D/2D builds.","Make dimensional assumptions explicit: either add `static_assert(AMREX_SPACEDIM == 3)` for intentionally 3D code, or rewrite loops/indexing to use `AMREX_SPACEDIM` with dimension-guarded branches."
131,problems,Medium,QuokkaSimulation<CollapseProblem>::createInitialCICParticles(): computes `particle_mass = total_particle_mass / num_particles` (`src/problems/SphericalCollapse/testSphericalCollapse.cpp:104`) with no guard for `num_particles <= 0`,src/problems/SphericalCollapse/testSphericalCollapse.cpp,QuokkaSimulation<CollapseProblem>::createInitialCICParticles(),robustness,audit/src-audit-log.md:1817,audit/issues/problems/131-quokkasimulation-collapseproblem-createinitialcicparticles-testspher.md,computes `particle_mass = total_particle_mass / num_particles` (`src/problems/SphericalCollapse/testSphericalCollapse.cpp:104`) with no guard for `num_particles <= 0`.,"Add explicit runtime guards for zero/non-finite/invalid inputs before the division or square-root path, and choose a deterministic fallback (early return, clamp, or hard abort) consistent with surrounding code."
132,problems,Medium,"QuokkaSimulation<SNProblem>::refineGrid(...): normalized coordinates omit subtraction of `ProbLo()` (`src/problems/SN/testSN.cpp:198-200`), so the selected subregion shifts if domain lower bounds are nonzero",src/problems/SN/testSN.cpp,QuokkaSimulation<SNProblem>::refineGrid(...),AMR region selection,audit/src-audit-log.md:1830,audit/issues/problems/132-quokkasimulation-snproblem-refinegrid-testsn-cpp.md,"normalized coordinates omit subtraction of `ProbLo()` (`src/problems/SN/testSN.cpp:198-200`), so the selected subregion shifts if domain lower bounds are nonzero.","Normalize coordinates relative to the domain lower bound by subtracting `ProbLo()`/`plo` before scaling to `[0,1]` region-selection coordinates."
133,problems,Medium,"problem_main(): Galilean-invariance error norms and pass/fail `status` update are compiled only under `#ifdef HAVE_PYTHON` (`src/problems/SN/testSN.cpp:344-404`), so non-Python builds skip the main invariance validation but still return success except for scalar checks",src/problems/SN/testSN.cpp,problem_main(),test validity,audit/src-audit-log.md:1833,audit/issues/problems/133-problem-main-testsn-cpp.md,"Galilean-invariance error norms and pass/fail `status` update are compiled only under `#ifdef HAVE_PYTHON` (`src/problems/SN/testSN.cpp:344-404`), so non-Python builds skip the main invariance validation but still return success except for scalar checks.","Apply a targeted fix at the cited location, then add a regression/unit test that exercises the failing code path and confirms the corrected behavior."
134,problems,Low,"QuokkaSimulation<TurbulentBox>::refineGrid(...): AMR tagger unconditionally samples y/z neighbors (`state(..., j±1, ...)`, `state(..., k±1, ...)`) (`src/problems/Turbulence/testTurbulence.cpp:85`, `:87`) and computes a 3D gradient norm, so the implementation is hard-coded for 3D without a dimension guard",src/problems/Turbulence/testTurbulence.cpp,QuokkaSimulation<TurbulentBox>::refineGrid(...),portability,audit/src-audit-log.md:1841,audit/issues/problems/134-quokkasimulation-turbulentbox-refinegrid-testturbulence-cpp.md,"AMR tagger unconditionally samples y/z neighbors (`state(..., j±1, ...)`, `state(..., k±1, ...)`) (`src/problems/Turbulence/testTurbulence.cpp:85`, `:87`) and computes a 3D gradient norm, so the implementation is hard-coded for 3D without a dimension guard.","Apply a targeted fix at the cited location, then add a regression/unit test that exercises the failing code path and confirms the corrected behavior."
135,problems,Medium,"problem_main(): the dispersion check reads `sim.turbParams_[""target_vdisp""]` via `std::stod(...)` and divides by `target_vdisp` without validating presence/nonzero value (`src/problems/Turbulence/testTurbulence.cpp:133-134`), so malformed or zero input can throw or produce invalid relative error",src/problems/Turbulence/testTurbulence.cpp,problem_main(),robustness,audit/src-audit-log.md:1843,audit/issues/problems/135-problem-main-testturbulence-cpp.md,"the dispersion check reads `sim.turbParams_[""target_vdisp""]` via `std::stod(...)` and divides by `target_vdisp` without validating presence/nonzero value (`src/problems/Turbulence/testTurbulence.cpp:133-134`), so malformed or zero input can throw or produce invalid relative error.","Add explicit runtime guards for zero/non-finite/invalid inputs before the division or square-root path, and choose a deterministic fallback (early return, clamp, or hard abort) consistent with surrounding code."
136,problems,Medium,"QuokkaSimulation<StarCluster>::preCalculateInitialConditions(): virial normalization computes `M_sphere ~ R_sphere^3`, `rms_dv_target ~",src/problems/StarCluster/testStarCluster.cpp,QuokkaSimulation<StarCluster>::preCalculateInitialConditions(),robustness,audit/src-audit-log.md:1850,audit/issues/problems/136-quokkasimulation-starcluster-precalculateinitialconditions-teststarc.md,"virial normalization computes `M_sphere ~ R_sphere^3`, `rms_dv_target ~ ... / R_sphere`, and `rescale_factor = rms_dv_target / rms_dv_actual` without guarding `R_sphere > 0` or `rms_dv_actual > 0` (`src/problems/StarCluster/testStarCluster.cpp:104-108`).","Add explicit runtime guards for zero/non-finite/invalid inputs before the division or square-root path, and choose a deterministic fallback (early return, clamp, or hard abort) consistent with surrounding code."
137,problems,Low,"QuokkaSimulation<StarCluster>::setInitialConditionsOnGrid(...): the IC kernel unconditionally uses z-dimension geometry (`prob_lo[2]`, `prob_hi[2]`, `dx[2]`) (`src/problems/StarCluster/testStarCluster.cpp:136`, `:152`) and `dvz`, so the specialization is not dimension-safe for 1D/2D builds",src/problems/StarCluster/testStarCluster.cpp,QuokkaSimulation<StarCluster>::setInitialConditionsOnGrid(...),portability,audit/src-audit-log.md:1851,audit/issues/problems/137-quokkasimulation-starcluster-setinitialconditionsongrid-teststarclus.md,"the IC kernel unconditionally uses z-dimension geometry (`prob_lo[2]`, `prob_hi[2]`, `dx[2]`) (`src/problems/StarCluster/testStarCluster.cpp:136`, `:152`) and `dvz`, so the specialization is not dimension-safe for 1D/2D builds.","Make dimensional assumptions explicit: either add `static_assert(AMREX_SPACEDIM == 3)` for intentionally 3D code, or rewrite loops/indexing to use `AMREX_SPACEDIM` with dimension-guarded branches."
138,problems,Medium,"QuokkaSimulation<PopIII>::preCalculateInitialConditions(): `rms_dv_target` is initialized to `NAN`, queried from `perturb.rms_velocity`, and used in `rescale_factor = rms_dv_target / rms_dv_actual` without validation (`src/problems/PopIII/testPopIII.cpp:161-165`); missing input silently seeds NaNs into the IC velocity field",src/problems/PopIII/testPopIII.cpp,QuokkaSimulation<PopIII>::preCalculateInitialConditions(),robustness,audit/src-audit-log.md:1860,audit/issues/problems/138-quokkasimulation-popiii-precalculateinitialconditions-testpopiii-cpp.md,"`rms_dv_target` is initialized to `NAN`, queried from `perturb.rms_velocity`, and used in `rescale_factor = rms_dv_target / rms_dv_actual` without validation (`src/problems/PopIII/testPopIII.cpp:161-165`); missing input silently seeds NaNs into the IC velocity field.","Apply a targeted fix at the cited location, then add a regression/unit test that exercises the failing code path and confirms the corrected behavior."
139,problems,Low,"QuokkaSimulation<PopIII>::setInitialConditionsOnGrid(...): the IC setup unconditionally uses z-dimension geometry (`prob_lo[2]`, `prob_hi[2]`, `dx[2]`) (`src/problems/PopIII/testPopIII.cpp:245`, `:261`) without a dimension guard",src/problems/PopIII/testPopIII.cpp,QuokkaSimulation<PopIII>::setInitialConditionsOnGrid(...),portability,audit/src-audit-log.md:1861,audit/issues/problems/139-quokkasimulation-popiii-setinitialconditionsongrid-testpopiii-cpp.md,"the IC setup unconditionally uses z-dimension geometry (`prob_lo[2]`, `prob_hi[2]`, `dx[2]`) (`src/problems/PopIII/testPopIII.cpp:245`, `:261`) without a dimension guard.","Make dimensional assumptions explicit: either add `static_assert(AMREX_SPACEDIM == 3)` for intentionally 3D code, or rewrite loops/indexing to use `AMREX_SPACEDIM` with dimension-guarded branches."
140,problems,Medium,"QuokkaSimulation<PopIII>::setInitialConditionsOnGrid(...): species normalization divides by `rhotot` and then by `msum` (`src/problems/PopIII/testPopIII.cpp:277`, `:282`) with no guard; zero species abundances or `numdens_init == 0` will produce NaNs",src/problems/PopIII/testPopIII.cpp,QuokkaSimulation<PopIII>::setInitialConditionsOnGrid(...),robustness,audit/src-audit-log.md:1862,audit/issues/problems/140-quokkasimulation-popiii-setinitialconditionsongrid-testpopiii-cpp.md,"species normalization divides by `rhotot` and then by `msum` (`src/problems/PopIII/testPopIII.cpp:277`, `:282`) with no guard; zero species abundances or `numdens_init == 0` will produce NaNs.","Add explicit runtime guards for zero/non-finite/invalid inputs before the division or square-root path, and choose a deterministic fallback (early return, clamp, or hard abort) consistent with surrounding code."
141,problems,Low,"QuokkaSimulation<TheProblem>::refineGrid(...): geometrical tagger unconditionally uses z-coordinate geometry (`prob_lo[2]`, `dx[2]`) (`src/problems/TallBoxSf/testTallBoxSf.cpp:145`) without a 3D guard",src/problems/TallBoxSf/testTallBoxSf.cpp,QuokkaSimulation<TheProblem>::refineGrid(...),portability,audit/src-audit-log.md:1871,audit/issues/problems/141-quokkasimulation-theproblem-refinegrid-testtallboxsf-cpp.md,"geometrical tagger unconditionally uses z-coordinate geometry (`prob_lo[2]`, `dx[2]`) (`src/problems/TallBoxSf/testTallBoxSf.cpp:145`) without a 3D guard.","Make dimensional assumptions explicit: either add `static_assert(AMREX_SPACEDIM == 3)` for intentionally 3D code, or rewrite loops/indexing to use `AMREX_SPACEDIM` with dimension-guarded branches."
142,problems,Low,QuokkaSimulation<TheProblem>::setInitialConditionsOnGrid(...): IC fill unconditionally uses z-dimension geometry (`src/problems/TallBoxSf/testTallBoxSf.cpp:255`) without compile-time dimension guards,src/problems/TallBoxSf/testTallBoxSf.cpp,QuokkaSimulation<TheProblem>::setInitialConditionsOnGrid(...),portability,audit/src-audit-log.md:1874,audit/issues/problems/142-quokkasimulation-theproblem-setinitialconditionsongrid-testtallboxsf.md,IC fill unconditionally uses z-dimension geometry (`src/problems/TallBoxSf/testTallBoxSf.cpp:255`) without compile-time dimension guards.,"Make dimensional assumptions explicit: either add `static_assert(AMREX_SPACEDIM == 3)` for intentionally 3D code, or rewrite loops/indexing to use `AMREX_SPACEDIM` with dimension-guarded branches."
143,problems,Low,"QuokkaSimulation<TheProblem>::addStrangSplitSources(...): source-term kernel unconditionally writes/uses z-components (`posvec[2]`, `GradPhi[2]`) (`src/problems/TallBoxSf/testTallBoxSf.cpp:405`, `:422`) without a dimension guard",src/problems/TallBoxSf/testTallBoxSf.cpp,QuokkaSimulation<TheProblem>::addStrangSplitSources(...),portability,audit/src-audit-log.md:1876,audit/issues/problems/143-quokkasimulation-theproblem-addstrangsplitsources-testtallboxsf-cpp.md,"source-term kernel unconditionally writes/uses z-components (`posvec[2]`, `GradPhi[2]`) (`src/problems/TallBoxSf/testTallBoxSf.cpp:405`, `:422`) without a dimension guard.","Apply a targeted fix at the cited location, then add a regression/unit test that exercises the failing code path and confirms the corrected behavior."
144,problems,Low,"AMRSimulation<TheProblem>::setCustomBoundaryConditions(...): diode BC helper unconditionally calls `setDiodeBCLo<2>` / `setDiodeBCHi<2>` (`src/problems/TallBoxSf/testTallBoxSf.cpp:455-456`), so the specialization is not dimension-safe outside 3D",src/problems/TallBoxSf/testTallBoxSf.cpp,AMRSimulation<TheProblem>::setCustomBoundaryConditions(...),portability,audit/src-audit-log.md:1877,audit/issues/problems/144-amrsimulation-theproblem-setcustomboundaryconditions-testtallboxsf-c.md,"diode BC helper unconditionally calls `setDiodeBCLo<2>` / `setDiodeBCHi<2>` (`src/problems/TallBoxSf/testTallBoxSf.cpp:455-456`), so the specialization is not dimension-safe outside 3D.",Add compile-time dimension guards or refactor the implementation so indexing and stencil accesses are valid for the supported `AMREX_SPACEDIM` values.
145,problems,High,QuokkaSimulation<DiskGalaxy>::setInitialConditionsOnGrid(...): host `PinnedVector` pointers are extracted via `dataPtr()` (`src/problems/DiskGalaxy/testDiskGalaxy.cpp:205-209`) and captured into an `AMREX_GPU_DEVICE` kernel (`:248`) where they are dereferenced by interpolation lambdas (`:272-325`),src/problems/DiskGalaxy/testDiskGalaxy.cpp,QuokkaSimulation<DiskGalaxy>::setInitialConditionsOnGrid(...),GPU portability/safety,audit/src-audit-log.md:1886,audit/issues/problems/145-quokkasimulation-diskgalaxy-setinitialconditionsongrid-testdiskgalax.md,host `PinnedVector` pointers are extracted via `dataPtr()` (`src/problems/DiskGalaxy/testDiskGalaxy.cpp:205-209`) and captured into an `AMREX_GPU_DEVICE` kernel (`:248`) where they are dereferenced by interpolation lambdas (`:272-325`). This relies on host-pinned memory being device-accessible and violates the repo’s GPU-lambda safety guidance.,"Apply a targeted fix at the cited location, then add a regression/unit test that exercises the failing code path and confirms the corrected behavior."
146,core,High,"NSCBC::detail::transverse_xdir_dQ_data(...): in the `AMREX_SPACEDIM == 3` z-derivative branch, the computed derivative is assigned to `dQ_dy_data` instead of `dQ_dz_data` (`src/hydro/NSCBC_outflow.hpp:132-137`, assignment at `:136`)",src/hydro/NSCBC_outflow.hpp,NSCBC::detail::transverse_xdir_dQ_data(...),correctness,audit/src-audit-log.md:1950,audit/issues/core/146-nscbc-detail-transverse-xdir-dq-data-nscbc-outflow-hpp.md,"in the `AMREX_SPACEDIM == 3` z-derivative branch, the computed derivative is assigned to `dQ_dy_data` instead of `dQ_dz_data` (`src/hydro/NSCBC_outflow.hpp:132-137`, assignment at `:136`). This drops the z-transverse contribution and corrupts 3D x-boundary NSCBC transverse terms.","Apply a targeted fix at the cited location, then add a regression/unit test that exercises the failing code path and confirms the corrected behavior."
147,core,High,"NSCBC::setOutflowBoundaryLowOrder<...>(...): in the `DIR == FluxDir::X3` reflecting fallback branch, `Q_im3` is assigned three times and `Q_im4`/`Q_im5` are never populated (`src/hydro/NSCBC_outflow.hpp:427-432`; repeated assignments at `:430-432`)",src/hydro/NSCBC_outflow.hpp,NSCBC::setOutflowBoundaryLowOrder<...>(...),correctness,audit/src-audit-log.md:1956,audit/issues/core/147-nscbc-setoutflowboundaryloworder-nscbc-outflow-hpp.md,"in the `DIR == FluxDir::X3` reflecting fallback branch, `Q_im3` is assigned three times and `Q_im4`/`Q_im5` are never populated (`src/hydro/NSCBC_outflow.hpp:427-432`; repeated assignments at `:430-432`). This corrupts reflected ghost-state construction for z-boundaries in low-order mode.","Apply a targeted fix at the cited location, then add a regression/unit test that exercises the failing code path and confirms the corrected behavior."
