# Reference solution for dust damping test (supersonic correction enabled)
# dt = 0.00001, enable_supersonic_correction = true
# Columns: time, v_gas, v_dust1, v_dust2, E_gas
# Total points: 5001
0.000000000000000e+00 1.000000000000000e+00 2.000000000000000e+00 1.000000000000000e+01 3.000000000000000e+00
1.000000000000000e-05 1.053716720496374e+00 1.999119745910429e+00 9.947163533593198e+00 3.528728938732355e+00
2.000000000000000e-05 1.106604703302987e+00 1.998235412276384e+00 9.895159884420631e+00 4.046433049438662e+00
3.000000000000000e-05 1.158673993554579e+00 1.997356332572318e+00 9.843969673873104e+00 4.553414370299953e+00
4.000000000000000e-05 1.209935525402299e+00 1.996490405647397e+00 9.793574068950305e+00 5.049966508071033e+00
5.000000000000000e-05 1.260400826184117e+00 1.995644400928329e+00 9.743954772887555e+00 5.536374404482620e+00
6.000000000000000e-05 1.310081811681552e+00 1.994824174656804e+00 9.695094013661643e+00 6.012914289233481e+00
7.000000000000001e-05 1.358990639790677e+00 1.994034829016543e+00 9.646974531192782e+00 6.479853747593381e+00
8.000000000000001e-05 1.407139603334254e+00 1.993280832892619e+00 9.599579563773128e+00 6.937451860006114e+00
9.000000000000001e-05 1.454541050049138e+00 1.992566115873327e+00 9.552892834077534e+00 7.385959387251789e+00
1.000000000000000e-04 1.501207322000471e+00 1.991894142998918e+00 9.506898535000611e+00 7.825618984144924e+00
1.100000000000000e-04 1.547150709225391e+00 1.991267975284103e+00 9.461581315490506e+00 8.256665430484450e+00
1.200000000000000e-04 1.592383414014405e+00 1.990690319486036e+00 9.416926266499559e+00 8.679325871607633e+00
1.300000000000000e-04 1.636917523283659e+00 1.990163569579429e+00 9.372918907136912e+00 9.093820063277132e+00
1.400000000000000e-04 1.680764987191852e+00 1.989689841724989e+00 9.329545171083158e+00 9.500360617227660e+00
1.500000000000000e-04 1.723937602637206e+00 1.989271004053760e+00 9.286791393309034e+00 9.899153244796096e+00
1.600000000000000e-04 1.766447000608641e+00 1.988908702264543e+00 9.244644297126817e+00 1.029039699682850e+01
1.700000000000000e-04 1.808304636608357e+00 1.988604381798381e+00 9.203090981593261e+00 1.067428449860453e+01
1.800000000000000e-04 1.849521783540489e+00 1.988359307184031e+00 9.162118909275479e+00 1.105100217891567e+01
1.900000000000000e-04 1.890109526592208e+00 1.988174579022196e+00 9.121715894385595e+00 1.142073049272156e+01
2.000000000000000e-04 1.930078759732809e+00 1.988051148981359e+00 9.081870091285833e+00 1.178364413702088e+01
2.100000000000000e-04 1.969440183531901e+00 1.987989833105622e+00 9.042569983362478e+00 1.213991225973030e+01
2.200000000000000e-04 2.008204304056215e+00 1.987991323679025e+00 9.003804372264760e+00 1.248969866148146e+01
2.300000000000000e-04 2.046381432649999e+00 1.988056199847097e+00 8.965562367502903e+00 1.283316199033263e+01
2.400000000000000e-04 2.083981686439859e+00 1.988184937161900e+00 8.927833376398240e+00 1.317045592945607e+01
2.500000000000000e-04 2.121014989433382e+00 1.988377916189305e+00 8.890607094377312e+00 1.350172937790924e+01
2.600000000000000e-04 2.157491074103673e+00 1.988635430295151e+00 8.853873495601174e+00 1.382712662463293e+01
2.700000000000001e-04 2.193419483370403e+00 1.988957692708949e+00 8.817622823920646e+00 1.414678751584380e+01
2.800000000000001e-04 2.228809572902913e+00 1.989344842949165e+00 8.781845584147918e+00 1.446084761600664e+01
2.900000000000001e-04 2.263670513683159e+00 1.989796952682026e+00 8.746532533634811e+00 1.476943836258257e+01
3.000000000000001e-04 2.298011294776391e+00 1.990314031075775e+00 8.711674674147831e+00 1.507268721475709e+01
3.100000000000002e-04 2.331840726265747e+00 1.990896029703979e+00 8.677263244030271e+00 1.537071779635509e+01
3.200000000000002e-04 2.365167442313910e+00 1.991542847044448e+00 8.643289710641637e+00 1.566365003315125e+01
3.300000000000002e-04 2.397999904320719e+00 1.992254332614440e+00 8.609745763064836e+00 1.595160028478304e+01
3.400000000000002e-04 2.430346404150483e+00 1.993030290777797e+00 8.576623305071717e+00 1.623468147147144e+01
3.500000000000003e-04 2.462215067406842e+00 1.993870484255376e+00 8.543914448337778e+00 1.651300319575009e+01
3.600000000000003e-04 2.493613856736420e+00 1.994774637366484e+00 8.511611505897093e+00 1.678667185939981e+01
3.700000000000003e-04 2.524550575145454e+00 1.995742439025859e+00 8.479706985828683e+00 1.705579077577967e+01
3.800000000000003e-04 2.555032869316060e+00 1.996773545518035e+00 8.448193585165901e+00 1.732046027774053e+01
3.900000000000004e-04 2.585068232910878e+00 1.997867583068530e+00 8.417064184020589e+00 1.758077782130087e+01
4.000000000000004e-04 2.614664009856656e+00 1.999024150229284e+00 8.386311839914057e+00 1.783683808525869e+01
4.100000000000004e-04 2.643827397598866e+00 2.000242820093932e+00 8.355929782307198e+00 1.808873306690712e+01
4.200000000000005e-04 2.672565450320745e+00 2.001523142356951e+00 8.325911407322300e+00 1.833655217401498e+01
4.300000000000005e-04 2.700885082121299e+00 2.002864645229304e+00 8.296250272649393e+00 1.858038231322768e+01
4.400000000000005e-04 2.728793070147767e+00 2.004266837222014e+00 8.266940092630216e+00 1.882030797503759e+01
4.500000000000005e-04 2.756296057678875e+00 2.005729208807986e+00 8.237974733513136e+00 1.905641131546683e+01
4.600000000000006e-04 2.783400557155927e+00 2.007251233971452e+00 8.209348208872619e+00 1.928877223460000e+01
4.700000000000006e-04 2.810112953159398e+00 2.008832371653545e+00 8.181054675187054e+00 1.951746845209842e+01
4.800000000000006e-04 2.836439505329212e+00 2.010472067101770e+00 8.153088427569015e+00 1.974257557982187e+01
4.900000000000006e-04 2.862386351227365e+00 2.012169753130416e+00 8.125443895642215e+00 1.996416719167887e+01
5.000000000000007e-04 2.887959509141926e+00 2.013924851298391e+00 8.098115639559680e+00 2.018231489082084e+01
5.100000000000007e-04 2.913164880831791e+00 2.015736773010373e+00 8.071098346157834e+00 2.039708837429101e+01
5.200000000000007e-04 2.938008254211856e+00 2.017604920546694e+00 8.044386825241446e+00 2.060855549523381e+01
5.300000000000007e-04 2.962495305978531e+00 2.019528688026935e+00 8.017976005994530e+00 2.081678232276611e+01
5.400000000000008e-04 2.986631604175710e+00 2.021507462311776e+00 7.991860933512510e+00 2.102183319960718e+01
5.500000000000008e-04 3.010422610701504e+00 2.023540623847331e+00 7.966036765451160e+00 2.122377079755999e+01
5.600000000000008e-04 3.033873683756202e+00 2.025627547455821e+00 7.940498768787973e+00 2.142265617093241e+01
5.700000000000008e-04 3.056990080232044e+00 2.027767603076155e+00 7.915242316691796e+00 2.161854880798314e+01
5.800000000000009e-04 3.079776958045507e+00 2.029960156457730e+00 7.890262885496758e+00 2.181150668047324e+01
5.900000000000009e-04 3.102239378412892e+00 2.032204569810489e+00 7.865556051776615e+00 2.200158629140082e+01
6.000000000000009e-04 3.124382308070077e+00 2.034500202414063e+00 7.841117489515855e+00 2.218884272099286e+01
6.100000000000009e-04 3.146210621437370e+00 2.036846411188611e+00 7.816942967374014e+00 2.237332967102501e+01
6.200000000000010e-04 3.167729102730428e+00 2.039242551229789e+00 7.793028346039779e+00 2.255509950753717e+01
6.300000000000010e-04 3.188942448018274e+00 2.041687976310087e+00 7.769369575671633e+00 2.273420330200940e+01
6.400000000000010e-04 3.209855260569094e+00 2.044182040433316e+00 7.745962698997584e+00 2.291069082565398e+01
6.500000000000011e-04 3.230472066634859e+00 2.046724096031448e+00 7.722803837333686e+00 2.308461068239417e+01
6.600000000000011e-04 3.250797316485242e+00 2.049313494502434e+00 7.699889189012318e+00 2.325601033909073e+01
6.700000000000011e-04 3.270835373133914e+00 2.051949588739672e+00 7.677215038126407e+00 2.342493607181842e+01
6.800000000000011e-04 3.290590520982950e+00 2.054631732384120e+00 7.654777746632925e+00 2.359143304696680e+01
6.900000000000012e-04 3.310066967585970e+00 2.057359280163086e+00 7.632573752250938e+00 2.375554535438844e+01
7.000000000000012e-04 3.329268845366026e+00 2.060131588207352e+00 7.610599566426616e+00 2.391731603938864e+01
7.100000000000012e-04 3.348200213289290e+00 2.062948014347894e+00 7.588851772362811e+00 2.407678713360196e+01
7.200000000000012e-04 3.366865058495658e+00 2.065807918393407e+00 7.567327023110930e+00 2.423399968479909e+01
7.300000000000013e-04 3.385267297887349e+00 2.068710662389753e+00 7.546022039722892e+00 2.438899378566566e+01
7.400000000000013e-04 3.403410779676550e+00 2.071655610862379e+00 7.524933609461066e+00 2.454180860159284e+01
7.500000000000013e-04 3.421299284893167e+00 2.074642131042680e+00 7.504058584064148e+00 2.469248239751794e+01
7.600000000000013e-04 3.438936528853724e+00 2.077669593079246e+00 7.483393878067025e+00 2.484105256385145e+01
7.700000000000014e-04 3.456326162592407e+00 2.080737370234834e+00 7.462936467172753e+00 2.498755564152565e+01
7.800000000000014e-04 3.473471774255276e+00 2.083844839069894e+00 7.442683386674825e+00 2.513202734619816e+01
7.900000000000014e-04 3.490376890458603e+00 2.086991379613396e+00 7.422631729927996e+00 2.527450259164275e+01
8.000000000000014e-04 3.507044977612316e+00 2.090176375521685e+00 7.402778646865993e+00 2.541501551235796e+01
8.100000000000015e-04 3.523479443209474e+00 2.093399214226026e+00 7.383121342564495e+00 2.555359948542325e+01
8.200000000000015e-04 3.539683637082695e+00 2.096659287069470e+00 7.363657075847829e+00 2.569028715163077e+01
8.300000000000015e-04 3.555660852628452e+00 2.099955989433649e+00 7.344383157937894e+00 2.582511043591998e+01
8.400000000000016e-04 3.571414328000091e+00 2.103288720856038e+00 7.325296951143867e+00 2.595810056714107e+01
8.500000000000016e-04 3.586947247270439e+00 2.106656885138234e+00 7.306395867591322e+00 2.608928809717207e+01
8.600000000000016e-04 3.602262741564853e+00 2.110059890445729e+00 7.287677367989413e+00 2.621870291941354e+01
8.700000000000016e-04 3.617363890165494e+00 2.113497149399654e+00 7.269138960434846e+00 2.634637428668388e+01
8.800000000000017e-04 3.632253721587655e+00 2.116968079160936e+00 7.250778199251403e+00 2.647233082853712e+01
8.900000000000017e-04 3.646935214628889e+00 2.120472101507276e+00 7.232592683863828e+00 2.659660056802438e+01
9.000000000000017e-04 3.661411299391716e+00 2.124008642903355e+00 7.214580057704922e+00 2.671921093791915e+01
9.100000000000017e-04 3.675684858280619e+00 2.127577134564620e+00 7.196738007154754e+00 2.684018879642602e+01
9.200000000000018e-04 3.689758726974072e+00 2.131177012515013e+00 7.179064260510908e+00 2.695956044239128e+01
9.300000000000018e-04 3.703635695372268e+00 2.134807717638973e+00 7.161556586988753e+00 2.707735163003355e+01
9.400000000000018e-04 3.717318508521244e+00 2.138468695728016e+00 7.144212795750734e+00 2.719358758321140e+01
9.500000000000018e-04 3.730809867514052e+00 2.142159397522197e+00 7.127030734963745e+00 2.730829300924474e+01
9.600000000000019e-04 3.744112430369614e+00 2.145879278746724e+00 7.110008290883655e+00 2.742149211230557e+01
9.700000000000019e-04 3.757228812889899e+00 2.149627800143997e+00 7.093143386966098e+00 2.753320860639360e+01
9.800000000000019e-04 3.770161589495997e+00 2.153404427501320e+00 7.076433983002678e+00 2.764346572791129e+01
9.900000000000019e-04 3.782913294043712e+00 2.157208631674512e+00 7.059878074281771e+00 2.775228624785225e+01
1.000000000000002e-03 3.795486420619221e+00 2.161039888607658e+00 7.043473690773117e+00 2.785969248361678e+01
1.010000000000002e-03 3.807883424315358e+00 2.164897679349205e+00 7.027218896335431e+00 2.796570631046735e+01
1.020000000000002e-03 3.820106721989077e+00 2.168781490064594e+00 7.011111787946323e+00 2.807034917263667e+01
1.030000000000002e-03 3.832158693000590e+00 2.172690812045637e+00 6.995150494953768e+00 2.817364209410028e+01
1.040000000000002e-03 3.844041679934718e+00 2.176625141716800e+00 6.979333178348477e+00 2.827560568902524e+01
1.050000000000002e-03 3.855757989304924e+00 2.180583980638583e+00 6.963658030056487e+00 2.837626017190611e+01
1.060000000000002e-03 3.867309892240529e+00 2.184566835508142e+00 6.948123272251324e+00 2.847562536739876e+01
1.070000000000002e-03 3.878699625157551e+00 2.188573218157316e+00 6.932727156685128e+00 2.857372071986255e+01
1.080000000000002e-03 3.889929390413646e+00 2.192602645548202e+00 6.917467964038147e+00 2.867056530262049e+01
1.090000000000002e-03 3.901001356947573e+00 2.196654639766420e+00 6.902344003286004e+00 2.876617782694721e+01
1.100000000000002e-03 3.911917660903605e+00 2.200728728012193e+00 6.887353611084198e+00 2.886057665079366e+01
1.110000000000002e-03 3.922680406241323e+00 2.204824442589377e+00 6.872495151169296e+00 2.895377978725749e+01
1.120000000000002e-03 3.933291665331161e+00 2.208941320892545e+00 6.857767013776290e+00 2.904580491280767e+01
1.130000000000002e-03 3.943753479536119e+00 2.213078905392249e+00 6.843167615071629e+00 2.913666937527137e+01
1.140000000000002e-03 3.954067859780013e+00 2.217236743618568e+00 6.828695396601415e+00 2.922639020159119e+01
1.150000000000002e-03 3.964236787102623e+00 2.221414388143031e+00 6.814348824754343e+00 2.931498410536013e+01
1.160000000000002e-03 3.974262213202099e+00 2.225611396559025e+00 6.800126390238872e+00 2.940246749414173e+01
1.170000000000002e-03 3.984146060964983e+00 2.229827331460774e+00 6.786026607574240e+00 2.948885647658250e+01
1.180000000000002e-03 3.993890224984154e+00 2.234061760420969e+00 6.772048014594874e+00 2.957416686932321e+01
1.190000000000002e-03 4.003496572065056e+00 2.238314255967151e+00 6.758189171967790e+00 2.965841420371578e+01
1.200000000000002e-03 4.012966941720498e+00 2.242584395556900e+00 6.744448662722599e+00 2.974161373235204e+01
1.210000000000003e-03 4.022303146654347e+00 2.246871761551930e+00 6.730825091793719e+00 2.982378043541032e+01
1.220000000000003e-03 4.031506973234410e+00 2.251175941191142e+00 6.717317085574444e+00 2.990492902682593e+01
1.230000000000003e-03 4.040580181954785e+00 2.255496526562710e+00 6.703923291482500e+00 2.998507396029101e+01
1.240000000000003e-03 4.049524507887980e+00 2.259833114575270e+00 6.690642377536746e+00 3.006422943508925e+01
1.250000000000003e-03 4.058341661127047e+00 2.264185306928258e+00 6.677473031944690e+00 3.014240940177080e+01
1.260000000000003e-03 4.067033327218026e+00 2.268552710081477e+00 6.664413962700492e+00 3.021962756767237e+01
1.270000000000003e-03 4.075601167582925e+00 2.272934935223921e+00 6.651463897193149e+00 3.029589740228739e+01
1.280000000000003e-03 4.084046819933506e+00 2.277331598241938e+00 6.638621581824552e+00 3.037123214249107e+01
1.290000000000003e-03 4.092371898676113e+00 2.281742319686752e+00 6.625885781637129e+00 3.044564479762474e+01
1.300000000000003e-03 4.100577995307774e+00 2.286166724741424e+00 6.613255279950796e+00 3.051914815444401e+01
1.310000000000003e-03 4.108666678803806e+00 2.290604443187263e+00 6.600728878008923e+00 3.059175478193493e+01
1.320000000000003e-03 4.116639495997151e+00 2.295055109369762e+00 6.588305394633081e+00 3.066347703600222e+01
1.330000000000003e-03 4.124497971949641e+00 2.299518362164072e+00 6.575983665886281e+00 3.073432706403356e+01
1.340000000000003e-03 4.132243610315424e+00 2.303993844940079e+00 6.563762544744490e+00 3.080431680934380e+01
1.350000000000003e-03 4.139877893696738e+00 2.308481205527096e+00 6.551640900776159e+00 3.087345801550258e+01
1.360000000000003e-03 4.147402283992227e+00 2.312980096178225e+00 6.539617619829541e+00 3.094176223054921e+01
1.370000000000003e-03 4.154818222738001e+00 2.317490173534416e+00 6.527691603727577e+00 3.100924081109798e+01
1.380000000000003e-03 4.162127131441622e+00 2.322011098588243e+00 6.515861769970129e+00 3.107590492633741e+01
1.390000000000003e-03 4.169330411909193e+00 2.326542536647453e+00 6.504127051443347e+00 3.114176556192648e+01
1.400000000000003e-03 4.176429446565723e+00 2.331084157298292e+00 6.492486396135977e+00 3.120683352379112e+01
1.410000000000003e-03 4.183425598768949e+00 2.335635634368645e+00 6.480938766862399e+00 3.127111944182376e+01
1.420000000000003e-03 4.190320213116766e+00 2.340196645891020e+00 6.469483140992207e+00 3.133463377348904e+01
1.430000000000003e-03 4.197114615748434e+00 2.344766874065398e+00 6.458118510186161e+00 3.139738680733826e+01
1.440000000000003e-03 4.203810114639716e+00 2.349346005221967e+00 6.446843880138309e+00 3.145938866643543e+01
1.450000000000003e-03 4.210407999892103e+00 2.353933729783768e+00 6.435658270324121e+00 3.152064931169753e+01
1.460000000000003e-03 4.216909544016255e+00 2.358529742229278e+00 6.424560713754460e+00 3.158117854515137e+01
1.470000000000003e-03 4.223316002209823e+00 2.363133741054938e+00 6.413550256735231e+00 3.164098601310959e+01
1.480000000000003e-03 4.229628612629784e+00 2.367745428737658e+00 6.402625958632551e+00 3.170008120926829e+01
1.490000000000003e-03 4.235848596659411e+00 2.372364511697306e+00 6.391786891643275e+00 3.175847347772823e+01
1.500000000000003e-03 4.241977159170030e+00 2.376990700259213e+00 6.381032140570749e+00 3.181617201594218e+01
1.510000000000003e-03 4.248015488777670e+00 2.381623708616688e+00 6.370360802605635e+00 3.187318587759031e+01
1.520000000000003e-03 4.253964758094746e+00 2.386263254793585e+00 6.359771987111663e+00 3.192952397538587e+01
1.530000000000003e-03 4.259826123976890e+00 2.390909060606915e+00 6.349264815416189e+00 3.198519508381291e+01
1.540000000000003e-03 4.265600727765045e+00 2.395560851629527e+00 6.338838420605423e+00 3.204020784179831e+01
1.550000000000003e-03 4.271289695522931e+00 2.400218357152871e+00 6.328491947324191e+00 3.209457075531965e+01
1.560000000000003e-03 4.276894138270012e+00 2.404881310149856e+00 6.318224551580125e+00 3.214829219995105e+01
1.570000000000003e-03 4.282415152210043e+00 2.409549447237804e+00 6.308035400552146e+00 3.220138042334850e+01
1.580000000000003e-03 4.287853818955329e+00 2.414222508641532e+00 6.297923672403132e+00 3.225384354767646e+01
1.590000000000004e-03 4.293211205746777e+00 2.418900238156553e+00 6.287888556096663e+00 3.230568957197745e+01
1.600000000000004e-03 4.298488365669857e+00 2.423582383112414e+00 6.277929251217722e+00 3.235692637448607e+01
1.610000000000004e-03 4.303686337866544e+00 2.428268694336188e+00 6.268044967797260e+00 3.240756171488918e+01
1.620000000000004e-03 4.308806147743370e+00 2.432958926116105e+00 6.258234926140516e+00 3.245760323653354e+01
1.630000000000004e-03 4.313848807175635e+00 2.437652836165367e+00 6.248498356658990e+00 3.250705846858247e+01
1.640000000000004e-03 4.318815314707897e+00 2.442350185586116e+00 6.238834499705979e+00 3.255593482812301e+01
1.650000000000004e-03 4.323706655750819e+00 2.447050738833593e+00 6.229242605415579e+00 3.260423962222470e+01
1.660000000000004e-03 4.328523802774446e+00 2.451754263680478e+00 6.219721933545069e+00 3.265198004995155e+01
1.670000000000004e-03 4.333267715497999e+00 2.456460531181421e+00 6.210271753320574e+00 3.269916320432831e+01
1.680000000000004e-03 4.337939341076277e+00 2.461169315637777e+00 6.200891343285940e+00 3.274579607426234e+01
1.690000000000004e-03 4.342539614282727e+00 2.465880394562541e+00 6.191579991154724e+00 3.279188554642232e+01
1.700000000000004e-03 4.347069457689264e+00 2.470593548645494e+00 6.182336993665235e+00 3.283743840707483e+01
1.710000000000004e-03 4.351529781842910e+00 2.475308561718565e+00 6.173161656438518e+00 3.288246134388006e+01
1.720000000000004e-03 4.355921485439333e+00 2.480025220721410e+00 6.164053293839249e+00 3.292696094764766e+01
1.730000000000004e-03 4.360245455493346e+00 2.484743315667221e+00 6.155011228839426e+00 3.297094371405388e+01
1.740000000000004e-03 4.364502567506431e+00 2.489462639608756e+00 6.146034792884805e+00 3.301441604532087e+01
1.750000000000004e-03 4.368693685631362e+00 2.494182988604606e+00 6.137123325764024e+00 3.305738425185931e+01
1.760000000000004e-03 4.372819662833984e+00 2.498904161685698e+00 6.128276175480308e+00 3.309985455387522e+01
1.770000000000004e-03 4.376881341052217e+00 2.503625960822032e+00 6.119492698125741e+00 3.314183308294189e+01
1.780000000000004e-03 4.380879551352331e+00 2.508348190889665e+00 6.110772257757994e+00 3.318332588353795e+01
1.790000000000004e-03 4.384815114082570e+00 2.513070659637938e+00 6.102114226279483e+00 3.322433891455228e+01
1.800000000000004e-03 4.388688839024166e+00 2.517793177656948e+00 6.093517983318876e+00 3.326487805075683e+01
1.810000000000004e-03 4.392501525539811e+00 2.522515558345275e+00 6.084982916114904e+00 3.330494908424793e+01
1.820000000000004e-03 4.396253962719628e+00 2.527237617877954e+00 6.076508419402408e+00 3.334455772585714e+01
1.830000000000004e-03 4.399946929524709e+00 2.531959175174704e+00 6.068093895300578e+00 3.338370960653229e+01
1.840000000000004e-03 4.403581194928255e+00 2.536680051868415e+00 6.059738753203321e+00 3.342241027868940e+01
1.850000000000004e-03 4.407157518054388e+00 2.541400072273884e+00 6.051442409671719e+00 3.346066521753646e+01
1.860000000000004e-03 4.410676648314666e+00 2.546119063356817e+00 6.043204288328508e+00 3.349847982236950e+01
1.870000000000004e-03 4.414139325542352e+00 2.550836854703086e+00 6.035023819754554e+00 3.353585941784185e+01
1.880000000000004e-03 4.417546280124492e+00 2.555553278488245e+00 6.026900441387253e+00 3.357280925520710e+01
1.890000000000004e-03 4.420898233131850e+00 2.560268169447312e+00 6.018833597420828e+00 3.360933451353662e+01
1.900000000000004e-03 4.424195896446716e+00 2.564981364844809e+00 6.010822738708466e+00 3.364544030091210e+01
1.910000000000004e-03 4.427439972888667e+00 2.569692704445062e+00 6.002867322666261e+00 3.368113165559375e+01
1.920000000000004e-03 4.430631156338304e+00 2.574402030482771e+00 5.994966813178915e+00 3.371641354716485e+01
1.930000000000004e-03 4.433770131859000e+00 2.579109187633836e+00 5.987120680507154e+00 3.375129087765318e+01
1.940000000000004e-03 4.436857575816714e+00 2.583814022986450e+00 5.979328401196826e+00 3.378576848262983e+01
1.950000000000004e-03 4.439894155997900e+00 2.588516386012454e+00 5.971589457989636e+00 3.381985113228607e+01
1.960000000000004e-03 4.442880531725553e+00 2.593216128538953e+00 5.963903339735485e+00 3.385354353248872e+01
1.970000000000004e-03 4.445817353973425e+00 2.597913104720200e+00 5.956269541306366e+00 3.388685032581459e+01
1.980000000000004e-03 4.448705265478451e+00 2.602607171009740e+00 5.948687563511799e+00 3.391977609256441e+01
1.990000000000004e-03 4.451544900851422e+00 2.607298186132814e+00 5.941156913015754e+00 3.395232535175688e+01
2.000000000000004e-03 4.454336886685927e+00 2.611986011059029e+00 5.933677102255035e+00 3.398450256210317e+01
2.010000000000004e-03 4.457081841665618e+00 2.616670508975285e+00 5.926247649359088e+00 3.401631212296250e+01
2.020000000000004e-03 4.459780376669808e+00 2.621351545258971e+00 5.918868078071213e+00 3.404775837527905e+01
2.030000000000004e-03 4.462433094877455e+00 2.626028987451407e+00 5.911537917671129e+00 3.407884560250076e+01
2.040000000000004e-03 4.465040591869546e+00 2.630702705231562e+00 5.904256702898882e+00 3.410957803148053e+01
2.050000000000005e-03 4.467603455729923e+00 2.635372570390018e+00 5.897023973880050e+00 3.413995983335997e+01
2.060000000000005e-03 4.470122267144569e+00 2.640038456803192e+00 5.889839276052230e+00 3.416999512443643e+01
2.070000000000005e-03 4.472597599499400e+00 2.644700240407827e+00 5.882702160092764e+00 3.419968796701340e+01
2.080000000000005e-03 4.475030018976577e+00 2.649357799175723e+00 5.875612181847692e+00 3.422904237023494e+01
2.090000000000005e-03 4.477420084649364e+00 2.654011013088728e+00 5.868568902261899e+00 3.425806229090420e+01
2.100000000000005e-03 4.479768348575576e+00 2.658659764113992e+00 5.861571887310423e+00 3.428675163428677e+01
2.110000000000005e-03 4.482075355889621e+00 2.663303936179454e+00 5.854620707930915e+00 3.431511425489880e+01
2.120000000000005e-03 4.484341644893182e+00 2.667943415149598e+00 5.847714939957211e+00 3.434315395728061e+01
2.130000000000005e-03 4.486567747144550e+00 2.672578088801446e+00 5.840854164053995e+00 3.437087449675580e+01
2.140000000000005e-03 4.488754187546635e+00 2.677207846800810e+00 5.834037965652545e+00 3.439827958017648e+01
2.150000000000005e-03 4.490901484433692e+00 2.681832580678779e+00 5.827265934887520e+00 3.442537286665468e+01
2.160000000000005e-03 4.493010149656761e+00 2.686452183808459e+00 5.820537666534772e+00 3.445215796828040e+01
2.170000000000005e-03 4.495080688667866e+00 2.691066551381958e+00 5.813852759950167e+00 3.447863845082657e+01
2.180000000000005e-03 4.497113600602992e+00 2.695675580387610e+00 5.807210819009390e+00 3.450481783444115e+01
2.190000000000005e-03 4.499109378363839e+00 2.700279169587441e+00 5.800611452048713e+00 3.453069959432678e+01
2.200000000000005e-03 4.501068508698411e+00 2.704877219494871e+00 5.794054271806710e+00 3.455628716140810e+01
2.210000000000005e-03 4.502991472280439e+00 2.709469632352665e+00 5.787538895366889e+00 3.458158392298711e+01
2.220000000000005e-03 4.504878743787645e+00 2.714056312111106e+00 5.781064944101240e+00 3.460659322338684e+01
2.230000000000005e-03 4.506730791978909e+00 2.718637164406414e+00 5.774632043614668e+00 3.463131836458351e+01
2.240000000000005e-03 4.508548079770316e+00 2.723212096539390e+00 5.768239823690285e+00 3.465576260682755e+01
2.250000000000005e-03 4.510331064310119e+00 2.727781017454300e+00 5.761887918235574e+00 3.467992916925351e+01
2.260000000000005e-03 4.512080197052646e+00 2.732343837717977e+00 5.755575965229370e+00 3.470382123047936e+01
2.270000000000005e-03 4.513795923831158e+00 2.736900469499163e+00 5.749303606669671e+00 3.472744192919524e+01
2.280000000000005e-03 4.515478684929670e+00 2.741450826548074e+00 5.743070488522249e+00 3.475079436474191e+01
2.290000000000005e-03 4.517128915153771e+00 2.745994824176181e+00 5.736876260670042e+00 3.477388159767913e+01
2.300000000000005e-03 4.518747043900442e+00 2.750532379236226e+00 5.730720576863326e+00 3.479670665034424e+01
2.310000000000005e-03 4.520333495226901e+00 2.755063410102454e+00 5.724603094670639e+00 3.481927250740105e+01
2.320000000000005e-03 4.521888687918488e+00 2.759587836651060e+00 5.718523475430446e+00 3.484158211637926e+01
2.330000000000005e-03 4.523413035555595e+00 2.764105580240862e+00 5.712481384203536e+00 3.486363838820475e+01
2.340000000000005e-03 4.524906946579683e+00 2.768616563694187e+00 5.706476489726123e+00 3.488544419772067e+01
2.350000000000005e-03 4.526370824358367e+00 2.773120711277964e+00 5.700508464363661e+00 3.490700238419979e+01
2.360000000000005e-03 4.527805067249620e+00 2.777617948685040e+00 5.694576984065333e+00 3.492831575184810e+01
2.370000000000005e-03 4.529210068665074e+00 2.782108203015699e+00 5.688681728319217e+00 3.494938707029998e+01
2.380000000000005e-03 4.530586217132472e+00 2.786591402759397e+00 5.682822380108123e+00 3.497021907510489e+01
2.390000000000005e-03 4.531933896357240e+00 2.791067477776689e+00 5.676998625866062e+00 3.499081446820611e+01
2.400000000000005e-03 4.533253485283245e+00 2.795536359281384e+00 5.671210155435364e+00 3.501117591841135e+01
2.410000000000005e-03 4.534545358152697e+00 2.799997979822880e+00 5.665456662024415e+00 3.503130606185554e+01
2.420000000000005e-03 4.535809884565262e+00 2.804452273268716e+00 5.659737842166013e+00 3.505120750245602e+01
2.430000000000006e-03 4.537047429536352e+00 2.808899174787319e+00 5.654053395676321e+00 3.507088281236014e+01
2.440000000000006e-03 4.538258353554636e+00 2.813338620830944e+00 5.648403025614412e+00 3.509033453238555e+01
2.450000000000006e-03 4.539443012638777e+00 2.817770549118820e+00 5.642786438242396e+00 3.510956517245320e+01
2.460000000000006e-03 4.540601758393396e+00 2.822194898620479e+00 5.637203342986117e+00 3.512857721201339e+01
2.470000000000006e-03 4.541734938064292e+00 2.826611609539290e+00 5.631653452396410e+00 3.514737310046470e+01
2.480000000000006e-03 4.542842894592917e+00 2.831020623296169e+00 5.626136482110907e+00 3.516595525756629e+01
2.490000000000006e-03 4.543925966670122e+00 2.835421882513490e+00 5.620652150816381e+00 3.518432607384347e+01
2.500000000000006e-03 4.544984488789187e+00 2.839815330999177e+00 5.615200180211628e+00 3.520248791098671e+01
2.510000000000006e-03 4.546018791298144e+00 2.844200913730986e+00 5.609780294970863e+00 3.522044310224427e+01
2.520000000000006e-03 4.547029200451404e+00 2.848578576840961e+00 5.604392222707626e+00 3.523819395280854e+01
2.530000000000006e-03 4.548016038460702e+00 2.852948267600084e+00 5.599035693939206e+00 3.525574274019624e+01
2.540000000000006e-03 4.548979623545359e+00 2.857309934403095e+00 5.593710442051538e+00 3.527309171462253e+01
2.550000000000006e-03 4.549920269981892e+00 2.861663526753496e+00 5.588416203264605e+00 3.529024309936923e+01
2.560000000000006e-03 4.550838288152958e+00 2.866008995248729e+00 5.583152716598306e+00 3.530719909114721e+01
2.570000000000006e-03 4.551733984595665e+00 2.870346291565527e+00 5.577919723838801e+00 3.532396186045310e+01
2.580000000000006e-03 4.552607662049238e+00 2.874675368445444e+00 5.572716969505312e+00 3.534053355192034e+01
2.590000000000006e-03 4.553459619502066e+00 2.878996179680548e+00 5.567544200817380e+00 3.535691628466483e+01
2.600000000000006e-03 4.554290152238137e+00 2.883308680099289e+00 5.562401167662568e+00 3.537311215262515e+01
2.610000000000006e-03 4.555099551882854e+00 2.887612825552536e+00 5.557287622564604e+00 3.538912322489742e+01
2.620000000000006e-03 4.555888106448268e+00 2.891908572899772e+00 5.552203320651954e+00 3.540495154606516e+01
2.630000000000006e-03 4.556656100377712e+00 2.896195879995463e+00 5.547148019626819e+00 3.542059913652383e+01
2.640000000000006e-03 4.557403814589859e+00 2.900474705675585e+00 5.542121479734551e+00 3.543606799280056e+01
2.650000000000006e-03 4.558131526522211e+00 2.904745009744307e+00 5.537123463733477e+00 3.545136008786891e+01
2.660000000000006e-03 4.558839510174020e+00 2.909006752960847e+00 5.532153736865127e+00 3.546647737145874e+01
2.670000000000006e-03 4.559528036148659e+00 2.913259897026470e+00 5.527212066824866e+00 3.548142177036150e+01
2.680000000000006e-03 4.560197371695440e+00 2.917504404571651e+00 5.522298223732904e+00 3.549619518873075e+01
2.690000000000006e-03 4.560847780750900e+00 2.921740239143393e+00 5.517411980105702e+00 3.551079950837823e+01
2.700000000000006e-03 4.561479523979554e+00 2.925967365192691e+00 5.512553110827750e+00 3.552523658906536e+01
2.710000000000006e-03 4.562092858814120e+00 2.930185748062156e+00 5.507721393123719e+00 3.553950826879041e+01
2.720000000000006e-03 4.562688039495235e+00 2.934395353973778e+00 5.502916606530984e+00 3.555361636407136e+01
2.730000000000006e-03 4.563265317110657e+00 2.938596150016846e+00 5.498138532872494e+00 3.556756267022448e+01
2.740000000000006e-03 4.563824939633970e+00 2.942788104136012e+00 5.493386956230015e+00 3.558134896163879e+01
2.750000000000006e-03 4.564367151962792e+00 2.946971185119496e+00 5.488661662917710e+00 3.559497699204644e+01
2.760000000000006e-03 4.564892195956495e+00 2.951145362587437e+00 5.483962441456065e+00 3.560844849478899e+01
2.770000000000006e-03 4.565400310473453e+00 2.955310606980386e+00 5.479289082546157e+00 3.562176518307989e+01
2.780000000000006e-03 4.565891731407802e+00 2.959466889547939e+00 5.474641379044256e+00 3.563492875026297e+01
2.790000000000006e-03 4.566366691725745e+00 2.963614182337507e+00 5.470019125936743e+00 3.564794087006715e+01
2.800000000000006e-03 4.566825421501397e+00 2.967752458183223e+00 5.465422120315375e+00 3.566080319685745e+01
2.810000000000007e-03 4.567268147952166e+00 2.971881690694990e+00 5.460850161352838e+00 3.567351736588232e+01
2.820000000000007e-03 4.567695095473698e+00 2.976001854247651e+00 5.456303050278645e+00 3.568608499351728e+01
2.830000000000007e-03 4.568106485674370e+00 2.980112923970308e+00 5.451780590355317e+00 3.569850767750512e+01
2.840000000000007e-03 4.568502537409360e+00 2.984214875735755e+00 5.447282586854881e+00 3.571078699719255e+01
2.850000000000007e-03 4.568883466814277e+00 2.988307686150054e+00 5.442808847035664e+00 3.572292451376344e+01
2.860000000000007e-03 4.569249487338373e+00 2.992391332542235e+00 5.438359180119389e+00 3.573492177046867e+01
2.870000000000007e-03 4.569600809777338e+00 2.996465792954114e+00 5.433933397268545e+00 3.574678029285274e+01
2.880000000000007e-03 4.569937642305680e+00 3.000531046130255e+00 5.429531311564062e+00 3.575850158897700e+01
2.890000000000007e-03 4.570260190508703e+00 3.004587071508037e+00 5.425152737983256e+00 3.577008714963981e+01
2.900000000000007e-03 4.570568657414080e+00 3.008633849207855e+00 5.420797493378061e+00 3.578153844859347e+01
2.910000000000007e-03 4.570863243523036e+00 3.012671360023438e+00 5.416465396453522e+00 3.579285694275810e+01
2.920000000000007e-03 4.571144146841135e+00 3.016699585412290e+00 5.412156267746570e+00 3.580404407243246e+01
2.930000000000007e-03 4.571411562908692e+00 3.020718507486241e+00 5.407869929605060e+00 3.581510126150177e+01
2.940000000000007e-03 4.571665684830795e+00 3.024728109002131e+00 5.403606206167068e+00 3.582602991764261e+01
2.950000000000007e-03 4.571906703306957e+00 3.028728373352589e+00 5.399364923340448e+00 3.583683143252492e+01
2.960000000000007e-03 4.572134806660404e+00 3.032719284556946e+00 5.395145908782643e+00 3.584750718201119e+01
2.970000000000007e-03 4.572350180866993e+00 3.036700827252247e+00 5.390948991880753e+00 3.585805852635274e+01
2.980000000000007e-03 4.572553009583768e+00 3.040672986684386e+00 5.386774003731840e+00 3.586848681038339e+01
2.990000000000007e-03 4.572743474177172e+00 3.044635748699340e+00 5.382620777123482e+00 3.587879336371034e+01
3.000000000000007e-03 4.572921753750901e+00 3.048589099734521e+00 5.378489146514572e+00 3.588897950090244e+01
3.010000000000007e-03 4.573088025173410e+00 3.052533026810236e+00 5.374378948016347e+00 3.589904652167576e+01
3.020000000000007e-03 4.573242463105092e+00 3.056467517521247e+00 5.370290019373654e+00 3.590899571107665e+01
3.030000000000007e-03 4.573385240025104e+00 3.060392560028442e+00 5.366222199946447e+00 3.591882833966228e+01
3.040000000000007e-03 4.573516526257875e+00 3.064308143050611e+00 5.362175330691508e+00 3.592854566367861e+01
3.050000000000007e-03 4.573636489999278e+00 3.068214255856319e+00 5.358149254144396e+00 3.593814892523599e+01
3.060000000000007e-03 4.573745297342485e+00 3.072110888255891e+00 5.354143814401618e+00 3.594763935248229e+01
3.070000000000007e-03 4.573843112303497e+00 3.075998030593486e+00 5.350158857103009e+00 3.595701815977365e+01
3.080000000000007e-03 4.573930096846371e+00 3.079875673739280e+00 5.346194229414342e+00 3.596628654784295e+01
3.090000000000007e-03 4.574006410908118e+00 3.083743809081744e+00 5.342249780010132e+00 3.597544570396591e+01
3.100000000000007e-03 4.574072212423314e+00 3.087602428520014e+00 5.338325359056665e+00 3.598449680212497e+01
3.110000000000007e-03 4.574127657348397e+00 3.091451524456371e+00 5.334420818195225e+00 3.599344100317094e+01
3.120000000000007e-03 4.574172899685668e+00 3.095291089788799e+00 5.330536010525526e+00 3.600227945498239e+01
3.130000000000007e-03 4.574208091507002e+00 3.099121117903650e+00 5.326670790589342e+00 3.601101329262303e+01
3.140000000000007e-03 4.574233382977256e+00 3.102941602668394e+00 5.322825014354344e+00 3.601964363849674e+01
3.150000000000007e-03 4.574248922377408e+00 3.106752538424465e+00 5.318998539198120e+00 3.602817160250075e+01
3.160000000000007e-03 4.574254856127397e+00 3.110553919980197e+00 5.315191223892400e+00 3.603659828217657e+01
3.170000000000007e-03 4.574251328808691e+00 3.114345742603846e+00 5.311402928587457e+00 3.604492476285899e+01
3.180000000000007e-03 4.574238483186578e+00 3.118128002016705e+00 5.307633514796710e+00 3.605315211782307e+01
3.190000000000007e-03 4.574216460232185e+00 3.121900694386304e+00 5.303882845381505e+00 3.606128140842910e+01
3.200000000000008e-03 4.574185399144223e+00 3.125663816319697e+00 5.300150784536074e+00 3.606931368426577e+01
3.210000000000008e-03 4.574145437370474e+00 3.129417364856833e+00 5.296437197772686e+00 3.607724998329122e+01
3.220000000000008e-03 4.574096710629012e+00 3.133161337464016e+00 5.292741951906965e+00 3.608509133197243e+01
3.230000000000008e-03 4.574039352929163e+00 3.136895732027440e+00 5.289064915043388e+00 3.609283874542261e+01
3.240000000000008e-03 4.573973496592216e+00 3.140620546846816e+00 5.285405956560960e+00 3.610049322753682e+01
3.250000000000008e-03 4.573899272271873e+00 3.144335780629070e+00 5.281764947099049e+00 3.610805577112584e+01
3.260000000000008e-03 4.573816808974457e+00 3.148041432482133e+00 5.278141758543402e+00 3.611552735804816e+01
3.270000000000008e-03 4.573726234078872e+00 3.151737501908801e+00 5.274536264012319e+00 3.612290895934039e+01
3.280000000000008e-03 4.573627673356321e+00 3.155423988800676e+00 5.270948337842995e+00 3.613020153534576e+01
3.290000000000008e-03 4.573521250989779e+00 3.159100893432189e+00 5.267377855578025e+00 3.613740603584116e+01
3.300000000000008e-03 4.573407089593237e+00 3.162768216454691e+00 5.263824693952064e+00 3.614452340016229e+01
3.310000000000008e-03 4.573285310230712e+00 3.166425958890628e+00 5.260288730878652e+00 3.615155455732737e+01
3.320000000000008e-03 4.573156032435014e+00 3.170074122127788e+00 5.256769845437189e+00 3.615850042615907e+01
3.330000000000008e-03 4.573019374226305e+00 3.173712707913618e+00 5.253267917860068e+00 3.616536191540494e+01
3.340000000000008e-03 4.572875452130412e+00 3.177341718349621e+00 5.249782829519958e+00 3.617213992385631e+01
3.350000000000008e-03 4.572724381196937e+00 3.180961155885815e+00 5.246314462917239e+00 3.617883534046555e+01
3.360000000000008e-03 4.572566275017135e+00 3.184571023315279e+00 5.242862701667577e+00 3.618544904446188e+01
3.370000000000008e-03 4.572401245741577e+00 3.188171323768751e+00 5.239427430489662e+00 3.619198190546562e+01
3.380000000000008e-03 4.572229404097609e+00 3.191762060709308e+00 5.236008535193073e+00 3.619843478360104e+01
3.390000000000008e-03 4.572050859406580e+00 3.195343237927113e+00 5.232605902666298e+00 3.620480852960770e+01
3.400000000000008e-03 4.571865719600885e+00 3.198914859534222e+00 5.229219420864883e+00 3.621110398495039e+01
3.410000000000008e-03 4.571674091240786e+00 3.202476929959472e+00 5.225848978799733e+00 3.621732198192763e+01
3.420000000000008e-03 4.571476079531033e+00 3.206029453943417e+00 5.222494466525541e+00 3.622346334377875e+01
3.430000000000008e-03 4.571271788337286e+00 3.209572436533350e+00 5.219155775129355e+00 3.622952888478969e+01
3.440000000000008e-03 4.571061320202340e+00 3.213105883078370e+00 5.215832796719281e+00 3.623551941039740e+01
3.450000000000008e-03 4.570844776362147e+00 3.216629799224527e+00 5.212525424413315e+00 3.624143571729284e+01
3.460000000000008e-03 4.570622256761656e+00 3.220144190910024e+00 5.209233552328309e+00 3.624727859352277e+01
3.470000000000008e-03 4.570393860070450e+00 3.223649064360480e+00 5.205957075569058e+00 3.625304881859019e+01
3.480000000000008e-03 4.570159683698201e+00 3.227144426084258e+00 5.202695890217528e+00 3.625874716355354e+01
3.490000000000008e-03 4.569919823809938e+00 3.230630282867853e+00 5.199449893322195e+00 3.626437439112456e+01
3.500000000000008e-03 4.569674375341131e+00 3.234106641771338e+00 5.196218982887518e+00 3.626993125576503e+01
3.510000000000008e-03 4.569423432012587e+00 3.237573510123869e+00 5.193003057863530e+00 3.627541850378218e+01
3.520000000000008e-03 4.569167086345179e+00 3.241030895519255e+00 5.189802018135552e+00 3.628083687342297e+01
3.530000000000008e-03 4.568905429674385e+00 3.244478805811576e+00 5.186615764514025e+00 3.628618709496710e+01
3.540000000000008e-03 4.568638552164658e+00 3.247917249110865e+00 5.183444198724463e+00 3.629146989081897e+01
3.550000000000008e-03 4.568366542823625e+00 3.251346233778844e+00 5.180287223397517e+00 3.629668597559835e+01
3.560000000000008e-03 4.568089489516108e+00 3.254765768424716e+00 5.177144742059162e+00 3.630183605622999e+01
3.570000000000008e-03 4.567807478977983e+00 3.258175861901013e+00 5.174016659120989e+00 3.630692083203210e+01
3.580000000000009e-03 4.567520596829868e+00 3.261576523299498e+00 5.170902879870619e+00 3.631194099480371e+01
3.590000000000009e-03 4.567228927590650e+00 3.264967761947116e+00 5.167803310462219e+00 3.631689722891095e+01
3.600000000000009e-03 4.566932554690844e+00 3.268349587402008e+00 5.164717857907133e+00 3.632179021137220e+01
3.610000000000009e-03 4.566631560485798e+00 3.271722009449566e+00 5.161646430064621e+00 3.632662061194228e+01
3.620000000000009e-03 4.566326026268735e+00 3.275085038098552e+00 5.158588935632698e+00 3.633138909319552e+01
3.630000000000009e-03 4.566016032283636e+00 3.278438683577252e+00 5.155545284139097e+00 3.633609631060774e+01
3.640000000000009e-03 4.565701657737976e+00 3.281782956329699e+00 5.152515385932309e+00 3.634074291263742e+01
3.650000000000009e-03 4.565382980815298e+00 3.285117867011933e+00 5.149499152172754e+00 3.634532954080559e+01
3.660000000000009e-03 4.565060078687643e+00 3.288443426488310e+00 5.146496494824031e+00 3.634985682977495e+01
3.670000000000009e-03 4.564733027527827e+00 3.291759645827870e+00 5.143507326644288e+00 3.635432540742791e+01
3.680000000000009e-03 4.564401902521570e+00 3.295066536300743e+00 5.140531561177673e+00 3.635873589494368e+01
3.690000000000009e-03 4.564066777879482e+00 3.298364109374607e+00 5.137569112745897e+00 3.636308890687445e+01
3.700000000000009e-03 4.563727726848906e+00 3.301652376711188e+00 5.134619896439892e+00 3.636738505122053e+01
3.710000000000009e-03 4.563384821725612e+00 3.304931350162816e+00 5.131683828111558e+00 3.637162492950470e+01
3.720000000000009e-03 4.563038133865361e+00 3.308201041769016e+00 5.128760824365609e+00 3.637580913684555e+01
3.730000000000009e-03 4.562687733695319e+00 3.311461463753151e+00 5.125850802551517e+00 3.637993826202996e+01
3.740000000000009e-03 4.562333690725344e+00 3.314712628519105e+00 5.122953680755537e+00 3.638401288758469e+01
3.750000000000009e-03 4.561976073559133e+00 3.317954548648014e+00 5.120069377792840e+00 3.638803358984706e+01
3.760000000000009e-03 4.561614949905231e+00 3.321187236895040e+00 5.117197813199716e+00 3.639200093903483e+01
3.770000000000009e-03 4.561250386587919e+00 3.324410706186181e+00 5.114338907225886e+00 3.639591549931518e+01
3.780000000000009e-03 4.560882449557963e+00 3.327624969615135e+00 5.111492580826889e+00 3.639977782887284e+01
3.790000000000009e-03 4.560511203903231e+00 3.330830040440197e+00 5.108658755656559e+00 3.640358847997744e+01
3.800000000000009e-03 4.560136713859197e+00 3.334025932081200e+00 5.105837354059590e+00 3.640734799905000e+01
3.810000000000009e-03 4.559759042819302e+00 3.337212658116496e+00 5.103028299064190e+00 3.641105692672861e+01
3.820000000000009e-03 4.559378253345203e+00 3.340390232279981e+00 5.100231514374803e+00 3.641471579793337e+01
3.830000000000009e-03 4.558994407176895e+00 3.343558668458154e+00 5.097446924364938e+00 3.641832514193046e+01
3.840000000000009e-03 4.558607565242709e+00 3.346717980687219e+00 5.094674454070059e+00 3.642188548239547e+01
3.850000000000009e-03 4.558217787669194e+00 3.349868183150227e+00 5.091914029180566e+00 3.642539733747603e+01
3.860000000000009e-03 4.557825133790883e+00 3.353009290174251e+00 5.089165576034854e+00 3.642886121985357e+01
3.870000000000009e-03 4.557429662159931e+00 3.356141316227604e+00 5.086429021612453e+00 3.643227763680438e+01
3.880000000000009e-03 4.557031430555654e+00 3.359264275917093e+00 5.083704293527243e+00 3.643564709026001e+01
3.890000000000009e-03 4.556630495993935e+00 3.362378183985308e+00 5.080991320020746e+00 3.643897007686682e+01
3.900000000000009e-03 4.556226914736538e+00 3.365483055307948e+00 5.078290029955502e+00 3.644224708804488e+01
3.910000000000009e-03 4.555820742300289e+00 3.368578904891190e+00 5.075600352808508e+00 3.644547861004618e+01
3.920000000000009e-03 4.555412033466167e+00 3.371665747869077e+00 5.072922218664743e+00 3.644866512401209e+01
3.930000000000008e-03 4.555000842288266e+00 3.374743599500962e+00 5.070255558210760e+00 3.645180710603016e+01
3.940000000000008e-03 4.554587222102673e+00 3.377812475168968e+00 5.067600302728348e+00 3.645490502719029e+01
3.950000000000007e-03 4.554171225536214e+00 3.380872390375493e+00 5.064956384088281e+00 3.645795935364010e+01
3.960000000000007e-03 4.553752904515120e+00 3.383923360740750e+00 5.062323734744118e+00 3.646097054663976e+01
3.970000000000007e-03 4.553332310273571e+00 3.386965402000330e+00 5.059702287726088e+00 3.646393906261613e+01
3.980000000000006e-03 4.552909493362144e+00 3.389998530002808e+00 5.057091976635037e+00 3.646686535321624e+01
3.990000000000006e-03 4.552484503656165e+00 3.393022760707377e+00 5.054492735636447e+00 3.646974986536010e+01
4.000000000000005e-03 4.552057390363951e+00 3.396038110181517e+00 5.051904499454521e+00 3.647259304129302e+01
4.010000000000005e-03 4.551628202034961e+00 3.399044594598688e+00 5.049327203366339e+00 3.647539531863712e+01
4.020000000000004e-03 4.551196986567848e+00 3.402042230236068e+00 5.046760783196071e+00 3.647815713044236e+01
4.030000000000004e-03 4.550763791218411e+00 3.405031033472307e+00 5.044205175309269e+00 3.648087890523692e+01
4.040000000000004e-03 4.550328662607455e+00 3.408011020785322e+00 5.041660316607210e+00 3.648356106707701e+01
4.050000000000003e-03 4.549891646728558e+00 3.410982208750117e+00 5.039126144521311e+00 3.648620403559605e+01
4.060000000000003e-03 4.549452788955742e+00 3.413944614036638e+00 5.036602597007605e+00 3.648880822605332e+01
4.070000000000002e-03 4.549012134051053e+00 3.416898253407648e+00 5.034089612541284e+00 3.649137404938193e+01
4.080000000000002e-03 4.548569726172052e+00 3.419843143716641e+00 5.031587130111292e+00 3.649390191223642e+01
4.090000000000002e-03 4.548125608879213e+00 3.422779301905779e+00 5.029095089214993e+00 3.649639221703960e+01
4.100000000000001e-03 4.547679825143240e+00 3.425706745003858e+00 5.026613429852889e+00 3.649884536202892e+01
4.110000000000001e-03 4.547232417352280e+00 3.428625490124304e+00 5.024142092523401e+00 3.650126174130232e+01
4.120000000000000e-03 4.546783427319074e+00 3.431535554463196e+00 5.021681018217715e+00 3.650364174486352e+01
4.130000000000000e-03 4.546332896288000e+00 3.434436955297312e+00 5.019230148414672e+00 3.650598575866677e+01
4.140000000000000e-03 4.545880864942045e+00 3.437329709982210e+00 5.016789425075730e+00 3.650829416466106e+01
4.149999999999999e-03 4.545427373409683e+00 3.440213835950325e+00 5.014358790639976e+00 3.651056734083386e+01
4.159999999999999e-03 4.544972461271687e+00 3.443089350709105e+00 5.011938188019192e+00 3.651280566125431e+01
4.169999999999998e-03 4.544516167567840e+00 3.445956271839161e+00 5.009527560592982e+00 3.651500949611592e+01
4.179999999999998e-03 4.544058530803582e+00 3.448814616992451e+00 5.007126852203951e+00 3.651717921177877e+01
4.189999999999998e-03 4.543599588956564e+00 3.451664403890480e+00 5.004736007152940e+00 3.651931517081120e+01
4.199999999999997e-03 4.543139379483137e+00 3.454505650322539e+00 5.002354970194308e+00 3.652141773203107e+01
4.209999999999997e-03 4.542677939324749e+00 3.457338374143954e+00 4.999983686531282e+00 3.652348725054645e+01
4.219999999999996e-03 4.542215304914279e+00 3.460162593274366e+00 4.997622101811339e+00 3.652552407779591e+01
4.229999999999996e-03 4.541751512182287e+00 3.462978325696040e+00 4.995270162121657e+00 3.652752856158836e+01
4.239999999999996e-03 4.541286596563189e+00 3.465785589452186e+00 4.992927813984611e+00 3.652950104614231e+01
4.249999999999995e-03 4.540820593001360e+00 3.468584402645311e+00 4.990595004353314e+00 3.653144187212481e+01
4.259999999999995e-03 4.540353535957170e+00 3.471374783435597e+00 4.988271680607219e+00 3.653335137668985e+01
4.269999999999994e-03 4.539885459412934e+00 3.474156750039291e+00 4.985957790547761e+00 3.653522989351637e+01
4.279999999999994e-03 4.539416396878805e+00 3.476930320727130e+00 4.983653282394052e+00 3.653707775284578e+01
4.289999999999993e-03 4.538946381398584e+00 3.479695513822776e+00 4.981358104778626e+00 3.653889528151908e+01
4.299999999999993e-03 4.538475445555473e+00 3.482452347701287e+00 4.979072206743227e+00 3.654068280301357e+01
4.309999999999993e-03 4.538003621477745e+00 3.485200840787595e+00 4.976795537734649e+00 3.654244063747908e+01
4.319999999999992e-03 4.537530940844360e+00 3.487941011555013e+00 4.974528047600615e+00 3.654416910177382e+01
4.329999999999992e-03 4.537057434890506e+00 3.490672878523766e+00 4.972269686585716e+00 3.654586850949980e+01
4.339999999999991e-03 4.536583134413072e+00 3.493396460259537e+00 4.970020405327379e+00 3.654753917103792e+01
4.349999999999991e-03 4.536108069776061e+00 3.496111775372035e+00 4.967780154851892e+00 3.654918139358247e+01
4.359999999999991e-03 4.535632270915935e+00 3.498818842513585e+00 4.965548886570468e+00 3.655079548117546e+01
4.369999999999990e-03 4.535155767346897e+00 3.501517680377735e+00 4.963326552275356e+00 3.655238173474039e+01
4.379999999999990e-03 4.534678588166106e+00 3.504208307697888e+00 4.961113104135992e+00 3.655394045211574e+01
4.389999999999989e-03 4.534200762058840e+00 3.506890743245949e+00 4.958908494695198e+00 3.655547192808796e+01
4.399999999999989e-03 4.533722317303582e+00 3.509565005830991e+00 4.956712676865414e+00 3.655697645442423e+01
4.409999999999989e-03 4.533243281777056e+00 3.512231114297944e+00 4.954525603924987e+00 3.655845431990470e+01
4.419999999999988e-03 4.532763682959201e+00 3.514889087526301e+00 4.952347229514484e+00 3.655990581035449e+01
4.429999999999988e-03 4.532283547938084e+00 3.517538944428838e+00 4.950177507633065e+00 3.656133120867520e+01
4.439999999999987e-03 4.531802903414751e+00 3.520180703950362e+00 4.948016392634874e+00 3.656273079487617e+01
4.449999999999987e-03 4.531321775708024e+00 3.522814385066467e+00 4.945863839225495e+00 3.656410484610534e+01
4.459999999999987e-03 4.530840190759244e+00 3.525440006782315e+00 4.943719802458427e+00 3.656545363667969e+01
4.469999999999986e-03 4.530358174136945e+00 3.528057588131430e+00 4.941584237731610e+00 3.656677743811549e+01
4.479999999999986e-03 4.529875751041486e+00 3.530667148174515e+00 4.939457100783986e+00 3.656807651915808e+01
4.489999999999985e-03 4.529392946309615e+00 3.533268705998277e+00 4.937338347692093e+00 3.656935114581131e+01
4.499999999999985e-03 4.528909784418992e+00 3.535862280714281e+00 4.935227934866713e+00 3.657060158136674e+01
4.509999999999985e-03 4.528426289492641e+00 3.538447891457808e+00 4.933125819049536e+00 3.657182808643245e+01
4.519999999999984e-03 4.527942485303366e+00 3.541025557386741e+00 4.931031957309877e+00 3.657303091896145e+01
4.529999999999984e-03 4.527458395278100e+00 3.543595297680461e+00 4.928946307041423e+00 3.657421033427995e+01
4.539999999999983e-03 4.526974042502210e+00 3.546157131538756e+00 4.926868825959018e+00 3.657536658511514e+01
4.549999999999983e-03 4.526489449723745e+00 3.548711078180759e+00 4.924799472095481e+00 3.657649992162274e+01
4.559999999999982e-03 4.526004639357641e+00 3.551257156843882e+00 4.922738203798462e+00 3.657761059141422e+01
4.569999999999982e-03 4.525519633489864e+00 3.553795386782787e+00 4.920684979727334e+00 3.657869883958372e+01
4.579999999999982e-03 4.525034453881516e+00 3.556325787268354e+00 4.918639758850116e+00 3.657976490873462e+01
4.589999999999981e-03 4.524549121972880e+00 3.558848377586675e+00 4.916602500440431e+00 3.658080903900592e+01
4.599999999999981e-03 4.524063658887425e+00 3.561363177038062e+00 4.914573164074499e+00 3.658183146809819e+01
4.609999999999980e-03 4.523578085435760e+00 3.563870204936062e+00 4.912551709628165e+00 3.658283243129932e+01
4.619999999999980e-03 4.523092422119538e+00 3.566369480606496e+00 4.910538097273953e+00 3.658381216150995e+01
4.629999999999980e-03 4.522606689135315e+00 3.568861023386508e+00 4.908532287478164e+00 3.658477088926862e+01
4.639999999999979e-03 4.522120906378366e+00 3.571344852623629e+00 4.906534240997991e+00 3.658570884277662e+01
4.649999999999979e-03 4.521635093446453e+00 3.573820987674853e+00 4.904543918878681e+00 3.658662624792257e+01
4.659999999999978e-03 4.521149269643540e+00 3.576289447905727e+00 4.902561282450719e+00 3.658752332830679e+01
4.669999999999978e-03 4.520663453983478e+00 3.578750252689461e+00 4.900586293327047e+00 3.658840030526523e+01
4.679999999999978e-03 4.520177665193637e+00 3.581203421406041e+00 4.898618913400308e+00 3.658925739789336e+01
4.689999999999977e-03 4.519691921718488e+00 3.583648973441365e+00 4.896659104840133e+00 3.659009482306957e+01
4.699999999999977e-03 4.519206241723159e+00 3.586086928186386e+00 4.894706830090441e+00 3.659091279547849e+01
4.709999999999976e-03 4.518720643096934e+00 3.588517305036267e+00 4.892762051866785e+00 3.659171152763392e+01
4.719999999999976e-03 4.518235143456714e+00 3.590940123389557e+00 4.890824733153715e+00 3.659249122990158e+01
4.729999999999976e-03 4.517749760150439e+00 3.593355402647370e+00 4.888894837202177e+00 3.659325211052156e+01
4.739999999999975e-03 4.517264510260465e+00 3.595763162212583e+00 4.886972327526937e+00 3.659399437563059e+01
4.749999999999975e-03 4.516779410606903e+00 3.598163421489042e+00 4.885057167904040e+00 3.659471822928394e+01
4.759999999999974e-03 4.516294477750917e+00 3.600556199880783e+00 4.883149322368284e+00 3.659542387347724e+01
4.769999999999974e-03 4.515809727997985e+00 3.602941516791264e+00 4.881248755210737e+00 3.659611150816788e+01
4.779999999999974e-03 4.515325177401111e+00 3.605319391622607e+00 4.879355430976267e+00 3.659678133129633e+01
4.789999999999973e-03 4.514840841764014e+00 3.607689843774859e+00 4.877469314461113e+00 3.659743353880712e+01
4.799999999999973e-03 4.514356736644264e+00 3.610052892645249e+00 4.875590370710472e+00 3.659806832466963e+01
4.809999999999972e-03 4.513872877356389e+00 3.612408557627478e+00 4.873718565016118e+00 3.659868588089864e+01
4.819999999999972e-03 4.513389278974944e+00 3.614756858110999e+00 4.871853862914042e+00 3.659928639757465e+01
4.829999999999971e-03 4.512905956337534e+00 3.617097813480322e+00 4.869996230182127e+00 3.659987006286401e+01
4.839999999999971e-03 4.512422924047818e+00 3.619431443114328e+00 4.868145632837838e+00 3.660043706303874e+01
4.849999999999971e-03 4.511940196478456e+00 3.621757766385584e+00 4.866302037135944e+00 3.660098758249626e+01
4.859999999999970e-03 4.511457787774038e+00 3.624076802659683e+00 4.864465409566264e+00 3.660152180377877e+01
4.869999999999970e-03 4.510975711853968e+00 3.626388571294583e+00 4.862635716851434e+00 3.660203990759252e+01
4.879999999999969e-03 4.510493982415317e+00 3.628693091639963e+00 4.860812925944705e+00 3.660254207282677e+01
4.889999999999969e-03 4.510012612935640e+00 3.630990383036587e+00 4.858997004027757e+00 3.660302847657268e+01
4.899999999999969e-03 4.509531616675758e+00 3.633280464815678e+00 4.857187918508547e+00 3.660349929414183e+01
4.909999999999968e-03 4.509051006682514e+00 3.635563356298300e+00 4.855385637019169e+00 3.660395469908463e+01
4.919999999999968e-03 4.508570795791480e+00 3.637839076794757e+00 4.853590127413746e+00 3.660439486320858e+01
4.929999999999967e-03 4.508090996629653e+00 3.640107645603991e+00 4.851801357766339e+00 3.660481995659617e+01
4.939999999999967e-03 4.507611621618095e+00 3.642369082012999e+00 4.850019296368888e+00 3.660523014762275e+01
4.949999999999967e-03 4.507132682974564e+00 3.644623405296253e+00 4.848243911729164e+00 3.660562560297406e+01
4.959999999999966e-03 4.506654192716093e+00 3.646870634715138e+00 4.846475172568751e+00 3.660600648766369e+01
4.969999999999966e-03 4.506176162661554e+00 3.649110789517383e+00 4.844713047821045e+00 3.660637296505031e+01
4.979999999999965e-03 4.505698604434176e+00 3.651343888936524e+00 4.842957506629282e+00 3.660672519685464e+01
4.989999999999965e-03 4.505221529464051e+00 3.653569952191352e+00 4.841208518344579e+00 3.660706334317633e+01
4.999999999999965e-03 4.504744948990592e+00 3.655788998485388e+00 4.839466052524001e+00 3.660738756251063e+01
5.009999999999964e-03 4.504268874064970e+00 3.658001047006359e+00 4.837730078928651e+00 3.660769801176483e+01
5.019999999999964e-03 4.503793315552525e+00 3.660206116925681e+00 4.836000567521773e+00 3.660799484627460e+01
5.029999999999963e-03 4.503318284135138e+00 3.662404227397957e+00 4.834277488466885e+00 3.660827821982009e+01
5.039999999999963e-03 4.502843790313579e+00 3.664595397560477e+00 4.832560812125925e+00 3.660854828464184e+01
5.049999999999963e-03 4.502369844409832e+00 3.666779646532728e+00 4.830850509057422e+00 3.660880519145663e+01
5.059999999999962e-03 4.501896456569384e+00 3.668956993415915e+00 4.829146550014682e+00 3.660904908947301e+01
5.069999999999962e-03 4.501423636763492e+00 3.671127457292491e+00 4.827448905944000e+00 3.660928012640677e+01
5.079999999999961e-03 4.500951394791416e+00 3.673291057225684e+00 4.825757547982883e+00 3.660949844849616e+01
5.089999999999961e-03 4.500479740282633e+00 3.675447812259048e+00 4.824072447458303e+00 3.660970420051706e+01
5.099999999999960e-03 4.500008682699018e+00 3.677597741416010e+00 4.822393575884956e+00 3.660989752579782e+01
5.109999999999960e-03 4.499538231337004e+00 3.679740863699428e+00 4.820720904963553e+00 3.661007856623412e+01
5.119999999999960e-03 4.499068395329708e+00 3.681877198091159e+00 4.819054406579118e+00 3.661024746230353e+01
5.129999999999959e-03 4.498599183649039e+00 3.684006763551630e+00 4.817394052799315e+00 3.661040435307995e+01
5.139999999999959e-03 4.498130605107779e+00 3.686129579019424e+00 4.815739815872782e+00 3.661054937624797e+01
5.149999999999958e-03 4.497662668361635e+00 3.688245663410861e+00 4.814091668227489e+00 3.661068266811697e+01
5.159999999999958e-03 4.497195381911270e+00 3.690355035619597e+00 4.812449582469117e+00 3.661080436363509e+01
5.169999999999958e-03 4.496728754104307e+00 3.692457714516228e+00 4.810813531379449e+00 3.661091459640313e+01
5.179999999999957e-03 4.496262793137309e+00 3.694553718947896e+00 4.809183487914779e+00 3.661101349868820e+01
5.189999999999957e-03 4.495797507057738e+00 3.696643067737907e+00 4.807559425204339e+00 3.661110120143725e+01
5.199999999999956e-03 4.495332903765886e+00 3.698725779685355e+00 4.805941316548742e+00 3.661117783429051e+01
5.209999999999956e-03 4.494868991016786e+00 3.700801873564749e+00 4.804329135418447e+00 3.661124352559469e+01
5.219999999999956e-03 4.494405776422099e+00 3.702871368125651e+00 4.802722855452231e+00 3.661129840241617e+01
5.229999999999955e-03 4.493943267451976e+00 3.704934282092321e+00 4.801122450455686e+00 3.661134259055389e+01
5.239999999999955e-03 4.493481471436896e+00 3.706990634163361e+00 4.799527894399724e+00 3.661137621455219e+01
5.249999999999954e-03 4.493020395569492e+00 3.709040443011377e+00 4.797939161419111e+00 3.661139939771358e+01
5.259999999999954e-03 4.492560046906344e+00 3.711083727282638e+00 4.796356225811000e+00 3.661141226211119e+01
5.269999999999954e-03 4.492100432369750e+00 3.713120505596741e+00 4.794779062033490e+00 3.661141492860127e+01
5.279999999999953e-03 4.491641558749484e+00 3.715150796546293e+00 4.793207644704204e+00 3.661140751683546e+01
5.289999999999953e-03 4.491183432704529e+00 3.717174618696585e+00 4.791641948598866e+00 3.661139014527294e+01
5.299999999999952e-03 4.490726060764784e+00 3.719191990585281e+00 4.790081948649917e+00 3.661136293119242e+01
5.309999999999952e-03 4.490269449332754e+00 3.721202930722109e+00 4.788527619945119e+00 3.661132599070412e+01
5.319999999999952e-03 4.489813604685224e+00 3.723207457588560e+00 4.786978937726198e+00 3.661127943876151e+01
5.329999999999951e-03 4.489358532974904e+00 3.725205589637592e+00 4.785435877387484e+00 3.661122338917291e+01
5.339999999999951e-03 4.488904240232063e+00 3.727197345293340e+00 4.783898414474579e+00 3.661115795461310e+01
5.349999999999950e-03 4.488450732366132e+00 3.729182742950826e+00 4.782366524683024e+00 3.661108324663464e+01
5.359999999999950e-03 4.487998015167299e+00 3.731161800975688e+00 4.780840183856996e+00 3.661099937567919e+01
5.369999999999949e-03 4.487546094308077e+00 3.733134537703898e+00 4.779319367988007e+00 3.661090645108866e+01
5.379999999999949e-03 4.487094975344859e+00 3.735100971441497e+00 4.777804053213626e+00 3.661080458111626e+01
5.389999999999949e-03 4.486644663719447e+00 3.737061120464332e+00 4.776294215816203e+00 3.661069387293742e+01
5.399999999999948e-03 4.486195164760565e+00 3.739015003017796e+00 4.774789832221621e+00 3.661057443266058e+01
5.409999999999948e-03 4.485746483685360e+00 3.740962637316575e+00 4.773290878998046e+00 3.661044636533789e+01
5.419999999999947e-03 4.485298625600874e+00 3.742904041544401e+00 4.771797332854706e+00 3.661030977497581e+01
5.429999999999947e-03 4.484851595505507e+00 3.744839233853808e+00 4.770309170640666e+00 3.661016476454555e+01
5.439999999999947e-03 4.484405398290455e+00 3.746768232365894e+00 4.768826369343633e+00 3.661001143599345e+01
5.449999999999946e-03 4.483960038741136e+00 3.748691055170089e+00 4.767348906088756e+00 3.660984989025121e+01
5.459999999999946e-03 4.483515521538599e+00 3.750607720323924e+00 4.765876758137460e+00 3.660968022724604e+01
5.469999999999945e-03 4.483071851260906e+00 3.752518245852809e+00 4.764409902886268e+00 3.660950254591067e+01
5.479999999999945e-03 4.482629032384516e+00 3.754422649749814e+00 4.762948317865654e+00 3.660931694419332e+01
5.489999999999945e-03 4.482187069285628e+00 3.756320949975454e+00 4.761491980738901e+00 3.660912351906748e+01
5.499999999999944e-03 4.481745966241532e+00 3.758213164457478e+00 4.760040869300973e+00 3.660892236654163e+01
5.509999999999944e-03 4.481305727431923e+00 3.760099311090666e+00 4.758594961477394e+00 3.660871358166889e+01
5.519999999999943e-03 4.480866356940211e+00 3.761979407736628e+00 4.757154235323144e+00 3.660849725855649e+01
5.529999999999943e-03 4.480427858754815e+00 3.763853472223603e+00 4.755718669021565e+00 3.660827349037520e+01
5.539999999999943e-03 4.479990236770433e+00 3.765721522346272e+00 4.754288240883279e+00 3.660804236936870e+01
5.549999999999942e-03 4.479553494789301e+00 3.767583575865566e+00 4.752862929345114e+00 3.660780398686267e+01
5.559999999999942e-03 4.479117636522446e+00 3.769439650508487e+00 4.751442712969048e+00 3.660755843327406e+01
5.569999999999941e-03 4.478682665590902e+00 3.771289763967921e+00 4.750027570441158e+00 3.660730579811999e+01
5.579999999999941e-03 4.478248585526935e+00 3.773133933902469e+00 4.748617480570578e+00 3.660704617002677e+01
5.589999999999941e-03 4.477815399775234e+00 3.774972177936271e+00 4.747212422288478e+00 3.660677963673869e+01
5.599999999999940e-03 4.477383111694100e+00 3.776804513658840e+00 4.745812374647043e+00 3.660650628512677e+01
5.609999999999940e-03 4.476951724556613e+00 3.778630958624900e+00 4.744417316818470e+00 3.660622620119742e+01
5.619999999999939e-03 4.476521241551792e+00 3.780451530354222e+00 4.743027228093969e+00 3.660593947010100e+01
5.629999999999939e-03 4.476091665785729e+00 3.782266246331472e+00 4.741642087882783e+00 3.660564617614029e+01
5.639999999999938e-03 4.475663000282723e+00 3.784075124006054e+00 4.740261875711207e+00 3.660534640277889e+01
5.649999999999938e-03 4.475235247986392e+00 3.785878180791965e+00 4.738886571221625e+00 3.660504023264950e+01
5.659999999999938e-03 4.474808411760770e+00 3.787675434067652e+00 4.737516154171561e+00 3.660472774756213e+01
5.669999999999937e-03 4.474382494391396e+00 3.789466901175864e+00 4.736150604432724e+00 3.660440902851224e+01
5.679999999999937e-03 4.473957498586386e+00 3.791252599423518e+00 4.734789901990080e+00 3.660408415568877e+01
5.689999999999936e-03 4.473533426977493e+00 3.793032546081566e+00 4.733434026940924e+00 3.660375320848209e+01
5.699999999999936e-03 4.473110282121157e+00 3.794806758384860e+00 4.732082959493966e+00 3.660341626549189e+01
5.709999999999936e-03 4.472688066499534e+00 3.796575253532029e+00 4.730736679968420e+00 3.660307340453497e+01
5.719999999999935e-03 4.472266782521520e+00 3.798338048685351e+00 4.729395168793111e+00 3.660272470265295e+01
5.729999999999935e-03 4.471846432523759e+00 3.800095160970635e+00 4.728058406505587e+00 3.660237023611988e+01
5.739999999999934e-03 4.471427018771642e+00 3.801846607477102e+00 4.726726373751236e+00 3.660201008044984e+01
5.749999999999934e-03 4.471008543460288e+00 3.803592405257271e+00 4.725399051282422e+00 3.660164431040437e+01
5.759999999999934e-03 4.470591008715515e+00 3.805332571326847e+00 4.724076419957620e+00 3.660127299999988e+01
5.769999999999933e-03 4.470174416594806e+00 3.807067122664613e+00 4.722758460740564e+00 3.660089622251498e+01
5.779999999999933e-03 4.469758769088250e+00 3.808796076212328e+00 4.721445154699405e+00 3.660051405049773e+01
5.789999999999932e-03 4.469344068119485e+00 3.810519448874621e+00 4.720136483005876e+00 3.660012655577277e+01
5.799999999999932e-03 4.468930315546618e+00 3.812237257518894e+00 4.718832426934470e+00 3.659973380944847e+01
5.809999999999932e-03 4.468517513163142e+00 3.813949518975227e+00 4.717532967861613e+00 3.659933588192391e+01
5.819999999999931e-03 4.468105662698838e+00 3.815656250036282e+00 4.716238087264862e+00 3.659893284289586e+01
5.829999999999931e-03 4.467694765820664e+00 3.817357467457216e+00 4.714947766722101e+00 3.659852476136564e+01
5.839999999999930e-03 4.467284824133640e+00 3.819053187955592e+00 4.713661987910751e+00 3.659811170564593e+01
5.849999999999930e-03 4.466875839181709e+00 3.820743428211296e+00 4.712380732606978e+00 3.659769374336754e+01
5.859999999999930e-03 4.466467812448605e+00 3.822428204866450e+00 4.711103982684927e+00 3.659727094148602e+01
5.869999999999929e-03 4.466060745358698e+00 3.824107534525343e+00 4.709831720115941e+00 3.659684336628830e+01
5.879999999999929e-03 4.465654639277828e+00 3.825781433754345e+00 4.708563926967809e+00 3.659641108339920e+01
5.889999999999928e-03 4.465249495514137e+00 3.827449919081836e+00 4.707300585404009e+00 3.659597415778794e+01
5.899999999999928e-03 4.464845315318884e+00 3.829113006998139e+00 4.706041677682959e+00 3.659553265377450e+01
5.909999999999927e-03 4.464442099887251e+00 3.830770713955445e+00 4.704787186157287e+00 3.659508663503593e+01
5.919999999999927e-03 4.464039850359142e+00 3.832423056367753e+00 4.703537093273088e+00 3.659463616461269e+01
5.929999999999927e-03 4.463638567819969e+00 3.834070050610803e+00 4.702291381569211e+00 3.659418130491479e+01
5.939999999999926e-03 4.463238253301430e+00 3.835711713022014e+00 4.701050033676538e+00 3.659372211772796e+01
5.949999999999926e-03 4.462838907782277e+00 3.837348059900429e+00 4.699813032317277e+00 3.659325866421974e+01
5.959999999999925e-03 4.462440532189072e+00 3.838979107506656e+00 4.698580360304255e+00 3.659279100494546e+01
5.969999999999925e-03 4.462043127396939e+00 3.840604872062814e+00 4.697352000540230e+00 3.659231919985423e+01
5.979999999999925e-03 4.461646694230300e+00 3.842225369752484e+00 4.696127936017199e+00 3.659184330829481e+01
5.989999999999924e-03 4.461251233463610e+00 3.843840616720656e+00 4.694908149815715e+00 3.659136338902147e+01
5.999999999999924e-03 4.460856745822074e+00 3.845450629073687e+00 4.693692625104220e+00 3.659087950019972e+01
6.009999999999923e-03 4.460463231982362e+00 3.847055422879249e+00 4.692481345138370e+00 3.659039169941208e+01
6.019999999999923e-03 4.460070692573312e+00 3.848655014166294e+00 4.691274293260377e+00 3.658990004366370e+01
6.029999999999923e-03 4.459679128176621e+00 3.850249418925009e+00 4.690071452898352e+00 3.658940458938799e+01
6.039999999999922e-03 4.459288539327538e+00 3.851838653106779e+00 4.688872807565666e+00 3.658890539245212e+01
6.049999999999922e-03 4.458898926515537e+00 3.853422732624149e+00 4.687678340860296e+00 3.658840250816255e+01
6.059999999999921e-03 4.458510290184988e+00 3.855001673350795e+00 4.686488036464199e+00 3.658789599127045e+01
6.069999999999921e-03 4.458122630735815e+00 3.856575491121484e+00 4.685301878142684e+00 3.658738589597706e+01
6.079999999999921e-03 4.457735948524152e+00 3.858144201732050e+00 4.684119849743779e+00 3.658687227593903e+01
6.089999999999920e-03 4.457350243862988e+00 3.859707820939366e+00 4.682941935197628e+00 3.658635518427369e+01
6.099999999999920e-03 4.456965517022797e+00 3.861266364461312e+00 4.681768118515873e+00 3.658583467356423e+01
6.109999999999919e-03 4.456581768232177e+00 3.862819847976757e+00 4.680598383791048e+00 3.658531079586492e+01
6.119999999999919e-03 4.456198997678461e+00 3.864368287125534e+00 4.679432715195987e+00 3.658478360270618e+01
6.129999999999919e-03 4.455817205508334e+00 3.865911697508418e+00 4.678271096983231e+00 3.658425314509964e+01
6.139999999999918e-03 4.455436391828437e+00 3.867450094687111e+00 4.677113513484434e+00 3.658371947354317e+01
6.149999999999918e-03 4.455056556705969e+00 3.868983494184222e+00 4.675959949109791e+00 3.658318263802580e+01
6.159999999999917e-03 4.454677700169272e+00 3.870511911483254e+00 4.674810388347456e+00 3.658264268803268e+01
6.169999999999917e-03 4.454299822208415e+00 3.872035362028587e+00 4.673664815762980e+00 3.658209967254987e+01
6.179999999999916e-03 4.453922922775772e+00 3.873553861225471e+00 4.672523215998740e+00 3.658155364006922e+01
6.189999999999916e-03 4.453547001786586e+00 3.875067424440014e+00 4.671385573773382e+00 3.658100463859309e+01
6.199999999999916e-03 4.453172059119537e+00 3.876576066999174e+00 4.670251873881271e+00 3.658045271563905e+01
6.209999999999915e-03 4.452798094617289e+00 3.878079804190752e+00 4.669122101191943e+00 3.657989791824458e+01
6.219999999999915e-03 4.452425108087040e+00 3.879578651263385e+00 4.667996240649558e+00 3.657934029297169e+01
6.229999999999914e-03 4.452053099301065e+00 3.881072623426550e+00 4.666874277272369e+00 3.657877988591144e+01
6.239999999999914e-03 4.451682067997244e+00 3.882561735850552e+00 4.665756196152187e+00 3.657821674268852e+01
6.249999999999914e-03 4.451312013879598e+00 3.884046003666532e+00 4.664641982453854e+00 3.657765090846572e+01
6.259999999999913e-03 4.450942936618796e+00 3.885525441966465e+00 4.663531621414722e+00 3.657708242794835e+01
6.269999999999913e-03 4.450574835852683e+00 3.887000065803161e+00 4.662425098344139e+00 3.657651134538865e+01
6.279999999999912e-03 4.450207711186776e+00 3.888469890190273e+00 4.661322398622933e+00 3.657593770459012e+01
6.289999999999912e-03 4.449841562194772e+00 3.889934930102302e+00 4.660223507702908e+00 3.657536154891182e+01
6.299999999999912e-03 4.449476388419038e+00 3.891395200474602e+00 4.659128411106343e+00 3.657478292127269e+01
6.309999999999911e-03 4.449112189371102e+00 3.892850716203389e+00 4.658037094425491e+00 3.657420186415568e+01
6.319999999999911e-03 4.448748964532136e+00 3.894301492145754e+00 4.656949543322091e+00 3.657361841961199e+01
6.329999999999910e-03 4.448386713353428e+00 3.895747543119672e+00 4.655865743526880e+00 3.657303262926520e+01
6.339999999999910e-03 4.448025435256858e+00 3.897188883904015e+00 4.654785680839109e+00 3.657244453431532e+01
6.349999999999910e-03 4.447665129635356e+00 3.898625529238564e+00 4.653709341126063e+00 3.657185417554292e+01
6.359999999999909e-03 4.447305795853364e+00 3.900057493824028e+00 4.652636710322590e+00 3.657126159331305e+01
6.369999999999909e-03 4.446947433247288e+00 3.901484792322062e+00 4.651567774430633e+00 3.657066682757929e+01
6.379999999999908e-03 4.446590041125943e+00 3.902907439355277e+00 4.650502519518762e+00 3.657006991788767e+01
6.389999999999908e-03 4.446233618770999e+00 3.904325449507268e+00 4.649440931721714e+00 3.656947090338053e+01
6.399999999999907e-03 4.445878165437411e+00 3.905738837322630e+00 4.648382997239941e+00 3.656886982280038e+01
6.409999999999907e-03 4.445523680353850e+00 3.907147617306979e+00 4.647328702339153e+00 3.656826671449377e+01
6.419999999999907e-03 4.445170162723131e+00 3.908551803926978e+00 4.646278033349874e+00 3.656766161641503e+01
6.429999999999906e-03 4.444817611722628e+00 3.909951411610357e+00 4.645230976666998e+00 3.656705456613000e+01
6.439999999999906e-03 4.444466026504690e+00 3.911346454745943e+00 4.644187518749349e+00 3.656644560081979e+01
6.449999999999905e-03 4.444115406197052e+00 3.912736947683682e+00 4.643147646119250e+00 3.656583475728436e+01
6.459999999999905e-03 4.443765749903232e+00 3.914122904734667e+00 4.642111345362085e+00 3.656522207194627e+01
6.469999999999905e-03 4.443417056702934e+00 3.915504340171170e+00 4.641078603125879e+00 3.656460758085417e+01
6.479999999999904e-03 4.443069325652441e+00 3.916881268226668e+00 4.640049406120875e+00 3.656399131968642e+01
6.489999999999904e-03 4.442722555785003e+00 3.918253703095873e+00 4.639023741119108e+00 3.656337332375462e+01
6.499999999999903e-03 4.442376746111217e+00 3.919621658934767e+00 4.638001594953999e+00 3.656275362800706e+01
6.509999999999903e-03 4.442031895619411e+00 3.920985149860634e+00 4.636982954519938e+00 3.656213226703221e+01
6.519999999999903e-03 4.441688003276012e+00 3.922344189952091e+00 4.635967806771880e+00 3.656150927506215e+01
6.529999999999902e-03 4.441345068025917e+00 3.923698793249125e+00 4.634956138724940e+00 3.656088468597592e+01
6.539999999999902e-03 4.441003088792860e+00 3.925048973753130e+00 4.633947937453993e+00 3.656025853330294e+01
6.549999999999901e-03 4.440662064479766e+00 3.926394745426938e+00 4.632943190093279e+00 3.655963085022627e+01
6.559999999999901e-03 4.440321993969109e+00 3.927736122194863e+00 4.631941883836010e+00 3.655900166958594e+01
6.569999999999901e-03 4.439982876123261e+00 3.929073117942739e+00 4.630944005933983e+00 3.655837102388217e+01
6.579999999999900e-03 4.439644709784838e+00 3.930405746517954e+00 4.629949543697190e+00 3.655773894527866e+01
6.589999999999900e-03 4.439307493777044e+00 3.931734021729494e+00 4.628958484493444e+00 3.655710546560574e+01
6.599999999999899e-03 4.438971226904003e+00 3.933057957347988e+00 4.627970815747992e+00 3.655647061636352e+01
6.609999999999899e-03 4.438635907951093e+00 3.934377567105741e+00 4.626986524943148e+00 3.655583442872507e+01
6.619999999999899e-03 4.438301535685279e+00 3.935692864696786e+00 4.626005599617917e+00 3.655519693353949e+01
6.629999999999898e-03 4.437968108855432e+00 3.937003863776922e+00 4.625028027367629e+00 3.655455816133500e+01
6.639999999999898e-03 4.437635626192647e+00 3.938310577963760e+00 4.624053795843575e+00 3.655391814232194e+01
6.649999999999897e-03 4.437304086410567e+00 3.939613020836772e+00 4.623082892752644e+00 3.655327690639586e+01
6.659999999999897e-03 4.436973488205686e+00 3.940911205937331e+00 4.622115305856966e+00 3.655263448314042e+01
6.669999999999896e-03 4.436643830257663e+00 3.942205146768764e+00 4.621151022973557e+00 3.655199090183041e+01
6.679999999999896e-03 4.436315111229621e+00 3.943494856796394e+00 4.620190031973969e+00 3.655134619143463e+01
6.689999999999896e-03 4.435987329768450e+00 3.944780349447593e+00 4.619232320783941e+00 3.655070038061881e+01
6.699999999999895e-03 4.435660484505102e+00 3.946061638111832e+00 4.618277877383050e+00 3.655005349774849e+01
6.709999999999895e-03 4.435334574054883e+00 3.947338736140725e+00 4.617326689804376e+00 3.654940557089180e+01
6.719999999999894e-03 4.435009597017740e+00 3.948611656848087e+00 4.616378746134156e+00 3.654875662782236e+01
6.729999999999894e-03 4.434685551978548e+00 3.949880413509979e+00 4.615434034511456e+00 3.654810669602201e+01
6.739999999999894e-03 4.434362437507389e+00 3.951145019364767e+00 4.614492543127827e+00 3.654745580268357e+01
6.749999999999893e-03 4.434040252159829e+00 3.952405487613167e+00 4.613554260226987e+00 3.654680397471360e+01
6.759999999999893e-03 4.433718994477192e+00 3.953661831418304e+00 4.612619174104487e+00 3.654615123873509e+01
6.769999999999892e-03 4.433398662986832e+00 3.954914063905766e+00 4.611687273107384e+00 3.654549762109011e+01
6.779999999999892e-03 4.433079256202397e+00 3.956162198163657e+00 4.610758545633929e+00 3.654484314784253e+01
6.789999999999892e-03 4.432760772624092e+00 3.957406247242649e+00 4.609832980133241e+00 3.654418784478060e+01
6.799999999999891e-03 4.432443210738939e+00 3.958646224156047e+00 4.608910565104996e+00 3.654353173741954e+01
6.809999999999891e-03 4.432126569021036e+00 3.959882141879838e+00 4.607991289099108e+00 3.654287485100417e+01
6.819999999999890e-03 4.431810845931804e+00 3.961114013352751e+00 4.607075140715428e+00 3.654221721051142e+01
6.829999999999890e-03 4.431496039920243e+00 3.962341851476313e+00 4.606162108603427e+00 3.654155884065288e+01
6.839999999999890e-03 4.431182149423173e+00 3.963565669114911e+00 4.605252181461899e+00 3.654089976587727e+01
6.849999999999889e-03 4.430869172865481e+00 3.964785479095847e+00 4.604345348038656e+00 3.654024001037298e+01
6.859999999999889e-03 4.430557108660357e+00 3.966001294209399e+00 4.603441597130227e+00 3.653957959807046e+01
6.869999999999888e-03 4.430245955209533e+00 3.967213127208885e+00 4.602540917581566e+00 3.653891855264469e+01
6.879999999999888e-03 4.429935710903518e+00 3.968420990810715e+00 4.601643298285751e+00 3.653825689751758e+01
6.889999999999888e-03 4.429626374121825e+00 3.969624897694459e+00 4.600748728183699e+00 3.653759465586038e+01
6.899999999999887e-03 4.429317943233201e+00 3.970824860502908e+00 4.599857196263875e+00 3.653693185059598e+01
6.909999999999887e-03 4.429010416595851e+00 3.972020891842130e+00 4.598968691562002e+00 3.653626850440129e+01
6.919999999999886e-03 4.428703792557657e+00 3.973213004281544e+00 4.598083203160781e+00 3.653560463970958e+01
6.929999999999886e-03 4.428398069456401e+00 3.974401210353970e+00 4.597200720189611e+00 3.653494027871274e+01
6.939999999999885e-03 4.428093245619978e+00 3.975585522555702e+00 4.596321231824303e+00 3.653427544336355e+01
6.949999999999885e-03 4.427789319366608e+00 3.976765953346568e+00 4.595444727286806e+00 3.653361015537796e+01
6.959999999999885e-03 4.427486289005048e+00 3.977942515149995e+00 4.594571195844940e+00 3.653294443623730e+01
6.969999999999884e-03 4.427184152834797e+00 3.979115220353074e+00 4.593700626812112e+00 3.653227830719050e+01
6.979999999999884e-03 4.426882909146302e+00 3.980284081306627e+00 4.592833009547053e+00 3.653161178925625e+01
6.989999999999883e-03 4.426582556221161e+00 3.981449110325270e+00 4.591968333453551e+00 3.653094490322520e+01
6.999999999999883e-03 4.426283092332319e+00 3.982610319687479e+00 4.591106587980185e+00 3.653027766966211e+01
7.009999999999883e-03 4.425984515744267e+00 3.983767721635660e+00 4.590247762620058e+00 3.652961010890793e+01
7.019999999999882e-03 4.425686824713230e+00 3.984921328376212e+00 4.589391846910542e+00 3.652894224108195e+01
7.029999999999882e-03 4.425390017487369e+00 3.986071152079599e+00 4.588538830433015e+00 3.652827408608386e+01
7.039999999999881e-03 4.425094092306961e+00 3.987217204880411e+00 4.587688702812612e+00 3.652760566359584e+01
7.049999999999881e-03 4.424799047404584e+00 3.988359498877440e+00 4.586841453717960e+00 3.652693699308455e+01
7.059999999999881e-03 4.424504881005308e+00 3.989498046133741e+00 4.585997072860934e+00 3.652626809380325e+01
7.069999999999880e-03 4.424211591326869e+00 3.990632858676708e+00 4.585155549996406e+00 3.652559898479371e+01
7.079999999999880e-03 4.423919176579854e+00 3.991763948498135e+00 4.584316874921994e+00 3.652492968488826e+01
7.089999999999879e-03 4.423627634967869e+00 3.992891327554295e+00 4.583481037477819e+00 3.652426021271173e+01
7.099999999999879e-03 4.423336964687722e+00 3.994015007766000e+00 4.582648027546261e+00 3.652359058668342e+01
7.109999999999879e-03 4.423047163929588e+00 3.995135001018679e+00 4.581817835051716e+00 3.652292082501900e+01
7.119999999999878e-03 4.422758230877180e+00 3.996251319162446e+00 4.580990449960358e+00 3.652225094573247e+01
7.129999999999878e-03 4.422470163707919e+00 3.997363974012167e+00 4.580165862279898e+00 3.652158096663801e+01
7.139999999999877e-03 4.422182960593092e+00 3.998472977347537e+00 4.579344062059355e+00 3.652091090535188e+01
7.149999999999877e-03 4.421896619698020e+00 3.999578340913148e+00 4.578525039388815e+00 3.652024077929430e+01
7.159999999999877e-03 4.421611139182219e+00 4.000680076418562e+00 4.577708784399203e+00 3.651957060569123e+01
7.169999999999876e-03 4.421326517199552e+00 4.001778195538381e+00 4.576895287262051e+00 3.651890040157626e+01
7.179999999999876e-03 4.421042751898390e+00 4.002872709912322e+00 4.576084538189273e+00 3.651823018379238e+01
7.189999999999875e-03 4.420759841421763e+00 4.003963631145286e+00 4.575276527432934e+00 3.651755996899379e+01
7.199999999999875e-03 4.420477783907514e+00 4.005050970807435e+00 4.574471245285034e+00 3.651688977364766e+01
7.209999999999874e-03 4.420196577488448e+00 4.006134740434263e+00 4.573668682077273e+00 3.651621961403588e+01
7.219999999999874e-03 4.419916220292476e+00 4.007214951526666e+00 4.572868828180841e+00 3.651554950625681e+01
7.229999999999874e-03 4.419636710442767e+00 4.008291615551022e+00 4.572071674006195e+00 3.651487946622704e+01
7.239999999999873e-03 4.419358046057884e+00 4.009364743939257e+00 4.571277210002842e+00 3.651420950968301e+01
7.249999999999873e-03 4.419080225251930e+00 4.010434348088929e+00 4.570485426659124e+00 3.651353965218280e+01
7.259999999999872e-03 4.418803246134690e+00 4.011500439363291e+00 4.569696314502001e+00 3.651286990910773e+01
7.269999999999872e-03 4.418527106811762e+00 4.012563029091375e+00 4.568909864096845e+00 3.651220029566405e+01
7.279999999999872e-03 4.418251805384697e+00 4.013622128568058e+00 4.568126066047227e+00 3.651153082688460e+01
7.289999999999871e-03 4.417977339951134e+00 4.014677749054145e+00 4.567344910994705e+00 3.651086151763041e+01
7.299999999999871e-03 4.417703708604924e+00 4.015729901776437e+00 4.566566389618622e+00 3.651019238259233e+01
7.309999999999870e-03 4.417430909436273e+00 4.016778597927812e+00 4.565790492635898e+00 3.650952343629262e+01
7.319999999999870e-03 4.417158940531860e+00 4.017823848667295e+00 4.565017210800828e+00 3.650885469308653e+01
7.329999999999870e-03 4.416887799974968e+00 4.018865665120137e+00 4.564246534904879e+00 3.650818616716389e+01
7.339999999999869e-03 4.416617485845606e+00 4.019904058377890e+00 4.563478455776488e+00 3.650751787255065e+01
7.349999999999869e-03 4.416347996220634e+00 4.020939039498485e+00 4.562712964280866e+00 3.650684982311041e+01
7.359999999999868e-03 4.416079329173886e+00 4.021970619506301e+00 4.561950051319799e+00 3.650618203254594e+01
7.369999999999868e-03 4.415811482776286e+00 4.022998809392250e+00 4.561189707831451e+00 3.650551451440074e+01
7.379999999999868e-03 4.415544455095968e+00 4.024023620113846e+00 4.560431924790174e+00 3.650484728206047e+01
7.389999999999867e-03 4.415278244198389e+00 4.025045062595288e+00 4.559676693206311e+00 3.650418034875448e+01
7.399999999999867e-03 4.415012848146452e+00 4.026063147727529e+00 4.558924004126006e+00 3.650351372755726e+01
7.409999999999866e-03 4.414748265000608e+00 4.027077886368364e+00 4.558173848631015e+00 3.650284743138987e+01
7.419999999999866e-03 4.414484492818975e+00 4.028089289342494e+00 4.557426217838517e+00 3.650218147302145e+01
7.429999999999866e-03 4.414221529657447e+00 4.029097367441611e+00 4.556681102900930e+00 3.650151586507059e+01
7.439999999999865e-03 4.413959373569798e+00 4.030102131424472e+00 4.555938495005718e+00 3.650085062000674e+01
7.449999999999865e-03 4.413698022607791e+00 4.031103592016982e+00 4.555198385375215e+00 3.650018575015167e+01
7.459999999999864e-03 4.413437474821287e+00 4.032101759912261e+00 4.554460765266440e+00 3.649952126768081e+01
7.469999999999864e-03 4.413177728258342e+00 4.033096645770731e+00 4.553725625970915e+00 3.649885718462460e+01
7.479999999999863e-03 4.412918780965314e+00 4.034088260220187e+00 4.552992958814486e+00 3.649819351286995e+01
7.489999999999863e-03 4.412660630986963e+00 4.035076613855881e+00 4.552262755157143e+00 3.649753026416150e+01
7.499999999999863e-03 4.412403276366547e+00 4.036061717240594e+00 4.551535006392846e+00 3.649686745010296e+01
7.509999999999862e-03 4.412146715145924e+00 4.037043580904718e+00 4.550809703949345e+00 3.649620508215851e+01
7.519999999999862e-03 4.411890945365647e+00 4.038022215346330e+00 4.550086839288011e+00 3.649554317165405e+01
7.529999999999861e-03 4.411635965065058e+00 4.038997631031273e+00 4.549366403903658e+00 3.649488172977851e+01
7.539999999999861e-03 4.411381772282382e+00 4.039969838393232e+00 4.548648389324375e+00 3.649422076758514e+01
7.549999999999861e-03 4.411128365054819e+00 4.040938847833818e+00 4.547932787111352e+00 3.649356029599281e+01
7.559999999999860e-03 4.410875741418638e+00 4.041904669722636e+00 4.547219588858714e+00 3.649290032578724e+01
7.569999999999860e-03 4.410623899409264e+00 4.042867314397371e+00 4.546508786193352e+00 3.649224086762229e+01
7.579999999999859e-03 4.410372837061363e+00 4.043826792163867e+00 4.545800370774757e+00 3.649158193202116e+01
7.589999999999859e-03 4.410122552408936e+00 4.044783113296199e+00 4.545094334294852e+00 3.649092352937765e+01
7.599999999999859e-03 4.409873043485400e+00 4.045736288036757e+00 4.544390668477829e+00 3.649026566995737e+01
7.609999999999858e-03 4.409624308323675e+00 4.046686326596322e+00 4.543689365079991e+00 3.648960836389895e+01
7.619999999999858e-03 4.409376344956263e+00 4.047633239154146e+00 4.542990415889578e+00 3.648895162121524e+01
7.629999999999857e-03 4.409129151415335e+00 4.048577035858028e+00 4.542293812726624e+00 3.648829545179449e+01
7.639999999999857e-03 4.408882725732811e+00 4.049517726824399e+00 4.541599547442778e+00 3.648763986540152e+01
7.649999999999857e-03 4.408637065940434e+00 4.050455322138390e+00 4.540907611921163e+00 3.648698487167888e+01
7.659999999999856e-03 4.408392170069857e+00 4.051389831853922e+00 4.540217998076209e+00 3.648633048014802e+01
7.669999999999856e-03 4.408148036152713e+00 4.052321265993777e+00 4.539530697853497e+00 3.648567670021043e+01
7.679999999999855e-03 4.407904662220697e+00 4.053249634549680e+00 4.538845703229611e+00 3.648502354114876e+01
7.689999999999855e-03 4.407662046305633e+00 4.054174947482378e+00 4.538163006211977e+00 3.648437101212794e+01
7.699999999999855e-03 4.407420186439557e+00 4.055097214721716e+00 4.537482598838715e+00 3.648371912219630e+01
7.709999999999854e-03 4.407179080654783e+00 4.056016446166719e+00 4.536804473178487e+00 3.648306788028666e+01
7.719999999999854e-03 4.406938726983977e+00 4.056932651685670e+00 4.536128621330343e+00 3.648241729521745e+01
7.729999999999853e-03 4.406699123460228e+00 4.057845841116185e+00 4.535455035423577e+00 3.648176737569377e+01
7.739999999999853e-03 4.406460268117117e+00 4.058756024265300e+00 4.534783707617573e+00 3.648111813030845e+01
7.749999999999852e-03 4.406222158988783e+00 4.059663210909542e+00 4.534114630101666e+00 3.648046956754310e+01
7.759999999999852e-03 4.405984794109995e+00 4.060567410795012e+00 4.533447795094985e+00 3.647982169576922e+01
7.769999999999852e-03 4.405748171516213e+00 4.061468633637460e+00 4.532783194846318e+00 3.647917452324920e+01
7.779999999999851e-03 4.405512289243658e+00 4.062366889122371e+00 4.532120821633963e+00 3.647852805813733e+01
7.789999999999851e-03 4.405277145329373e+00 4.063262186905035e+00 4.531460667765583e+00 3.647788230848086e+01
7.799999999999850e-03 4.405042737811288e+00 4.064154536610632e+00 4.530802725578071e+00 3.647723728222104e+01
7.809999999999850e-03 4.404809064728282e+00 4.065043947834307e+00 4.530146987437402e+00 3.647659298719401e+01
7.819999999999850e-03 4.404576124120242e+00 4.065930430141253e+00 4.529493445738496e+00 3.647594943113194e+01
7.829999999999849e-03 4.404343914028127e+00 4.066813993066785e+00 4.528842092905079e+00 3.647530662166393e+01
7.839999999999849e-03 4.404112432494025e+00 4.067694646116421e+00 4.528192921389546e+00 3.647466456631697e+01
7.849999999999848e-03 4.403881677561213e+00 4.068572398765961e+00 4.527545923672818e+00 3.647402327251698e+01
7.859999999999848e-03 4.403651647274211e+00 4.069447260461565e+00 4.526901092264215e+00 3.647338274758972e+01
7.869999999999848e-03 4.403422339678845e+00 4.070319240619833e+00 4.526258419701312e+00 3.647274299876174e+01
7.879999999999847e-03 4.403193752822296e+00 4.071188348627880e+00 4.525617898549813e+00 3.647210403316134e+01
7.889999999999847e-03 4.402965884753161e+00 4.072054593843418e+00 4.524979521403410e+00 3.647146585781950e+01
7.899999999999846e-03 4.402738733521500e+00 4.072917985594833e+00 4.524343280883656e+00 3.647082847967078e+01
7.909999999999846e-03 4.402512297178895e+00 4.073778533181263e+00 4.523709169639829e+00 3.647019190555428e+01
7.919999999999846e-03 4.402286573778502e+00 4.074636245872679e+00 4.523077180348807e+00 3.646955614221450e+01
7.929999999999845e-03 4.402061561375098e+00 4.075491132909958e+00 4.522447305714931e+00 3.646892119630228e+01
7.939999999999845e-03 4.401837258025134e+00 4.076343203504969e+00 4.521819538469884e+00 3.646828707437567e+01
7.949999999999844e-03 4.401613661786786e+00 4.077192466840644e+00 4.521193871372557e+00 3.646765378290081e+01
7.959999999999844e-03 4.401390770720002e+00 4.078038932071059e+00 4.520570297208925e+00 3.646702132825281e+01
7.969999999999844e-03 4.401168582886553e+00 4.078882608321515e+00 4.519948808791919e+00 3.646638971671663e+01
7.979999999999843e-03 4.400947096350075e+00 4.079723504688610e+00 4.519329398961301e+00 3.646575895448792e+01
7.989999999999843e-03 4.400726309176123e+00 4.080561630240323e+00 4.518712060583541e+00 3.646512904767388e+01
7.999999999999842e-03 4.400506219432208e+00 4.081396994016087e+00 4.518096786551691e+00 3.646450000229410e+01
8.009999999999842e-03 4.400286825187853e+00 4.082229605026870e+00 4.517483569785264e+00 3.646387182428141e+01
8.019999999999841e-03 4.400068124514624e+00 4.083059472255253e+00 4.516872403230111e+00 3.646324451948269e+01
8.029999999999841e-03 4.399850115486185e+00 4.083886604655505e+00 4.516263279858298e+00 3.646261809365969e+01
8.039999999999841e-03 4.399632796178335e+00 4.084711011153663e+00 4.515656192667990e+00 3.646199255248987e+01
8.049999999999840e-03 4.399416164669052e+00 4.085532700647610e+00 4.515051134683326e+00 3.646136790156717e+01
8.059999999999840e-03 4.399200219038534e+00 4.086351682007150e+00 4.514448098954305e+00 3.646074414640284e+01
8.069999999999839e-03 4.398984957369239e+00 4.087167964074086e+00 4.513847078556664e+00 3.646012129242622e+01
8.079999999999839e-03 4.398770377745923e+00 4.087981555662303e+00 4.513248066591762e+00 3.645949934498551e+01
8.089999999999839e-03 4.398556478255688e+00 4.088792465557834e+00 4.512651056186467e+00 3.645887830934856e+01
8.099999999999838e-03 4.398343256988008e+00 4.089600702518949e+00 4.512056040493032e+00 3.645825819070367e+01
8.109999999999838e-03 4.398130712034778e+00 4.090406275276224e+00 4.511463012688988e+00 3.645763899416028e+01
8.119999999999837e-03 4.397918841490342e+00 4.091209192532622e+00 4.510871965977024e+00 3.645702072474981e+01
8.129999999999837e-03 4.397707643451539e+00 4.092009462963569e+00 4.510282893584881e+00 3.645640338742634e+01
8.139999999999837e-03 4.397497116017730e+00 4.092807095217029e+00 4.509695788765229e+00 3.645578698706739e+01
8.149999999999836e-03 4.397287257290841e+00 4.093602097913585e+00 4.509110644795562e+00 3.645517152847466e+01
8.159999999999836e-03 4.397078065375393e+00 4.094394479646512e+00 4.508527454978084e+00 3.645455701637475e+01
8.169999999999835e-03 4.396869538378535e+00 4.095184248981854e+00 4.507946212639599e+00 3.645394345541985e+01
8.179999999999835e-03 4.396661674410083e+00 4.095971414458502e+00 4.507366911131403e+00 3.645333085018853e+01
8.189999999999835e-03 4.396454471582548e+00 4.096755984588270e+00 4.506789543829170e+00 3.645271920518637e+01
8.199999999999834e-03 4.396247928011171e+00 4.097537967855969e+00 4.506214104132848e+00 3.645210852484672e+01
8.209999999999834e-03 4.396042041813952e+00 4.098317372719486e+00 4.505640585466549e+00 3.645149881353139e+01
8.219999999999833e-03 4.395836811111685e+00 4.099094207609862e+00 4.505068981278439e+00 3.645089007553130e+01
8.229999999999833e-03 4.395632234027986e+00 4.099868480931359e+00 4.504499285040641e+00 3.645028231506721e+01
8.239999999999833e-03 4.395428308689322e+00 4.100640201061548e+00 4.503931490249117e+00 3.644967553629037e+01
8.249999999999832e-03 4.395225033225042e+00 4.101409376351375e+00 4.503365590423569e+00 3.644906974328324e+01
8.259999999999832e-03 4.395022405767406e+00 4.102176015125242e+00 4.502801579107337e+00 3.644846494006008e+01
8.269999999999831e-03 4.394820424451614e+00 4.102940125681080e+00 4.502239449867291e+00 3.644786113056764e+01
8.279999999999831e-03 4.394619087415832e+00 4.103701716290427e+00 4.501679196293727e+00 3.644725831868588e+01
8.289999999999830e-03 4.394418392801219e+00 4.104460795198499e+00 4.501120812000268e+00 3.644665650822852e+01
8.299999999999830e-03 4.394218338751956e+00 4.105217370624271e+00 4.500564290623760e+00 3.644605570294375e+01
8.309999999999830e-03 4.394018923415269e+00 4.105971450760547e+00 4.500009625824170e+00 3.644545590651482e+01
8.319999999999829e-03 4.393820144941460e+00 4.106723043774039e+00 4.499456811284488e+00 3.644485712256071e+01
8.329999999999829e-03 4.393622001483926e+00 4.107472157805438e+00 4.498905840710623e+00 3.644425935463674e+01
8.339999999999828e-03 4.393424491199188e+00 4.108218800969491e+00 4.498356707831308e+00 3.644366260623519e+01
8.349999999999828e-03 4.393227612246913e+00 4.108962981355076e+00 4.497809406397997e+00 3.644306688078591e+01
8.359999999999828e-03 4.393031362789940e+00 4.109704707025277e+00 4.497263930184769e+00 3.644247218165692e+01
8.369999999999827e-03 4.392835740994301e+00 4.110443986017454e+00 4.496720272988231e+00 3.644187851215505e+01
8.379999999999827e-03 4.392640745029245e+00 4.111180826343324e+00 4.496178428627418e+00 3.644128587552651e+01
8.389999999999826e-03 4.392446373067258e+00 4.111915235989030e+00 4.495638390943699e+00 3.644069427495747e+01
8.399999999999826e-03 4.392252623284089e+00 4.112647222915216e+00 4.495100153800681e+00 3.644010371357469e+01
8.409999999999826e-03 4.392059493858769e+00 4.113376795057104e+00 4.494563711084114e+00 3.643951419444603e+01
8.419999999999825e-03 4.391866982973631e+00 4.114103960324564e+00 4.494029056701791e+00 3.643892572058114e+01
8.429999999999825e-03 4.391675088814333e+00 4.114828726602189e+00 4.493496184583464e+00 3.643833829493190e+01
8.439999999999824e-03 4.391483809569876e+00 4.115551101749370e+00 4.492965088680740e+00 3.643775192039307e+01
8.449999999999824e-03 4.391293143432626e+00 4.116271093600366e+00 4.492435762966994e+00 3.643716659980286e+01
8.459999999999824e-03 4.391103088598330e+00 4.116988709964382e+00 4.491908201437274e+00 3.643658233594344e+01
8.469999999999823e-03 4.390913643266137e+00 4.117703958625635e+00 4.491382398108213e+00 3.643599913154150e+01
8.479999999999823e-03 4.390724805638617e+00 4.118416847343438e+00 4.490858347017930e+00 3.643541698926882e+01
8.489999999999822e-03 4.390536573921776e+00 4.119127383852262e+00 4.490336042225946e+00 3.643483591174278e+01
8.499999999999822e-03 4.390348946325078e+00 4.119835575861813e+00 4.489815477813092e+00 3.643425590152694e+01
8.509999999999822e-03 4.390161921061460e+00 4.120541431057108e+00 4.489296647881416e+00 3.643367696113152e+01
8.519999999999821e-03 4.389975496347346e+00 4.121244957098540e+00 4.488779546554099e+00 3.643309909301398e+01
8.529999999999821e-03 4.389789670402668e+00 4.121946161621958e+00 4.488264167975360e+00 3.643252229957950e+01
8.539999999999820e-03 4.389604441450879e+00 4.122645052238734e+00 4.487750506310373e+00 3.643194658318151e+01
8.549999999999820e-03 4.389419807718970e+00 4.123341636535839e+00 4.487238555745177e+00 3.643137194612221e+01
8.559999999999819e-03 4.389235767437487e+00 4.124035922075911e+00 4.486728310486589e+00 3.643079839065309e+01
8.569999999999819e-03 4.389052318840543e+00 4.124727916397329e+00 4.486219764762117e+00 3.643022591897541e+01
8.579999999999819e-03 4.388869460165831e+00 4.125417627014283e+00 4.485712912819873e+00 3.642965453324071e+01
8.589999999999818e-03 4.388687189654646e+00 4.126105061416851e+00 4.485207748928491e+00 3.642908423555130e+01
8.599999999999818e-03 4.388505505551890e+00 4.126790227071061e+00 4.484704267377036e+00 3.642851502796076e+01
8.609999999999817e-03 4.388324406106091e+00 4.127473131418973e+00 4.484202462474924e+00 3.642794691247442e+01
8.619999999999817e-03 4.388143889569413e+00 4.128153781878740e+00 4.483702328551834e+00 3.642737989104983e+01
8.629999999999817e-03 4.387963954197672e+00 4.128832185844686e+00 4.483203859957628e+00 3.642681396559728e+01
8.639999999999816e-03 4.387784598250346e+00 4.129508350687374e+00 4.482707051062266e+00 3.642624913798021e+01
8.649999999999816e-03 4.387605819990589e+00 4.130182283753677e+00 4.482211896255721e+00 3.642568541001575e+01
8.659999999999815e-03 4.387427617685240e+00 4.130853992366847e+00 4.481718389947899e+00 3.642512278347512e+01
8.669999999999815e-03 4.387249989604840e+00 4.131523483826591e+00 4.481226526568556e+00 3.642456126008412e+01
8.679999999999815e-03 4.387072934023634e+00 4.132190765409132e+00 4.480736300567220e+00 3.642400084152360e+01
8.689999999999814e-03 4.386896449219593e+00 4.132855844367290e+00 4.480247706413103e+00 3.642344152942989e+01
8.699999999999814e-03 4.386720533474418e+00 4.133518727930541e+00 4.479760738595028e+00 3.642288332539527e+01
8.709999999999813e-03 4.386545185073549e+00 4.134179423305096e+00 4.479275391621341e+00 3.642232623096837e+01
8.719999999999813e-03 4.386370402306182e+00 4.134837937673965e+00 4.478791660019839e+00 3.642177024765468e+01
8.729999999999813e-03 4.386196183465271e+00 4.135494278197029e+00 4.478309538337686e+00 3.642121537691693e+01
8.739999999999812e-03 4.386022526847543e+00 4.136148452011108e+00 4.477829021141336e+00 3.642066162017553e+01
8.749999999999812e-03 4.385849430753503e+00 4.136800466230032e+00 4.477350103016453e+00 3.642010897880903e+01
8.759999999999811e-03 4.385676893487444e+00 4.137450327944706e+00 4.476872778567836e+00 3.641955745415452e+01
8.769999999999811e-03 4.385504913357461e+00 4.138098044223186e+00 4.476397042419339e+00 3.641900704750807e+01
8.779999999999811e-03 4.385333488675450e+00 4.138743622110741e+00 4.475922889213793e+00 3.641845776012510e+01
8.789999999999810e-03 4.385162617757123e+00 4.139387068629927e+00 4.475450313612933e+00 3.641790959322086e+01
8.799999999999810e-03 4.384992298922014e+00 4.140028390780649e+00 4.474979310297321e+00 3.641736254797080e+01
8.809999999999809e-03 4.384822530493484e+00 4.140667595540235e+00 4.474509873966263e+00 3.641681662551098e+01
8.819999999999809e-03 4.384653310798734e+00 4.141304689863503e+00 4.474041999337746e+00 3.641627182693847e+01
8.829999999999808e-03 4.384484638168804e+00 4.141939680682827e+00 4.473575681148352e+00 3.641572815331178e+01
8.839999999999808e-03 4.384316510938587e+00 4.142572574908207e+00 4.473110914153191e+00 3.641518560565123e+01
8.849999999999808e-03 4.384148927446831e+00 4.143203379427335e+00 4.472647693125818e+00 3.641464418493934e+01
8.859999999999807e-03 4.383981886036150e+00 4.143832101105663e+00 4.472186012858172e+00 3.641410389212121e+01
8.869999999999807e-03 4.383815385053023e+00 4.144458746786473e+00 4.471725868160489e+00 3.641356472810494e+01
8.879999999999806e-03 4.383649422847805e+00 4.145083323290940e+00 4.471267253861240e+00 3.641302669376198e+01
8.889999999999806e-03 4.383483997774731e+00 4.145705837418204e+00 4.470810164807049e+00 3.641248978992753e+01
8.899999999999806e-03 4.383319108191925e+00 4.146326295945430e+00 4.470354595862629e+00 3.641195401740089e+01
8.909999999999805e-03 4.383154752461397e+00 4.146944705627882e+00 4.469900541910705e+00 3.641141937694586e+01
8.919999999999805e-03 4.382990928949053e+00 4.147561073198986e+00 4.469447997851944e+00 3.641088586929109e+01
8.929999999999804e-03 4.382827636024704e+00 4.148175405370397e+00 4.468996958604883e+00 3.641035349513044e+01
8.939999999999804e-03 4.382664872062059e+00 4.148787708832065e+00 4.468547419105860e+00 3.640982225512339e+01
8.949999999999804e-03 4.382502635438740e+00 4.149397990252302e+00 4.468099374308943e+00 3.640929214989532e+01
8.959999999999803e-03 4.382340924536281e+00 4.150006256277846e+00 4.467652819185857e+00 3.640876318003792e+01
8.969999999999803e-03 4.382179737740132e+00 4.150612513533932e+00 4.467207748725921e+00 3.640823534610954e+01
8.979999999999802e-03 4.382019073439662e+00 4.151216768624352e+00 4.466764157935970e+00 3.640770864863550e+01
8.989999999999802e-03 4.381858930028166e+00 4.151819028131523e+00 4.466322041840296e+00 3.640718308810850e+01
8.999999999999802e-03 4.381699305902864e+00 4.152419298616549e+00 4.465881395480571e+00 3.640665866498890e+01
9.009999999999801e-03 4.381540199464906e+00 4.153017586619296e+00 4.465442213915781e+00 3.640613537970511e+01
9.019999999999801e-03 4.381381609119376e+00 4.153613898658447e+00 4.465004492222160e+00 3.640561323265387e+01
9.029999999999800e-03 4.381223533275289e+00 4.154208241231569e+00 4.464568225493125e+00 3.640509222420066e+01
9.039999999999800e-03 4.381065970345603e+00 4.154800620815181e+00 4.464133408839201e+00 3.640457235467996e+01
9.049999999999800e-03 4.380908918747210e+00 4.155391043864817e+00 4.463700037387959e+00 3.640405362439562e+01
9.059999999999799e-03 4.380752376900946e+00 4.155979516815091e+00 4.463268106283950e+00 3.640353603362117e+01
9.069999999999799e-03 4.380596343231592e+00 4.156566046079757e+00 4.462837610688638e+00 3.640301958260013e+01
9.079999999999798e-03 4.380440816167873e+00 4.157150638051779e+00 4.462408545780334e+00 3.640250427154638e+01
9.089999999999798e-03 4.380285794142460e+00 4.157733299103395e+00 4.461980906754130e+00 3.640199010064441e+01
9.099999999999797e-03 4.380131275591972e+00 4.158314035586176e+00 4.461554688821836e+00 3.640147707004967e+01
9.109999999999797e-03 4.379977258956979e+00 4.158892853831092e+00 4.461129887211913e+00 3.640096517988887e+01
9.119999999999797e-03 4.379823742681999e+00 4.159469760148577e+00 4.460706497169408e+00 3.640045443026031e+01
9.129999999999796e-03 4.379670725215502e+00 4.160044760828591e+00 4.460284513955891e+00 3.639994482123415e+01
9.139999999999796e-03 4.379518205009908e+00 4.160617862140684e+00 4.459863932849393e+00 3.639943635285275e+01
9.149999999999795e-03 4.379366180521591e+00 4.161189070334055e+00 4.459444749144338e+00 3.639892902513093e+01
9.159999999999795e-03 4.379214650210876e+00 4.161758391637623e+00 4.459026958151485e+00 3.639842283805631e+01
9.169999999999795e-03 4.379063612542042e+00 4.162325832260080e+00 4.458610555197861e+00 3.639791779158956e+01
9.179999999999794e-03 4.378913065983320e+00 4.162891398389965e+00 4.458195535626699e+00 3.639741388566474e+01
9.189999999999794e-03 4.378763009006892e+00 4.163455096195714e+00 4.457781894797379e+00 3.639691112018955e+01
9.199999999999793e-03 4.378613440088895e+00 4.164016931825730e+00 4.457369628085361e+00 3.639640949504563e+01
9.209999999999793e-03 4.378464357709414e+00 4.164576911408444e+00 4.456958730882127e+00 3.639590901008887e+01
9.219999999999793e-03 4.378315760352489e+00 4.165135041052378e+00 4.456549198595121e+00 3.639540966514963e+01
9.229999999999792e-03 4.378167646506107e+00 4.165691326846201e+00 4.456141026647679e+00 3.639491146003309e+01
9.239999999999792e-03 4.378020014662207e+00 4.166245774858798e+00 4.455734210478982e+00 3.639441439451946e+01
9.249999999999791e-03 4.377872863316676e+00 4.166798391139327e+00 4.455328745543985e+00 3.639391846836432e+01
9.259999999999791e-03 4.377726190969347e+00 4.167349181717282e+00 4.454924627313358e+00 3.639342368129885e+01
9.269999999999791e-03 4.377579996124002e+00 4.167898152602552e+00 4.454521851273432e+00 3.639293003303010e+01
9.279999999999790e-03 4.377434277288366e+00 4.168445309785486e+00 4.454120412926135e+00 3.639243752324128e+01
9.289999999999790e-03 4.377289032974106e+00 4.168990659236949e+00 4.453720307788931e+00 3.639194615159199e+01
9.299999999999789e-03 4.377144261696834e+00 4.169534206908388e+00 4.453321531394765e+00 3.639145591771854e+01
9.309999999999789e-03 4.376999961976099e+00 4.170075958731886e+00 4.452924079292003e+00 3.639096682123414e+01
9.319999999999789e-03 4.376856132335388e+00 4.170615920620229e+00 4.452527947044371e+00 3.639047886172919e+01
9.329999999999788e-03 4.376712771302125e+00 4.171154098466961e+00 4.452133130230901e+00 3.638999203877156e+01
9.339999999999788e-03 4.376569877407668e+00 4.171690498146449e+00 4.451739624445869e+00 3.638950635190681e+01
9.349999999999787e-03 4.376427449187307e+00 4.172225125513938e+00 4.451347425298742e+00 3.638902180065845e+01
9.359999999999787e-03 4.376285485180257e+00 4.172757986405613e+00 4.450956528414117e+00 3.638853838452818e+01
9.369999999999786e-03 4.376143983929665e+00 4.173289086638658e+00 4.450566929431664e+00 3.638805610299615e+01
9.379999999999786e-03 4.376002943982598e+00 4.173818432011319e+00 4.450178624006072e+00 3.638757495552122e+01
9.389999999999786e-03 4.375862363890045e+00 4.174346028302955e+00 4.449791607806989e+00 3.638709494154114e+01
9.399999999999785e-03 4.375722242206916e+00 4.174871881274105e+00 4.449405876518968e+00 3.638661606047286e+01
9.409999999999785e-03 4.375582577492032e+00 4.175395996666545e+00 4.449021425841411e+00 3.638613831171274e+01
9.419999999999784e-03 4.375443368308130e+00 4.175918380203345e+00 4.448638251488512e+00 3.638566169463677e+01
9.429999999999784e-03 4.375304613221857e+00 4.176439037588927e+00 4.448256349189202e+00 3.638518620860084e+01
9.439999999999784e-03 4.375166310803762e+00 4.176957974509127e+00 4.447875714687095e+00 3.638471185294090e+01
9.449999999999783e-03 4.375028459628300e+00 4.177475196631252e+00 4.447496343740433e+00 3.638423862697330e+01
9.459999999999783e-03 4.374891058273824e+00 4.177990709604135e+00 4.447118232122026e+00 3.638376652999492e+01
9.469999999999782e-03 4.374754105322582e+00 4.178504519058196e+00 4.446741375619207e+00 3.638329556128343e+01
9.479999999999782e-03 4.374617599360715e+00 4.179016630605499e+00 4.446365770033770e+00 3.638282572009754e+01
9.489999999999782e-03 4.374481538978253e+00 4.179527049839813e+00 4.445991411181919e+00 3.638235700567717e+01
9.499999999999781e-03 4.374345922769106e+00 4.180035782336664e+00 4.445618294894215e+00 3.638188941724370e+01
9.509999999999781e-03 4.374210749331071e+00 4.180542833653394e+00 4.445246417015521e+00 3.638142295400017e+01
9.519999999999780e-03 4.374076017265816e+00 4.181048209329221e+00 4.444875773404949e+00 3.638095761513154e+01
9.529999999999780e-03 4.373941725178885e+00 4.181551914885293e+00 4.444506359935808e+00 3.638049339980486e+01
9.539999999999780e-03 4.373807871679689e+00 4.182053955824745e+00 4.444138172495552e+00 3.638003030716946e+01
9.549999999999779e-03 4.373674455381501e+00 4.182554337632761e+00 4.443771206985724e+00 3.637956833635722e+01
9.559999999999779e-03 4.373541474901456e+00 4.183053065776622e+00 4.443405459321908e+00 3.637910748648274e+01
9.569999999999778e-03 4.373408928860544e+00 4.183550145705767e+00 4.443040925433674e+00 3.637864775664357e+01
9.579999999999778e-03 4.373276815883605e+00 4.184045582851853e+00 4.442677601264529e+00 3.637818914592037e+01
9.589999999999778e-03 4.373145134599322e+00 4.184539382628803e+00 4.442315482771861e+00 3.637773165337718e+01
9.599999999999777e-03 4.373013883640223e+00 4.185031550432869e+00 4.441954565926893e+00 3.637727527806155e+01
9.609999999999777e-03 4.372883061642674e+00 4.185522091642683e+00 4.441594846714628e+00 3.637682001900477e+01
9.619999999999776e-03 4.372752667246867e+00 4.186011011619316e+00 4.441236321133803e+00 3.637636587522206e+01
9.629999999999776e-03 4.372622699096824e+00 4.186498315706332e+00 4.440878985196830e+00 3.637591284571282e+01
9.639999999999775e-03 4.372493155840390e+00 4.186984009229842e+00 4.440522834929754e+00 3.637546092946071e+01
9.649999999999775e-03 4.372364036129225e+00 4.187468097498563e+00 4.440167866372199e+00 3.637501012543397e+01
9.659999999999775e-03 4.372235338618800e+00 4.187950585803868e+00 4.439814075577319e+00 3.637456043258549e+01
9.669999999999774e-03 4.372107061968393e+00 4.188431479419847e+00 4.439461458611746e+00 3.637411184985308e+01
9.679999999999774e-03 4.371979204841083e+00 4.188910783603357e+00 4.439110011555546e+00 3.637366437615962e+01
9.689999999999773e-03 4.371851765903746e+00 4.189388503594076e+00 4.438759730502165e+00 3.637321801041328e+01
9.699999999999773e-03 4.371724743827047e+00 4.189864644614562e+00 4.438410611558378e+00 3.637277275150764e+01
9.709999999999773e-03 4.371598137285437e+00 4.190339211870302e+00 4.438062650844248e+00 3.637232859832195e+01
9.719999999999772e-03 4.371471944957144e+00 4.190812210549772e+00 4.437715844493072e+00 3.637188554972123e+01
9.729999999999772e-03 4.371346165524172e+00 4.191283645824486e+00 4.437370188651330e+00 3.637144360455653e+01
9.739999999999771e-03 4.371220797672293e+00 4.191753522849051e+00 4.437025679478644e+00 3.637100276166502e+01
9.749999999999771e-03 4.371095840091040e+00 4.192221846761222e+00 4.436682313147727e+00 3.637056301987023e+01
9.759999999999771e-03 4.370971291473704e+00 4.192688622681955e+00 4.436340085844329e+00 3.637012437798220e+01
9.769999999999770e-03 4.370847150517326e+00 4.193153855715460e+00 4.435998993767202e+00 3.636968683479766e+01
9.779999999999770e-03 4.370723415922694e+00 4.193617550949253e+00 4.435659033128042e+00 3.636925038910019e+01
9.789999999999769e-03 4.370600086394330e+00 4.194079713454212e+00 4.435320200151446e+00 3.636881503966038e+01
9.799999999999769e-03 4.370477160640496e+00 4.194540348284629e+00 4.434982491074864e+00 3.636838078523602e+01
9.809999999999769e-03 4.370354637373175e+00 4.194999460478258e+00 4.434645902148556e+00 3.636794762457226e+01
9.819999999999768e-03 4.370232515308073e+00 4.195457055056377e+00 4.434310429635539e+00 3.636751555640176e+01
9.829999999999768e-03 4.370110793164613e+00 4.195913137023830e+00 4.433976069811546e+00 3.636708457944489e+01
9.839999999999767e-03 4.369989469665922e+00 4.196367711369088e+00 4.433642818964979e+00 3.636665469240980e+01
9.849999999999767e-03 4.369868543538832e+00 4.196820783064297e+00 4.433310673396860e+00 3.636622589399272e+01
9.859999999999767e-03 4.369748013513870e+00 4.197272357065329e+00 4.432979629420789e+00 3.636579818287798e+01
9.869999999999766e-03 4.369627878325256e+00 4.197722438311836e+00 4.432649683362897e+00 3.636537155773826e+01
9.879999999999766e-03 4.369508136710887e+00 4.198171031727303e+00 4.432320831561799e+00 3.636494601723471e+01
9.889999999999765e-03 4.369388787412340e+00 4.198618142219095e+00 4.431993070368553e+00 3.636452156001709e+01
9.899999999999765e-03 4.369269829174865e+00 4.199063774678511e+00 4.431666396146611e+00 3.636409818472396e+01
9.909999999999764e-03 4.369151260747371e+00 4.199507933980838e+00 4.431340805271779e+00 3.636367588998282e+01
9.919999999999764e-03 4.369033080882427e+00 4.199950624985398e+00 4.431016294132163e+00 3.636325467441021e+01
9.929999999999764e-03 4.368915288336251e+00 4.200391852535599e+00 4.430692859128137e+00 3.636283453661193e+01
9.939999999999763e-03 4.368797881868708e+00 4.200831621458989e+00 4.430370496672291e+00 3.636241547518317e+01
9.949999999999763e-03 4.368680860243295e+00 4.201269936567305e+00 4.430049203189388e+00 3.636199748870860e+01
9.959999999999762e-03 4.368564222227143e+00 4.201706802656523e+00 4.429728975116323e+00 3.636158057576259e+01
9.969999999999762e-03 4.368447966591007e+00 4.202142224506908e+00 4.429409808902075e+00 3.636116473490930e+01
9.979999999999762e-03 4.368332092109257e+00 4.202576206883064e+00 4.429091701007668e+00 3.636074996470288e+01
9.989999999999761e-03 4.368216597559875e+00 4.203008754533989e+00 4.428774647906124e+00 3.636033626368751e+01
9.999999999999761e-03 4.368101481724445e+00 4.203439872193117e+00 4.428458646082426e+00 3.635992363039765e+01
1.000999999999976e-02 4.367986743388147e+00 4.203869564578374e+00 4.428143692033466e+00 3.635951206335812e+01
1.001999999999976e-02 4.367872381339750e+00 4.204297836392226e+00 4.427829782268011e+00 3.635910156108422e+01
1.002999999999976e-02 4.367758394371608e+00 4.204724692321726e+00 4.427516913306654e+00 3.635869212208193e+01
1.003999999999976e-02 4.367644781279647e+00 4.205150137038565e+00 4.427205081681776e+00 3.635828374484799e+01
1.004999999999976e-02 4.367531540863363e+00 4.205574175199124e+00 4.426894283937501e+00 3.635787642787003e+01
1.005999999999976e-02 4.367418671925812e+00 4.205996811444519e+00 4.426584516629658e+00 3.635747016962674e+01
1.006999999999976e-02 4.367306173273604e+00 4.206418050400650e+00 4.426275776325735e+00 3.635706496858799e+01
1.007999999999976e-02 4.367194043716898e+00 4.206837896678254e+00 4.425968059604836e+00 3.635666082321493e+01
1.008999999999976e-02 4.367082282069391e+00 4.207256354872951e+00 4.425661363057647e+00 3.635625773196013e+01
1.009999999999976e-02 4.366970887148312e+00 4.207673429565288e+00 4.425355683286388e+00 3.635585569326776e+01
1.010999999999976e-02 4.366859857774417e+00 4.208089125320797e+00 4.425051016904775e+00 3.635545470557361e+01
1.011999999999976e-02 4.366749192771977e+00 4.208503446690036e+00 4.424747360537976e+00 3.635505476730533e+01
1.012999999999976e-02 4.366638890968779e+00 4.208916398208636e+00 4.424444710822574e+00 3.635465587688248e+01
1.013999999999976e-02 4.366528951196107e+00 4.209327984397357e+00 4.424143064406525e+00 3.635425803271665e+01
1.014999999999975e-02 4.366419372288747e+00 4.209738209762126e+00 4.423842417949117e+00 3.635386123321163e+01
1.015999999999975e-02 4.366310153084969e+00 4.210147078794092e+00 4.423542768120928e+00 3.635346547676350e+01
1.016999999999975e-02 4.366201292426527e+00 4.210554595969671e+00 4.423244111603791e+00 3.635307076176073e+01
1.017999999999975e-02 4.366092789158649e+00 4.210960765750591e+00 4.422946445090751e+00 3.635267708658434e+01
1.018999999999975e-02 4.365984642130027e+00 4.211365592583943e+00 4.422649765286020e+00 3.635228444960799e+01
1.019999999999975e-02 4.365876850192815e+00 4.211769080902225e+00 4.422354068904950e+00 3.635189284919812e+01
1.020999999999975e-02 4.365769412202617e+00 4.212171235123392e+00 4.422059352673980e+00 3.635150228371402e+01
1.021999999999975e-02 4.365662327018482e+00 4.212572059650900e+00 4.421765613330606e+00 3.635111275150798e+01
1.022999999999975e-02 4.365555593502894e+00 4.212971558873754e+00 4.421472847623340e+00 3.635072425092540e+01
1.023999999999975e-02 4.365449210521770e+00 4.213369737166554e+00 4.421181052311667e+00 3.635033678030486e+01
1.024999999999975e-02 4.365343176944442e+00 4.213766598889540e+00 4.420890224166008e+00 3.634995033797834e+01
1.025999999999975e-02 4.365237491643660e+00 4.214162148388644e+00 4.420600359967685e+00 3.634956492227118e+01
1.026999999999975e-02 4.365132153495582e+00 4.214556389995527e+00 4.420311456508879e+00 3.634918053150231e+01
1.027999999999975e-02 4.365027161379761e+00 4.214949328027634e+00 4.420023510592594e+00 3.634879716398426e+01
1.028999999999975e-02 4.364922514179143e+00 4.215340966788233e+00 4.419736519032613e+00 3.634841481802336e+01
1.029999999999975e-02 4.364818210780057e+00 4.215731310566464e+00 4.419450478653467e+00 3.634803349191980e+01
1.030999999999975e-02 4.364714250072207e+00 4.216120363637385e+00 4.419165386290397e+00 3.634765318396771e+01
1.031999999999975e-02 4.364610630948667e+00 4.216508130262015e+00 4.418881238789307e+00 3.634727389245531e+01
1.032999999999975e-02 4.364507352305870e+00 4.216894614687379e+00 4.418598033006739e+00 3.634689561566498e+01
1.033999999999975e-02 4.364404413043602e+00 4.217279821146559e+00 4.418315765809826e+00 3.634651835187339e+01
1.034999999999975e-02 4.364301812064996e+00 4.217663753858732e+00 4.418034434076260e+00 3.634614209935157e+01
1.035999999999975e-02 4.364199548276519e+00 4.218046417029217e+00 4.417754034694253e+00 3.634576685636502e+01
1.036999999999975e-02 4.364097620587969e+00 4.218427814849520e+00 4.417474564562501e+00 3.634539262117382e+01
1.037999999999975e-02 4.363996027912465e+00 4.218807951497380e+00 4.417196020590144e+00 3.634501939203273e+01
1.038999999999974e-02 4.363894769166444e+00 4.219186831136811e+00 4.416918399696734e+00 3.634464716719127e+01
1.039999999999974e-02 4.363793843269643e+00 4.219564457918151e+00 4.416641698812196e+00 3.634427594489381e+01
1.040999999999974e-02 4.363693249145103e+00 4.219940835978099e+00 4.416365914876789e+00 3.634390572337968e+01
1.041999999999974e-02 4.363592985719153e+00 4.220315969439763e+00 4.416091044841076e+00 3.634353650088329e+01
1.042999999999974e-02 4.363493051921405e+00 4.220689862412705e+00 4.415817085665882e+00 3.634316827563415e+01
1.043999999999974e-02 4.363393446684745e+00 4.221062518992984e+00 4.415544034322262e+00 3.634280104585705e+01
1.044999999999974e-02 4.363294168945330e+00 4.221433943263197e+00 4.415271887791463e+00 3.634243480977208e+01
1.045999999999974e-02 4.363195217642574e+00 4.221804139292526e+00 4.415000643064890e+00 3.634206956559476e+01
1.046999999999974e-02 4.363096591719143e+00 4.222173111136780e+00 4.414730297144067e+00 3.634170531153612e+01
1.047999999999974e-02 4.362998290120944e+00 4.222540862838438e+00 4.414460847040607e+00 3.634134204580278e+01
1.048999999999974e-02 4.362900311797126e+00 4.222907398426693e+00 4.414192289776172e+00 3.634097976659705e+01
1.049999999999974e-02 4.362802655700059e+00 4.223272721917493e+00 4.413924622382438e+00 3.634061847211704e+01
1.050999999999974e-02 4.362705320785338e+00 4.223636837313586e+00 4.413657841901065e+00 3.634025816055667e+01
1.051999999999974e-02 4.362608306011770e+00 4.223999748604562e+00 4.413391945383657e+00 3.633989883010583e+01
1.052999999999974e-02 4.362511610341364e+00 4.224361459766895e+00 4.413126929891730e+00 3.633954047895045e+01
1.053999999999974e-02 4.362415232739327e+00 4.224721974763987e+00 4.412862792496675e+00 3.633918310527257e+01
1.054999999999974e-02 4.362319172174055e+00 4.225081297546208e+00 4.412599530279727e+00 3.633882670725040e+01
1.055999999999974e-02 4.362223427617123e+00 4.225439432050940e+00 4.412337140331926e+00 3.633847128305846e+01
1.056999999999974e-02 4.362127998043281e+00 4.225796382202617e+00 4.412075619754090e+00 3.633811683086763e+01
1.057999999999974e-02 4.362032882430443e+00 4.226152151912773e+00 4.411814965656772e+00 3.633776334884519e+01
1.058999999999974e-02 4.361938079759679e+00 4.226506745080075e+00 4.411555175160234e+00 3.633741083515500e+01
1.059999999999974e-02 4.361843589015211e+00 4.226860165590369e+00 4.411296245394407e+00 3.633705928795749e+01
1.060999999999974e-02 4.361749409184399e+00 4.227212417316725e+00 4.411038173498863e+00 3.633670870540977e+01
1.061999999999974e-02 4.361655539257739e+00 4.227563504119471e+00 4.410780956622777e+00 3.633635908566569e+01
1.062999999999974e-02 4.361561978228850e+00 4.227913429846242e+00 4.410524591924896e+00 3.633601042687597e+01
1.063999999999973e-02 4.361468725094468e+00 4.228262198332015e+00 4.410269076573505e+00 3.633566272718821e+01
1.064999999999973e-02 4.361375778854443e+00 4.228609813399152e+00 4.410014407746393e+00 3.633531598474702e+01
1.065999999999973e-02 4.361283138511722e+00 4.228956278857443e+00 4.409760582630824e+00 3.633497019769404e+01
1.066999999999973e-02 4.361190803072349e+00 4.229301598504144e+00 4.409507598423496e+00 3.633462536416808e+01
1.067999999999973e-02 4.361098771545449e+00 4.229645776124021e+00 4.409255452330520e+00 3.633428148230511e+01
1.068999999999973e-02 4.361007042943231e+00 4.229988815489385e+00 4.409004141567373e+00 3.633393855023843e+01
1.069999999999973e-02 4.360915616280970e+00 4.230330720360138e+00 4.408753663358881e+00 3.633359656609866e+01
1.070999999999973e-02 4.360824490577003e+00 4.230671494483812e+00 4.408504014939173e+00 3.633325552801385e+01
1.071999999999973e-02 4.360733664852724e+00 4.231011141595606e+00 4.408255193551659e+00 3.633291543410954e+01
1.072999999999973e-02 4.360643138132570e+00 4.231349665418429e+00 4.408007196448988e+00 3.633257628250884e+01
1.073999999999973e-02 4.360552909444018e+00 4.231687069662941e+00 4.407760020893028e+00 3.633223807133248e+01
1.074999999999973e-02 4.360462977817575e+00 4.232023358027589e+00 4.407513664154824e+00 3.633190079869890e+01
1.075999999999973e-02 4.360373342286771e+00 4.232358534198648e+00 4.407268123514569e+00 3.633156446272432e+01
1.076999999999973e-02 4.360284001888147e+00 4.232692601850265e+00 4.407023396261576e+00 3.633122906152276e+01
1.077999999999973e-02 4.360194955661258e+00 4.233025564644490e+00 4.406779479694242e+00 3.633089459320617e+01
1.078999999999973e-02 4.360106202648648e+00 4.233357426231323e+00 4.406536371120017e+00 3.633056105588446e+01
1.079999999999973e-02 4.360017741895860e+00 4.233688190248749e+00 4.406294067855379e+00 3.633022844766557e+01
1.080999999999973e-02 4.359929572451417e+00 4.234017860322779e+00 4.406052567225792e+00 3.632989676665554e+01
1.081999999999973e-02 4.359841693366817e+00 4.234346440067488e+00 4.405811866565684e+00 3.632956601095858e+01
1.082999999999973e-02 4.359754103696523e+00 4.234673933085052e+00 4.405571963218414e+00 3.632923617867710e+01
1.083999999999973e-02 4.359666802497961e+00 4.235000342965791e+00 4.405332854536236e+00 3.632890726791181e+01
1.084999999999973e-02 4.359579788831506e+00 4.235325673288205e+00 4.405094537880277e+00 3.632857927676177e+01
1.085999999999973e-02 4.359493061760476e+00 4.235649927619011e+00 4.404857010620501e+00 3.632825220332443e+01
1.086999999999973e-02 4.359406620351128e+00 4.235973109513185e+00 4.404620270135677e+00 3.632792604569575e+01
1.087999999999972e-02 4.359320463672642e+00 4.236295222513996e+00 4.404384313813352e+00 3.632760080197018e+01
1.088999999999972e-02 4.359234590797120e+00 4.236616270153048e+00 4.404149139049822e+00 3.632727647024078e+01
1.089999999999972e-02 4.359149000799577e+00 4.236936255950317e+00 4.403914743250096e+00 3.632695304859926e+01
1.090999999999972e-02 4.359063692757930e+00 4.237255183414185e+00 4.403681123827873e+00 3.632663053513604e+01
1.091999999999972e-02 4.358978665752995e+00 4.237573056041485e+00 4.403448278205508e+00 3.632630892794027e+01
1.092999999999972e-02 4.358893918868473e+00 4.237889877317532e+00 4.403216203813983e+00 3.632598822509998e+01
1.093999999999972e-02 4.358809451190949e+00 4.238205650716163e+00 4.402984898092877e+00 3.632566842470202e+01
1.094999999999972e-02 4.358725261809878e+00 4.238520379699774e+00 4.402754358490336e+00 3.632534952483221e+01
1.095999999999972e-02 4.358641349817581e+00 4.238834067719359e+00 4.402524582463047e+00 3.632503152357535e+01
1.096999999999972e-02 4.358557714309237e+00 4.239146718214545e+00 4.402295567476204e+00 3.632471441901530e+01
1.097999999999972e-02 4.358474354382873e+00 4.239458334613630e+00 4.402067311003482e+00 3.632439820923499e+01
1.098999999999972e-02 4.358391269139358e+00 4.239768920333621e+00 4.401839810527007e+00 3.632408289231652e+01
1.099999999999972e-02 4.358308457682395e+00 4.240078478780266e+00 4.401613063537325e+00 3.632376846634119e+01
1.100999999999972e-02 4.358225919118512e+00 4.240387013348098e+00 4.401387067533376e+00 3.632345492938957e+01
1.101999999999972e-02 4.358143652557056e+00 4.240694527420466e+00 4.401161820022464e+00 3.632314227954153e+01
1.102999999999972e-02 4.358061657110183e+00 4.241001024369574e+00 4.400937318520229e+00 3.632283051487630e+01
1.103999999999972e-02 4.357979931892854e+00 4.241306507556515e+00 4.400713560550615e+00 3.632251963347255e+01
1.104999999999972e-02 4.357898476022823e+00 4.241610980331311e+00 4.400490543645850e+00 3.632220963340836e+01
1.105999999999972e-02 4.357817288620632e+00 4.241914446032946e+00 4.400268265346405e+00 3.632190051276137e+01
1.106999999999972e-02 4.357736368809601e+00 4.242216907989403e+00 4.400046723200979e+00 3.632159226960879e+01
1.107999999999972e-02 4.357655715715822e+00 4.242518369517700e+00 4.399825914766461e+00 3.632128490202739e+01
1.108999999999972e-02 4.357575328468153e+00 4.242818833923924e+00 4.399605837607906e+00 3.632097840809364e+01
1.109999999999972e-02 4.357495206198205e+00 4.243118304503271e+00 4.399386489298506e+00 3.632067278588374e+01
1.110999999999972e-02 4.357415348040340e+00 4.243416784540077e+00 4.399167867419566e+00 3.632036803347359e+01
1.111999999999972e-02 4.357335753131659e+00 4.243714277307856e+00 4.398949969560467e+00 3.632006414893893e+01
1.112999999999971e-02 4.357256420611998e+00 4.244010786069333e+00 4.398732793318651e+00 3.631976113035535e+01
1.113999999999971e-02 4.357177349623917e+00 4.244306314076483e+00 4.398516336299583e+00 3.631945897579831e+01
1.114999999999971e-02 4.357098539312692e+00 4.244600864570563e+00 4.398300596116727e+00 3.631915768334326e+01
1.115999999999971e-02 4.357019988826313e+00 4.244894440782146e+00 4.398085570391522e+00 3.631885725106557e+01
1.116999999999971e-02 4.356941697315472e+00 4.245187045931162e+00 4.397871256753349e+00 3.631855767704071e+01
1.117999999999971e-02 4.356863663933551e+00 4.245478683226925e+00 4.397657652839507e+00 3.631825895934417e+01
1.118999999999971e-02 4.356785887836626e+00 4.245769355868172e+00 4.397444756295186e+00 3.631796109605159e+01
1.119999999999971e-02 4.356708368183447e+00 4.246059067043097e+00 4.397232564773440e+00 3.631766408523877e+01
1.120999999999971e-02 4.356631104135438e+00 4.246347819929385e+00 4.397021075935161e+00 3.631736792498170e+01
1.121999999999971e-02 4.356554094856689e+00 4.246635617694246e+00 4.396810287449048e+00 3.631707261335663e+01
1.122999999999971e-02 4.356477339513944e+00 4.246922463494452e+00 4.396600196991587e+00 3.631677814844009e+01
1.123999999999971e-02 4.356400837276599e+00 4.247208360476366e+00 4.396390802247018e+00 3.631648452830896e+01
1.124999999999971e-02 4.356324587316688e+00 4.247493311775980e+00 4.396182100907314e+00 3.631619175104046e+01
1.125999999999971e-02 4.356248588808885e+00 4.247777320518948e+00 4.395974090672151e+00 3.631589981471223e+01
1.126999999999971e-02 4.356172840930484e+00 4.248060389820618e+00 4.395766769248881e+00 3.631560871740239e+01
1.127999999999971e-02 4.356097342861402e+00 4.248342522786070e+00 4.395560134352510e+00 3.631531845718953e+01
1.128999999999971e-02 4.356022093784167e+00 4.248623722510146e+00 4.395354183705670e+00 3.631502903215276e+01
1.129999999999971e-02 4.355947092883910e+00 4.248903992077482e+00 4.395148915038591e+00 3.631474044037178e+01
1.130999999999971e-02 4.355872339348360e+00 4.249183334562545e+00 4.394944326089079e+00 3.631445267992688e+01
1.131999999999971e-02 4.355797832367833e+00 4.249461753029666e+00 4.394740414602485e+00 3.631416574889901e+01
1.132999999999971e-02 4.355723571135230e+00 4.249739250533071e+00 4.394537178331685e+00 3.631387964536982e+01
1.133999999999971e-02 4.355649554846022e+00 4.250015830116914e+00 4.394334615037049e+00 3.631359436742162e+01
1.134999999999971e-02 4.355575782698251e+00 4.250291494815314e+00 4.394132722486422e+00 3.631330991313754e+01
1.135999999999971e-02 4.355502253892515e+00 4.250566247652381e+00 4.393931498455091e+00 3.631302628060148e+01
1.136999999999970e-02 4.355428967631965e+00 4.250840091642256e+00 4.393730940725766e+00 3.631274346789817e+01
1.137999999999970e-02 4.355355923122296e+00 4.251113029789138e+00 4.393531047088553e+00 3.631246147311320e+01
1.138999999999970e-02 4.355283119571743e+00 4.251385065087320e+00 4.393331815340924e+00 3.631218029433306e+01
1.139999999999970e-02 4.355210556191067e+00 4.251656200521219e+00 4.393133243287702e+00 3.631189992964518e+01
1.140999999999970e-02 4.355138232193552e+00 4.251926439065411e+00 4.392935328741025e+00 3.631162037713796e+01
1.141999999999970e-02 4.355066146794998e+00 4.252195783684661e+00 4.392738069520329e+00 3.631134163490081e+01
1.142999999999970e-02 4.354994299213714e+00 4.252464237333954e+00 4.392541463452319e+00 3.631106370102417e+01
1.143999999999970e-02 4.354922688670507e+00 4.252731802958532e+00 4.392345508370948e+00 3.631078657359953e+01
1.144999999999970e-02 4.354851314388679e+00 4.252998483493921e+00 4.392150202117388e+00 3.631051025071951e+01
1.145999999999970e-02 4.354780175594014e+00 4.253264281865965e+00 4.391955542540009e+00 3.631023473047786e+01
1.146999999999970e-02 4.354709271514778e+00 4.253529200990855e+00 4.391761527494353e+00 3.630996001096949e+01
1.147999999999970e-02 4.354638601381708e+00 4.253793243775168e+00 4.391568154843110e+00 3.630968609029052e+01
1.148999999999970e-02 4.354568164428004e+00 4.254056413115888e+00 4.391375422456095e+00 3.630941296653828e+01
1.149999999999970e-02 4.354497959889323e+00 4.254318711900444e+00 4.391183328210220e+00 3.630914063781139e+01
1.150999999999970e-02 4.354427987003771e+00 4.254580143006743e+00 4.390991869989473e+00 3.630886910220974e+01
1.151999999999970e-02 4.354358245011896e+00 4.254840709303195e+00 4.390801045684896e+00 3.630859835783455e+01
1.152999999999970e-02 4.354288733156682e+00 4.255100413648750e+00 4.390610853194556e+00 3.630832840278841e+01
1.153999999999970e-02 4.354219450683540e+00 4.255359258892921e+00 4.390421290423526e+00 3.630805923517526e+01
1.154999999999970e-02 4.354150396840303e+00 4.255617247875827e+00 4.390232355283858e+00 3.630779085310047e+01
1.155999999999970e-02 4.354081570877215e+00 4.255874383428213e+00 4.390044045694559e+00 3.630752325467084e+01
1.156999999999970e-02 4.354012972046929e+00 4.256130668371486e+00 4.389856359581571e+00 3.630725643799467e+01
1.157999999999970e-02 4.353944599604497e+00 4.256386105517744e+00 4.389669294877745e+00 3.630699040118171e+01
1.158999999999970e-02 4.353876452807361e+00 4.256640697669806e+00 4.389482849522818e+00 3.630672514234328e+01
1.159999999999970e-02 4.353808530915350e+00 4.256894447621247e+00 4.389297021463389e+00 3.630646065959222e+01
1.160999999999970e-02 4.353740833190670e+00 4.257147358156418e+00 4.389111808652897e+00 3.630619695104297e+01
1.161999999999969e-02 4.353673358897899e+00 4.257399432050489e+00 4.388927209051599e+00 3.630593401481157e+01
1.162999999999969e-02 4.353606107303975e+00 4.257650672069470e+00 4.388743220626542e+00 3.630567184901570e+01
1.163999999999969e-02 4.353539077678198e+00 4.257901080970244e+00 4.388559841351545e+00 3.630541045177468e+01
1.164999999999969e-02 4.353472269292214e+00 4.258150661500598e+00 4.388377069207174e+00 3.630514982120955e+01
1.165999999999969e-02 4.353405681420014e+00 4.258399416399250e+00 4.388194902180723e+00 3.630488995544304e+01
1.166999999999969e-02 4.353339313337924e+00 4.258647348395881e+00 4.388013338266180e+00 3.630463085259963e+01
1.167999999999969e-02 4.353273164324598e+00 4.258894460211166e+00 4.387832375464223e+00 3.630437251080554e+01
1.168999999999969e-02 4.353207233661012e+00 4.259140754556799e+00 4.387652011782176e+00 3.630411492818880e+01
1.169999999999969e-02 4.353141520630456e+00 4.259386234135525e+00 4.387472245234005e+00 3.630385810287925e+01
1.170999999999969e-02 4.353076024518530e+00 4.259630901641173e+00 4.387293073840285e+00 3.630360203300855e+01
1.171999999999969e-02 4.353010744613132e+00 4.259874759758676e+00 4.387114495628178e+00 3.630334671671025e+01
1.172999999999969e-02 4.352945680204457e+00 4.260117811164112e+00 4.386936508631417e+00 3.630309215211976e+01
1.173999999999969e-02 4.352880830584986e+00 4.260360058524721e+00 4.386759110890279e+00 3.630283833737440e+01
1.174999999999969e-02 4.352816195049478e+00 4.260601504498945e+00 4.386582300451563e+00 3.630258527061342e+01
1.175999999999969e-02 4.352751772894968e+00 4.260842151736449e+00 4.386406075368568e+00 3.630233294997804e+01
1.176999999999969e-02 4.352687563420758e+00 4.261082002878152e+00 4.386230433701075e+00 3.630208137361142e+01
1.177999999999969e-02 4.352623565928407e+00 4.261321060556257e+00 4.386055373515320e+00 3.630183053965877e+01
1.178999999999969e-02 4.352559779721727e+00 4.261559327394282e+00 4.385880892883974e+00 3.630158044626727e+01
1.179999999999969e-02 4.352496204106781e+00 4.261796806007078e+00 4.385706989886123e+00 3.630133109158616e+01
1.180999999999969e-02 4.352432838391864e+00 4.262033499000873e+00 4.385533662607245e+00 3.630108247376675e+01
1.181999999999969e-02 4.352369681887508e+00 4.262269408973288e+00 4.385360909139187e+00 3.630083459096244e+01
1.182999999999969e-02 4.352306733906469e+00 4.262504538513369e+00 4.385188727580143e+00 3.630058744132871e+01
1.183999999999969e-02 4.352243993763724e+00 4.262738890201616e+00 4.385017116034641e+00 3.630034102302319e+01
1.184999999999969e-02 4.352181460776460e+00 4.262972466610012e+00 4.384846072613509e+00 3.630009533420564e+01
1.185999999999969e-02 4.352119134264069e+00 4.263205270302047e+00 4.384675595433864e+00 3.629985037303799e+01
1.186999999999968e-02 4.352057013548144e+00 4.263437303832752e+00 4.384505682619084e+00 3.629960613768436e+01
1.187999999999968e-02 4.351995097952469e+00 4.263668569748718e+00 4.384336332298790e+00 3.629936262631107e+01
1.188999999999968e-02 4.351933386803013e+00 4.263899070588136e+00 4.384167542608828e+00 3.629911983708667e+01
1.189999999999968e-02 4.351871879427927e+00 4.264128808880811e+00 4.383999311691240e+00 3.629887776818195e+01
1.190999999999968e-02 4.351810575157528e+00 4.264357787148199e+00 4.383831637694251e+00 3.629863641776995e+01
1.191999999999968e-02 4.351749473324304e+00 4.264586007903430e+00 4.383664518772243e+00 3.629839578402601e+01
1.192999999999968e-02 4.351688573262899e+00 4.264813473651341e+00 4.383497953085739e+00 3.629815586512778e+01
1.193999999999968e-02 4.351627874310111e+00 4.265040186888493e+00 4.383331938801375e+00 3.629791665925518e+01
1.194999999999968e-02 4.351567375804883e+00 4.265266150103208e+00 4.383166474091889e+00 3.629767816459053e+01
1.195999999999968e-02 4.351507077088296e+00 4.265491365775591e+00 4.383001557136091e+00 3.629744037931845e+01
1.196999999999968e-02 4.351446977503567e+00 4.265715836377560e+00 4.382837186118852e+00 3.629720330162595e+01
1.197999999999968e-02 4.351387076396035e+00 4.265939564372871e+00 4.382673359231074e+00 3.629696692970242e+01
1.198999999999968e-02 4.351327373113162e+00 4.266162552217141e+00 4.382510074669677e+00 3.629673126173967e+01
1.199999999999968e-02 4.351267867004522e+00 4.266384802357884e+00 4.382347330637575e+00 3.629649629593192e+01
1.200999999999968e-02 4.351208557421793e+00 4.266606317234529e+00 4.382185125343659e+00 3.629626203047582e+01
1.201999999999968e-02 4.351149443718757e+00 4.266827099278451e+00 4.382023457002771e+00 3.629602846357048e+01
1.202999999999968e-02 4.351090525251289e+00 4.267047150912998e+00 4.381862323835691e+00 3.629579559341749e+01
1.203999999999968e-02 4.351031801377350e+00 4.267266474553515e+00 4.381701724069114e+00 3.629556341822090e+01
1.204999999999968e-02 4.350973271456983e+00 4.267485072607369e+00 4.381541655935628e+00 3.629533193618730e+01
1.205999999999968e-02 4.350914934852304e+00 4.267702947473979e+00 4.381382117673698e+00 3.629510114552574e+01
1.206999999999968e-02 4.350856790927497e+00 4.267920101544840e+00 4.381223107527642e+00 3.629487104444787e+01
1.207999999999968e-02 4.350798839048810e+00 4.268136537203552e+00 4.381064623747617e+00 3.629464163116783e+01
1.208999999999968e-02 4.350741078584545e+00 4.268352256825839e+00 4.380906664589595e+00 3.629441290390234e+01
1.209999999999968e-02 4.350683508905053e+00 4.268567262779583e+00 4.380749228315343e+00 3.629418486087069e+01
1.210999999999967e-02 4.350626129382728e+00 4.268781557424844e+00 4.380592313192407e+00 3.629395750029479e+01
1.211999999999967e-02 4.350568939391999e+00 4.268995143113890e+00 4.380435917494091e+00 3.629373082039909e+01
1.212999999999967e-02 4.350511938309326e+00 4.269208022191218e+00 4.380280039499435e+00 3.629350481941072e+01
1.213999999999967e-02 4.350455125513194e+00 4.269420196993583e+00 4.380124677493201e+00 3.629327949555941e+01
1.214999999999967e-02 4.350398500384104e+00 4.269631669850024e+00 4.379969829765849e+00 3.629305484707753e+01
1.215999999999967e-02 4.350342062304570e+00 4.269842443081886e+00 4.379815494613521e+00 3.629283087220014e+01
1.216999999999967e-02 4.350285810659108e+00 4.270052519002848e+00 4.379661670338021e+00 3.629260756916493e+01
1.217999999999967e-02 4.350229744834236e+00 4.270261899918948e+00 4.379508355246795e+00 3.629238493621229e+01
1.218999999999967e-02 4.350173864218462e+00 4.270470588128605e+00 4.379355547652912e+00 3.629216297158533e+01
1.219999999999967e-02 4.350118168202283e+00 4.270678585922648e+00 4.379203245875047e+00 3.629194167352982e+01
1.220999999999967e-02 4.350062656178175e+00 4.270885895584343e+00 4.379051448237462e+00 3.629172104029428e+01
1.221999999999967e-02 4.350007327540588e+00 4.271092519389408e+00 4.378900153069984e+00 3.629150107012998e+01
1.222999999999967e-02 4.349952181685941e+00 4.271298459606049e+00 4.378749358707990e+00 3.629128176129091e+01
1.223999999999967e-02 4.349897218012614e+00 4.271503718494978e+00 4.378599063492389e+00 3.629106311203380e+01
1.224999999999967e-02 4.349842435920943e+00 4.271708298309441e+00 4.378449265769598e+00 3.629084512061819e+01
1.225999999999967e-02 4.349787834813214e+00 4.271912201295238e+00 4.378299963891530e+00 3.629062778530638e+01
1.226999999999967e-02 4.349733414093657e+00 4.272115429690754e+00 4.378151156215571e+00 3.629041110436346e+01
1.227999999999967e-02 4.349679173168438e+00 4.272317985726980e+00 4.378002841104564e+00 3.629019507605730e+01
1.228999999999967e-02 4.349625111445657e+00 4.272519871627535e+00 4.377855016926790e+00 3.628997969865863e+01
1.229999999999967e-02 4.349571228335336e+00 4.272721089608696e+00 4.377707682055950e+00 3.628976497044095e+01
1.230999999999967e-02 4.349517523249422e+00 4.272921641879416e+00 4.377560834871145e+00 3.628955088968063e+01
1.231999999999967e-02 4.349463995601770e+00 4.273121530641351e+00 4.377414473756862e+00 3.628933745465687e+01
1.232999999999967e-02 4.349410644808146e+00 4.273320758088886e+00 4.377268597102952e+00 3.628912466365174e+01
1.233999999999967e-02 4.349357470286216e+00 4.273519326409154e+00 4.377123203304614e+00 3.628891251495015e+01
1.234999999999967e-02 4.349304471455541e+00 4.273717237782066e+00 4.376978290762376e+00 3.628870100683989e+01
1.235999999999966e-02 4.349251647737574e+00 4.273914494380330e+00 4.376833857882079e+00 3.628849013761165e+01
1.236999999999966e-02 4.349198998555652e+00 4.274111098369475e+00 4.376689903074857e+00 3.628827990555899e+01
1.237999999999966e-02 4.349146523334987e+00 4.274307051907877e+00 4.376546424757120e+00 3.628807030897838e+01
1.238999999999966e-02 4.349094221502665e+00 4.274502357146782e+00 4.376403421350537e+00 3.628786134616921e+01
1.239999999999966e-02 4.349042092487639e+00 4.274697016230328e+00 4.376260891282018e+00 3.628765301543378e+01
1.240999999999966e-02 4.348990135720719e+00 4.274891031295569e+00 4.376118832983697e+00 3.628744531507731e+01
1.241999999999966e-02 4.348938350634572e+00 4.275084404472500e+00 4.375977244892912e+00 3.628723824340797e+01
1.242999999999966e-02 4.348886736663715e+00 4.275277137884077e+00 4.375836125452191e+00 3.628703179873689e+01
1.243999999999966e-02 4.348835293244506e+00 4.275469233646244e+00 4.375695473109234e+00 3.628682597937813e+01
1.244999999999966e-02 4.348784019815140e+00 4.275660693867953e+00 4.375555286316891e+00 3.628662078364871e+01
1.245999999999966e-02 4.348732915815642e+00 4.275851520651187e+00 4.375415563533155e+00 3.628641620986863e+01
1.246999999999966e-02 4.348681980687866e+00 4.276041716090987e+00 4.375276303221131e+00 3.628621225636089e+01
1.247999999999966e-02 4.348631213875485e+00 4.276231282275469e+00 4.375137503849032e+00 3.628600892145143e+01
1.248999999999966e-02 4.348580614823983e+00 4.276420221285850e+00 4.374999163890153e+00 3.628580620346922e+01
1.249999999999966e-02 4.348530182980655e+00 4.276608535196472e+00 4.374861281822858e+00 3.628560410074622e+01
1.250999999999966e-02 4.348479917794600e+00 4.276796226074824e+00 4.374723856130562e+00 3.628540261161739e+01
1.251999999999966e-02 4.348429818716709e+00 4.276983295981560e+00 4.374586885301717e+00 3.628520173442072e+01
1.252999999999966e-02 4.348379885199670e+00 4.277169746970527e+00 4.374450367829787e+00 3.628500146749720e+01
1.253999999999966e-02 4.348330116697955e+00 4.277355581088787e+00 4.374314302213242e+00 3.628480180919089e+01
1.254999999999966e-02 4.348280512667814e+00 4.277540800376636e+00 4.374178686955533e+00 3.628460275784884e+01
1.255999999999966e-02 4.348231072567273e+00 4.277725406867630e+00 4.374043520565079e+00 3.628440431182115e+01
1.256999999999966e-02 4.348181795856128e+00 4.277909402588605e+00 4.373908801555251e+00 3.628420646946100e+01
1.257999999999966e-02 4.348132681995935e+00 4.278092789559698e+00 4.373774528444351e+00 3.628400922912460e+01
1.258999999999966e-02 4.348083730450012e+00 4.278275569794370e+00 4.373640699755602e+00 3.628381258917124e+01
1.259999999999965e-02 4.348034940683426e+00 4.278457745299431e+00 4.373507314017126e+00 3.628361654796326e+01
1.260999999999965e-02 4.347986312162991e+00 4.278639318075061e+00 4.373374369761932e+00 3.628342110386605e+01
1.261999999999965e-02 4.347937844357264e+00 4.278820290114826e+00 4.373241865527895e+00 3.628322625524813e+01
1.262999999999965e-02 4.347889536736535e+00 4.279000663405707e+00 4.373109799857743e+00 3.628303200048109e+01
1.263999999999965e-02 4.347841388772825e+00 4.279180439928118e+00 4.372978171299041e+00 3.628283833793959e+01
1.264999999999965e-02 4.347793399939882e+00 4.279359621655928e+00 4.372846978404175e+00 3.628264526600140e+01
1.265999999999965e-02 4.347745569713171e+00 4.279538210556485e+00 4.372716219730330e+00 3.628245278304739e+01
1.266999999999965e-02 4.347697897569869e+00 4.279716208590633e+00 4.372585893839483e+00 3.628226088746153e+01
1.267999999999965e-02 4.347650382988865e+00 4.279893617712739e+00 4.372455999298381e+00 3.628206957763092e+01
1.268999999999965e-02 4.347603025450749e+00 4.280070439870707e+00 4.372326534678529e+00 3.628187885194575e+01
1.269999999999965e-02 4.347555824437808e+00 4.280246677006009e+00 4.372197498556169e+00 3.628168870879934e+01
1.270999999999965e-02 4.347508779434022e+00 4.280422331053695e+00 4.372068889512268e+00 3.628149914658815e+01
1.271999999999965e-02 4.347461889925057e+00 4.280597403942426e+00 4.371940706132502e+00 3.628131016371174e+01
1.272999999999965e-02 4.347415155398262e+00 4.280771897594485e+00 4.371812947007239e+00 3.628112175857284e+01
1.273999999999965e-02 4.347368575342660e+00 4.280945813925802e+00 4.371685610731524e+00 3.628093392957729e+01
1.274999999999965e-02 4.347322149248945e+00 4.281119154845978e+00 4.371558695905063e+00 3.628074667513408e+01
1.275999999999965e-02 4.347275876609478e+00 4.281291922258300e+00 4.371432201132208e+00 3.628055999365536e+01
1.276999999999965e-02 4.347229756918279e+00 4.281464118059767e+00 4.371306125021942e+00 3.628037388355641e+01
1.277999999999965e-02 4.347183789671022e+00 4.281635744141105e+00 4.371180466187861e+00 3.628018834325570e+01
1.278999999999965e-02 4.347137974365032e+00 4.281806802386794e+00 4.371055223248161e+00 3.628000337117481e+01
1.279999999999965e-02 4.347092310499280e+00 4.281977294675085e+00 4.370930394825623e+00 3.627981896573852e+01
1.280999999999965e-02 4.347046797574371e+00 4.282147222878021e+00 4.370805979547596e+00 3.627963512537475e+01
1.281999999999965e-02 4.347001435092547e+00 4.282316588861458e+00 4.370681976045982e+00 3.627945184851461e+01
1.282999999999965e-02 4.346956222557680e+00 4.282485394485083e+00 4.370558382957222e+00 3.627926913359238e+01
1.283999999999965e-02 4.346911159475265e+00 4.282653641602440e+00 4.370435198922281e+00 3.627908697904549e+01
1.284999999999964e-02 4.346866245352411e+00 4.282821332060945e+00 4.370312422586630e+00 3.627890538331459e+01
1.285999999999964e-02 4.346821479697845e+00 4.282988467701907e+00 4.370190052600234e+00 3.627872434484346e+01
1.286999999999964e-02 4.346776862021901e+00 4.283155050360549e+00 4.370068087617534e+00 3.627854386207911e+01
1.287999999999964e-02 4.346732391836515e+00 4.283321081866030e+00 4.369946526297439e+00 3.627836393347172e+01
1.288999999999964e-02 4.346688068655221e+00 4.283486564041461e+00 4.369825367303302e+00 3.627818455747466e+01
1.289999999999964e-02 4.346643891993146e+00 4.283651498703929e+00 4.369704609302910e+00 3.627800573254449e+01
1.290999999999964e-02 4.346599861367005e+00 4.283815887664511e+00 4.369584250968469e+00 3.627782745714096e+01
1.291999999999964e-02 4.346555976295093e+00 4.283979732728303e+00 4.369464290976588e+00 3.627764972972704e+01
1.292999999999964e-02 4.346512236297285e+00 4.284143035694430e+00 4.369344728008269e+00 3.627747254876887e+01
1.293999999999964e-02 4.346468640895029e+00 4.284305798356072e+00 4.369225560748882e+00 3.627729591273582e+01
1.294999999999964e-02 4.346425189611339e+00 4.284468022500481e+00 4.369106787888162e+00 3.627711982010044e+01
1.295999999999964e-02 4.346381881970791e+00 4.284629709909003e+00 4.368988408120187e+00 3.627694426933849e+01
1.296999999999964e-02 4.346338717499519e+00 4.284790862357095e+00 4.368870420143367e+00 3.627676925892897e+01
1.297999999999964e-02 4.346295695725209e+00 4.284951481614343e+00 4.368752822660428e+00 3.627659478735403e+01
1.298999999999964e-02 4.346252816177096e+00 4.285111569444485e+00 4.368635614378399e+00 3.627642085309908e+01
1.299999999999964e-02 4.346210078385957e+00 4.285271127605429e+00 4.368518794008595e+00 3.627624745465273e+01
1.300999999999964e-02 4.346167481884103e+00 4.285430157849272e+00 4.368402360266605e+00 3.627607459050679e+01
1.301999999999964e-02 4.346125026205383e+00 4.285588661922320e+00 4.368286311872277e+00 3.627590225915631e+01
1.302999999999964e-02 4.346082710885169e+00 4.285746641565105e+00 4.368170647549705e+00 3.627573045909954e+01
1.303999999999964e-02 4.346040535460361e+00 4.285904098512404e+00 4.368055366027213e+00 3.627555918883795e+01
1.304999999999964e-02 4.345998499469372e+00 4.286061034493263e+00 4.367940466037343e+00 3.627538844687624e+01
1.305999999999964e-02 4.345956602452131e+00 4.286217451231010e+00 4.367825946316838e+00 3.627521823172231e+01
1.306999999999964e-02 4.345914843950074e+00 4.286373350443275e+00 4.367711805606630e+00 3.627504854188730e+01
1.307999999999964e-02 4.345873223506141e+00 4.286528733842013e+00 4.367598042651826e+00 3.627487937588558e+01
1.308999999999963e-02 4.345831740664770e+00 4.286683603133516e+00 4.367484656201695e+00 3.627471073223473e+01
1.309999999999963e-02 4.345790394971893e+00 4.286837960018438e+00 4.367371645009650e+00 3.627454260945556e+01
1.310999999999963e-02 4.345749185974932e+00 4.286991806191810e+00 4.367259007833240e+00 3.627437500607208e+01
1.311999999999963e-02 4.345708113222792e+00 4.287145143343058e+00 4.367146743434131e+00 3.627420792061157e+01
1.312999999999963e-02 4.345667176265857e+00 4.287297973156026e+00 4.367034850578099e+00 3.627404135160450e+01
1.313999999999963e-02 4.345626374655986e+00 4.287450297308988e+00 4.366923328035006e+00 3.627387529758459e+01
1.314999999999963e-02 4.345585707946510e+00 4.287602117474672e+00 4.366812174578798e+00 3.627370975708877e+01
1.315999999999963e-02 4.345545175692223e+00 4.287753435320276e+00 4.366701388987481e+00 3.627354472865721e+01
1.316999999999963e-02 4.345504777449380e+00 4.287904252507485e+00 4.366590970043116e+00 3.627338021083330e+01
1.317999999999963e-02 4.345464512775692e+00 4.288054570692491e+00 4.366480916531797e+00 3.627321620216366e+01
1.318999999999963e-02 4.345424381230321e+00 4.288204391526011e+00 4.366371227243649e+00 3.627305270119814e+01
1.319999999999963e-02 4.345384382373875e+00 4.288353716653304e+00 4.366261900972802e+00 3.627288970648981e+01
1.320999999999963e-02 4.345344515768405e+00 4.288502547714189e+00 4.366152936517387e+00 3.627272721659498e+01
1.321999999999963e-02 4.345304780977398e+00 4.288650886343065e+00 4.366044332679517e+00 3.627256523007318e+01
1.322999999999963e-02 4.345265177565774e+00 4.288798734168928e+00 4.365936088265278e+00 3.627240374548716e+01
1.323999999999963e-02 4.345225705099882e+00 4.288946092815387e+00 4.365828202084712e+00 3.627224276140292e+01
1.324999999999963e-02 4.345186363147492e+00 4.289092963900681e+00 4.365720672951807e+00 3.627208227638967e+01
1.325999999999963e-02 4.345147151277795e+00 4.289239349037705e+00 4.365613499684480e+00 3.627192228901983e+01
1.326999999999963e-02 4.345108069061395e+00 4.289385249834014e+00 4.365506681104570e+00 3.627176279786909e+01
1.327999999999963e-02 4.345069116070307e+00 4.289530667891855e+00 4.365400216037819e+00 3.627160380151633e+01
1.328999999999963e-02 4.345030291877949e+00 4.289675604808171e+00 4.365294103313861e+00 3.627144529854367e+01
1.329999999999963e-02 4.344991596059140e+00 4.289820062174631e+00 4.365188341766211e+00 3.627128728753643e+01
1.330999999999963e-02 4.344953028190097e+00 4.289964041577637e+00 4.365082930232248e+00 3.627112976708319e+01
1.331999999999963e-02 4.344914587848426e+00 4.290107544598349e+00 4.364977867553207e+00 3.627097273577572e+01
1.332999999999963e-02 4.344876274613122e+00 4.290250572812696e+00 4.364873152574162e+00 3.627081619220904e+01
1.333999999999962e-02 4.344838088064561e+00 4.290393127791401e+00 4.364768784144018e+00 3.627066013498136e+01
1.334999999999962e-02 4.344800027784500e+00 4.290535211099990e+00 4.364664761115491e+00 3.627050456269414e+01
1.335999999999962e-02 4.344762093356067e+00 4.290676824298813e+00 4.364561082345102e+00 3.627034947395203e+01
1.336999999999962e-02 4.344724284363759e+00 4.290817968943061e+00 4.364457746693161e+00 3.627019486736292e+01
1.337999999999962e-02 4.344686600393437e+00 4.290958646582786e+00 4.364354753023758e+00 3.627004074153790e+01
1.338999999999962e-02 4.344649041032327e+00 4.291098858762911e+00 4.364252100204743e+00 3.626988709509129e+01
1.339999999999962e-02 4.344611605869009e+00 4.291238607023252e+00 4.364149787107721e+00 3.626973392664062e+01
1.340999999999962e-02 4.344574294493411e+00 4.291377892898534e+00 4.364047812608036e+00 3.626958123480661e+01
1.341999999999962e-02 4.344537106496812e+00 4.291516717918408e+00 4.363946175584761e+00 3.626942901821321e+01
1.342999999999962e-02 4.344500041471834e+00 4.291655083607465e+00 4.363844874920683e+00 3.626927727548758e+01
1.343999999999962e-02 4.344463099012435e+00 4.291792991485257e+00 4.363743909502289e+00 3.626912600526009e+01
1.344999999999962e-02 4.344426278713910e+00 4.291930443066311e+00 4.363643278219760e+00 3.626897520616430e+01
1.345999999999962e-02 4.344389580172883e+00 4.292067439860146e+00 4.363542979966951e+00 3.626882487683699e+01
1.346999999999962e-02 4.344353002987303e+00 4.292203983371291e+00 4.363443013641386e+00 3.626867501591813e+01
1.347999999999962e-02 4.344316546756441e+00 4.292340075099297e+00 4.363343378144242e+00 3.626852562205091e+01
1.348999999999962e-02 4.344280211080885e+00 4.292475716538759e+00 4.363244072380336e+00 3.626837669388168e+01
1.349999999999962e-02 4.344243995562534e+00 4.292610909179331e+00 4.363145095258115e+00 3.626822823006005e+01
1.350999999999962e-02 4.344207899804600e+00 4.292745654505737e+00 4.363046445689644e+00 3.626808022923876e+01
1.351999999999962e-02 4.344171923411595e+00 4.292879953997796e+00 4.362948122590590e+00 3.626793269007378e+01
1.352999999999962e-02 4.344136065989333e+00 4.293013809130430e+00 4.362850124880217e+00 3.626778561122428e+01
1.353999999999962e-02 4.344100327144924e+00 4.293147221373687e+00 4.362752451481368e+00 3.626763899135257e+01
1.354999999999962e-02 4.344064706486769e+00 4.293280192192753e+00 4.362655101320457e+00 3.626749282912419e+01
1.355999999999962e-02 4.344029203624556e+00 4.293412723047969e+00 4.362558073327454e+00 3.626734712320786e+01
1.356999999999962e-02 4.343993818169260e+00 4.293544815394846e+00 4.362461366435874e+00 3.626720187227546e+01
1.357999999999961e-02 4.343958549733130e+00 4.293676470684082e+00 4.362364979582768e+00 3.626705707500209e+01
1.358999999999961e-02 4.343923397929693e+00 4.293807690361580e+00 4.362268911708708e+00 3.626691273006597e+01
1.359999999999961e-02 4.343888362373746e+00 4.293938475868459e+00 4.362173161757775e+00 3.626676883614854e+01
1.360999999999961e-02 4.343853442681354e+00 4.294068828641076e+00 4.362077728677551e+00 3.626662539193441e+01
1.361999999999961e-02 4.343818638469844e+00 4.294198750111033e+00 4.361982611419103e+00 3.626648239611134e+01
1.362999999999961e-02 4.343783949357800e+00 4.294328241705204e+00 4.361887808936975e+00 3.626633984737028e+01
1.363999999999961e-02 4.343749374965063e+00 4.294457304845741e+00 4.361793320189176e+00 3.626619774440530e+01
1.364999999999961e-02 4.343714914912725e+00 4.294585940950092e+00 4.361699144137164e+00 3.626605608591371e+01
1.365999999999961e-02 4.343680568823120e+00 4.294714151431021e+00 4.361605279745841e+00 3.626591487059591e+01
1.366999999999961e-02 4.343646336319829e+00 4.294841937696616e+00 4.361511725983536e+00 3.626577409715549e+01
1.367999999999961e-02 4.343612217027668e+00 4.294969301150315e+00 4.361418481821998e+00 3.626563376429917e+01
1.368999999999961e-02 4.343578210572691e+00 4.295096243190907e+00 4.361325546236383e+00 3.626549387073687e+01
1.369999999999961e-02 4.343544316582178e+00 4.295222765212561e+00 4.361232918205243e+00 3.626535441518160e+01
1.370999999999961e-02 4.343510534684638e+00 4.295348868604834e+00 4.361140596710510e+00 3.626521539634956e+01
1.371999999999961e-02 4.343476864509801e+00 4.295474554752687e+00 4.361048580737493e+00 3.626507681296007e+01
1.372999999999961e-02 4.343443305688618e+00 4.295599825036502e+00 4.360956869274861e+00 3.626493866373561e+01
1.373999999999961e-02 4.343409857853251e+00 4.295724680832095e+00 4.360865461314634e+00 3.626480094740177e+01
1.374999999999961e-02 4.343376520637074e+00 4.295849123510734e+00 4.360774355852172e+00 3.626466366268730e+01
1.375999999999961e-02 4.343343293674668e+00 4.295973154439150e+00 4.360683551886162e+00 3.626452680832404e+01
1.376999999999961e-02 4.343310176601815e+00 4.296096774979556e+00 4.360593048418610e+00 3.626439038304701e+01
1.377999999999961e-02 4.343277169055497e+00 4.296219986489658e+00 4.360502844454825e+00 3.626425438559432e+01
1.378999999999961e-02 4.343244270673891e+00 4.296342790322673e+00 4.360412939003416e+00 3.626411881470722e+01
1.379999999999961e-02 4.343211481096363e+00 4.296465187827344e+00 4.360323331076271e+00 3.626398366913006e+01
1.380999999999961e-02 4.343178799963469e+00 4.296587180347953e+00 4.360234019688558e+00 3.626384894761032e+01
1.381999999999961e-02 4.343146226916945e+00 4.296708769224336e+00 4.360145003858699e+00 3.626371464889858e+01
1.382999999999960e-02 4.343113761599708e+00 4.296829955791895e+00 4.360056282608376e+00 3.626358077174854e+01
1.383999999999960e-02 4.343081403655852e+00 4.296950741381623e+00 4.359967854962506e+00 3.626344731491700e+01
1.384999999999960e-02 4.343049152730639e+00 4.297071127320103e+00 4.359879719949239e+00 3.626331427716386e+01
1.385999999999960e-02 4.343017008470502e+00 4.297191114929536e+00 4.359791876599943e+00 3.626318165725212e+01
1.386999999999960e-02 4.342984970523037e+00 4.297310705527748e+00 4.359704323949196e+00 3.626304945394786e+01
1.387999999999960e-02 4.342953038536999e+00 4.297429900428208e+00 4.359617061034774e+00 3.626291766602028e+01
1.388999999999960e-02 4.342921212162301e+00 4.297548700940041e+00 4.359530086897639e+00 3.626278629224163e+01
1.389999999999960e-02 4.342889491050008e+00 4.297667108368041e+00 4.359443400581930e+00 3.626265533138728e+01
1.390999999999960e-02 4.342857874852336e+00 4.297785124012690e+00 4.359357001134954e+00 3.626252478223566e+01
1.391999999999960e-02 4.342826363222643e+00 4.297902749170165e+00 4.359270887607172e+00 3.626239464356827e+01
1.392999999999960e-02 4.342794955815430e+00 4.298019985132357e+00 4.359185059052193e+00 3.626226491416971e+01
1.393999999999960e-02 4.342763652286337e+00 4.298136833186888e+00 4.359099514526756e+00 3.626213559282761e+01
1.394999999999960e-02 4.342732452292136e+00 4.298253294617116e+00 4.359014253090728e+00 3.626200667833271e+01
1.395999999999960e-02 4.342701355490729e+00 4.298369370702160e+00 4.358929273807091e+00 3.626187816947877e+01
1.396999999999960e-02 4.342670361541149e+00 4.298485062716904e+00 4.358844575741927e+00 3.626175006506263e+01
1.397999999999960e-02 4.342639470103547e+00 4.298600371932019e+00 4.358760157964416e+00 3.626162236388417e+01
1.398999999999960e-02 4.342608680839195e+00 4.298715299613971e+00 4.358676019546816e+00 3.626149506474636e+01
1.399999999999960e-02 4.342577993410482e+00 4.298829847025038e+00 4.358592159564461e+00 3.626136816645516e+01
1.400999999999960e-02 4.342547407480908e+00 4.298944015423325e+00 4.358508577095748e+00 3.626124166781960e+01
1.401999999999960e-02 4.342516922715082e+00 4.299057806062774e+00 4.358425271222124e+00 3.626111556765175e+01
1.402999999999960e-02 4.342486538778717e+00 4.299171220193180e+00 4.358342241028083e+00 3.626098986476670e+01
1.403999999999960e-02 4.342456255338627e+00 4.299284259060205e+00 4.358259485601148e+00 3.626086455798259e+01
1.404999999999960e-02 4.342426072062725e+00 4.299396923905392e+00 4.358177004031862e+00 3.626073964612057e+01
1.405999999999960e-02 4.342395988620019e+00 4.299509215966176e+00 4.358094795413787e+00 3.626061512800481e+01
1.406999999999959e-02 4.342366004680603e+00 4.299621136475899e+00 4.358012858843479e+00 3.626049100246252e+01
1.407999999999959e-02 4.342336119915663e+00 4.299732686663826e+00 4.357931193420493e+00 3.626036726832388e+01
1.408999999999959e-02 4.342306333997464e+00 4.299843867755154e+00 4.357849798247362e+00 3.626024392442213e+01
1.409999999999959e-02 4.342276646599355e+00 4.299954680971029e+00 4.357768672429595e+00 3.626012096959349e+01
1.410999999999959e-02 4.342247057395760e+00 4.300065127528558e+00 4.357687815075661e+00 3.625999840267718e+01
1.411999999999959e-02 4.342217566062174e+00 4.300175208640824e+00 4.357607225296982e+00 3.625987622251541e+01
1.412999999999959e-02 4.342188172275162e+00 4.300284925516894e+00 4.357526902207923e+00 3.625975442795341e+01
1.413999999999959e-02 4.342158875712357e+00 4.300394279361838e+00 4.357446844925783e+00 3.625963301783938e+01
1.414999999999959e-02 4.342129676052452e+00 4.300503271376742e+00 4.357367052570784e+00 3.625951199102449e+01
1.415999999999959e-02 4.342100572975201e+00 4.300611902758717e+00 4.357287524266061e+00 3.625939134636292e+01
1.416999999999959e-02 4.342071566161410e+00 4.300720174700913e+00 4.357208259137654e+00 3.625927108271180e+01
1.417999999999959e-02 4.342042655292940e+00 4.300828088392540e+00 4.357129256314498e+00 3.625915119893124e+01
1.418999999999959e-02 4.342013840052699e+00 4.300935645018868e+00 4.357050514928410e+00 3.625903169388432e+01
1.419999999999959e-02 4.341985120124643e+00 4.301042845761250e+00 4.356972034114085e+00 3.625891256643709e+01
1.420999999999959e-02 4.341956495193765e+00 4.301149691797130e+00 4.356893813009083e+00 3.625879381545853e+01
1.421999999999959e-02 4.341927964946099e+00 4.301256184300060e+00 4.356815850753819e+00 3.625867543982060e+01
1.422999999999959e-02 4.341899529068715e+00 4.301362324439707e+00 4.356738146491556e+00 3.625855743839820e+01
1.423999999999959e-02 4.341871187249712e+00 4.301468113381873e+00 4.356660699368393e+00 3.625843981006917e+01
1.424999999999959e-02 4.341842939178220e+00 4.301573552288499e+00 4.356583508533260e+00 3.625832255371429e+01
1.425999999999959e-02 4.341814784544392e+00 4.301678642317687e+00 4.356506573137901e+00 3.625820566821729e+01
1.426999999999959e-02 4.341786723039400e+00 4.301783384623707e+00 4.356429892336872e+00 3.625808915246480e+01
1.427999999999959e-02 4.341758754355438e+00 4.301887780357013e+00 4.356353465287529e+00 3.625797300534640e+01
1.428999999999959e-02 4.341730878185714e+00 4.301991830664249e+00 4.356277291150016e+00 3.625785722575460e+01
1.429999999999959e-02 4.341703094224449e+00 4.302095536688271e+00 4.356201369087259e+00 3.625774181258480e+01
1.430999999999959e-02 4.341675402166866e+00 4.302198899568153e+00 4.356125698264959e+00 3.625762676473532e+01
1.431999999999958e-02 4.341647801709200e+00 4.302301920439200e+00 4.356050277851577e+00 3.625751208110741e+01
1.432999999999958e-02 4.341620292548684e+00 4.302404600432966e+00 4.355975107018327e+00 3.625739776060519e+01
1.433999999999958e-02 4.341592874383549e+00 4.302506940677256e+00 4.355900184939172e+00 3.625728380213569e+01
1.434999999999958e-02 4.341565546913023e+00 4.302608942296151e+00 4.355825510790804e+00 3.625717020460884e+01
1.435999999999958e-02 4.341538309837323e+00 4.302710606410009e+00 4.355751083752645e+00 3.625705696693746e+01
1.436999999999958e-02 4.341511162857658e+00 4.302811934135485e+00 4.355676903006834e+00 3.625694408803725e+01
1.437999999999958e-02 4.341484105676219e+00 4.302912926585538e+00 4.355602967738218e+00 3.625683156682678e+01
1.438999999999958e-02 4.341457137996183e+00 4.303013584869448e+00 4.355529277134345e+00 3.625671940222750e+01
1.439999999999958e-02 4.341430259521701e+00 4.303113910092824e+00 4.355455830385450e+00 3.625660759316374e+01
1.440999999999958e-02 4.341403469957902e+00 4.303213903357620e+00 4.355382626684452e+00 3.625649613856268e+01
1.441999999999958e-02 4.341376769010891e+00 4.303313565762143e+00 4.355309665226942e+00 3.625638503735437e+01
1.442999999999958e-02 4.341350156387735e+00 4.303412898401067e+00 4.355236945211173e+00 3.625627428847171e+01
1.443999999999958e-02 4.341323631796473e+00 4.303511902365448e+00 4.355164465838055e+00 3.625616389085045e+01
1.444999999999958e-02 4.341297194946104e+00 4.303610578742728e+00 4.355092226311142e+00 3.625605384342919e+01
1.445999999999958e-02 4.341270845546588e+00 4.303708928616758e+00 4.355020225836628e+00 3.625594414514936e+01
1.446999999999958e-02 4.341244583308842e+00 4.303806953067799e+00 4.354948463623334e+00 3.625583479495524e+01
1.447999999999958e-02 4.341218407944735e+00 4.303904653172540e+00 4.354876938882699e+00 3.625572579179393e+01
1.448999999999958e-02 4.341192319167089e+00 4.304002030004110e+00 4.354805650828776e+00 3.625561713461536e+01
1.449999999999958e-02 4.341166316689669e+00 4.304099084632087e+00 4.354734598678219e+00 3.625550882237226e+01
1.450999999999958e-02 4.341140400227189e+00 4.304195818122510e+00 4.354663781650275e+00 3.625540085402024e+01
1.451999999999958e-02 4.341114569495300e+00 4.304292231537895e+00 4.354593198966779e+00 3.625529322851763e+01
1.452999999999958e-02 4.341088824210594e+00 4.304388325937239e+00 4.354522849852138e+00 3.625518594482563e+01
1.453999999999958e-02 4.341063164090597e+00 4.304484102376041e+00 4.354452733533334e+00 3.625507900190823e+01
1.454999999999958e-02 4.341037588853767e+00 4.304579561906303e+00 4.354382849239901e+00 3.625497239873220e+01
1.455999999999958e-02 4.341012098219489e+00 4.304674705576553e+00 4.354313196203929e+00 3.625486613426710e+01
1.456999999999957e-02 4.340986691908076e+00 4.304769534431846e+00 4.354243773660049e+00 3.625476020748530e+01
1.457999999999957e-02 4.340961369640763e+00 4.304864049513781e+00 4.354174580845426e+00 3.625465461736192e+01
1.458999999999957e-02 4.340936131139705e+00 4.304958251860512e+00 4.354105616999753e+00 3.625454936287488e+01
1.459999999999957e-02 4.340910976127972e+00 4.305052142506760e+00 4.354036881365237e+00 3.625444444300486e+01
1.460999999999957e-02 4.340885904329552e+00 4.305145722483823e+00 4.353968373186595e+00 3.625433985673530e+01
1.461999999999957e-02 4.340860915469339e+00 4.305238992819587e+00 4.353900091711045e+00 3.625423560305241e+01
1.462999999999957e-02 4.340836009273136e+00 4.305331954538535e+00 4.353832036188300e+00 3.625413168094516e+01
1.463999999999957e-02 4.340811185467652e+00 4.305424608661766e+00 4.353764205870553e+00 3.625402808940526e+01
1.464999999999957e-02 4.340786443780497e+00 4.305516956206998e+00 4.353696600012476e+00 3.625392482742716e+01
1.465999999999957e-02 4.340761783940180e+00 4.305608998188584e+00 4.353629217871208e+00 3.625382189400806e+01
1.466999999999957e-02 4.340737205676105e+00 4.305700735617521e+00 4.353562058706346e+00 3.625371928814790e+01
1.467999999999957e-02 4.340712708718571e+00 4.305792169501460e+00 4.353495121779939e+00 3.625361700884934e+01
1.468999999999957e-02 4.340688292798765e+00 4.305883300844724e+00 4.353428406356481e+00 3.625351505511775e+01
1.469999999999957e-02 4.340663957648762e+00 4.305974130648308e+00 4.353361911702901e+00 3.625341342596125e+01
1.470999999999957e-02 4.340639703001520e+00 4.306064659909898e+00 4.353295637088554e+00 3.625331212039066e+01
1.471999999999957e-02 4.340615528590880e+00 4.306154889623879e+00 4.353229581785213e+00 3.625321113741950e+01
1.472999999999957e-02 4.340591434151561e+00 4.306244820781348e+00 4.353163745067063e+00 3.625311047606401e+01
1.473999999999957e-02 4.340567419419156e+00 4.306334454370123e+00 4.353098126210694e+00 3.625301013534311e+01
1.474999999999957e-02 4.340543484130133e+00 4.306423791374754e+00 4.353032724495088e+00 3.625291011427844e+01
1.475999999999957e-02 4.340519628021827e+00 4.306512832776532e+00 4.352967539201615e+00 3.625281041189429e+01
1.476999999999957e-02 4.340495850832442e+00 4.306601579553505e+00 4.352902569614026e+00 3.625271102721768e+01
1.477999999999957e-02 4.340472152301047e+00 4.306690032680485e+00 4.352837815018442e+00 3.625261195927827e+01
1.478999999999957e-02 4.340448532167569e+00 4.306778193129058e+00 4.352773274703348e+00 3.625251320710840e+01
1.479999999999957e-02 4.340424990172796e+00 4.306866061867597e+00 4.352708947959583e+00 3.625241476974309e+01
1.480999999999956e-02 4.340401526058369e+00 4.306953639861271e+00 4.352644834080335e+00 3.625231664622001e+01
1.481999999999956e-02 4.340378139566785e+00 4.307040928072056e+00 4.352580932361133e+00 3.625221883557949e+01
1.482999999999956e-02 4.340354830441390e+00 4.307127927458748e+00 4.352517242099837e+00 3.625212133686451e+01
1.483999999999956e-02 4.340331598426375e+00 4.307214638976968e+00 4.352453762596632e+00 3.625202414912071e+01
1.484999999999956e-02 4.340308443266779e+00 4.307301063579177e+00 4.352390493154019e+00 3.625192727139635e+01
1.485999999999956e-02 4.340285364708479e+00 4.307387202214686e+00 4.352327433076810e+00 3.625183070274232e+01
1.486999999999956e-02 4.340262362498194e+00 4.307473055829664e+00 4.352264581672117e+00 3.625173444221218e+01
1.487999999999956e-02 4.340239436383476e+00 4.307558625367152e+00 4.352201938249346e+00 3.625163848886208e+01
1.488999999999956e-02 4.340216586112714e+00 4.307643911767070e+00 4.352139502120190e+00 3.625154284175080e+01
1.489999999999956e-02 4.340193811435124e+00 4.307728915966227e+00 4.352077272598621e+00 3.625144749993972e+01
1.490999999999956e-02 4.340171112100753e+00 4.307813638898338e+00 4.352015249000881e+00 3.625135246249287e+01
1.491999999999956e-02 4.340148487860472e+00 4.307898081494024e+00 4.351953430645477e+00 3.625125772847683e+01
1.492999999999956e-02 4.340125938465974e+00 4.307982244680829e+00 4.351891816853169e+00 3.625116329696082e+01
1.493999999999956e-02 4.340103463669771e+00 4.308066129383231e+00 4.351830406946971e+00 3.625106916701662e+01
1.494999999999956e-02 4.340081063225194e+00 4.308149736522647e+00 4.351769200252133e+00 3.625097533771862e+01
1.495999999999956e-02 4.340058736886387e+00 4.308233067017444e+00 4.351708196096142e+00 3.625088180814380e+01
1.496999999999956e-02 4.340036484408307e+00 4.308316121782957e+00 4.351647393808710e+00 3.625078857737171e+01
1.497999999999956e-02 4.340014305546719e+00 4.308398901731486e+00 4.351586792721768e+00 3.625069564448444e+01
1.498999999999956e-02 4.339992200058195e+00 4.308481407772319e+00 4.351526392169459e+00 3.625060300856671e+01
1.499999999999956e-02 4.339970167700110e+00 4.308563640811732e+00 4.351466191488131e+00 3.625051066870572e+01
1.500999999999956e-02 4.339948208230640e+00 4.308645601753005e+00 4.351406190016327e+00 3.625041862399129e+01
1.501999999999956e-02 4.339926321408762e+00 4.308727291496428e+00 4.351346387094782e+00 3.625032687351577e+01
1.502999999999956e-02 4.339904506994246e+00 4.308808710939314e+00 4.351286782066413e+00 3.625023541637405e+01
1.503999999999956e-02 4.339882764747657e+00 4.308889860976007e+00 4.351227374276309e+00 3.625014425166358e+01
1.504999999999956e-02 4.339861094430348e+00 4.308970742497892e+00 4.351168163071732e+00 3.625005337848431e+01
1.505999999999955e-02 4.339839495804464e+00 4.309051356393406e+00 4.351109147802103e+00 3.624996279593875e+01
1.506999999999955e-02 4.339817968632931e+00 4.309131703548046e+00 4.351050327818995e+00 3.624987250313191e+01
1.507999999999955e-02 4.339796512679462e+00 4.309211784844381e+00 4.350991702476128e+00 3.624978249917134e+01
1.508999999999955e-02 4.339775127708548e+00 4.309291601162059e+00 4.350933271129365e+00 3.624969278316708e+01
1.509999999999955e-02 4.339753813485459e+00 4.309371153377819e+00 4.350875033136696e+00 3.624960335423169e+01
1.510999999999955e-02 4.339732569776237e+00 4.309450442365497e+00 4.350816987858240e+00 3.624951421148024e+01
1.511999999999955e-02 4.339711396347701e+00 4.309529468996041e+00 4.350759134656232e+00 3.624942535403028e+01
1.512999999999955e-02 4.339690292967436e+00 4.309608234137515e+00 4.350701472895020e+00 3.624933678100187e+01
1.513999999999955e-02 4.339669259403799e+00 4.309686738655117e+00 4.350644001941056e+00 3.624924849151752e+01
1.514999999999955e-02 4.339648295425908e+00 4.309764983411175e+00 4.350586721162888e+00 3.624916048470227e+01
1.515999999999955e-02 4.339627400803646e+00 4.309842969265170e+00 4.350529629931156e+00 3.624907275968359e+01
1.516999999999955e-02 4.339606575307655e+00 4.309920697073736e+00 4.350472727618581e+00 3.624898531559145e+01
1.517999999999955e-02 4.339585818709334e+00 4.309998167690675e+00 4.350416013599962e+00 3.624889815155828e+01
1.518999999999955e-02 4.339565130780838e+00 4.310075381966963e+00 4.350359487252168e+00 3.624881126671895e+01
1.519999999999955e-02 4.339544511295075e+00 4.310152340750764e+00 4.350303147954132e+00 3.624872466021080e+01
1.520999999999955e-02 4.339523960025701e+00 4.310229044887432e+00 4.350246995086838e+00 3.624863833117361e+01
1.521999999999955e-02 4.339503476747121e+00 4.310305495219527e+00 4.350191028033324e+00 3.624855227874961e+01
1.522999999999955e-02 4.339483061234484e+00 4.310381692586820e+00 4.350135246178668e+00 3.624846650208347e+01
1.523999999999955e-02 4.339462713263684e+00 4.310457637826304e+00 4.350079648909983e+00 3.624838100032230e+01
1.524999999999955e-02 4.339442432611354e+00 4.310533331772204e+00 4.350024235616414e+00 3.624829577261559e+01
1.525999999999955e-02 4.339422219054863e+00 4.310608775255984e+00 4.349969005689124e+00 3.624821081811530e+01
1.526999999999955e-02 4.339402072372319e+00 4.310683969106358e+00 4.349913958521294e+00 3.624812613597580e+01
1.527999999999955e-02 4.339381992342559e+00 4.310758914149299e+00 4.349859093508113e+00 3.624804172535384e+01
1.528999999999955e-02 4.339361978745153e+00 4.310833611208046e+00 4.349804410046771e+00 3.624795758540860e+01
1.529999999999954e-02 4.339342031360399e+00 4.310908061103114e+00 4.349749907536457e+00 3.624787371530166e+01
1.530999999999954e-02 4.339322149969320e+00 4.310982264652306e+00 4.349695585378344e+00 3.624779011419698e+01
1.531999999999954e-02 4.339302334353663e+00 4.311056222670718e+00 4.349641442975589e+00 3.624770678126093e+01
1.532999999999954e-02 4.339282584295896e+00 4.311129935970749e+00 4.349587479733326e+00 3.624762371566224e+01
1.533999999999954e-02 4.339262899579205e+00 4.311203405362111e+00 4.349533695058656e+00 3.624754091657204e+01
1.534999999999954e-02 4.339243279987491e+00 4.311276631651836e+00 4.349480088360645e+00 3.624745838316382e+01
1.535999999999954e-02 4.339223725305371e+00 4.311349615644287e+00 4.349426659050313e+00 3.624737611461342e+01
1.536999999999954e-02 4.339204235318173e+00 4.311422358141168e+00 4.349373406540630e+00 3.624729411009908e+01
1.537999999999954e-02 4.339184809811935e+00 4.311494859941526e+00 4.349320330246511e+00 3.624721236880138e+01
1.538999999999954e-02 4.339165448573400e+00 4.311567121841768e+00 4.349267429584804e+00 3.624713088990323e+01
1.539999999999954e-02 4.339146151390016e+00 4.311639144635666e+00 4.349214703974290e+00 3.624704967258991e+01
1.540999999999954e-02 4.339126918049934e+00 4.311710929114363e+00 4.349162152835675e+00 3.624696871604905e+01
1.541999999999954e-02 4.339107748342005e+00 4.311782476066389e+00 4.349109775591578e+00 3.624688801947057e+01
1.542999999999954e-02 4.339088642055776e+00 4.311853786277663e+00 4.349057571666534e+00 3.624680758204678e+01
1.543999999999954e-02 4.339069598981491e+00 4.311924860531502e+00 4.349005540486980e+00 3.624672740297226e+01
1.544999999999954e-02 4.339050618910087e+00 4.311995699608635e+00 4.348953681481252e+00 3.624664748144394e+01
1.545999999999954e-02 4.339031701633189e+00 4.312066304287207e+00 4.348901994079578e+00 3.624656781666106e+01
1.546999999999954e-02 4.339012846943114e+00 4.312136675342786e+00 4.348850477714074e+00 3.624648840782516e+01
1.547999999999954e-02 4.338994054632863e+00 4.312206813548377e+00 4.348799131818734e+00 3.624640925414008e+01
1.548999999999954e-02 4.338975324496123e+00 4.312276719674426e+00 4.348747955829425e+00 3.624633035481198e+01
1.549999999999954e-02 4.338956656327260e+00 4.312346394488833e+00 4.348696949183881e+00 3.624625170904928e+01
1.550999999999954e-02 4.338938049921320e+00 4.312415838756955e+00 4.348646111321700e+00 3.624617331606270e+01
1.551999999999954e-02 4.338919505074029e+00 4.312485053241615e+00 4.348595441684331e+00 3.624609517506526e+01
1.552999999999954e-02 4.338901021581784e+00 4.312554038703116e+00 4.348544939715075e+00 3.624601728527222e+01
1.553999999999954e-02 4.338882599241658e+00 4.312622795899244e+00 4.348494604859074e+00 3.624593964590115e+01
1.554999999999953e-02 4.338864237851392e+00 4.312691325585277e+00 4.348444436563308e+00 3.624586225617186e+01
1.555999999999953e-02 4.338845937209396e+00 4.312759628513997e+00 4.348394434276583e+00 3.624578511530642e+01
1.556999999999953e-02 4.338827697114747e+00 4.312827705435692e+00 4.348344597449537e+00 3.624570822252916e+01
1.557999999999953e-02 4.338809517367186e+00 4.312895557098171e+00 4.348294925534621e+00 3.624563157706665e+01
1.558999999999953e-02 4.338791397767114e+00 4.312963184246766e+00 4.348245417986098e+00 3.624555517814775e+01
1.559999999999953e-02 4.338773338115593e+00 4.313030587624345e+00 4.348196074260040e+00 3.624547902500348e+01
1.560999999999953e-02 4.338755338214342e+00 4.313097767971318e+00 4.348146893814318e+00 3.624540311686717e+01
1.561999999999953e-02 4.338737397865735e+00 4.313164726025645e+00 4.348097876108597e+00 3.624532745297432e+01
1.562999999999953e-02 4.338719516872800e+00 4.313231462522845e+00 4.348049020604333e+00 3.624525203256268e+01
1.563999999999953e-02 4.338701695039215e+00 4.313297978196002e+00 4.348000326764761e+00 3.624517685487221e+01
1.564999999999953e-02 4.338683932169307e+00 4.313364273775776e+00 4.347951794054895e+00 3.624510191914510e+01
1.565999999999953e-02 4.338666228068049e+00 4.313430349990410e+00 4.347903421941518e+00 3.624502722462573e+01
1.566999999999953e-02 4.338648582541059e+00 4.313496207565739e+00 4.347855209893179e+00 3.624495277056067e+01
1.567999999999953e-02 4.338630995394598e+00 4.313561847225191e+00 4.347807157380188e+00 3.624487855619871e+01
1.568999999999953e-02 4.338613466435566e+00 4.313627269689808e+00 4.347759263874604e+00 3.624480458079082e+01
1.569999999999953e-02 4.338595995471501e+00 4.313692475678240e+00 4.347711528850236e+00 3.624473084359015e+01
1.570999999999953e-02 4.338578582310580e+00 4.313757465906763e+00 4.347663951782635e+00 3.624465734385205e+01
1.571999999999953e-02 4.338561226761610e+00 4.313822241089283e+00 4.347616532149086e+00 3.624458408083401e+01
1.572999999999953e-02 4.338543928634031e+00 4.313886801937342e+00 4.347569269428606e+00 3.624451105379573e+01
1.573999999999953e-02 4.338526687737914e+00 4.313951149160131e+00 4.347522163101933e+00 3.624443826199904e+01
1.574999999999953e-02 4.338509503883957e+00 4.314015283464492e+00 4.347475212651529e+00 3.624436570470797e+01
1.575999999999953e-02 4.338492376883484e+00 4.314079205554929e+00 4.347428417561565e+00 3.624429338118866e+01
1.576999999999953e-02 4.338475306548442e+00 4.314142916133616e+00 4.347381777317919e+00 3.624422129070943e+01
1.577999999999953e-02 4.338458292691399e+00 4.314206415900404e+00 4.347335291408173e+00 3.624414943254071e+01
1.578999999999953e-02 4.338441335125545e+00 4.314269705552827e+00 4.347288959321606e+00 3.624407780595511e+01
1.579999999999953e-02 4.338424433664683e+00 4.314332785786112e+00 4.347242780549182e+00 3.624400641022735e+01
1.580999999999953e-02 4.338407588123235e+00 4.314395657293186e+00 4.347196754583556e+00 3.624393524463427e+01
1.581999999999953e-02 4.338390798316235e+00 4.314458320764684e+00 4.347150880919058e+00 3.624386430845484e+01
1.582999999999953e-02 4.338374064059329e+00 4.314520776888955e+00 4.347105159051693e+00 3.624379360097016e+01
1.583999999999952e-02 4.338357385168772e+00 4.314583026352071e+00 4.347059588479134e+00 3.624372312146343e+01
1.584999999999952e-02 4.338340761461426e+00 4.314645069837835e+00 4.347014168700716e+00 3.624365286921996e+01
1.585999999999952e-02 4.338324192754758e+00 4.314706908027786e+00 4.346968899217434e+00 3.624358284352716e+01
1.586999999999952e-02 4.338307678866840e+00 4.314768541601208e+00 4.346923779531931e+00 3.624351304367453e+01
1.587999999999952e-02 4.338291219616342e+00 4.314829971235141e+00 4.346878809148496e+00 3.624344346895368e+01
1.588999999999952e-02 4.338274814822537e+00 4.314891197604379e+00 4.346833987573063e+00 3.624337411865828e+01
1.589999999999952e-02 4.338258464305293e+00 4.314952221381490e+00 4.346789314313196e+00 3.624330499208410e+01
1.590999999999952e-02 4.338242167885075e+00 4.315013043236811e+00 4.346744788878093e+00 3.624323608852899e+01
1.591999999999952e-02 4.338225925382940e+00 4.315073663838466e+00 4.346700410778573e+00 3.624316740729284e+01
1.592999999999952e-02 4.338209736620537e+00 4.315134083852366e+00 4.346656179527078e+00 3.624309894767764e+01
1.593999999999952e-02 4.338193601420104e+00 4.315194303942217e+00 4.346612094637658e+00 3.624303070898745e+01
1.594999999999952e-02 4.338177519604468e+00 4.315254324769534e+00 4.346568155625977e+00 3.624296269052832e+01
1.595999999999952e-02 4.338161490997041e+00 4.315314146993639e+00 4.346524362009300e+00 3.624289489160842e+01
1.596999999999952e-02 4.338145515421818e+00 4.315373771271675e+00 4.346480713306487e+00 3.624282731153792e+01
1.597999999999952e-02 4.338129592703377e+00 4.315433198258609e+00 4.346437209037995e+00 3.624275994962905e+01
1.598999999999952e-02 4.338113722666873e+00 4.315492428607242e+00 4.346393848725865e+00 3.624269280519608e+01
1.599999999999952e-02 4.338097905138043e+00 4.315551462968215e+00 4.346350631893721e+00 3.624262587755528e+01
1.600999999999952e-02 4.338082139943198e+00 4.315610301990018e+00 4.346307558066764e+00 3.624255916602498e+01
1.601999999999952e-02 4.338066426909222e+00 4.315668946318993e+00 4.346264626771765e+00 3.624249266992551e+01
1.602999999999952e-02 4.338050765863574e+00 4.315727396599343e+00 4.346221837537063e+00 3.624242638857921e+01
1.603999999999952e-02 4.338035156634281e+00 4.315785653473143e+00 4.346179189892556e+00 3.624236032131045e+01
1.604999999999952e-02 4.338019599049940e+00 4.315843717580341e+00 4.346136683369700e+00 3.624229446744557e+01
1.605999999999952e-02 4.338004092939713e+00 4.315901589558768e+00 4.346094317501501e+00 3.624222882631295e+01
1.606999999999952e-02 4.337988638133327e+00 4.315959270044146e+00 4.346052091822509e+00 3.624216339724292e+01
1.607999999999951e-02 4.337973234461074e+00 4.316016759670092e+00 4.346010005868816e+00 3.624209817956783e+01
1.608999999999951e-02 4.337957881753805e+00 4.316074059068127e+00 4.345968059178050e+00 3.624203317262200e+01
1.609999999999951e-02 4.337942579842931e+00 4.316131168867683e+00 4.345926251289368e+00 3.624196837574173e+01
1.610999999999951e-02 4.337927328560420e+00 4.316188089696110e+00 4.345884581743453e+00 3.624190378826531e+01
1.611999999999951e-02 4.337912127738796e+00 4.316244822178681e+00 4.345843050082507e+00 3.624183940953297e+01
1.612999999999951e-02 4.337896977211135e+00 4.316301366938601e+00 4.345801655850249e+00 3.624177523888692e+01
1.613999999999951e-02 4.337881876811066e+00 4.316357724597013e+00 4.345760398591906e+00 3.624171127567133e+01
1.614999999999951e-02 4.337866826372768e+00 4.316413895773005e+00 4.345719277854211e+00 3.624164751923232e+01
1.615999999999951e-02 4.337851825730970e+00 4.316469881083617e+00 4.345678293185397e+00 3.624158396891794e+01
1.616999999999951e-02 4.337836874720943e+00 4.316525681143847e+00 4.345637444135194e+00 3.624152062407821e+01
1.617999999999951e-02 4.337821973178507e+00 4.316581296566658e+00 4.345596730254820e+00 3.624145748406509e+01
1.618999999999951e-02 4.337807120940023e+00 4.316636727962984e+00 4.345556151096979e+00 3.624139454823244e+01
1.619999999999951e-02 4.337792317842392e+00 4.316691975941740e+00 4.345515706215854e+00 3.624133181593609e+01
1.620999999999951e-02 4.337777563723054e+00 4.316747041109826e+00 4.345475395167106e+00 3.624126928653375e+01
1.621999999999951e-02 4.337762858419989e+00 4.316801924072132e+00 4.345435217507864e+00 3.624120695938509e+01
1.622999999999951e-02 4.337748201771711e+00 4.316856625431548e+00 4.345395172796726e+00 3.624114483385166e+01
1.623999999999951e-02 4.337733593617268e+00 4.316911145788970e+00 4.345355260593748e+00 3.624108290929694e+01
1.624999999999951e-02 4.337719033796240e+00 4.316965485743303e+00 4.345315480460442e+00 3.624102118508630e+01
1.625999999999951e-02 4.337704522148737e+00 4.317019645891475e+00 4.345275831959773e+00 3.624095966058701e+01
1.626999999999951e-02 4.337690058515399e+00 4.317073626828434e+00 4.345236314656151e+00 3.624089833516825e+01
1.627999999999951e-02 4.337675642737392e+00 4.317127429147164e+00 4.345196928115429e+00 3.624083720820105e+01
1.628999999999951e-02 4.337661274656408e+00 4.317181053438683e+00 4.345157671904894e+00 3.624077627905838e+01
1.629999999999951e-02 4.337646954114659e+00 4.317234500292057e+00 4.345118545593268e+00 3.624071554711505e+01
1.630999999999951e-02 4.337632680954883e+00 4.317287770294401e+00 4.345079548750699e+00 3.624065501174774e+01
1.631999999999951e-02 4.337618455020337e+00 4.317340864030888e+00 4.345040680948759e+00 3.624059467233501e+01
1.632999999999950e-02 4.337604276154794e+00 4.317393782084756e+00 4.345001941760435e+00 3.624053452825729e+01
1.633999999999950e-02 4.337590144202546e+00 4.317446525037310e+00 4.344963330760130e+00 3.624047457889687e+01
1.634999999999950e-02 4.337576059008397e+00 4.317499093467934e+00 4.344924847523655e+00 3.624041482363788e+01
1.635999999999950e-02 4.337562020417667e+00 4.317551487954097e+00 4.344886491628222e+00 3.624035526186631e+01
1.636999999999950e-02 4.337548028276187e+00 4.317603709071353e+00 4.344848262652447e+00 3.624029589296998e+01
1.637999999999950e-02 4.337534082430296e+00 4.317655757393354e+00 4.344810160176338e+00 3.624023671633857e+01
1.638999999999950e-02 4.337520182726842e+00 4.317707633491855e+00 4.344772183781291e+00 3.624017773136359e+01
1.639999999999950e-02 4.337506329013181e+00 4.317759337936717e+00 4.344734333050091e+00 3.624011893743836e+01
1.640999999999950e-02 4.337492521137170e+00 4.317810871295917e+00 4.344696607566902e+00 3.624006033395806e+01
1.641999999999950e-02 4.337478758947173e+00 4.317862234135553e+00 4.344659006917264e+00 3.624000192031964e+01
1.642999999999950e-02 4.337465042292052e+00 4.317913427019849e+00 4.344621530688089e+00 3.623994369592192e+01
1.643999999999950e-02 4.337451371021172e+00 4.317964450511162e+00 4.344584178467657e+00 3.623988566016551e+01
1.644999999999950e-02 4.337437744984393e+00 4.318015305169989e+00 4.344546949845608e+00 3.623982781245280e+01
1.645999999999950e-02 4.337424164032074e+00 4.318065991554972e+00 4.344509844412944e+00 3.623977015218802e+01
1.646999999999950e-02 4.337410628015067e+00 4.318116510222906e+00 4.344472861762016e+00 3.623971267877718e+01
1.647999999999950e-02 4.337397136784717e+00 4.318166861728743e+00 4.344436001486529e+00 3.623965539162806e+01
1.648999999999950e-02 4.337383690192863e+00 4.318217046625598e+00 4.344399263181528e+00 3.623959829015027e+01
1.649999999999950e-02 4.337370288091831e+00 4.318267065464757e+00 4.344362646443401e+00 3.623954137375517e+01
1.650999999999950e-02 4.337356930334438e+00 4.318316918795681e+00 4.344326150869871e+00 3.623948464185590e+01
1.651999999999950e-02 4.337343616773985e+00 4.318366607166013e+00 4.344289776059992e+00 3.623942809386739e+01
1.652999999999950e-02 4.337330347264259e+00 4.318416131121585e+00 4.344253521614145e+00 3.623937172920632e+01
1.653999999999950e-02 4.337317121659531e+00 4.318465491206423e+00 4.344217387134035e+00 3.623931554729113e+01
1.654999999999950e-02 4.337303939814555e+00 4.318514687962752e+00 4.344181372222682e+00 3.623925954754205e+01
1.655999999999950e-02 4.337290801584562e+00 4.318563721931004e+00 4.344145476484423e+00 3.623920372938102e+01
1.656999999999949e-02 4.337277706825264e+00 4.318612593649823e+00 4.344109699524902e+00 3.623914809223174e+01
1.657999999999949e-02 4.337264655392851e+00 4.318661303656068e+00 4.344074040951070e+00 3.623909263551970e+01
1.658999999999949e-02 4.337251647143987e+00 4.318709852484825e+00 4.344038500371177e+00 3.623903735867206e+01
1.659999999999949e-02 4.337238681935808e+00 4.318758240669410e+00 4.344003077394770e+00 3.623898226111775e+01
1.660999999999949e-02 4.337225759625928e+00 4.318806468741372e+00 4.343967771632689e+00 3.623892734228744e+01
1.661999999999949e-02 4.337212880072426e+00 4.318854537230502e+00 4.343932582697062e+00 3.623887260161351e+01
1.662999999999949e-02 4.337200043133854e+00 4.318902446664836e+00 4.343897510201300e+00 3.623881803853006e+01
1.663999999999949e-02 4.337187248669230e+00 4.318950197570667e+00 4.343862553760092e+00 3.623876365247291e+01
1.664999999999949e-02 4.337174496538039e+00 4.318997790472547e+00 4.343827712989405e+00 3.623870944287959e+01
1.665999999999949e-02 4.337161786600230e+00 4.319045225893285e+00 4.343792987506474e+00 3.623865540918934e+01
1.666999999999949e-02 4.337149118716217e+00 4.319092504353970e+00 4.343758376929803e+00 3.623860155084310e+01
1.667999999999949e-02 4.337136492746872e+00 4.319139626373960e+00 4.343723880879158e+00 3.623854786728350e+01
1.668999999999949e-02 4.337123908553530e+00 4.319186592470897e+00 4.343689498975563e+00 3.623849435795487e+01
1.669999999999949e-02 4.337111365997984e+00 4.319233403160711e+00 4.343655230841295e+00 3.623844102230323e+01
1.670999999999949e-02 4.337098864942483e+00 4.319280058957623e+00 4.343621076099884e+00 3.623838785977630e+01
1.671999999999949e-02 4.337086405249734e+00 4.319326560374154e+00 4.343587034376103e+00 3.623833486982343e+01
1.672999999999949e-02 4.337073986782895e+00 4.319372907921128e+00 4.343553105295968e+00 3.623828205189569e+01
1.673999999999949e-02 4.337061609405577e+00 4.319419102107681e+00 4.343519288486733e+00 3.623822940544582e+01
1.674999999999949e-02 4.337049272981845e+00 4.319465143441263e+00 4.343485583576883e+00 3.623817692992819e+01
1.675999999999949e-02 4.337036977376210e+00 4.319511032427644e+00 4.343451990196137e+00 3.623812462479888e+01
1.676999999999949e-02 4.337024722453633e+00 4.319556769570922e+00 4.343418507975436e+00 3.623807248951557e+01
1.677999999999949e-02 4.337012508079521e+00 4.319602355373527e+00 4.343385136546943e+00 3.623802052353762e+01
1.678999999999949e-02 4.337000334119726e+00 4.319647790336226e+00 4.343351875544038e+00 3.623796872632606e+01
1.679999999999949e-02 4.336988200440545e+00 4.319693074958129e+00 4.343318724601317e+00 3.623791709734352e+01
1.680999999999949e-02 4.336976106908714e+00 4.319738209736697e+00 4.343285683354580e+00 3.623786563605430e+01
1.681999999999948e-02 4.336964053391412e+00 4.319783195167741e+00 4.343252751440837e+00 3.623781434192432e+01
1.682999999999948e-02 4.336952039756257e+00 4.319828031745433e+00 4.343219928498298e+00 3.623776321442114e+01
1.683999999999948e-02 4.336940065871306e+00 4.319872719962312e+00 4.343187214166370e+00 3.623771225301392e+01
1.684999999999948e-02 4.336928131605050e+00 4.319917260309285e+00 4.343154608085653e+00 3.623766145717346e+01
1.685999999999948e-02 4.336916236826416e+00 4.319961653275636e+00 4.343122109897936e+00 3.623761082637219e+01
1.686999999999948e-02 4.336904381404764e+00 4.320005899349029e+00 4.343089719246195e+00 3.623756036008412e+01
1.687999999999948e-02 4.336892565209888e+00 4.320049999015516e+00 4.343057435774585e+00 3.623751005778488e+01
1.688999999999948e-02 4.336880788112009e+00 4.320093952759538e+00 4.343025259128441e+00 3.623745991895172e+01
1.689999999999948e-02 4.336869049981781e+00 4.320137761063935e+00 4.342993188954272e+00 3.623740994306347e+01
1.690999999999948e-02 4.336857350690284e+00 4.320181424409951e+00 4.342961224899754e+00 3.623736012960053e+01
1.691999999999948e-02 4.336845690109024e+00 4.320224943277235e+00 4.342929366613730e+00 3.623731047804495e+01
1.692999999999948e-02 4.336834068109931e+00 4.320268318143850e+00 4.342897613746208e+00 3.623726098788031e+01
1.693999999999948e-02 4.336822484565362e+00 4.320311549486277e+00 4.342865965948351e+00 3.623721165859180e+01
1.694999999999948e-02 4.336810939348092e+00 4.320354637779421e+00 4.342834422872476e+00 3.623716248966618e+01
1.695999999999948e-02 4.336799432331321e+00 4.320397583496615e+00 4.342802984172054e+00 3.623711348059177e+01
1.696999999999948e-02 4.336787963388666e+00 4.320440387109626e+00 4.342771649501699e+00 3.623706463085846e+01
1.697999999999948e-02 4.336776532394160e+00 4.320483049088660e+00 4.342740418517170e+00 3.623701593995774e+01
1.698999999999948e-02 4.336765139222257e+00 4.320525569902367e+00 4.342709290875366e+00 3.623696740738261e+01
1.699999999999948e-02 4.336753783747824e+00 4.320567950017848e+00 4.342678266234319e+00 3.623691903262763e+01
1.700999999999948e-02 4.336742465846140e+00 4.320610189900656e+00 4.342647344253194e+00 3.623687081518895e+01
1.701999999999948e-02 4.336731185392900e+00 4.320652290014806e+00 4.342616524592285e+00 3.623682275456422e+01
1.702999999999948e-02 4.336719942264208e+00 4.320694250822775e+00 4.342585806913007e+00 3.623677485025267e+01
1.703999999999948e-02 4.336708736336578e+00 4.320736072785512e+00 4.342555190877900e+00 3.623672710175502e+01
1.704999999999948e-02 4.336697567486933e+00 4.320777756362440e+00 4.342524676150617e+00 3.623667950857357e+01
1.705999999999947e-02 4.336686435592602e+00 4.320819302011462e+00 4.342494262395926e+00 3.623663207021212e+01
1.706999999999947e-02 4.336675340531322e+00 4.320860710188966e+00 4.342463949279702e+00 3.623658478617602e+01
1.707999999999947e-02 4.336664282181231e+00 4.320901981349830e+00 4.342433736468930e+00 3.623653765597211e+01
1.708999999999947e-02 4.336653260420873e+00 4.320943115947427e+00 4.342403623631693e+00 3.623649067910875e+01
1.709999999999947e-02 4.336642275129191e+00 4.320984114433627e+00 4.342373610437173e+00 3.623644385509585e+01
1.710999999999947e-02 4.336631326185531e+00 4.321024977258811e+00 4.342343696555649e+00 3.623639718344477e+01
1.711999999999947e-02 4.336620413469637e+00 4.321065704871865e+00 4.342313881658489e+00 3.623635066366841e+01
1.712999999999947e-02 4.336609536861651e+00 4.321106297720189e+00 4.342284165418150e+00 3.623630429528117e+01
1.713999999999947e-02 4.336598696242111e+00 4.321146756249707e+00 4.342254547508173e+00 3.623625807779893e+01
1.714999999999947e-02 4.336587891491949e+00 4.321187080904864e+00 4.342225027603177e+00 3.623621201073906e+01
1.715999999999947e-02 4.336577122492494e+00 4.321227272128637e+00 4.342195605378859e+00 3.623616609362042e+01
1.716999999999947e-02 4.336566389125465e+00 4.321267330362535e+00 4.342166280511991e+00 3.623612032596336e+01
1.717999999999947e-02 4.336555691272972e+00 4.321307256046606e+00 4.342137052680412e+00 3.623607470728972e+01
1.718999999999947e-02 4.336545028817516e+00 4.321347049619445e+00 4.342107921563029e+00 3.623602923712277e+01
1.719999999999947e-02 4.336534401641987e+00 4.321386711518192e+00 4.342078886839811e+00 3.623598391498728e+01
1.720999999999947e-02 4.336523809629661e+00 4.321426242178544e+00 4.342049948191786e+00 3.623593874040949e+01
1.721999999999947e-02 4.336513252664201e+00 4.321465642034753e+00 4.342021105301036e+00 3.623589371291708e+01
1.722999999999947e-02 4.336502730629653e+00 4.321504911519638e+00 4.341992357850699e+00 3.623584883203920e+01
1.723999999999947e-02 4.336492243410451e+00 4.321544051064583e+00 4.341963705524956e+00 3.623580409730647e+01
1.724999999999947e-02 4.336481790891406e+00 4.321583061099545e+00 4.341935148009039e+00 3.623575950825092e+01
1.725999999999947e-02 4.336471372957712e+00 4.321621942053060e+00 4.341906684989217e+00 3.623571506440607e+01
1.726999999999947e-02 4.336460989494945e+00 4.321660694352243e+00 4.341878316152800e+00 3.623567076530683e+01
1.727999999999947e-02 4.336450640389057e+00 4.321699318422799e+00 4.341850041188132e+00 3.623562661048959e+01
1.728999999999947e-02 4.336440325526377e+00 4.321737814689023e+00 4.341821859784588e+00 3.623558259949215e+01
1.729999999999947e-02 4.336430044793611e+00 4.321776183573806e+00 4.341793771632570e+00 3.623553873185374e+01
1.730999999999946e-02 4.336419798077840e+00 4.321814425498640e+00 4.341765776423507e+00 3.623549500711503e+01
1.731999999999946e-02 4.336409585266517e+00 4.321852540883622e+00 4.341737873849848e+00 3.623545142481811e+01
1.732999999999946e-02 4.336399406247468e+00 4.321890530147460e+00 4.341710063605059e+00 3.623540798450644e+01
1.733999999999946e-02 4.336389260908890e+00 4.321928393707476e+00 4.341682345383621e+00 3.623536468572497e+01
1.734999999999946e-02 4.336379149139351e+00 4.321966131979610e+00 4.341654718881025e+00 3.623532152801999e+01
1.735999999999946e-02 4.336369070827786e+00 4.322003745378429e+00 4.341627183793771e+00 3.623527851093922e+01
1.736999999999946e-02 4.336359025863499e+00 4.322041234317123e+00 4.341599739819364e+00 3.623523563403179e+01
1.737999999999946e-02 4.336349014136157e+00 4.322078599207519e+00 4.341572386656309e+00 3.623519289684821e+01
1.738999999999946e-02 4.336339035535796e+00 4.322115840460082e+00 4.341545124004107e+00 3.623515029894040e+01
1.739999999999946e-02 4.336329089952813e+00 4.322152958483915e+00 4.341517951563257e+00 3.623510783986166e+01
1.740999999999946e-02 4.336319177277969e+00 4.322189953686771e+00 4.341490869035246e+00 3.623506551916667e+01
1.741999999999946e-02 4.336309297402384e+00 4.322226826475052e+00 4.341463876122551e+00 3.623502333641148e+01
1.742999999999946e-02 4.336299450217542e+00 4.322263577253814e+00 4.341436972528631e+00 3.623498129115355e+01
1.743999999999946e-02 4.336289635615282e+00 4.322300206426775e+00 4.341410157957928e+00 3.623493938295169e+01
1.744999999999946e-02 4.336279853487802e+00 4.322336714396318e+00 4.341383432115864e+00 3.623489761136607e+01
1.745999999999946e-02 4.336270103727659e+00 4.322373101563493e+00 4.341356794708833e+00 3.623485597595823e+01
1.746999999999946e-02 4.336260386227763e+00 4.322409368328021e+00 4.341330245444201e+00 3.623481447629109e+01
1.747999999999946e-02 4.336250700881378e+00 4.322445515088304e+00 4.341303784030304e+00 3.623477311192890e+01
1.748999999999946e-02 4.336241047582123e+00 4.322481542241423e+00 4.341277410176439e+00 3.623473188243729e+01
1.749999999999946e-02 4.336231426223967e+00 4.322517450183148e+00 4.341251123592871e+00 3.623469078738322e+01
1.750999999999946e-02 4.336221836701229e+00 4.322553239307937e+00 4.341224923990818e+00 3.623464982633500e+01
1.751999999999946e-02 4.336212278908580e+00 4.322588910008944e+00 4.341198811082459e+00 3.623460899886228e+01
1.752999999999946e-02 4.336202752741039e+00 4.322624462678022e+00 4.341172784580922e+00 3.623456830453605e+01
1.753999999999946e-02 4.336193258093972e+00 4.322659897705727e+00 4.341146844200285e+00 3.623452774292862e+01
1.754999999999945e-02 4.336183794863089e+00 4.322695215481324e+00 4.341120989655571e+00 3.623448731361366e+01
1.755999999999945e-02 4.336174362944448e+00 4.322730416392787e+00 4.341095220662750e+00 3.623444701616614e+01
1.756999999999945e-02 4.336164962234448e+00 4.322765500826810e+00 4.341069536938726e+00 3.623440685016237e+01
1.757999999999945e-02 4.336155592629834e+00 4.322800469168804e+00 4.341043938201346e+00 3.623436681517996e+01
1.758999999999945e-02 4.336146254027690e+00 4.322835321802908e+00 4.341018424169386e+00 3.623432691079785e+01
1.759999999999945e-02 4.336136946325441e+00 4.322870059111988e+00 4.340992994562555e+00 3.623428713659627e+01
1.760999999999945e-02 4.336127669420852e+00 4.322904681477644e+00 4.340967649101489e+00 3.623424749215678e+01
1.761999999999945e-02 4.336118423212026e+00 4.322939189280211e+00 4.340942387507748e+00 3.623420797706224e+01
1.762999999999945e-02 4.336109207597402e+00 4.322973582898769e+00 4.340917209503814e+00 3.623416859089680e+01
1.763999999999945e-02 4.336100022475756e+00 4.323007862711143e+00 4.340892114813086e+00 3.623412933324590e+01
1.764999999999945e-02 4.336090867746197e+00 4.323042029093906e+00 4.340867103159881e+00 3.623409020369629e+01
1.765999999999945e-02 4.336081743308172e+00 4.323076082422386e+00 4.340842174269427e+00 3.623405120183599e+01
1.766999999999945e-02 4.336072649061457e+00 4.323110023070670e+00 4.340817327867859e+00 3.623401232725431e+01
1.767999999999945e-02 4.336063584906158e+00 4.323143851411604e+00 4.340792563682222e+00 3.623397357954187e+01
1.768999999999945e-02 4.336054550742718e+00 4.323177567816805e+00 4.340767881440462e+00 3.623393495829051e+01
1.769999999999945e-02 4.336045546471902e+00 4.323211172656658e+00 4.340743280871425e+00 3.623389646309339e+01
1.770999999999945e-02 4.336036571994808e+00 4.323244666300321e+00 4.340718761704856e+00 3.623385809354492e+01
1.771999999999945e-02 4.336027627212860e+00 4.323278049115732e+00 4.340694323671393e+00 3.623381984924079e+01
1.772999999999945e-02 4.336018712027807e+00 4.323311321469613e+00 4.340669966502565e+00 3.623378172977792e+01
1.773999999999945e-02 4.336009826341723e+00 4.323344483727470e+00 4.340645689930791e+00 3.623374373475453e+01
1.774999999999945e-02 4.336000970057007e+00 4.323377536253602e+00 4.340621493689374e+00 3.623370586377006e+01
1.775999999999945e-02 4.335992143076382e+00 4.323410479411100e+00 4.340597377512501e+00 3.623366811642521e+01
1.776999999999945e-02 4.335983345302890e+00 4.323443313561855e+00 4.340573341135237e+00 3.623363049232196e+01
1.777999999999945e-02 4.335974576639895e+00 4.323476039066561e+00 4.340549384293525e+00 3.623359299106349e+01
1.778999999999945e-02 4.335965836991082e+00 4.323508656284718e+00 4.340525506724182e+00 3.623355561225423e+01
1.779999999999944e-02 4.335957126260451e+00 4.323541165574637e+00 4.340501708164894e+00 3.623351835549986e+01
1.780999999999944e-02 4.335948444352325e+00 4.323573567293442e+00 4.340477988354215e+00 3.623348122040729e+01
1.781999999999944e-02 4.335939791171338e+00 4.323605861797076e+00 4.340454347031567e+00 3.623344420658466e+01
1.782999999999944e-02 4.335931166622442e+00 4.323638049440306e+00 4.340430783937233e+00 3.623340731364131e+01
1.783999999999944e-02 4.335922570610905e+00 4.323670130576722e+00 4.340407298812354e+00 3.623337054118785e+01
1.784999999999944e-02 4.335914003042306e+00 4.323702105558747e+00 4.340383891398930e+00 3.623333388883606e+01
1.785999999999944e-02 4.335905463822536e+00 4.323733974737634e+00 4.340360561439812e+00 3.623329735619897e+01
1.786999999999944e-02 4.335896952857799e+00 4.323765738463480e+00 4.340337308678703e+00 3.623326094289082e+01
1.787999999999944e-02 4.335888470054609e+00 4.323797397085216e+00 4.340314132860156e+00 3.623322464852703e+01
1.788999999999944e-02 4.335880015319789e+00 4.323828950950626e+00 4.340291033729567e+00 3.623318847272425e+01
1.789999999999944e-02 4.335871588560468e+00 4.323860400406336e+00 4.340268011033176e+00 3.623315241510031e+01
1.790999999999944e-02 4.335863189684087e+00 4.323891745797832e+00 4.340245064518061e+00 3.623311647527427e+01
1.791999999999944e-02 4.335854818598389e+00 4.323922987469452e+00 4.340222193932139e+00 3.623308065286635e+01
1.792999999999944e-02 4.335846475211425e+00 4.323954125764395e+00 4.340199399024161e+00 3.623304494749797e+01
1.793999999999944e-02 4.335838159431548e+00 4.323985161024727e+00 4.340176679543705e+00 3.623300935879175e+01
1.794999999999944e-02 4.335829871167415e+00 4.324016093591380e+00 4.340154035241185e+00 3.623297388637148e+01
1.795999999999944e-02 4.335821610327987e+00 4.324046923804159e+00 4.340131465867835e+00 3.623293852986213e+01
1.796999999999944e-02 4.335813376822522e+00 4.324077652001744e+00 4.340108971175716e+00 3.623290328888986e+01
1.797999999999944e-02 4.335805170560582e+00 4.324108278521694e+00 4.340086550917706e+00 3.623286816308197e+01
1.798999999999944e-02 4.335796991452026e+00 4.324138803700452e+00 4.340064204847504e+00 3.623283315206699e+01
1.799999999999944e-02 4.335788839407013e+00 4.324169227873348e+00 4.340041932719623e+00 3.623279825547454e+01
1.800999999999944e-02 4.335780714335998e+00 4.324199551374601e+00 4.340019734289386e+00 3.623276347293547e+01
1.801999999999944e-02 4.335772616149732e+00 4.324229774537325e+00 4.339997609312928e+00 3.623272880408175e+01
1.802999999999944e-02 4.335764544759261e+00 4.324259897693532e+00 4.339975557547191e+00 3.623269424854652e+01
1.803999999999943e-02 4.335756500075926e+00 4.324289921174135e+00 4.339953578749922e+00 3.623265980596405e+01
1.804999999999943e-02 4.335748482011363e+00 4.324319845308952e+00 4.339931672679668e+00 3.623262547596978e+01
1.805999999999943e-02 4.335740490477498e+00 4.324349670426710e+00 4.339909839095775e+00 3.623259125820032e+01
1.806999999999943e-02 4.335732525386549e+00 4.324379396855049e+00 4.339888077758387e+00 3.623255715229337e+01
1.807999999999943e-02 4.335724586651023e+00 4.324409024920523e+00 4.339866388428439e+00 3.623252315788780e+01
1.808999999999943e-02 4.335716674183718e+00 4.324438554948607e+00 4.339844770867659e+00 3.623248927462360e+01
1.809999999999943e-02 4.335708787897722e+00 4.324467987263699e+00 4.339823224838564e+00 3.623245550214192e+01
1.810999999999943e-02 4.335700927706407e+00 4.324497322189122e+00 4.339801750104455e+00 3.623242184008500e+01
1.811999999999943e-02 4.335693093523434e+00 4.324526560047131e+00 4.339780346429419e+00 3.623238828809622e+01
1.812999999999943e-02 4.335685285262749e+00 4.324555701158914e+00 4.339759013578320e+00 3.623235484582011e+01
1.813999999999943e-02 4.335677502838583e+00 4.324584745844598e+00 4.339737751316802e+00 3.623232151290228e+01
1.814999999999943e-02 4.335669746165450e+00 4.324613694423247e+00 4.339716559411286e+00 3.623228828898947e+01
1.815999999999943e-02 4.335662015158147e+00 4.324642547212871e+00 4.339695437628964e+00 3.623225517372954e+01
1.816999999999943e-02 4.335654309731753e+00 4.324671304530430e+00 4.339674385737798e+00 3.623222216677145e+01
1.817999999999943e-02 4.335646629801629e+00 4.324699966691832e+00 4.339653403506519e+00 3.623218926776526e+01
1.818999999999943e-02 4.335638975283415e+00 4.324728534011941e+00 4.339632490704624e+00 3.623215647636214e+01
1.819999999999943e-02 4.335631346093029e+00 4.324757006804579e+00 4.339611647102371e+00 3.623212379221435e+01
1.820999999999943e-02 4.335623742146669e+00 4.324785385382531e+00 4.339590872470779e+00 3.623209121497527e+01
1.821999999999943e-02 4.335616163360810e+00 4.324813670057544e+00 4.339570166581624e+00 3.623205874429934e+01
1.822999999999943e-02 4.335608609652202e+00 4.324841861140338e+00 4.339549529207440e+00 3.623202637984211e+01
1.823999999999943e-02 4.335601080937872e+00 4.324869958940599e+00 4.339528960121508e+00 3.623199412126021e+01
1.824999999999943e-02 4.335593577135120e+00 4.324897963766992e+00 4.339508459097866e+00 3.623196196821137e+01
1.825999999999943e-02 4.335586098161521e+00 4.324925875927163e+00 4.339488025911295e+00 3.623192992035435e+01
1.826999999999943e-02 4.335578643934921e+00 4.324953695727734e+00 4.339467660337323e+00 3.623189797734904e+01
1.827999999999943e-02 4.335571214373440e+00 4.324981423474316e+00 4.339447362152222e+00 3.623186613885637e+01
1.828999999999942e-02 4.335563809395467e+00 4.325009059471510e+00 4.339427131133001e+00 3.623183440453835e+01
1.829999999999942e-02 4.335556428919662e+00 4.325036604022906e+00 4.339406967057410e+00 3.623180277405807e+01
1.830999999999942e-02 4.335549072864954e+00 4.325064057431091e+00 4.339386869703932e+00 3.623177124707967e+01
1.831999999999942e-02 4.335541741150538e+00 4.325091419997651e+00 4.339366838851786e+00 3.623173982326833e+01
1.832999999999942e-02 4.335534433695882e+00 4.325118692023175e+00 4.339346874280920e+00 3.623170850229033e+01
1.833999999999942e-02 4.335527150420714e+00 4.325145873807253e+00 4.339326975772009e+00 3.623167728381299e+01
1.834999999999942e-02 4.335519891245032e+00 4.325172965648489e+00 4.339307143106454e+00 3.623164616750464e+01
1.835999999999942e-02 4.335512656089096e+00 4.325199967844497e+00 4.339287376066382e+00 3.623161515303471e+01
1.836999999999942e-02 4.335505444873430e+00 4.325226880691907e+00 4.339267674434638e+00 3.623158424007364e+01
1.837999999999942e-02 4.335498257518823e+00 4.325253704486364e+00 4.339248037994787e+00 3.623155342829295e+01
1.838999999999942e-02 4.335491093946325e+00 4.325280439522539e+00 4.339228466531111e+00 3.623152271736515e+01
1.839999999999942e-02 4.335483954077245e+00 4.325307086094127e+00 4.339208959828603e+00 3.623149210696382e+01
1.840999999999942e-02 4.335476837833156e+00 4.325333644493848e+00 4.339189517672970e+00 3.623146159676356e+01
1.841999999999942e-02 4.335469745135889e+00 4.325360115013458e+00 4.339170139850628e+00 3.623143118643999e+01
1.842999999999942e-02 4.335462675907533e+00 4.325386497943744e+00 4.339150826148698e+00 3.623140087566978e+01
1.843999999999942e-02 4.335455630070435e+00 4.325412793574533e+00 4.339131576355007e+00 3.623137066413060e+01
1.844999999999942e-02 4.335448607547200e+00 4.325439002194694e+00 4.339112390258085e+00 3.623134055150114e+01
1.845999999999942e-02 4.335441608260686e+00 4.325465124092136e+00 4.339093267647158e+00 3.623131053746113e+01
1.846999999999942e-02 4.335434632134008e+00 4.325491159553819e+00 4.339074208312153e+00 3.623128062169128e+01
1.847999999999942e-02 4.335427679090539e+00 4.325517108865752e+00 4.339055212043689e+00 3.623125080387335e+01
1.848999999999942e-02 4.335420749053899e+00 4.325542972312998e+00 4.339036278633083e+00 3.623122108369007e+01
1.849999999999942e-02 4.335413841947966e+00 4.325568750179676e+00 4.339017407872339e+00 3.623119146082519e+01
1.850999999999942e-02 4.335406957696866e+00 4.325594442748967e+00 4.338998599554148e+00 3.623116193496347e+01
1.851999999999942e-02 4.335400096224979e+00 4.325620050303113e+00 4.338979853471889e+00 3.623113250579065e+01
1.852999999999941e-02 4.335393257456933e+00 4.325645573123422e+00 4.338961169419624e+00 3.623110317299349e+01
1.853999999999941e-02 4.335386441317607e+00 4.325671011490273e+00 4.338942547192099e+00 3.623107393625970e+01
1.854999999999941e-02 4.335379647732128e+00 4.325696365683116e+00 4.338923986584735e+00 3.623104479527802e+01
1.855999999999941e-02 4.335372876625870e+00 4.325721635980476e+00 4.338905487393633e+00 3.623101574973818e+01
1.856999999999941e-02 4.335366127924455e+00 4.325746822659958e+00 4.338887049415568e+00 3.623098679933084e+01
1.857999999999941e-02 4.335359401553749e+00 4.325771925998245e+00 4.338868672447986e+00 3.623095794374772e+01
1.858999999999941e-02 4.335352697439866e+00 4.325796946271108e+00 4.338850356289005e+00 3.623092918268144e+01
1.859999999999941e-02 4.335346015509163e+00 4.325821883753405e+00 4.338832100737411e+00 3.623090051582565e+01
1.860999999999941e-02 4.335339355688241e+00 4.325846738719084e+00 4.338813905592656e+00 3.623087194287491e+01
1.861999999999941e-02 4.335332717903944e+00 4.325871511441184e+00 4.338795770654853e+00 3.623084346352484e+01
1.862999999999941e-02 4.335326102083355e+00 4.325896202191846e+00 4.338777695724779e+00 3.623081507747195e+01
1.863999999999941e-02 4.335319508153805e+00 4.325920811242305e+00 4.338759680603871e+00 3.623078678441373e+01
1.864999999999941e-02 4.335312936042858e+00 4.325945338862903e+00 4.338741725094219e+00 3.623075858404866e+01
1.865999999999941e-02 4.335306385678324e+00 4.325969785323084e+00 4.338723828998574e+00 3.623073047607613e+01
1.866999999999941e-02 4.335299856988247e+00 4.325994150891401e+00 4.338705992120334e+00 3.623070246019653e+01
1.867999999999941e-02 4.335293349900910e+00 4.326018435835521e+00 4.338688214263550e+00 3.623067453611116e+01
1.868999999999941e-02 4.335286864344837e+00 4.326042640422223e+00 4.338670495232923e+00 3.623064670352230e+01
1.869999999999941e-02 4.335280400248783e+00 4.326066764917404e+00 4.338652834833796e+00 3.623061896213315e+01
1.870999999999941e-02 4.335273957541742e+00 4.326090809586081e+00 4.338635232872160e+00 3.623059131164788e+01
1.871999999999941e-02 4.335267536152943e+00 4.326114774692393e+00 4.338617689154646e+00 3.623056375177157e+01
1.872999999999941e-02 4.335261136011849e+00 4.326138660499607e+00 4.338600203488527e+00 3.623053628221027e+01
1.873999999999941e-02 4.335254757048154e+00 4.326162467270118e+00 4.338582775681711e+00 3.623050890267093e+01
1.874999999999941e-02 4.335248399191787e+00 4.326186195265453e+00 4.338565405542744e+00 3.623048161286146e+01
1.875999999999941e-02 4.335242062372910e+00 4.326209844746272e+00 4.338548092880803e+00 3.623045441249067e+01
1.876999999999941e-02 4.335235746521911e+00 4.326233415972376e+00 4.338530837505698e+00 3.623042730126833e+01
1.877999999999940e-02 4.335229451569414e+00 4.326256909202702e+00 4.338513639227869e+00 3.623040027890510e+01
1.878999999999940e-02 4.335223177446269e+00 4.326280324695334e+00 4.338496497858381e+00 3.623037334511258e+01
1.879999999999940e-02 4.335216924083557e+00 4.326303662707500e+00 4.338479413208927e+00 3.623034649960329e+01
1.880999999999940e-02 4.335210691412586e+00 4.326326923495577e+00 4.338462385091822e+00 3.623031974209062e+01
1.881999999999940e-02 4.335204479364890e+00 4.326350107315093e+00 4.338445413320001e+00 3.623029307228894e+01
1.882999999999940e-02 4.335198287872231e+00 4.326373214420734e+00 4.338428497707020e+00 3.623026648991349e+01
1.883999999999940e-02 4.335192116866597e+00 4.326396245066339e+00 4.338411638067049e+00 3.623023999468042e+01
1.884999999999940e-02 4.335185966280199e+00 4.326419199504909e+00 4.338394834214876e+00 3.623021358630677e+01
1.885999999999940e-02 4.335179836045476e+00 4.326442077988609e+00 4.338378085965900e+00 3.623018726451050e+01
1.886999999999940e-02 4.335173726095087e+00 4.326464880768765e+00 4.338361393136132e+00 3.623016102901050e+01
1.887999999999940e-02 4.335167636361916e+00 4.326487608095878e+00 4.338344755542191e+00 3.623013487952647e+01
1.888999999999940e-02 4.335161566779067e+00 4.326510260219615e+00 4.338328173001303e+00 3.623010881577907e+01
1.889999999999940e-02 4.335155517279867e+00 4.326532837388819e+00 4.338311645331299e+00 3.623008283748982e+01
1.890999999999940e-02 4.335149487797863e+00 4.326555339851510e+00 4.338295172350612e+00 3.623005694438115e+01
1.891999999999940e-02 4.335143478266822e+00 4.326577767854886e+00 4.338278753878277e+00 3.623003113617636e+01
1.892999999999940e-02 4.335137488620730e+00 4.326600121645327e+00 4.338262389733927e+00 3.623000541259964e+01
1.893999999999940e-02 4.335131518793792e+00 4.326622401468399e+00 4.338246079737793e+00 3.622997977337602e+01
1.894999999999940e-02 4.335125568720430e+00 4.326644607568856e+00 4.338229823710700e+00 3.622995421823147e+01
1.895999999999940e-02 4.335119638335281e+00 4.326666740190638e+00 4.338213621474064e+00 3.622992874689278e+01
1.896999999999940e-02 4.335113727573204e+00 4.326688799576884e+00 4.338197472849896e+00 3.622990335908764e+01
1.897999999999940e-02 4.335107836369267e+00 4.326710785969923e+00 4.338181377660793e+00 3.622987805454461e+01
1.898999999999940e-02 4.335101964658757e+00 4.326732699611286e+00 4.338165335729940e+00 3.622985283299307e+01
1.899999999999940e-02 4.335096112377173e+00 4.326754540741702e+00 4.338149346881107e+00 3.622982769416333e+01
1.900999999999940e-02 4.335090279460230e+00 4.326776309601106e+00 4.338133410938646e+00 3.622980263778652e+01
1.901999999999940e-02 4.335084465843853e+00 4.326798006428637e+00 4.338117527727492e+00 3.622977766359463e+01
1.902999999999939e-02 4.335078671464179e+00 4.326819631462643e+00 4.338101697073160e+00 3.622975277132051e+01
1.903999999999939e-02 4.335072896257557e+00 4.326841184940685e+00 4.338085918801738e+00 3.622972796069788e+01
1.904999999999939e-02 4.335067140160549e+00 4.326862667099536e+00 4.338070192739895e+00 3.622970323146127e+01
1.905999999999939e-02 4.335061403109923e+00 4.326884078175186e+00 4.338054518714871e+00 3.622967858334608e+01
1.906999999999939e-02 4.335055685042659e+00 4.326905418402845e+00 4.338038896554476e+00 3.622965401608856e+01
1.907999999999939e-02 4.335049985895943e+00 4.326926688016944e+00 4.338023326087093e+00 3.622962952942579e+01
1.908999999999939e-02 4.335044305607171e+00 4.326947887251138e+00 4.338007807141670e+00 3.622960512309572e+01
1.909999999999939e-02 4.335038644113946e+00 4.326969016338309e+00 4.337992339547723e+00 3.622958079683708e+01
1.910999999999939e-02 4.335033001354076e+00 4.326990075510571e+00 4.337976923135332e+00 3.622955655038947e+01
1.911999999999939e-02 4.335027377265576e+00 4.327011064999264e+00 4.337961557735138e+00 3.622953238349334e+01
1.912999999999939e-02 4.335021771786666e+00 4.327031985034970e+00 4.337946243178344e+00 3.622950829588991e+01
1.913999999999939e-02 4.335016184855768e+00 4.327052835847502e+00 4.337930979296709e+00 3.622948428732130e+01
1.914999999999939e-02 4.335010616411513e+00 4.327073617665914e+00 4.337915765922552e+00 3.622946035753039e+01
1.915999999999939e-02 4.335005066392728e+00 4.327094330718505e+00 4.337900602888745e+00 3.622943650626092e+01
1.916999999999939e-02 4.334999534738450e+00 4.327114975232814e+00 4.337885490028714e+00 3.622941273325743e+01
1.917999999999939e-02 4.334994021387912e+00 4.327135551435632e+00 4.337870427176433e+00 3.622938903826530e+01
1.918999999999939e-02 4.334988526280550e+00 4.327156059552997e+00 4.337855414166432e+00 3.622936542103068e+01
1.919999999999939e-02 4.334983049356001e+00 4.327176499810196e+00 4.337840450833781e+00 3.622934188130058e+01
1.920999999999939e-02 4.334977590554101e+00 4.327196872431777e+00 4.337825537014100e+00 3.622931841882279e+01
1.921999999999939e-02 4.334972149814885e+00 4.327217177641541e+00 4.337810672543553e+00 3.622929503334591e+01
1.922999999999939e-02 4.334966727078585e+00 4.327237415662548e+00 4.337795857258845e+00 3.622927172461936e+01
1.923999999999939e-02 4.334961322285635e+00 4.327257586717122e+00 4.337781090997221e+00 3.622924849239334e+01
1.924999999999939e-02 4.334955935376662e+00 4.327277691026851e+00 4.337766373596466e+00 3.622922533641885e+01
1.925999999999939e-02 4.334950566292491e+00 4.327297728812589e+00 4.337751704894901e+00 3.622920225644771e+01
1.926999999999938e-02 4.334945214974142e+00 4.327317700294458e+00 4.337737084731381e+00 3.622917925223251e+01
1.927999999999938e-02 4.334939881362831e+00 4.327337605691854e+00 4.337722512945295e+00 3.622915632352663e+01
1.928999999999938e-02 4.334934565399970e+00 4.327357445223446e+00 4.337707989376565e+00 3.622913347008428e+01
1.929999999999938e-02 4.334929267027161e+00 4.327377219107180e+00 4.337693513865640e+00 3.622911069166040e+01
1.930999999999938e-02 4.334923986186203e+00 4.327396927560279e+00 4.337679086253499e+00 3.622908798801074e+01
1.931999999999938e-02 4.334918722819084e+00 4.327416570799251e+00 4.337664706381647e+00 3.622906535889184e+01
1.932999999999938e-02 4.334913476867986e+00 4.327436149039883e+00 4.337650374092112e+00 3.622904280406102e+01
1.933999999999938e-02 4.334908248275284e+00 4.327455662497251e+00 4.337636089227446e+00 3.622902032327636e+01
1.934999999999938e-02 4.334903036983540e+00 4.327475111385720e+00 4.337621851630722e+00 3.622899791629671e+01
1.935999999999938e-02 4.334897842935509e+00 4.327494495918942e+00 4.337607661145532e+00 3.622897558288172e+01
1.936999999999938e-02 4.334892666074134e+00 4.327513816309865e+00 4.337593517615986e+00 3.622895332279181e+01
1.937999999999938e-02 4.334887506342546e+00 4.327533072770732e+00 4.337579420886708e+00 3.622893113578813e+01
1.938999999999938e-02 4.334882363684065e+00 4.327552265513082e+00 4.337565370802838e+00 3.622890902163262e+01
1.939999999999938e-02 4.334877238042200e+00 4.327571394747756e+00 4.337551367210028e+00 3.622888698008800e+01
1.940999999999938e-02 4.334872129360645e+00 4.327590460684898e+00 4.337537409954441e+00 3.622886501091770e+01
1.941999999999938e-02 4.334867037583281e+00 4.327609463533955e+00 4.337523498882748e+00 3.622884311388597e+01
1.942999999999938e-02 4.334861962654175e+00 4.327628403503681e+00 4.337509633842129e+00 3.622882128875776e+01
1.943999999999938e-02 4.334856904517578e+00 4.327647280802140e+00 4.337495814680268e+00 3.622879953529881e+01
1.944999999999938e-02 4.334851863117925e+00 4.327666095636705e+00 4.337482041245354e+00 3.622877785327560e+01
1.945999999999938e-02 4.334846838399838e+00 4.327684848214068e+00 4.337468313386079e+00 3.622875624245536e+01
1.946999999999938e-02 4.334841830308120e+00 4.327703538740232e+00 4.337454630951634e+00 3.622873470260606e+01
1.947999999999938e-02 4.334836838787756e+00 4.327722167420520e+00 4.337440993791710e+00 3.622871323349642e+01
1.948999999999938e-02 4.334831863783913e+00 4.327740734459577e+00 4.337427401756496e+00 3.622869183489590e+01
1.949999999999938e-02 4.334826905241942e+00 4.327759240061370e+00 4.337413854696674e+00 3.622867050657469e+01
1.950999999999938e-02 4.334821963107372e+00 4.327777684429191e+00 4.337400352463423e+00 3.622864924830375e+01
1.951999999999937e-02 4.334817037325914e+00 4.327796067765658e+00 4.337386894908414e+00 3.622862805985473e+01
1.952999999999937e-02 4.334812127843457e+00 4.327814390272722e+00 4.337373481883808e+00 3.622860694100005e+01
1.953999999999937e-02 4.334807234606070e+00 4.327832652151661e+00 4.337360113242255e+00 3.622858589151284e+01
1.954999999999937e-02 4.334802357560001e+00 4.327850853603092e+00 4.337346788836894e+00 3.622856491116695e+01
1.955999999999937e-02 4.334797496651675e+00 4.327868994826964e+00 4.337333508521348e+00 3.622854399973698e+01
1.956999999999937e-02 4.334792651827695e+00 4.327887076022566e+00 4.337320272149726e+00 3.622852315699824e+01
1.957999999999937e-02 4.334787823034840e+00 4.327905097388528e+00 4.337307079576619e+00 3.622850238272677e+01
1.958999999999937e-02 4.334783010220064e+00 4.327923059122823e+00 4.337293930657100e+00 3.622848167669932e+01
1.959999999999937e-02 4.334778213330498e+00 4.327940961422768e+00 4.337280825246720e+00 3.622846103869335e+01
1.960999999999937e-02 4.334773432313449e+00 4.327958804485028e+00 4.337267763201509e+00 3.622844046848706e+01
1.961999999999937e-02 4.334768667116397e+00 4.327976588505615e+00 4.337254744377974e+00 3.622841996585933e+01
1.962999999999937e-02 4.334763917686995e+00 4.327994313679897e+00 4.337241768633095e+00 3.622839953058978e+01
1.963999999999937e-02 4.334759183973071e+00 4.328011980202590e+00 4.337228835824327e+00 3.622837916245871e+01
1.964999999999937e-02 4.334754465922622e+00 4.328029588267770e+00 4.337215945809596e+00 3.622835886124715e+01
1.965999999999937e-02 4.334749763483823e+00 4.328047138068867e+00 4.337203098447297e+00 3.622833862673683e+01
1.966999999999937e-02 4.334745076605016e+00 4.328064629798676e+00 4.337190293596296e+00 3.622831845871016e+01
1.967999999999937e-02 4.334740405234714e+00 4.328082063649349e+00 4.337177531115925e+00 3.622829835695028e+01
1.968999999999937e-02 4.334735749321602e+00 4.328099439812406e+00 4.337164810865980e+00 3.622827832124100e+01
1.969999999999937e-02 4.334731108814535e+00 4.328116758478730e+00 4.337152132706724e+00 3.622825835136684e+01
1.970999999999937e-02 4.334726483662536e+00 4.328134019838576e+00 4.337139496498878e+00 3.622823844711301e+01
1.971999999999937e-02 4.334721873814797e+00 4.328151224081565e+00 4.337126902103628e+00 3.622821860826542e+01
1.972999999999937e-02 4.334717279220678e+00 4.328168371396695e+00 4.337114349382617e+00 3.622819883461064e+01
1.973999999999937e-02 4.334712699829708e+00 4.328185461972336e+00 4.337101838197946e+00 3.622817912593595e+01
1.974999999999937e-02 4.334708135591580e+00 4.328202495996236e+00 4.337089368412174e+00 3.622815948202932e+01
1.975999999999936e-02 4.334703586456156e+00 4.328219473655520e+00 4.337076939888314e+00 3.622813990267937e+01
1.976999999999936e-02 4.334699052373463e+00 4.328236395136695e+00 4.337064552489831e+00 3.622812038767544e+01
1.977999999999936e-02 4.334694533293694e+00 4.328253260625652e+00 4.337052206080643e+00 3.622810093680751e+01
1.978999999999936e-02 4.334690029167207e+00 4.328270070307665e+00 4.337039900525118e+00 3.622808154986627e+01
1.979999999999936e-02 4.334685539944521e+00 4.328286824367396e+00 4.337027635688073e+00 3.622806222664306e+01
1.980999999999936e-02 4.334681065576323e+00 4.328303522988895e+00 4.337015411434772e+00 3.622804296692989e+01
1.981999999999936e-02 4.334676606013461e+00 4.328320166355604e+00 4.337003227630924e+00 3.622802377051946e+01
1.982999999999936e-02 4.334672161206947e+00 4.328336754650357e+00 4.336991084142685e+00 3.622800463720512e+01
1.983999999999936e-02 4.334667731107952e+00 4.328353288055385e+00 4.336978980836651e+00 3.622798556678089e+01
1.984999999999936e-02 4.334663315667813e+00 4.328369766752314e+00 4.336966917579861e+00 3.622796655904146e+01
1.985999999999936e-02 4.334658914838023e+00 4.328386190922170e+00 4.336954894239795e+00 3.622794761378217e+01
1.986999999999936e-02 4.334654528570241e+00 4.328402560745378e+00 4.336942910684368e+00 3.622792873079901e+01
1.987999999999936e-02 4.334650156816283e+00 4.328418876401769e+00 4.336930966781936e+00 3.622790990988867e+01
1.988999999999936e-02 4.334645799528121e+00 4.328435138070578e+00 4.336919062401288e+00 3.622789115084843e+01
1.989999999999936e-02 4.334641456657893e+00 4.328451345930446e+00 4.336907197411648e+00 3.622787245347627e+01
1.990999999999936e-02 4.334637128157891e+00 4.328467500159424e+00 4.336895371682672e+00 3.622785381757081e+01
1.991999999999936e-02 4.334632813980566e+00 4.328483600934973e+00 4.336883585084449e+00 3.622783524293132e+01
1.992999999999936e-02 4.334628514078524e+00 4.328499648433967e+00 4.336871837487497e+00 3.622781672935771e+01
1.993999999999936e-02 4.334624228404532e+00 4.328515642832694e+00 4.336860128762761e+00 3.622779827665055e+01
1.994999999999936e-02 4.334619956911510e+00 4.328531584306861e+00 4.336848458781616e+00 3.622777988461102e+01
1.995999999999936e-02 4.334615699552535e+00 4.328547473031590e+00 4.336836827415861e+00 3.622776155304097e+01
1.996999999999936e-02 4.334611456280840e+00 4.328563309181428e+00 4.336825234537719e+00 3.622774328174288e+01
1.997999999999936e-02 4.334607227049811e+00 4.328579092930340e+00 4.336813680019835e+00 3.622772507051987e+01
1.998999999999936e-02 4.334603011812990e+00 4.328594824451719e+00 4.336802163735278e+00 3.622770691917568e+01
1.999999999999936e-02 4.334598810524072e+00 4.328610503918382e+00 4.336790685557535e+00 3.622768882751471e+01
2.000999999999935e-02 4.334594623136903e+00 4.328626131502575e+00 4.336779245360511e+00 3.622767079534196e+01
2.001999999999935e-02 4.334590449605485e+00 4.328641707375974e+00 4.336767843018531e+00 3.622765282246309e+01
2.002999999999935e-02 4.334586289883971e+00 4.328657231709687e+00 4.336756478406333e+00 3.622763490868435e+01
2.003999999999935e-02 4.334582143926665e+00 4.328672704674254e+00 4.336745151399071e+00 3.622761705381265e+01
2.004999999999935e-02 4.334578011688024e+00 4.328688126439655e+00 4.336733861872312e+00 3.622759925765549e+01
2.005999999999935e-02 4.334573893122655e+00 4.328703497175303e+00 4.336722609702035e+00 3.622758152002102e+01
2.006999999999935e-02 4.334569788185313e+00 4.328718817050052e+00 4.336711394764627e+00 3.622756384071801e+01
2.007999999999935e-02 4.334565696830905e+00 4.328734086232199e+00 4.336700216936888e+00 3.622754621955580e+01
2.008999999999935e-02 4.334561619014487e+00 4.328749304889482e+00 4.336689076096023e+00 3.622752865634441e+01
2.009999999999935e-02 4.334557554691263e+00 4.328764473189085e+00 4.336677972119645e+00 3.622751115089442e+01
2.010999999999935e-02 4.334553503816585e+00 4.328779591297638e+00 4.336666904885770e+00 3.622749370301705e+01
2.011999999999935e-02 4.334549466345956e+00 4.328794659381221e+00 4.336655874272818e+00 3.622747631252413e+01
2.012999999999935e-02 4.334545442235020e+00 4.328809677605362e+00 4.336644880159612e+00 3.622745897922808e+01
2.013999999999935e-02 4.334541431439573e+00 4.328824646135043e+00 4.336633922425378e+00 3.622744170294195e+01
2.014999999999935e-02 4.334537433915555e+00 4.328839565134702e+00 4.336623000949737e+00 3.622742448347935e+01
2.015999999999935e-02 4.334533449619053e+00 4.328854434768229e+00 4.336612115612712e+00 3.622740732065453e+01
2.016999999999935e-02 4.334529478506298e+00 4.328869255198975e+00 4.336601266294722e+00 3.622739021428234e+01
2.017999999999935e-02 4.334525520533667e+00 4.328884026589748e+00 4.336590452876581e+00 3.622737316417820e+01
2.018999999999935e-02 4.334521575657680e+00 4.328898749102818e+00 4.336579675239498e+00 3.622735617015817e+01
2.019999999999935e-02 4.334517643835003e+00 4.328913422899918e+00 4.336568933265075e+00 3.622733923203886e+01
2.020999999999935e-02 4.334513725022443e+00 4.328928048142247e+00 4.336558226835306e+00 3.622732234963749e+01
2.021999999999935e-02 4.334509819176952e+00 4.328942624990471e+00 4.336547555832576e+00 3.622730552277186e+01
2.022999999999935e-02 4.334505926255621e+00 4.328957153604720e+00 4.336536920139657e+00 3.622728875126039e+01
2.023999999999935e-02 4.334502046215688e+00 4.328971634144600e+00 4.336526319639710e+00 3.622727203492204e+01
2.024999999999934e-02 4.334498179014528e+00 4.328986066769184e+00 4.336515754216285e+00 3.622725537357640e+01
2.025999999999934e-02 4.334494324609660e+00 4.329000451637024e+00 4.336505223753314e+00 3.622723876704362e+01
2.026999999999934e-02 4.334490482958742e+00 4.329014788906141e+00 4.336494728135114e+00 3.622722221514443e+01
2.027999999999934e-02 4.334486654019573e+00 4.329029078734038e+00 4.336484267246386e+00 3.622720571770014e+01
2.028999999999934e-02 4.334482837750091e+00 4.329043321277696e+00 4.336473840972212e+00 3.622718927453264e+01
2.029999999999934e-02 4.334479034108373e+00 4.329057516693573e+00 4.336463449198052e+00 3.622717288546440e+01
2.030999999999934e-02 4.334475243052635e+00 4.329071665137613e+00 4.336453091809750e+00 3.622715655031845e+01
2.031999999999934e-02 4.334471464541232e+00 4.329085766765244e+00 4.336442768693522e+00 3.622714026891840e+01
2.032999999999934e-02 4.334467698532656e+00 4.329099821731378e+00 4.336432479735964e+00 3.622712404108846e+01
2.033999999999934e-02 4.334463944985536e+00 4.329113830190416e+00 4.336422224824047e+00 3.622710786665335e+01
2.034999999999934e-02 4.334460203858638e+00 4.329127792296245e+00 4.336412003845115e+00 3.622709174543840e+01
2.035999999999934e-02 4.334456475110866e+00 4.329141708202247e+00 4.336401816686885e+00 3.622707567726950e+01
2.036999999999934e-02 4.334452758701257e+00 4.329155578061294e+00 4.336391663237446e+00 3.622705966197307e+01
2.037999999999934e-02 4.334449054588988e+00 4.329169402025752e+00 4.336381543385258e+00 3.622704369937613e+01
2.038999999999934e-02 4.334445362733366e+00 4.329183180247483e+00 4.336371457019148e+00 3.622702778930625e+01
2.039999999999934e-02 4.334441683093836e+00 4.329196912877848e+00 4.336361404028312e+00 3.622701193159154e+01
2.040999999999934e-02 4.334438015629976e+00 4.329210600067706e+00 4.336351384302314e+00 3.622699612606070e+01
2.041999999999934e-02 4.334434360301499e+00 4.329224241967418e+00 4.336341397731081e+00 3.622698037254294e+01
2.042999999999934e-02 4.334430717068248e+00 4.329237838726844e+00 4.336331444204905e+00 3.622696467086806e+01
2.043999999999934e-02 4.334427085890202e+00 4.329251390495351e+00 4.336321523614442e+00 3.622694902086640e+01
2.044999999999934e-02 4.334423466727473e+00 4.329264897421813e+00 4.336311635850710e+00 3.622693342236883e+01
2.045999999999934e-02 4.334419859540302e+00 4.329278359654608e+00 4.336301780805085e+00 3.622691787520679e+01
2.046999999999934e-02 4.334416264289063e+00 4.329291777341625e+00 4.336291958369306e+00 3.622690237921226e+01
2.047999999999934e-02 4.334412680934262e+00 4.329305150630264e+00 4.336282168435467e+00 3.622688693421775e+01
2.048999999999934e-02 4.334409109436536e+00 4.329318479667437e+00 4.336272410896021e+00 3.622687154005633e+01
2.049999999999933e-02 4.334405549756648e+00 4.329331764599568e+00 4.336262685643778e+00 3.622685619656161e+01
2.050999999999933e-02 4.334402001855497e+00 4.329345005572599e+00 4.336252992571898e+00 3.622684090356774e+01
2.051999999999933e-02 4.334398465694107e+00 4.329358202731987e+00 4.336243331573900e+00 3.622682566090938e+01
2.052999999999933e-02 4.334394941233631e+00 4.329371356222709e+00 4.336233702543653e+00 3.622681046842176e+01
2.053999999999933e-02 4.334391428435354e+00 4.329384466189263e+00 4.336224105375377e+00 3.622679532594062e+01
2.054999999999933e-02 4.334387927260686e+00 4.329397532775668e+00 4.336214539963640e+00 3.622678023330224e+01
2.055999999999933e-02 4.334384437671167e+00 4.329410556125465e+00 4.336205006203363e+00 3.622676519034345e+01
2.056999999999933e-02 4.334380959628461e+00 4.329423536381722e+00 4.336195503989813e+00 3.622675019690157e+01
2.057999999999933e-02 4.334377493094361e+00 4.329436473687032e+00 4.336186033218602e+00 3.622673525281447e+01
2.058999999999933e-02 4.334374038030786e+00 4.329449368183520e+00 4.336176593785689e+00 3.622672035792054e+01
2.059999999999933e-02 4.334370594399783e+00 4.329462220012835e+00 4.336167185587378e+00 3.622670551205870e+01
2.060999999999933e-02 4.334367162163520e+00 4.329475029316161e+00 4.336157808520315e+00 3.622669071506838e+01
2.061999999999933e-02 4.334363741284295e+00 4.329487796234214e+00 4.336148462481487e+00 3.622667596678954e+01
2.062999999999933e-02 4.334360331724528e+00 4.329500520907244e+00 4.336139147368224e+00 3.622666126706265e+01
2.063999999999933e-02 4.334356933446763e+00 4.329513203475038e+00 4.336129863078193e+00 3.622664661572871e+01
2.064999999999933e-02 4.334353546413671e+00 4.329525844076920e+00 4.336120609509404e+00 3.622663201262922e+01
2.065999999999933e-02 4.334350170588042e+00 4.329538442851751e+00 4.336111386560200e+00 3.622661745760622e+01
2.066999999999933e-02 4.334346805932794e+00 4.329550999937937e+00 4.336102194129262e+00 3.622660295050221e+01
2.067999999999933e-02 4.334343452410964e+00 4.329563515473422e+00 4.336093032115609e+00 3.622658849116026e+01
2.068999999999933e-02 4.334340109985713e+00 4.329575989595694e+00 4.336083900418589e+00 3.622657407942391e+01
2.069999999999933e-02 4.334336778620322e+00 4.329588422441787e+00 4.336074798937886e+00 3.622655971513722e+01
2.070999999999933e-02 4.334333458278197e+00 4.329600814148282e+00 4.336065727573516e+00 3.622654539814475e+01
2.071999999999933e-02 4.334330148922861e+00 4.329613164851308e+00 4.336056686225826e+00 3.622653112829158e+01
2.072999999999933e-02 4.334326850517963e+00 4.329625474686542e+00 4.336047674795490e+00 3.622651690542328e+01
2.073999999999932e-02 4.334323563027265e+00 4.329637743789213e+00 4.336038693183516e+00 3.622650272938592e+01
2.074999999999932e-02 4.334320286414655e+00 4.329649972294105e+00 4.336029741291235e+00 3.622648860002607e+01
2.075999999999932e-02 4.334317020644139e+00 4.329662160335551e+00 4.336020819020304e+00 3.622647451719079e+01
2.076999999999932e-02 4.334313765679841e+00 4.329674308047443e+00 4.336011926272710e+00 3.622646048072765e+01
2.077999999999932e-02 4.334310521486004e+00 4.329686415563230e+00 4.336003062950761e+00 3.622644649048473e+01
2.078999999999932e-02 4.334307288026990e+00 4.329698483015917e+00 4.335994228957088e+00 3.622643254631055e+01
2.079999999999932e-02 4.334304065267276e+00 4.329710510538071e+00 4.335985424194646e+00 3.622641864805416e+01
2.080999999999932e-02 4.334300853171462e+00 4.329722498261821e+00 4.335976648566710e+00 3.622640479556511e+01
2.081999999999932e-02 4.334297651704262e+00 4.329734446318856e+00 4.335967901976876e+00 3.622639098869340e+01
2.082999999999932e-02 4.334294460830504e+00 4.329746354840432e+00 4.335959184329056e+00 3.622637722728955e+01
2.083999999999932e-02 4.334291280515139e+00 4.329758223957368e+00 4.335950495527484e+00 3.622636351120455e+01
2.084999999999932e-02 4.334288110723228e+00 4.329770053800054e+00 4.335941835476710e+00 3.622634984028987e+01
2.085999999999932e-02 4.334284951419950e+00 4.329781844498445e+00 4.335933204081598e+00 3.622633621439747e+01
2.086999999999932e-02 4.334281802570600e+00 4.329793596182066e+00 4.335924601247326e+00 3.622632263337980e+01
2.087999999999932e-02 4.334278664140586e+00 4.329805308980016e+00 4.335916026879390e+00 3.622630909708976e+01
2.088999999999932e-02 4.334275536095432e+00 4.329816983020965e+00 4.335907480883596e+00 3.622629560538076e+01
2.089999999999932e-02 4.334272418400775e+00 4.329828618433158e+00 4.335898963166061e+00 3.622628215810666e+01
2.090999999999932e-02 4.334269311022365e+00 4.329840215344415e+00 4.335890473633213e+00 3.622626875512181e+01
2.091999999999932e-02 4.334266213926068e+00 4.329851773882133e+00 4.335882012191790e+00 3.622625539628102e+01
2.092999999999932e-02 4.334263127077862e+00 4.329863294173289e+00 4.335873578748841e+00 3.622624208143959e+01
2.093999999999932e-02 4.334260050443835e+00 4.329874776344437e+00 4.335865173211720e+00 3.622622881045327e+01
2.094999999999932e-02 4.334256983990191e+00 4.329886220521716e+00 4.335856795488086e+00 3.622621558317829e+01
2.095999999999932e-02 4.334253927683243e+00 4.329897626830843e+00 4.335848445485906e+00 3.622620239947135e+01
2.096999999999932e-02 4.334250881489417e+00 4.329908995397123e+00 4.335840123113452e+00 3.622618925918961e+01
2.097999999999932e-02 4.334247845375248e+00 4.329920326345445e+00 4.335831828279299e+00 3.622617616219068e+01
2.098999999999931e-02 4.334244819307385e+00 4.329931619800284e+00 4.335823560892323e+00 3.622616310833266e+01
2.099999999999931e-02 4.334241803252585e+00 4.329942875885704e+00 4.335815320861703e+00 3.622615009747409e+01
2.100999999999931e-02 4.334238797177716e+00 4.329954094725359e+00 4.335807108096917e+00 3.622613712947398e+01
2.101999999999931e-02 4.334235801049755e+00 4.329965276442493e+00 4.335798922507745e+00 3.622612420419179e+01
2.102999999999931e-02 4.334232814835788e+00 4.329976421159941e+00 4.335790764004264e+00 3.622611132148744e+01
2.103999999999931e-02 4.334229838503012e+00 4.329987529000134e+00 4.335782632496848e+00 3.622609848122132e+01
2.104999999999931e-02 4.334226872018729e+00 4.329998600085096e+00 4.335774527896168e+00 3.622608568325425e+01
2.105999999999931e-02 4.334223915350353e+00 4.330009634536448e+00 4.335766450113193e+00 3.622607292744750e+01
2.106999999999931e-02 4.334220968465402e+00 4.330020632475409e+00 4.335758399059182e+00 3.622606021366282e+01
2.107999999999931e-02 4.334218031331505e+00 4.330031594022795e+00 4.335750374645691e+00 3.622604754176239e+01
2.108999999999931e-02 4.334215103916397e+00 4.330042519299027e+00 4.335742376784569e+00 3.622603491160883e+01
2.109999999999931e-02 4.334212186187917e+00 4.330053408424120e+00 4.335734405387955e+00 3.622602232306522e+01
2.110999999999931e-02 4.334209278114016e+00 4.330064261517698e+00 4.335726460368277e+00 3.622600977599509e+01
2.111999999999931e-02 4.334206379662746e+00 4.330075078698988e+00 4.335718541638258e+00 3.622599727026240e+01
2.112999999999931e-02 4.334203490802266e+00 4.330085860086821e+00 4.335710649110905e+00 3.622598480573155e+01
2.113999999999931e-02 4.334200611500841e+00 4.330096605799635e+00 4.335702782699515e+00 3.622597238226739e+01
2.114999999999931e-02 4.334197741726842e+00 4.330107315955476e+00 4.335694942317672e+00 3.622595999973522e+01
2.115999999999931e-02 4.334194881448743e+00 4.330117990672002e+00 4.335687127879246e+00 3.622594765800075e+01
2.116999999999931e-02 4.334192030635124e+00 4.330128630066477e+00 4.335679339298390e+00 3.622593535693016e+01
2.117999999999931e-02 4.334189189254666e+00 4.330139234255783e+00 4.335671576489544e+00 3.622592309639002e+01
2.118999999999931e-02 4.334186357276155e+00 4.330149803356409e+00 4.335663839367428e+00 3.622591087624738e+01
2.119999999999931e-02 4.334183534668483e+00 4.330160337484462e+00 4.335656127847047e+00 3.622589869636971e+01
2.120999999999931e-02 4.334180721400641e+00 4.330170836755665e+00 4.335648441843685e+00 3.622588655662489e+01
2.121999999999931e-02 4.334177917441726e+00 4.330181301285357e+00 4.335640781272908e+00 3.622587445688126e+01
2.122999999999930e-02 4.334175122760933e+00 4.330191731188497e+00 4.335633146050561e+00 3.622586239700755e+01
2.123999999999930e-02 4.334172337327563e+00 4.330202126579660e+00 4.335625536092769e+00 3.622585037687296e+01
2.124999999999930e-02 4.334169561111017e+00 4.330212487573045e+00 4.335617951315929e+00 3.622583839634708e+01
2.125999999999930e-02 4.334166794080797e+00 4.330222814282472e+00 4.335610391636722e+00 3.622582645529994e+01
2.126999999999930e-02 4.334164036206507e+00 4.330233106821385e+00 4.335602856972100e+00 3.622581455360200e+01
2.127999999999930e-02 4.334161287457849e+00 4.330243365302853e+00 4.335595347239289e+00 3.622580269112413e+01
2.128999999999930e-02 4.334158547804629e+00 4.330253589839570e+00 4.335587862355794e+00 3.622579086773762e+01
2.129999999999930e-02 4.334155817216748e+00 4.330263780543856e+00 4.335580402239388e+00 3.622577908331420e+01
2.130999999999930e-02 4.334153095664213e+00 4.330273937527661e+00 4.335572966808118e+00 3.622576733772598e+01
2.131999999999930e-02 4.334150383117126e+00 4.330284060902565e+00 4.335565555980303e+00 3.622575563084551e+01
2.132999999999930e-02 4.334147679545687e+00 4.330294150779777e+00 4.335558169674529e+00 3.622574396254576e+01
2.133999999999930e-02 4.334144984920197e+00 4.330304207270139e+00 4.335550807809657e+00 3.622573233270008e+01
2.134999999999930e-02 4.334142299211055e+00 4.330314230484126e+00 4.335543470304811e+00 3.622572074118229e+01
2.135999999999930e-02 4.334139622388758e+00 4.330324220531850e+00 4.335536157079385e+00 3.622570918786657e+01
2.136999999999930e-02 4.334136954423899e+00 4.330334177523053e+00 4.335528868053041e+00 3.622569767262753e+01
2.137999999999930e-02 4.334134295287170e+00 4.330344101567118e+00 4.335521603145705e+00 3.622568619534017e+01
2.138999999999930e-02 4.334131644949360e+00 4.330353992773068e+00 4.335514362277567e+00 3.622567475587994e+01
2.139999999999930e-02 4.334129003381353e+00 4.330363851249559e+00 4.335507145369084e+00 3.622566335412264e+01
2.140999999999930e-02 4.334126370554130e+00 4.330373677104892e+00 4.335499952340974e+00 3.622565198994453e+01
2.141999999999930e-02 4.334123746438770e+00 4.330383470447009e+00 4.335492783114217e+00 3.622564066322222e+01
2.142999999999930e-02 4.334121131006445e+00 4.330393231383494e+00 4.335485637610057e+00 3.622562937383276e+01
2.143999999999930e-02 4.334118524228424e+00 4.330402960021575e+00 4.335478515749998e+00 3.622561812165358e+01
2.144999999999930e-02 4.334115926076071e+00 4.330412656468125e+00 4.335471417455800e+00 3.622560690656253e+01
2.145999999999930e-02 4.334113336520844e+00 4.330422320829666e+00 4.335464342649486e+00 3.622559572843782e+01
2.146999999999930e-02 4.334110755534295e+00 4.330431953212365e+00 4.335457291253336e+00 3.622558458715810e+01
2.147999999999929e-02 4.334108183088071e+00 4.330441553722038e+00 4.335450263189887e+00 3.622557348260239e+01
2.148999999999929e-02 4.334105619153913e+00 4.330451122464150e+00 4.335443258381932e+00 3.622556241465010e+01
2.149999999999929e-02 4.334103063703656e+00 4.330460659543818e+00 4.335436276752521e+00 3.622555138318106e+01
2.150999999999929e-02 4.334100516709227e+00 4.330470165065814e+00 4.335429318224955e+00 3.622554038807546e+01
2.151999999999929e-02 4.334097978142646e+00 4.330479639134556e+00 4.335422382722792e+00 3.622552942921391e+01
2.152999999999929e-02 4.334095447976026e+00 4.330489081854125e+00 4.335415470169844e+00 3.622551850647739e+01
2.153999999999929e-02 4.334092926181572e+00 4.330498493328252e+00 4.335408580490171e+00 3.622550761974725e+01
2.154999999999929e-02 4.334090412731583e+00 4.330507873660326e+00 4.335401713608086e+00 3.622549676890528e+01
2.155999999999929e-02 4.334087907598446e+00 4.330517222953395e+00 4.335394869448155e+00 3.622548595383360e+01
2.156999999999929e-02 4.334085410754640e+00 4.330526541310165e+00 4.335388047935191e+00 3.622547517441475e+01
2.157999999999929e-02 4.334082922172739e+00 4.330535828833002e+00 4.335381248994254e+00 3.622546443053163e+01
2.158999999999929e-02 4.334080441825402e+00 4.330545085623935e+00 4.335374472550658e+00 3.622545372206753e+01
2.159999999999929e-02 4.334077969685384e+00 4.330554311784653e+00 4.335367718529958e+00 3.622544304890614e+01
2.160999999999929e-02 4.334075505725527e+00 4.330563507416511e+00 4.335360986857958e+00 3.622543241093150e+01
2.161999999999929e-02 4.334073049918762e+00 4.330572672620526e+00 4.335354277460707e+00 3.622542180802803e+01
2.162999999999929e-02 4.334070602238112e+00 4.330581807497383e+00 4.335347590264499e+00 3.622541124008055e+01
2.163999999999929e-02 4.334068162656689e+00 4.330590912147432e+00 4.335340925195873e+00 3.622540070697423e+01
2.164999999999929e-02 4.334065731147693e+00 4.330599986670693e+00 4.335334282181609e+00 3.622539020859463e+01
2.165999999999929e-02 4.334063307684413e+00 4.330609031166852e+00 4.335327661148731e+00 3.622537974482768e+01
2.166999999999929e-02 4.334060892240226e+00 4.330618045735268e+00 4.335321062024502e+00 3.622536931555968e+01
2.167999999999929e-02 4.334058484788597e+00 4.330627030474971e+00 4.335314484736430e+00 3.622535892067731e+01
2.168999999999929e-02 4.334056085303079e+00 4.330635985484661e+00 4.335307929212258e+00 3.622534856006760e+01
2.169999999999929e-02 4.334053693757314e+00 4.330644910862714e+00 4.335301395379971e+00 3.622533823361797e+01
2.170999999999929e-02 4.334051310125029e+00 4.330653806707178e+00 4.335294883167792e+00 3.622532794121619e+01
2.171999999999929e-02 4.334048934380039e+00 4.330662673115779e+00 4.335288392504181e+00 3.622531768275040e+01
2.172999999999928e-02 4.334046566496246e+00 4.330671510185919e+00 4.335281923317834e+00 3.622530745810911e+01
2.173999999999928e-02 4.334044206447637e+00 4.330680318014677e+00 4.335275475537684e+00 3.622529726718120e+01
2.174999999999928e-02 4.334041854208287e+00 4.330689096698811e+00 4.335269049092901e+00 3.622528710985588e+01
2.175999999999928e-02 4.334039509752356e+00 4.330697846334759e+00 4.335262643912885e+00 3.622527698602276e+01
2.176999999999928e-02 4.334037173054087e+00 4.330706567018640e+00 4.335256259927273e+00 3.622526689557181e+01
2.177999999999928e-02 4.334034844087813e+00 4.330715258846253e+00 4.335249897065933e+00 3.622525683839332e+01
2.178999999999928e-02 4.334032522827947e+00 4.330723921913084e+00 4.335243555258969e+00 3.622524681437796e+01
2.179999999999928e-02 4.334030209248990e+00 4.330732556314301e+00 4.335237234436709e+00 3.622523682341678e+01
2.180999999999928e-02 4.334027903325527e+00 4.330741162144754e+00 4.335230934529719e+00 3.622522686540115e+01
2.181999999999928e-02 4.334025605032227e+00 4.330749739498985e+00 4.335224655468789e+00 3.622521694022281e+01
2.182999999999928e-02 4.334023314343842e+00 4.330758288471219e+00 4.335218397184941e+00 3.622520704777384e+01
2.183999999999928e-02 4.334021031235206e+00 4.330766809155371e+00 4.335212159609425e+00 3.622519718794670e+01
2.184999999999928e-02 4.334018755681241e+00 4.330775301645044e+00 4.335205942673717e+00 3.622518736063419e+01
2.185999999999928e-02 4.334016487656947e+00 4.330783766033533e+00 4.335199746309522e+00 3.622517756572944e+01
2.186999999999928e-02 4.334014227137410e+00 4.330792202413822e+00 4.335193570448769e+00 3.622516780312595e+01
2.187999999999928e-02 4.334011974097797e+00 4.330800610878589e+00 4.335187415023615e+00 3.622515807271756e+01
2.188999999999928e-02 4.334009728513358e+00 4.330808991520206e+00 4.335181279966437e+00 3.622514837439847e+01
2.189999999999928e-02 4.334007490359424e+00 4.330817344430736e+00 4.335175165209841e+00 3.622513870806318e+01
2.190999999999928e-02 4.334005259611408e+00 4.330825669701942e+00 4.335169070686652e+00 3.622512907360660e+01
2.191999999999928e-02 4.334003036244804e+00 4.330833967425279e+00 4.335162996329919e+00 3.622511947092392e+01
2.192999999999928e-02 4.334000820235188e+00 4.330842237691902e+00 4.335156942072912e+00 3.622510989991073e+01
2.193999999999928e-02 4.333998611558216e+00 4.330850480592665e+00 4.335150907849122e+00 3.622510036046292e+01
2.194999999999928e-02 4.333996410189624e+00 4.330858696218119e+00 4.335144893592260e+00 3.622509085247674e+01
2.195999999999928e-02 4.333994216105230e+00 4.330866884658516e+00 4.335138899236258e+00 3.622508137584877e+01
2.196999999999927e-02 4.333992029280932e+00 4.330875046003809e+00 4.335132924715262e+00 3.622507193047592e+01
2.197999999999927e-02 4.333989849692705e+00 4.330883180343657e+00 4.335126969963642e+00 3.622506251625546e+01
2.198999999999927e-02 4.333987677316607e+00 4.330891287767418e+00 4.335121034915979e+00 3.622505313308496e+01
2.199999999999927e-02 4.333985512128772e+00 4.330899368364155e+00 4.335115119507077e+00 3.622504378086237e+01
2.200999999999927e-02 4.333983354105414e+00 4.330907422222638e+00 4.335109223671951e+00 3.622503445948594e+01
2.201999999999927e-02 4.333981203222828e+00 4.330915449431343e+00 4.335103347345831e+00 3.622502516885426e+01
2.202999999999927e-02 4.333979059457387e+00 4.330923450078451e+00 4.335097490464165e+00 3.622501590886625e+01
2.203999999999927e-02 4.333976922785538e+00 4.330931424251855e+00 4.335091652962610e+00 3.622500667942118e+01
2.204999999999927e-02 4.333974793183809e+00 4.330939372039153e+00 4.335085834777040e+00 3.622499748041861e+01
2.205999999999927e-02 4.333972670628807e+00 4.330947293527657e+00 4.335080035843538e+00 3.622498831175845e+01
2.206999999999927e-02 4.333970555097214e+00 4.330955188804387e+00 4.335074256098402e+00 3.622497917334096e+01
2.207999999999927e-02 4.333968446565790e+00 4.330963057956076e+00 4.335068495478136e+00 3.622497006506667e+01
2.208999999999927e-02 4.333966345011373e+00 4.330970901069171e+00 4.335062753919459e+00 3.622496098683649e+01
2.209999999999927e-02 4.333964250410874e+00 4.330978718229832e+00 4.335057031359296e+00 3.622495193855163e+01
2.210999999999927e-02 4.333962162741287e+00 4.330986509523934e+00 4.335051327734782e+00 3.622494292011363e+01
2.211999999999927e-02 4.333960081979675e+00 4.330994275037069e+00 4.335045642983260e+00 3.622493393142432e+01
2.212999999999927e-02 4.333958008103180e+00 4.331002014854544e+00 4.335039977042280e+00 3.622492497238591e+01
2.213999999999927e-02 4.333955941089020e+00 4.331009729061384e+00 4.335034329849599e+00 3.622491604290087e+01
2.214999999999927e-02 4.333953880914489e+00 4.331017417742334e+00 4.335028701343180e+00 3.622490714287203e+01
2.215999999999927e-02 4.333951827556954e+00 4.331025080981858e+00 4.335023091461191e+00 3.622489827220251e+01
2.216999999999927e-02 4.333949780993859e+00 4.331032718864138e+00 4.335017500142005e+00 3.622488943079577e+01
2.217999999999927e-02 4.333947741202723e+00 4.331040331473083e+00 4.335011927324198e+00 3.622488061855557e+01
2.218999999999927e-02 4.333945708161134e+00 4.331047918892319e+00 4.335006372946551e+00 3.622487183538598e+01
2.219999999999927e-02 4.333943681846761e+00 4.331055481205197e+00 4.335000836948045e+00 3.622486308119142e+01
2.220999999999927e-02 4.333941662237343e+00 4.331063018494794e+00 4.334995319267865e+00 3.622485435587656e+01
2.221999999999926e-02 4.333939649310695e+00 4.331070530843911e+00 4.334989819845397e+00 3.622484565934644e+01
2.222999999999926e-02 4.333937643044703e+00 4.331078018335073e+00 4.334984338620226e+00 3.622483699150637e+01
2.223999999999926e-02 4.333935643417329e+00 4.331085481050533e+00 4.334978875532140e+00 3.622482835226201e+01
2.224999999999926e-02 4.333933650406604e+00 4.331092919072275e+00 4.334973430521122e+00 3.622481974151928e+01
2.225999999999926e-02 4.333931663990636e+00 4.331100332482007e+00 4.334968003527359e+00 3.622481115918445e+01
2.226999999999926e-02 4.333929684147601e+00 4.331107721361170e+00 4.334962594491230e+00 3.622480260516408e+01
2.227999999999926e-02 4.333927710855753e+00 4.331115085790935e+00 4.334957203353315e+00 3.622479407936502e+01
2.228999999999926e-02 4.333925744093412e+00 4.331122425852201e+00 4.334951830054390e+00 3.622478558169444e+01
2.229999999999926e-02 4.333923783838972e+00 4.331129741625604e+00 4.334946474535426e+00 3.622477711205983e+01
2.230999999999926e-02 4.333921830070900e+00 4.331137033191511e+00 4.334941136737592e+00 3.622476867036895e+01
2.231999999999926e-02 4.333919882767733e+00 4.331144300630023e+00 4.334935816602247e+00 3.622476025652987e+01
2.232999999999926e-02 4.333917941908080e+00 4.331151544020976e+00 4.334930514070948e+00 3.622475187045098e+01
2.233999999999926e-02 4.333916007470618e+00 4.331158763443942e+00 4.334925229085443e+00 3.622474351204096e+01
2.234999999999926e-02 4.333914079434097e+00 4.331165958978231e+00 4.334919961587675e+00 3.622473518120878e+01
2.235999999999926e-02 4.333912157777336e+00 4.331173130702887e+00 4.334914711519779e+00 3.622472687786370e+01
2.236999999999926e-02 4.333910242479226e+00 4.331180278696698e+00 4.334909478824080e+00 3.622471860191531e+01
2.237999999999926e-02 4.333908333518726e+00 4.331187403038185e+00 4.334904263443092e+00 3.622471035327346e+01
2.238999999999926e-02 4.333906430874865e+00 4.331194503805613e+00 4.334899065319524e+00 3.622470213184832e+01
2.239999999999926e-02 4.333904534526743e+00 4.331201581076988e+00 4.334893884396271e+00 3.622469393755034e+01
2.240999999999926e-02 4.333902644453528e+00 4.331208634930058e+00 4.334888720616418e+00 3.622468577029027e+01
2.241999999999926e-02 4.333900760634455e+00 4.331215665442310e+00 4.334883573923238e+00 3.622467762997915e+01
2.242999999999926e-02 4.333898883048829e+00 4.331222672690981e+00 4.334878444260194e+00 3.622466951652830e+01
2.243999999999926e-02 4.333897011676026e+00 4.331229656753045e+00 4.334873331570932e+00 3.622466142984935e+01
2.244999999999926e-02 4.333895146495488e+00 4.331236617705228e+00 4.334868235799288e+00 3.622465336985421e+01
2.245999999999925e-02 4.333893287486724e+00 4.331243555623998e+00 4.334863156889281e+00 3.622464533645507e+01
2.246999999999925e-02 4.333891434629312e+00 4.331250470585572e+00 4.334858094785119e+00 3.622463732956442e+01
2.247999999999925e-02 4.333889587902900e+00 4.331257362665914e+00 4.334853049431191e+00 3.622462934909504e+01
2.248999999999925e-02 4.333887747287198e+00 4.331264231940737e+00 4.334848020772070e+00 3.622462139495997e+01
2.249999999999925e-02 4.333885912761986e+00 4.331271078485503e+00 4.334843008752516e+00 3.622461346707257e+01
2.250999999999925e-02 4.333884084307113e+00 4.331277902375423e+00 4.334838013317468e+00 3.622460556534644e+01
2.251999999999925e-02 4.333882261902492e+00 4.331284703685464e+00 4.334833034412050e+00 3.622459768969551e+01
2.252999999999925e-02 4.333880445528102e+00 4.331291482490339e+00 4.334828071981566e+00 3.622458984003395e+01
2.253999999999925e-02 4.333878635163991e+00 4.331298238864516e+00 4.334823125971499e+00 3.622458201627624e+01
2.254999999999925e-02 4.333876830790270e+00 4.331304972882219e+00 4.334818196327518e+00 3.622457421833714e+01
2.255999999999925e-02 4.333875032387118e+00 4.331311684617422e+00 4.334813282995467e+00 3.622456644613167e+01
2.256999999999925e-02 4.333873239934778e+00 4.331318374143858e+00 4.334808385921370e+00 3.622455869957513e+01
2.257999999999925e-02 4.333871453413560e+00 4.331325041535014e+00 4.334803505051432e+00 3.622455097858310e+01
2.258999999999925e-02 4.333869672803838e+00 4.331331686864135e+00 4.334798640332033e+00 3.622454328307146e+01
2.259999999999925e-02 4.333867898086051e+00 4.331338310204223e+00 4.334793791709732e+00 3.622453561295634e+01
2.260999999999925e-02 4.333866129240704e+00 4.331344911628038e+00 4.334788959131264e+00 3.622452796815414e+01
2.261999999999925e-02 4.333864366248363e+00 4.331351491208101e+00 4.334784142543541e+00 3.622452034858156e+01
2.262999999999925e-02 4.333862609089664e+00 4.331358049016689e+00 4.334779341893651e+00 3.622451275415553e+01
2.263999999999925e-02 4.333860857745302e+00 4.331364585125845e+00 4.334774557128857e+00 3.622450518479331e+01
2.264999999999925e-02 4.333859112196039e+00 4.331371099607371e+00 4.334769788196596e+00 3.622449764041238e+01
2.265999999999925e-02 4.333857372422697e+00 4.331377592532831e+00 4.334765035044477e+00 3.622449012093053e+01
2.266999999999925e-02 4.333855638406165e+00 4.331384063973553e+00 4.334760297620286e+00 3.622448262626577e+01
2.267999999999925e-02 4.333853910127394e+00 4.331390514000629e+00 4.334755575871980e+00 3.622447515633642e+01
2.268999999999925e-02 4.333852187567399e+00 4.331396942684917e+00 4.334750869747688e+00 3.622446771106107e+01
2.269999999999925e-02 4.333850470707257e+00 4.331403350097036e+00 4.334746179195711e+00 3.622446029035854e+01
2.270999999999924e-02 4.333848759528107e+00 4.331409736307376e+00 4.334741504164520e+00 3.622445289414794e+01
2.271999999999924e-02 4.333847054011151e+00 4.331416101386092e+00 4.334736844602760e+00 3.622444552234866e+01
2.272999999999924e-02 4.333845354137653e+00 4.331422445403110e+00 4.334732200459241e+00 3.622443817488032e+01
2.273999999999924e-02 4.333843659888939e+00 4.331428768428119e+00 4.334727571682946e+00 3.622443085166282e+01
2.274999999999924e-02 4.333841971246397e+00 4.331435070530581e+00 4.334722958223026e+00 3.622442355261634e+01
2.275999999999924e-02 4.333840288191476e+00 4.331441351779728e+00 4.334718360028799e+00 3.622441627766128e+01
2.276999999999924e-02 4.333838610705690e+00 4.331447612244562e+00 4.334713777049752e+00 3.622440902671833e+01
2.277999999999924e-02 4.333836938770607e+00 4.331453851993857e+00 4.334709209235539e+00 3.622440179970845e+01
2.278999999999924e-02 4.333835272367862e+00 4.331460071096161e+00 4.334704656535981e+00 3.622439459655282e+01
2.279999999999924e-02 4.333833611479149e+00 4.331466269619793e+00 4.334700118901062e+00 3.622438741717291e+01
2.280999999999924e-02 4.333831956086223e+00 4.331472447632846e+00 4.334695596280936e+00 3.622438026149045e+01
2.281999999999924e-02 4.333830306170896e+00 4.331478605203190e+00 4.334691088625918e+00 3.622437312942740e+01
2.282999999999924e-02 4.333828661715047e+00 4.331484742398467e+00 4.334686595886493e+00 3.622436602090599e+01
2.283999999999924e-02 4.333827022700607e+00 4.331490859286097e+00 4.334682118013302e+00 3.622435893584871e+01
2.284999999999924e-02 4.333825389109573e+00 4.331496955933278e+00 4.334677654957155e+00 3.622435187417830e+01
2.285999999999924e-02 4.333823760923998e+00 4.331503032406984e+00 4.334673206669024e+00 3.622434483581775e+01
2.286999999999924e-02 4.333822138125997e+00 4.331509088773969e+00 4.334668773100041e+00 3.622433782069031e+01
2.287999999999924e-02 4.333820520697743e+00 4.331515125100763e+00 4.334664354201501e+00 3.622433082871947e+01
2.288999999999924e-02 4.333818908621467e+00 4.331521141453679e+00 4.334659949924861e+00 3.622432385982897e+01
2.289999999999924e-02 4.333817301879460e+00 4.331527137898809e+00 4.334655560221738e+00 3.622431691394282e+01
2.290999999999924e-02 4.333815700454071e+00 4.331533114502028e+00 4.334651185043909e+00 3.622430999098526e+01
2.291999999999924e-02 4.333814104327708e+00 4.331539071328990e+00 4.334646824343310e+00 3.622430309088079e+01
2.292999999999924e-02 4.333812513482836e+00 4.331545008445135e+00 4.334642478072038e+00 3.622429621355413e+01
2.293999999999924e-02 4.333810927901979e+00 4.331550925915685e+00 4.334638146182345e+00 3.622428935893029e+01
2.294999999999923e-02 4.333809347567719e+00 4.331556823805645e+00 4.334633828626645e+00 3.622428252693450e+01
2.295999999999923e-02 4.333807772462696e+00 4.331562702179807e+00 4.334629525357506e+00 3.622427571749223e+01
2.296999999999923e-02 4.333806202569606e+00 4.331568561102747e+00 4.334625236327655e+00 3.622426893052921e+01
2.297999999999923e-02 4.333804637871203e+00 4.331574400638829e+00 4.334620961489976e+00 3.622426216597142e+01
2.298999999999923e-02 4.333803078350298e+00 4.331580220852202e+00 4.334616700797506e+00 3.622425542374504e+01
2.299999999999923e-02 4.333801523989760e+00 4.331586021806806e+00 4.334612454203441e+00 3.622424870377653e+01
2.300999999999923e-02 4.333799974772513e+00 4.331591803566365e+00 4.334608221661129e+00 3.622424200599259e+01
2.301999999999923e-02 4.333798430681538e+00 4.331597566194395e+00 4.334604003124074e+00 3.622423533032016e+01
2.302999999999923e-02 4.333796891699873e+00 4.331603309754201e+00 4.334599798545933e+00 3.622422867668638e+01
2.303999999999923e-02 4.333795357810612e+00 4.331609034308879e+00 4.334595607880518e+00 3.622422204501869e+01
2.304999999999923e-02 4.333793828996903e+00 4.331614739921315e+00 4.334591431081790e+00 3.622421543524474e+01
2.305999999999923e-02 4.333792305241952e+00 4.331620426654189e+00 4.334587268103867e+00 3.622420884729240e+01
2.306999999999923e-02 4.333790786529020e+00 4.331626094569972e+00 4.334583118901016e+00 3.622420228108979e+01
2.307999999999923e-02 4.333789272841424e+00 4.331631743730929e+00 4.334578983427656e+00 3.622419573656528e+01
2.308999999999923e-02 4.333787764162535e+00 4.331637374199119e+00 4.334574861638357e+00 3.622418921364746e+01
2.309999999999923e-02 4.333786260475779e+00 4.331642986036393e+00 4.334570753487839e+00 3.622418271226516e+01
2.310999999999923e-02 4.333784761764637e+00 4.331648579304403e+00 4.334566658930971e+00 3.622417623234745e+01
2.311999999999923e-02 4.333783268012646e+00 4.331654154064592e+00 4.334562577922774e+00 3.622416977382360e+01
2.312999999999923e-02 4.333781779203396e+00 4.331659710378201e+00 4.334558510418415e+00 3.622416333662314e+01
2.313999999999923e-02 4.333780295320532e+00 4.331665248306268e+00 4.334554456373211e+00 3.622415692067584e+01
2.314999999999923e-02 4.333778816347753e+00 4.331670767909632e+00 4.334550415742626e+00 3.622415052591167e+01
2.315999999999923e-02 4.333777342268811e+00 4.331676269248927e+00 4.334546388482273e+00 3.622414415226086e+01
2.316999999999923e-02 4.333775873067514e+00 4.331681752384589e+00 4.334542374547908e+00 3.622413779965385e+01
2.317999999999923e-02 4.333774408727720e+00 4.331687217376851e+00 4.334538373895439e+00 3.622413146802131e+01
2.318999999999923e-02 4.333772949233345e+00 4.331692664285750e+00 4.334534386480914e+00 3.622412515729415e+01
2.319999999999922e-02 4.333771494568355e+00 4.331698093171124e+00 4.334530412260532e+00 3.622411886740347e+01
2.320999999999922e-02 4.333770044716769e+00 4.331703504092608e+00 4.334526451190634e+00 3.622411259828066e+01
2.321999999999922e-02 4.333768599662661e+00 4.331708897109646e+00 4.334522503227703e+00 3.622410634985727e+01
2.322999999999922e-02 4.333767159390155e+00 4.331714272281483e+00 4.334518568328371e+00 3.622410012206512e+01
2.323999999999922e-02 4.333765723883430e+00 4.331719629667169e+00 4.334514646449411e+00 3.622409391483621e+01
2.324999999999922e-02 4.333764293126716e+00 4.331724969325554e+00 4.334510737547738e+00 3.622408772810282e+01
2.325999999999922e-02 4.333762867104296e+00 4.331730291315299e+00 4.334506841580414e+00 3.622408156179741e+01
2.326999999999922e-02 4.333761445800504e+00 4.331735595694869e+00 4.334502958504637e+00 3.622407541585267e+01
2.327999999999922e-02 4.333760029199726e+00 4.331740882522532e+00 4.334499088277750e+00 3.622406929020152e+01
2.328999999999922e-02 4.333758617286401e+00 4.331746151856370e+00 4.334495230857237e+00 3.622406318477709e+01
2.329999999999922e-02 4.333757210045018e+00 4.331751403754267e+00 4.334491386200723e+00 3.622405709951272e+01
2.330999999999922e-02 4.333755807460118e+00 4.331756638273919e+00 4.334487554265972e+00 3.622405103434200e+01
2.331999999999922e-02 4.333754409516293e+00 4.331761855472828e+00 4.334483735010888e+00 3.622404498919871e+01
2.332999999999922e-02 4.333753016198186e+00 4.331767055408308e+00 4.334479928393516e+00 3.622403896401686e+01
2.333999999999922e-02 4.333751627490489e+00 4.331772238137484e+00 4.334476134372037e+00 3.622403295873068e+01
2.334999999999922e-02 4.333750243377948e+00 4.331777403717289e+00 4.334472352904772e+00 3.622402697327461e+01
2.335999999999922e-02 4.333748863845359e+00 4.331782552204470e+00 4.334468583950180e+00 3.622402100758330e+01
2.336999999999922e-02 4.333747488877565e+00 4.331787683655586e+00 4.334464827466858e+00 3.622401506159161e+01
2.337999999999922e-02 4.333746118459463e+00 4.331792798127007e+00 4.334461083413539e+00 3.622400913523463e+01
2.338999999999922e-02 4.333744752575998e+00 4.331797895674919e+00 4.334457351749093e+00 3.622400322844766e+01
2.339999999999922e-02 4.333743391212164e+00 4.331802976355321e+00 4.334453632432524e+00 3.622399734116621e+01
2.340999999999922e-02 4.333742034353008e+00 4.331808040224026e+00 4.334449925422975e+00 3.622399147332600e+01
2.341999999999922e-02 4.333740681983622e+00 4.331813087336664e+00 4.334446230679722e+00 3.622398562486295e+01
2.342999999999922e-02 4.333739334089151e+00 4.331818117748679e+00 4.334442548162178e+00 3.622397979571320e+01
2.343999999999921e-02 4.333737990654787e+00 4.331823131515334e+00 4.334438877829887e+00 3.622397398581311e+01
2.344999999999921e-02 4.333736651665773e+00 4.331828128691705e+00 4.334435219642531e+00 3.622396819509923e+01
2.345999999999921e-02 4.333735317107398e+00 4.331833109332690e+00 4.334431573559920e+00 3.622396242350835e+01
2.346999999999921e-02 4.333733986965003e+00 4.331838073493003e+00 4.334427939542001e+00 3.622395667097742e+01
2.347999999999921e-02 4.333732661223975e+00 4.331843021227179e+00 4.334424317548854e+00 3.622395093744364e+01
2.348999999999921e-02 4.333731339869749e+00 4.331847952589570e+00 4.334420707540688e+00 3.622394522284439e+01
2.349999999999921e-02 4.333730022887811e+00 4.331852867634349e+00 4.334417109477847e+00 3.622393952711727e+01
2.350999999999921e-02 4.333728710263692e+00 4.331857766415511e+00 4.334413523320802e+00 3.622393385020006e+01
2.351999999999921e-02 4.333727401982974e+00 4.331862648986871e+00 4.334409949030160e+00 3.622392819203078e+01
2.352999999999921e-02 4.333726098031283e+00 4.331867515402067e+00 4.334406386566655e+00 3.622392255254764e+01
2.353999999999921e-02 4.333724798394296e+00 4.331872365714558e+00 4.334402835891151e+00 3.622391693168903e+01
2.354999999999921e-02 4.333723503057735e+00 4.331877199977627e+00 4.334399296964643e+00 3.622391132939358e+01
2.355999999999921e-02 4.333722212007371e+00 4.331882018244381e+00 4.334395769748252e+00 3.622390574560010e+01
2.356999999999921e-02 4.333720925229020e+00 4.331886820567752e+00 4.334392254203232e+00 3.622390018024760e+01
2.357999999999921e-02 4.333719642708547e+00 4.331891607000495e+00 4.334388750290962e+00 3.622389463327529e+01
2.358999999999921e-02 4.333718364431864e+00 4.331896377595190e+00 4.334385257972952e+00 3.622388910462259e+01
2.359999999999921e-02 4.333717090384926e+00 4.331901132404245e+00 4.334381777210834e+00 3.622388359422911e+01
2.360999999999921e-02 4.333715820553739e+00 4.331905871479894e+00 4.334378307966372e+00 3.622387810203467e+01
2.361999999999921e-02 4.333714554924353e+00 4.331910594874198e+00 4.334374850201455e+00 3.622387262797927e+01
2.362999999999921e-02 4.333713293482864e+00 4.331915302639046e+00 4.334371403878097e+00 3.622386717200312e+01
2.363999999999921e-02 4.333712036215415e+00 4.331919994826154e+00 4.334367968958439e+00 3.622386173404661e+01
2.364999999999921e-02 4.333710783108193e+00 4.331924671487069e+00 4.334364545404745e+00 3.622385631405037e+01
2.365999999999921e-02 4.333709534147435e+00 4.331929332673165e+00 4.334361133179408e+00 3.622385091195515e+01
2.366999999999921e-02 4.333708289319417e+00 4.331933978435649e+00 4.334357732244942e+00 3.622384552770197e+01
2.367999999999921e-02 4.333707048610466e+00 4.331938608825557e+00 4.334354342563986e+00 3.622384016123198e+01
2.368999999999920e-02 4.333705812006952e+00 4.331943223893755e+00 4.334350964099303e+00 3.622383481248659e+01
2.369999999999920e-02 4.333704579495290e+00 4.331947823690941e+00 4.334347596813778e+00 3.622382948140735e+01
2.370999999999920e-02 4.333703351061941e+00 4.331952408267647e+00 4.334344240670422e+00 3.622382416793602e+01
2.371999999999920e-02 4.333702126693410e+00 4.331956977674236e+00 4.334340895632364e+00 3.622381887201455e+01
2.372999999999920e-02 4.333700906376246e+00 4.331961531960905e+00 4.334337561662858e+00 3.622381359358507e+01
2.373999999999920e-02 4.333699690097044e+00 4.331966071177687e+00 4.334334238725279e+00 3.622380833258993e+01
2.374999999999920e-02 4.333698477842441e+00 4.331970595374446e+00 4.334330926783122e+00 3.622380308897164e+01
2.375999999999920e-02 4.333697269599122e+00 4.331975104600883e+00 4.334327625800005e+00 3.622379786267291e+01
2.376999999999920e-02 4.333696065353814e+00 4.331979598906533e+00 4.334324335739664e+00 3.622379265363664e+01
2.377999999999920e-02 4.333694865093286e+00 4.331984078340768e+00 4.334321056565957e+00 3.622378746180591e+01
2.378999999999920e-02 4.333693668804354e+00 4.331988542952797e+00 4.334317788242861e+00 3.622378228712399e+01
2.379999999999920e-02 4.333692476473876e+00 4.331992992791667e+00 4.334314530734470e+00 3.622377712953434e+01
2.380999999999920e-02 4.333691288088754e+00 4.331997427906261e+00 4.334311284005000e+00 3.622377198898061e+01
2.381999999999920e-02 4.333690103635931e+00 4.332001848345300e+00 4.334308048018784e+00 3.622376686540662e+01
2.382999999999920e-02 4.333688923102397e+00 4.332006254157345e+00 4.334304822740273e+00 3.622376175875640e+01
2.383999999999920e-02 4.333687746475183e+00 4.332010645390796e+00 4.334301608134036e+00 3.622375666897413e+01
2.384999999999920e-02 4.333686573741364e+00 4.332015022093892e+00 4.334298404164760e+00 3.622375159600421e+01
2.385999999999920e-02 4.333685404888056e+00 4.332019384314714e+00 4.334295210797245e+00 3.622374653979118e+01
2.386999999999920e-02 4.333684239902418e+00 4.332023732101184e+00 4.334292027996414e+00 3.622374150027980e+01
2.387999999999920e-02 4.333683078771654e+00 4.332028065501063e+00 4.334288855727300e+00 3.622373647741499e+01
2.388999999999920e-02 4.333681921483007e+00 4.332032384561957e+00 4.334285693955054e+00 3.622373147114186e+01
2.389999999999920e-02 4.333680768023764e+00 4.332036689331312e+00 4.334282542644942e+00 3.622372648140571e+01
2.390999999999920e-02 4.333679618381254e+00 4.332040979856417e+00 4.334279401762347e+00 3.622372150815200e+01
2.391999999999920e-02 4.333678472542847e+00 4.332045256184406e+00 4.334276271272765e+00 3.622371655132638e+01
2.392999999999919e-02 4.333677330495955e+00 4.332049518362258e+00 4.334273151141805e+00 3.622371161087467e+01
2.393999999999919e-02 4.333676192228034e+00 4.332053766436792e+00 4.334270041335191e+00 3.622370668674289e+01
2.394999999999919e-02 4.333675057726579e+00 4.332058000454678e+00 4.334266941818762e+00 3.622370177887720e+01
2.395999999999919e-02 4.333673926979126e+00 4.332062220462428e+00 4.334263852558466e+00 3.622369688722396e+01
2.396999999999919e-02 4.333672799973253e+00 4.332066426506398e+00 4.334260773520367e+00 3.622369201172972e+01
2.397999999999919e-02 4.333671676696581e+00 4.332070618632798e+00 4.334257704670640e+00 3.622368715234119e+01
2.398999999999919e-02 4.333670557136769e+00 4.332074796887678e+00 4.334254645975572e+00 3.622368230900525e+01
2.399999999999919e-02 4.333669441281519e+00 4.332078961316938e+00 4.334251597401563e+00 3.622367748166896e+01
2.400999999999919e-02 4.333668329118573e+00 4.332083111966327e+00 4.334248558915121e+00 3.622367267027955e+01
2.401999999999919e-02 4.333667220635712e+00 4.332087248881440e+00 4.334245530482868e+00 3.622366787478443e+01
2.402999999999919e-02 4.333666115820759e+00 4.332091372107725e+00 4.334242512071536e+00 3.622366309513119e+01
2.403999999999919e-02 4.333665014661578e+00 4.332095481690478e+00 4.334239503647965e+00 3.622365833126757e+01
2.404999999999919e-02 4.333663917146072e+00 4.332099577674843e+00 4.334236505179106e+00 3.622365358314151e+01
2.405999999999919e-02 4.333662823262185e+00 4.332103660105816e+00 4.334233516632020e+00 3.622364885070109e+01
2.406999999999919e-02 4.333661732997899e+00 4.332107729028246e+00 4.334230537973876e+00 3.622364413389459e+01
2.407999999999919e-02 4.333660646341237e+00 4.332111784486832e+00 4.334227569171952e+00 3.622363943267043e+01
2.408999999999919e-02 4.333659563280262e+00 4.332115826526124e+00 4.334224610193635e+00 3.622363474697723e+01
2.409999999999919e-02 4.333658483803076e+00 4.332119855190526e+00 4.334221661006419e+00 3.622363007676376e+01
2.410999999999919e-02 4.333657407897821e+00 4.332123870524295e+00 4.334218721577905e+00 3.622362542197897e+01
2.411999999999919e-02 4.333656335552677e+00 4.332127872571542e+00 4.334215791875803e+00 3.622362078257196e+01
2.412999999999919e-02 4.333655266755864e+00 4.332131861376231e+00 4.334212871867927e+00 3.622361615849201e+01
2.413999999999919e-02 4.333654201495641e+00 4.332135836982181e+00 4.334209961522201e+00 3.622361154968858e+01
2.414999999999919e-02 4.333653139760305e+00 4.332139799433065e+00 4.334207060806653e+00 3.622360695611126e+01
2.415999999999919e-02 4.333652081538192e+00 4.332143748772413e+00 4.334204169689418e+00 3.622360237770985e+01
2.416999999999919e-02 4.333651026817678e+00 4.332147685043610e+00 4.334201288138734e+00 3.622359781443427e+01
2.417999999999918e-02 4.333649975587177e+00 4.332151608289899e+00 4.334198416122947e+00 3.622359326623464e+01
2.418999999999918e-02 4.333648927835139e+00 4.332155518554377e+00 4.334195553610506e+00 3.622358873306124e+01
2.419999999999918e-02 4.333647883550054e+00 4.332159415880001e+00 4.334192700569966e+00 3.622358421486449e+01
2.420999999999918e-02 4.333646842720452e+00 4.332163300309586e+00 4.334189856969984e+00 3.622357971159499e+01
2.421999999999918e-02 4.333645805334898e+00 4.332167171885803e+00 4.334187022779322e+00 3.622357522320350e+01
2.422999999999918e-02 4.333644771381995e+00 4.332171030651183e+00 4.334184197966844e+00 3.622357074964093e+01
2.423999999999918e-02 4.333643740850386e+00 4.332174876648116e+00 4.334181382501520e+00 3.622356629085839e+01
2.424999999999918e-02 4.333642713728748e+00 4.332178709918853e+00 4.334178576352421e+00 3.622356184680711e+01
2.425999999999918e-02 4.333641690005800e+00 4.332182530505505e+00 4.334175779488717e+00 3.622355741743849e+01
2.426999999999918e-02 4.333640669670294e+00 4.332186338450041e+00 4.334172991879686e+00 3.622355300270411e+01
2.427999999999918e-02 4.333639652711023e+00 4.332190133794295e+00 4.334170213494702e+00 3.622354860255567e+01
2.428999999999918e-02 4.333638639116813e+00 4.332193916579960e+00 4.334167444303247e+00 3.622354421694507e+01
2.429999999999918e-02 4.333637628876532e+00 4.332197686848591e+00 4.334164684274897e+00 3.622353984582434e+01
2.430999999999918e-02 4.333636621979079e+00 4.332201444641607e+00 4.334161933379333e+00 3.622353548914569e+01
2.431999999999918e-02 4.333635618413395e+00 4.332205190000288e+00 4.334159191586335e+00 3.622353114686148e+01
2.432999999999918e-02 4.333634618168456e+00 4.332208922965780e+00 4.334156458865783e+00 3.622352681892420e+01
2.433999999999918e-02 4.333633621233271e+00 4.332212643579091e+00 4.334153735187657e+00 3.622352250528652e+01
2.434999999999918e-02 4.333632627596890e+00 4.332216351881093e+00 4.334151020522036e+00 3.622351820590128e+01
2.435999999999918e-02 4.333631637248398e+00 4.332220047912524e+00 4.334148314839098e+00 3.622351392072145e+01
2.436999999999918e-02 4.333630650176914e+00 4.332223731713987e+00 4.334145618109119e+00 3.622350964970018e+01
2.437999999999918e-02 4.333629666371595e+00 4.332227403325949e+00 4.334142930302476e+00 3.622350539279073e+01
2.438999999999918e-02 4.333628685821633e+00 4.332231062788746e+00 4.334140251389640e+00 3.622350114994656e+01
2.439999999999918e-02 4.333627708516258e+00 4.332234710142577e+00 4.334137581341183e+00 3.622349692112127e+01
2.440999999999918e-02 4.333626734444732e+00 4.332238345427512e+00 4.334134920127774e+00 3.622349270626859e+01
2.441999999999918e-02 4.333625763596357e+00 4.332241968683485e+00 4.334132267720177e+00 3.622348850534244e+01
2.442999999999917e-02 4.333624795960466e+00 4.332245579950300e+00 4.334129624089254e+00 3.622348431829685e+01
2.443999999999917e-02 4.333623831526428e+00 4.332249179267627e+00 4.334126989205964e+00 3.622348014508604e+01
2.444999999999917e-02 4.333622870283650e+00 4.332252766675008e+00 4.334124363041362e+00 3.622347598566436e+01
2.445999999999917e-02 4.333621912221570e+00 4.332256342211852e+00 4.334121745566597e+00 3.622347183998631e+01
2.446999999999917e-02 4.333620957329666e+00 4.332259905917437e+00 4.334119136752916e+00 3.622346770800654e+01
2.447999999999917e-02 4.333620005597447e+00 4.332263457830912e+00 4.334116536571660e+00 3.622346358967985e+01
2.448999999999917e-02 4.333619057014458e+00 4.332266997991298e+00 4.334113944994264e+00 3.622345948496120e+01
2.449999999999917e-02 4.333618111570277e+00 4.332270526437484e+00 4.334111361992258e+00 3.622345539380568e+01
2.450999999999917e-02 4.333617169254519e+00 4.332274043208233e+00 4.334108787537268e+00 3.622345131616855e+01
2.451999999999917e-02 4.333616230056833e+00 4.332277548342176e+00 4.334106221601011e+00 3.622344725200519e+01
2.452999999999917e-02 4.333615293966901e+00 4.332281041877821e+00 4.334103664155299e+00 3.622344320127116e+01
2.453999999999917e-02 4.333614360974439e+00 4.332284523853545e+00 4.334101115172038e+00 3.622343916392212e+01
2.454999999999917e-02 4.333613431069198e+00 4.332287994307599e+00 4.334098574623225e+00 3.622343513991392e+01
2.455999999999917e-02 4.333612504240961e+00 4.332291453278108e+00 4.334096042480953e+00 3.622343112920254e+01
2.456999999999917e-02 4.333611580479549e+00 4.332294900803070e+00 4.334093518717403e+00 3.622342713174410e+01
2.457999999999917e-02 4.333610659774813e+00 4.332298336920358e+00 4.334091003304851e+00 3.622342314749486e+01
2.458999999999917e-02 4.333609742116638e+00 4.332301761667719e+00 4.334088496215664e+00 3.622341917641125e+01
2.459999999999917e-02 4.333608827494944e+00 4.332305175082776e+00 4.334085997422302e+00 3.622341521844980e+01
2.460999999999917e-02 4.333607915899682e+00 4.332308577203026e+00 4.334083506897313e+00 3.622341127356722e+01
2.461999999999917e-02 4.333607007320840e+00 4.332311968065844e+00 4.334081024613337e+00 3.622340734172036e+01
2.462999999999917e-02 4.333606101748434e+00 4.332315347708480e+00 4.334078550543106e+00 3.622340342286619e+01
2.463999999999917e-02 4.333605199172519e+00 4.332318716168061e+00 4.334076084659440e+00 3.622339951696185e+01
2.464999999999917e-02 4.333604299583178e+00 4.332322073481591e+00 4.334073626935250e+00 3.622339562396458e+01
2.465999999999917e-02 4.333603402970529e+00 4.332325419685952e+00 4.334071177343539e+00 3.622339174383180e+01
2.466999999999916e-02 4.333602509324722e+00 4.332328754817903e+00 4.334068735857394e+00 3.622338787652107e+01
2.467999999999916e-02 4.333601618635941e+00 4.332332078914082e+00 4.334066302449997e+00 3.622338402199004e+01
2.468999999999916e-02 4.333600730894399e+00 4.332335392011006e+00 4.334063877094613e+00 3.622338018019656e+01
2.469999999999916e-02 4.333599846090346e+00 4.332338694145072e+00 4.334061459764602e+00 3.622337635109859e+01
2.470999999999916e-02 4.333598964214061e+00 4.332341985352554e+00 4.334059050433405e+00 3.622337253465422e+01
2.471999999999916e-02 4.333598085255857e+00 4.332345265669607e+00 4.334056649074555e+00 3.622336873082172e+01
2.472999999999916e-02 4.333597209206077e+00 4.332348535132270e+00 4.334054255661674e+00 3.622336493955944e+01
2.473999999999916e-02 4.333596336055098e+00 4.332351793776456e+00 4.334051870168467e+00 3.622336116082590e+01
2.474999999999916e-02 4.333595465793326e+00 4.332355041637965e+00 4.334049492568728e+00 3.622335739457976e+01
2.475999999999916e-02 4.333594598411205e+00 4.332358278752475e+00 4.334047122836340e+00 3.622335364077980e+01
2.476999999999916e-02 4.333593733899202e+00 4.332361505155548e+00 4.334044760945269e+00 3.622334989938494e+01
2.477999999999916e-02 4.333592872247823e+00 4.332364720882627e+00 4.334042406869569e+00 3.622334617035425e+01
2.478999999999916e-02 4.333592013447601e+00 4.332367925969039e+00 4.334040060583380e+00 3.622334245364690e+01
2.479999999999916e-02 4.333591157489102e+00 4.332371120449992e+00 4.334037722060924e+00 3.622333874922224e+01
2.480999999999916e-02 4.333590304362923e+00 4.332374304360581e+00 4.334035391276514e+00 3.622333505703973e+01
2.481999999999916e-02 4.333589454059692e+00 4.332377477735781e+00 4.334033068204546e+00 3.622333137705895e+01
2.482999999999916e-02 4.333588606570069e+00 4.332380640610454e+00 4.334030752819497e+00 3.622332770923965e+01
2.483999999999916e-02 4.333587761884741e+00 4.332383793019345e+00 4.334028445095933e+00 3.622332405354167e+01
2.484999999999916e-02 4.333586919994431e+00 4.332386934997086e+00 4.334026145008502e+00 3.622332040992499e+01
2.485999999999916e-02 4.333586080889891e+00 4.332390066578191e+00 4.334023852531937e+00 3.622331677834976e+01
2.486999999999916e-02 4.333585244561902e+00 4.332393187797064e+00 4.334021567641054e+00 3.622331315877622e+01
2.487999999999916e-02 4.333584411001276e+00 4.332396298687992e+00 4.334019290310752e+00 3.622330955116477e+01
2.488999999999916e-02 4.333583580198857e+00 4.332399399285149e+00 4.334017020516013e+00 3.622330595547592e+01
2.489999999999916e-02 4.333582752145517e+00 4.332402489622598e+00 4.334014758231904e+00 3.622330237167031e+01
2.490999999999916e-02 4.333581926832161e+00 4.332405569734286e+00 4.334012503433572e+00 3.622329879970873e+01
2.491999999999915e-02 4.333581104249721e+00 4.332408639654051e+00 4.334010256096246e+00 3.622329523955207e+01
2.492999999999915e-02 4.333580284389162e+00 4.332411699415617e+00 4.334008016195238e+00 3.622329169116138e+01
2.493999999999915e-02 4.333579467241477e+00 4.332414749052597e+00 4.334005783705942e+00 3.622328815449780e+01
2.494999999999915e-02 4.333578652797689e+00 4.332417788598493e+00 4.334003558603834e+00 3.622328462952265e+01
2.495999999999915e-02 4.333577841048851e+00 4.332420818086695e+00 4.334001340864470e+00 3.622328111619731e+01
2.496999999999915e-02 4.333577031986046e+00 4.332423837550484e+00 4.333999130463486e+00 3.622327761448337e+01
2.497999999999915e-02 4.333576225600384e+00 4.332426847023031e+00 4.333996927376600e+00 3.622327412434245e+01
2.498999999999915e-02 4.333575421883010e+00 4.332429846537396e+00 4.333994731579611e+00 3.622327064573639e+01
2.499999999999915e-02 4.333574620825092e+00 4.332432836126529e+00 4.333992543048395e+00 3.622326717862710e+01
2.500999999999915e-02 4.333573822417832e+00 4.332435815823273e+00 4.333990361758912e+00 3.622326372297662e+01
2.501999999999915e-02 4.333573026652457e+00 4.332438785660361e+00 4.333988187687198e+00 3.622326027874713e+01
2.502999999999915e-02 4.333572233520227e+00 4.332441745670419e+00 4.333986020809371e+00 3.622325684590093e+01
2.503999999999915e-02 4.333571443012428e+00 4.332444695885963e+00 4.333983861101627e+00 3.622325342440043e+01
2.504999999999915e-02 4.333570655120376e+00 4.332447636339403e+00 4.333981708540239e+00 3.622325001420820e+01
2.505999999999915e-02 4.333569869835415e+00 4.332450567063041e+00 4.333979563101562e+00 3.622324661528689e+01
2.506999999999915e-02 4.333569087148920e+00 4.332453488089071e+00 4.333977424762026e+00 3.622324322759930e+01
2.507999999999915e-02 4.333568307052292e+00 4.332456399449585e+00 4.333975293498140e+00 3.622323985110835e+01
2.508999999999915e-02 4.333567529536960e+00 4.332459301176564e+00 4.333973169286493e+00 3.622323648577706e+01
2.509999999999915e-02 4.333566754594385e+00 4.332462193301884e+00 4.333971052103747e+00 3.622323313156861e+01
2.510999999999915e-02 4.333565982216053e+00 4.332465075857319e+00 4.333968941926645e+00 3.622322978844626e+01
2.511999999999915e-02 4.333565212393478e+00 4.332467948874532e+00 4.333966838732006e+00 3.622322645637342e+01
2.512999999999915e-02 4.333564445118204e+00 4.332470812385086e+00 4.333964742496724e+00 3.622322313531363e+01
2.513999999999915e-02 4.333563680381803e+00 4.332473666420439e+00 4.333962653197773e+00 3.622321982523051e+01
2.514999999999915e-02 4.333562918175873e+00 4.332476511011942e+00 4.333960570812200e+00 3.622321652608782e+01
2.515999999999914e-02 4.333562158492041e+00 4.332479346190845e+00 4.333958495317129e+00 3.622321323784944e+01
2.516999999999914e-02 4.333561401321960e+00 4.332482171988294e+00 4.333956426689760e+00 3.622320996047938e+01
2.517999999999914e-02 4.333560646657314e+00 4.332484988435332e+00 4.333954364907367e+00 3.622320669394176e+01
2.518999999999914e-02 4.333559894489812e+00 4.332487795562899e+00 4.333952309947302e+00 3.622320343820081e+01
2.519999999999914e-02 4.333559144811192e+00 4.332490593401832e+00 4.333950261786989e+00 3.622320019322089e+01
2.520999999999914e-02 4.333558397613218e+00 4.332493381982867e+00 4.333948220403929e+00 3.622319695896646e+01
2.521999999999914e-02 4.333557652887681e+00 4.332496161336637e+00 4.333946185775695e+00 3.622319373540213e+01
2.522999999999914e-02 4.333556910626400e+00 4.332498931493676e+00 4.333944157879937e+00 3.622319052249258e+01
2.523999999999914e-02 4.333556170821221e+00 4.332501692484415e+00 4.333942136694377e+00 3.622318732020265e+01
2.524999999999914e-02 4.333555433464017e+00 4.332504444339185e+00 4.333940122196812e+00 3.622318412849727e+01
2.525999999999914e-02 4.333554698546688e+00 4.332507187088216e+00 4.333938114365110e+00 3.622318094734150e+01
2.526999999999914e-02 4.333553966061161e+00 4.332509920761638e+00 4.333936113177216e+00 3.622317777670050e+01
2.527999999999914e-02 4.333553235999388e+00 4.332512645389481e+00 4.333934118611145e+00 3.622317461653957e+01
2.528999999999914e-02 4.333552508353351e+00 4.332515361001677e+00 4.333932130644986e+00 3.622317146682408e+01
2.529999999999914e-02 4.333551783115054e+00 4.332518067628060e+00 4.333930149256901e+00 3.622316832751957e+01
2.530999999999914e-02 4.333551060276531e+00 4.332520765298361e+00 4.333928174425122e+00 3.622316519859164e+01
2.531999999999914e-02 4.333550339829842e+00 4.332523454042217e+00 4.333926206127955e+00 3.622316208000606e+01
2.532999999999914e-02 4.333549621767072e+00 4.332526133889165e+00 4.333924244343778e+00 3.622315897172864e+01
2.533999999999914e-02 4.333548906080332e+00 4.332528804868644e+00 4.333922289051039e+00 3.622315587372537e+01
2.534999999999914e-02 4.333548192761760e+00 4.332531467009995e+00 4.333920340228259e+00 3.622315278596233e+01
2.535999999999914e-02 4.333547481803520e+00 4.332534120342465e+00 4.333918397854029e+00 3.622314970840569e+01
2.536999999999914e-02 4.333546773197803e+00 4.332536764895200e+00 4.333916461907011e+00 3.622314664102176e+01
2.537999999999914e-02 4.333546066936823e+00 4.332539400697253e+00 4.333914532365937e+00 3.622314358377695e+01
2.538999999999914e-02 4.333545363012823e+00 4.332542027777579e+00 4.333912609209611e+00 3.622314053663777e+01
2.539999999999914e-02 4.333544661418069e+00 4.332544646165038e+00 4.333910692416907e+00 3.622313749957086e+01
2.540999999999913e-02 4.333543962144854e+00 4.332547255888394e+00 4.333908781966766e+00 3.622313447254297e+01
2.541999999999913e-02 4.333543265185496e+00 4.332549856976316e+00 4.333906877838203e+00 3.622313145552094e+01
2.542999999999913e-02 4.333542570532339e+00 4.332552449457378e+00 4.333904980010297e+00 3.622312844847174e+01
2.543999999999913e-02 4.333541878177751e+00 4.332555033360060e+00 4.333903088462203e+00 3.622312545136243e+01
2.544999999999913e-02 4.333541188114126e+00 4.332557608712747e+00 4.333901203173141e+00 3.622312246416018e+01
2.545999999999913e-02 4.333540500333885e+00 4.332560175543732e+00 4.333899324122398e+00 3.622311948683228e+01
2.546999999999913e-02 4.333539814829471e+00 4.332562733881210e+00 4.333897451289332e+00 3.622311651934614e+01
2.547999999999913e-02 4.333539131593354e+00 4.332565283753288e+00 4.333895584653372e+00 3.622311356166923e+01
2.548999999999913e-02 4.333538450618028e+00 4.332567825187978e+00 4.333893724194009e+00 3.622311061376919e+01
2.549999999999913e-02 4.333537771896013e+00 4.332570358213196e+00 4.333891869890805e+00 3.622310767561371e+01
2.550999999999913e-02 4.333537095419851e+00 4.332572882856771e+00 4.333890021723392e+00 3.622310474717063e+01
2.551999999999913e-02 4.333536421182113e+00 4.332575399146435e+00 4.333888179671465e+00 3.622310182840786e+01
2.552999999999913e-02 4.333535749175390e+00 4.332577907109834e+00 4.333886343714790e+00 3.622309891929345e+01
2.553999999999913e-02 4.333535079392301e+00 4.332580406774516e+00 4.333884513833195e+00 3.622309601979553e+01
2.554999999999913e-02 4.333534411825488e+00 4.332582898167943e+00 4.333882690006581e+00 3.622309312988233e+01
2.555999999999913e-02 4.333533746467618e+00 4.332585381317483e+00 4.333880872214911e+00 3.622309024952222e+01
2.556999999999913e-02 4.333533083311380e+00 4.332587856250416e+00 4.333879060438216e+00 3.622308737868364e+01
2.557999999999913e-02 4.333532422349491e+00 4.332590322993928e+00 4.333877254656593e+00 3.622308451733514e+01
2.558999999999913e-02 4.333531763574689e+00 4.332592781575120e+00 4.333875454850205e+00 3.622308166544538e+01
2.559999999999913e-02 4.333531106979737e+00 4.332595232020999e+00 4.333873660999278e+00 3.622307882298315e+01
2.560999999999913e-02 4.333530452557421e+00 4.332597674358484e+00 4.333871873084108e+00 3.622307598991729e+01
2.561999999999913e-02 4.333529800300554e+00 4.332600108614407e+00 4.333870091085053e+00 3.622307316621677e+01
2.562999999999913e-02 4.333529150201969e+00 4.332602534815507e+00 4.333868314982538e+00 3.622307035185067e+01
2.563999999999913e-02 4.333528502254525e+00 4.332604952988439e+00 4.333866544757050e+00 3.622306754678816e+01
2.564999999999912e-02 4.333527856451105e+00 4.332607363159767e+00 4.333864780389143e+00 3.622306475099850e+01
2.565999999999912e-02 4.333527212784612e+00 4.332609765355969e+00 4.333863021859434e+00 3.622306196445109e+01
2.566999999999912e-02 4.333526571247977e+00 4.332612159603433e+00 4.333861269148606e+00 3.622305918711540e+01
2.567999999999912e-02 4.333525931834152e+00 4.332614545928460e+00 4.333859522237404e+00 3.622305641896099e+01
2.568999999999912e-02 4.333525294536112e+00 4.332616924357267e+00 4.333857781106637e+00 3.622305365995756e+01
2.569999999999912e-02 4.333524659346857e+00 4.332619294915981e+00 4.333856045737178e+00 3.622305091007487e+01
2.570999999999912e-02 4.333524026259408e+00 4.332621657630644e+00 4.333854316109964e+00 3.622304816928281e+01
2.571999999999912e-02 4.333523395266811e+00 4.332624012527211e+00 4.333852592205992e+00 3.622304543755135e+01
2.572999999999912e-02 4.333522766362135e+00 4.332626359631553e+00 4.333850874006327e+00 3.622304271485056e+01
2.573999999999912e-02 4.333522139538470e+00 4.332628698969454e+00 4.333849161492092e+00 3.622304000115063e+01
2.574999999999912e-02 4.333521514788931e+00 4.332631030566611e+00 4.333847454644475e+00 3.622303729642181e+01
2.575999999999912e-02 4.333520892106654e+00 4.332633354448638e+00 4.333845753444724e+00 3.622303460063448e+01
2.576999999999912e-02 4.333520271484799e+00 4.332635670641065e+00 4.333844057874151e+00 3.622303191375913e+01
2.577999999999912e-02 4.333519652916548e+00 4.332637979169337e+00 4.333842367914130e+00 3.622302923576630e+01
2.578999999999912e-02 4.333519036395105e+00 4.332640280058812e+00 4.333840683546097e+00 3.622302656662664e+01
2.579999999999912e-02 4.333518421913699e+00 4.332642573334768e+00 4.333839004751547e+00 3.622302390631095e+01
2.580999999999912e-02 4.333517809465579e+00 4.332644859022398e+00 4.333837331512038e+00 3.622302125479005e+01
2.581999999999912e-02 4.333517199044016e+00 4.332647137146811e+00 4.333835663809189e+00 3.622301861203490e+01
2.582999999999912e-02 4.333516590642304e+00 4.332649407733032e+00 4.333834001624678e+00 3.622301597801656e+01
2.583999999999912e-02 4.333515984253761e+00 4.332651670806007e+00 4.333832344940246e+00 3.622301335270616e+01
2.584999999999912e-02 4.333515379871725e+00 4.332653926390596e+00 4.333830693737694e+00 3.622301073607495e+01
2.585999999999912e-02 4.333514777489556e+00 4.332656174511576e+00 4.333829047998883e+00 3.622300812809425e+01
2.586999999999912e-02 4.333514177100637e+00 4.332658415193645e+00 4.333827407705733e+00 3.622300552873549e+01
2.587999999999912e-02 4.333513578698373e+00 4.332660648461419e+00 4.333825772840225e+00 3.622300293797019e+01
2.588999999999912e-02 4.333512982276188e+00 4.332662874339428e+00 4.333824143384398e+00 3.622300035576998e+01
2.589999999999911e-02 4.333512387827533e+00 4.332665092852128e+00 4.333822519320354e+00 3.622299778210656e+01
2.590999999999911e-02 4.333511795345877e+00 4.332667304023889e+00 4.333820900630250e+00 3.622299521695173e+01
2.591999999999911e-02 4.333511204824710e+00 4.332669507879002e+00 4.333819287296304e+00 3.622299266027738e+01
2.592999999999911e-02 4.333510616257545e+00 4.332671704441677e+00 4.333817679300794e+00 3.622299011205551e+01
2.593999999999911e-02 4.333510029637917e+00 4.332673893736044e+00 4.333816076626055e+00 3.622298757225819e+01
2.594999999999911e-02 4.333509444959382e+00 4.332676075786154e+00 4.333814479254481e+00 3.622298504085759e+01
2.595999999999911e-02 4.333508862215515e+00 4.332678250615978e+00 4.333812887168523e+00 3.622298251782599e+01
2.596999999999911e-02 4.333508281399917e+00 4.332680418249407e+00 4.333811300350692e+00 3.622298000313573e+01
2.597999999999911e-02 4.333507702506206e+00 4.332682578710254e+00 4.333809718783556e+00 3.622297749675927e+01
2.598999999999911e-02 4.333507125528024e+00 4.332684732022253e+00 4.333808142449739e+00 3.622297499866914e+01
2.599999999999911e-02 4.333506550459031e+00 4.332686878209058e+00 4.333806571331928e+00 3.622297250883796e+01
2.600999999999911e-02 4.333505977292910e+00 4.332689017294246e+00 4.333805005412860e+00 3.622297002723847e+01
2.601999999999911e-02 4.333505406023365e+00 4.332691149301318e+00 4.333803444675334e+00 3.622296755384345e+01
2.602999999999911e-02 4.333504836644120e+00 4.332693274253693e+00 4.333801889102205e+00 3.622296508862582e+01
2.603999999999911e-02 4.333504269148920e+00 4.332695392174714e+00 4.333800338676384e+00 3.622296263155857e+01
2.604999999999911e-02 4.333503703531529e+00 4.332697503087649e+00 4.333798793380839e+00 3.622296018261475e+01
2.605999999999911e-02 4.333503139785737e+00 4.332699607015687e+00 4.333797253198593e+00 3.622295774176754e+01
2.606999999999911e-02 4.333502577905349e+00 4.332701703981941e+00 4.333795718112728e+00 3.622295530899021e+01
2.607999999999911e-02 4.333502017884192e+00 4.332703794009446e+00 4.333794188106379e+00 3.622295288425609e+01
2.608999999999911e-02 4.333501459716116e+00 4.332705877121163e+00 4.333792663162738e+00 3.622295046753860e+01
2.609999999999911e-02 4.333500903394987e+00 4.332707953339976e+00 4.333791143265055e+00 3.622294805881127e+01
2.610999999999911e-02 4.333500348914695e+00 4.332710022688692e+00 4.333789628396630e+00 3.622294565804770e+01
2.611999999999911e-02 4.333499796269148e+00 4.332712085190045e+00 4.333788118540824e+00 3.622294326522158e+01
2.612999999999911e-02 4.333499245452275e+00 4.332714140866693e+00 4.333786613681050e+00 3.622294088030669e+01
2.613999999999910e-02 4.333498696458025e+00 4.332716189741217e+00 4.333785113800776e+00 3.622293850327689e+01
2.614999999999910e-02 4.333498149280367e+00 4.332718231836125e+00 4.333783618883525e+00 3.622293613410615e+01
2.615999999999910e-02 4.333497603913290e+00 4.332720267173852e+00 4.333782128912875e+00 3.622293377276849e+01
2.616999999999910e-02 4.333497060350805e+00 4.332722295776755e+00 4.333780643872458e+00 3.622293141923804e+01
2.617999999999910e-02 4.333496518586937e+00 4.332724317667121e+00 4.333779163745960e+00 3.622292907348900e+01
2.618999999999910e-02 4.333495978615738e+00 4.332726332867160e+00 4.333777688517120e+00 3.622292673549568e+01
2.619999999999910e-02 4.333495440431274e+00 4.332728341399012e+00 4.333776218169734e+00 3.622292440523243e+01
2.620999999999910e-02 4.333494904027633e+00 4.332730343284739e+00 4.333774752687648e+00 3.622292208267374e+01
2.621999999999910e-02 4.333494369398923e+00 4.332732338546335e+00 4.333773292054763e+00 3.622291976779415e+01
2.622999999999910e-02 4.333493836539270e+00 4.332734327205717e+00 4.333771836255035e+00 3.622291746056828e+01
2.623999999999910e-02 4.333493305442820e+00 4.332736309284733e+00 4.333770385272468e+00 3.622291516097085e+01
2.624999999999910e-02 4.333492776103740e+00 4.332738284805155e+00 4.333768939091126e+00 3.622291286897666e+01
2.625999999999910e-02 4.333492248516214e+00 4.332740253788687e+00 4.333767497695120e+00 3.622291058456059e+01
2.626999999999910e-02 4.333491722674447e+00 4.332742216256960e+00 4.333766061068615e+00 3.622290830769761e+01
2.627999999999910e-02 4.333491198572661e+00 4.332744172231530e+00 4.333764629195830e+00 3.622290603836275e+01
2.628999999999910e-02 4.333490676205100e+00 4.332746121733886e+00 4.333763202061035e+00 3.622290377653116e+01
2.629999999999910e-02 4.333490155566025e+00 4.332748064785444e+00 4.333761779648553e+00 3.622290152217803e+01
2.630999999999910e-02 4.333489636649717e+00 4.332750001407549e+00 4.333760361942756e+00 3.622289927527867e+01
2.631999999999910e-02 4.333489119450475e+00 4.332751931621475e+00 4.333758948928073e+00 3.622289703580844e+01
2.632999999999910e-02 4.333488603962616e+00 4.332753855448428e+00 4.333757540588978e+00 3.622289480374281e+01
2.633999999999910e-02 4.333488090180479e+00 4.332755772909541e+00 4.333756136910003e+00 3.622289257905730e+01
2.634999999999910e-02 4.333487578098420e+00 4.332757684025878e+00 4.333754737875725e+00 3.622289036172754e+01
2.635999999999910e-02 4.333487067710812e+00 4.332759588818434e+00 4.333753343470776e+00 3.622288815172923e+01
2.636999999999910e-02 4.333486559012049e+00 4.332761487308135e+00 4.333751953679839e+00 3.622288594903813e+01
2.637999999999910e-02 4.333486051996543e+00 4.332763379515835e+00 4.333750568487644e+00 3.622288375363011e+01
2.638999999999909e-02 4.333485546658724e+00 4.332765265462322e+00 4.333749187878976e+00 3.622288156548110e+01
2.639999999999909e-02 4.333485042993041e+00 4.332767145168313e+00 4.333747811838667e+00 3.622287938456713e+01
2.640999999999909e-02 4.333484540993960e+00 4.332769018654459e+00 4.333746440351602e+00 3.622287721086428e+01
2.641999999999909e-02 4.333484040655967e+00 4.332770885941340e+00 4.333745073402715e+00 3.622287504434873e+01
2.642999999999909e-02 4.333483541973565e+00 4.332772747049469e+00 4.333743710976988e+00 3.622287288499674e+01
2.643999999999909e-02 4.333483044941276e+00 4.332774601999291e+00 4.333742353059454e+00 3.622287073278464e+01
2.644999999999909e-02 4.333482549553640e+00 4.332776450811185e+00 4.333740999635196e+00 3.622286858768882e+01
2.645999999999909e-02 4.333482055805215e+00 4.332778293505459e+00 4.333739650689346e+00 3.622286644968580e+01
2.646999999999909e-02 4.333481563690576e+00 4.332780130102358e+00 4.333738306207086e+00 3.622286431875212e+01
2.647999999999909e-02 4.333481073204319e+00 4.332781960622056e+00 4.333736966173644e+00 3.622286219486443e+01
2.648999999999909e-02 4.333480584341054e+00 4.332783785084664e+00 4.333735630574302e+00 3.622286007799944e+01
2.649999999999909e-02 4.333480097095411e+00 4.332785603510223e+00 4.333734299394386e+00 3.622285796813397e+01
2.650999999999909e-02 4.333479611462037e+00 4.332787415918709e+00 4.333732972619273e+00 3.622285586524486e+01
2.651999999999909e-02 4.333479127435598e+00 4.332789222330034e+00 4.333731650234387e+00 3.622285376930908e+01
2.652999999999909e-02 4.333478645010776e+00 4.332791022764042e+00 4.333730332225202e+00 3.622285168030365e+01
2.653999999999909e-02 4.333478164182272e+00 4.332792817240509e+00 4.333729018577238e+00 3.622284959820567e+01
2.654999999999909e-02 4.333477684944803e+00 4.332794605779152e+00 4.333727709276064e+00 3.622284752299232e+01
2.655999999999909e-02 4.333477207293106e+00 4.332796388399616e+00 4.333726404307298e+00 3.622284545464085e+01
2.656999999999909e-02 4.333476731221931e+00 4.332798165121485e+00 4.333725103656604e+00 3.622284339312858e+01
2.657999999999909e-02 4.333476256726051e+00 4.332799935964276e+00 4.333723807309692e+00 3.622284133843294e+01
2.658999999999909e-02 4.333475783800252e+00 4.332801700947445e+00 4.333722515252322e+00 3.622283929053137e+01
2.659999999999909e-02 4.333475312439339e+00 4.332803460090379e+00 4.333721227470301e+00 3.622283724940143e+01
2.660999999999909e-02 4.333474842638134e+00 4.332805213412404e+00 4.333719943949482e+00 3.622283521502075e+01
2.661999999999909e-02 4.333474374391476e+00 4.332806960932781e+00 4.333718664675763e+00 3.622283318736703e+01
2.662999999999908e-02 4.333473907694220e+00 4.332808702670707e+00 4.333717389635093e+00 3.622283116641804e+01
2.663999999999908e-02 4.333473442541240e+00 4.332810438645317e+00 4.333716118813463e+00 3.622282915215163e+01
2.664999999999908e-02 4.333472978927427e+00 4.332812168875680e+00 4.333714852196914e+00 3.622282714454570e+01
2.665999999999908e-02 4.333472516847686e+00 4.332813893380804e+00 4.333713589771531e+00 3.622282514357826e+01
2.666999999999908e-02 4.333472056296942e+00 4.332815612179633e+00 4.333712331523444e+00 3.622282314922738e+01
2.667999999999908e-02 4.333471597270136e+00 4.332817325291050e+00 4.333711077438835e+00 3.622282116147117e+01
2.668999999999908e-02 4.333471139762224e+00 4.332819032733873e+00 4.333709827503923e+00 3.622281918028786e+01
2.669999999999908e-02 4.333470683768182e+00 4.332820734526860e+00 4.333708581704979e+00 3.622281720565572e+01
2.670999999999908e-02 4.333470229282999e+00 4.332822430688705e+00 4.333707340028316e+00 3.622281523755311e+01
2.671999999999908e-02 4.333469776301683e+00 4.332824121238043e+00 4.333706102460295e+00 3.622281327595844e+01
2.672999999999908e-02 4.333469324819257e+00 4.332825806193444e+00 4.333704868987319e+00 3.622281132085021e+01
2.673999999999908e-02 4.333468874830762e+00 4.332827485573418e+00 4.333703639595840e+00 3.622280937220700e+01
2.674999999999908e-02 4.333468426331256e+00 4.332829159396414e+00 4.333702414272350e+00 3.622280743000744e+01
2.675999999999908e-02 4.333467979315809e+00 4.332830827680820e+00 4.333701193003391e+00 3.622280549423022e+01
2.676999999999908e-02 4.333467533779513e+00 4.332832490444964e+00 4.333699975775543e+00 3.622280356485413e+01
2.677999999999908e-02 4.333467089717472e+00 4.332834147707109e+00 4.333698762575438e+00 3.622280164185801e+01
2.678999999999908e-02 4.333466647124809e+00 4.332835799485463e+00 4.333697553389747e+00 3.622279972522080e+01
2.679999999999908e-02 4.333466205996661e+00 4.332837445798172e+00 4.333696348205186e+00 3.622279781492146e+01
2.680999999999908e-02 4.333465766328182e+00 4.332839086663321e+00 4.333695147008517e+00 3.622279591093905e+01
2.681999999999908e-02 4.333465328114542e+00 4.332840722098935e+00 4.333693949786542e+00 3.622279401325270e+01
2.682999999999908e-02 4.333464891350927e+00 4.332842352122982e+00 4.333692756526111e+00 3.622279212184161e+01
2.683999999999908e-02 4.333464456032540e+00 4.332843976753366e+00 4.333691567214114e+00 3.622279023668504e+01
2.684999999999908e-02 4.333464022154597e+00 4.332845596007935e+00 4.333690381837486e+00 3.622278835776231e+01
2.685999999999908e-02 4.333463589712334e+00 4.332847209904479e+00 4.333689200383206e+00 3.622278648505283e+01
2.686999999999908e-02 4.333463158700998e+00 4.332848818460725e+00 4.333688022838294e+00 3.622278461853607e+01
2.687999999999907e-02 4.333462729115856e+00 4.332850421694347e+00 4.333686849189816e+00 3.622278275819154e+01
2.688999999999907e-02 4.333462300952188e+00 4.332852019622955e+00 4.333685679424876e+00 3.622278090399887e+01
2.689999999999907e-02 4.333461874205289e+00 4.332853612264103e+00 4.333684513530627e+00 3.622277905593772e+01
2.690999999999907e-02 4.333461448870474e+00 4.332855199635286e+00 4.333683351494258e+00 3.622277721398783e+01
2.691999999999907e-02 4.333461024943069e+00 4.332856781753945e+00 4.333682193303006e+00 3.622277537812901e+01
2.692999999999907e-02 4.333460602418416e+00 4.332858358637457e+00 4.333681038944146e+00 3.622277354834111e+01
2.693999999999907e-02 4.333460181291874e+00 4.332859930303147e+00 4.333679888404998e+00 3.622277172460409e+01
2.694999999999907e-02 4.333459761558818e+00 4.332861496768281e+00 4.333678741672921e+00 3.622276990689793e+01
2.695999999999907e-02 4.333459343214636e+00 4.332863058050066e+00 4.333677598735319e+00 3.622276809520272e+01
2.696999999999907e-02 4.333458926254731e+00 4.332864614165653e+00 4.333676459579635e+00 3.622276628949859e+01
2.697999999999907e-02 4.333458510674525e+00 4.332866165132138e+00 4.333675324193357e+00 3.622276448976572e+01
2.698999999999907e-02 4.333458096469451e+00 4.332867710966558e+00 4.333674192564011e+00 3.622276269598441e+01
2.699999999999907e-02 4.333457683634959e+00 4.332869251685895e+00 4.333673064679165e+00 3.622276090813497e+01
2.700999999999907e-02 4.333457272166515e+00 4.332870787307074e+00 4.333671940526430e+00 3.622275912619779e+01
2.701999999999907e-02 4.333456862059597e+00 4.332872317846967e+00 4.333670820093456e+00 3.622275735015334e+01
2.702999999999907e-02 4.333456453309700e+00 4.332873843322385e+00 4.333669703367934e+00 3.622275557998216e+01
2.703999999999907e-02 4.333456045912335e+00 4.332875363750087e+00 4.333668590337597e+00 3.622275381566482e+01
2.704999999999907e-02 4.333455639863026e+00 4.332876879146776e+00 4.333667480990218e+00 3.622275205718196e+01
2.705999999999907e-02 4.333455235157312e+00 4.332878389529098e+00 4.333666375313609e+00 3.622275030451434e+01
2.706999999999907e-02 4.333454831790748e+00 4.332879894913647e+00 4.333665273295624e+00 3.622274855764270e+01
2.707999999999907e-02 4.333454429758902e+00 4.332881395316960e+00 4.333664174924158e+00 3.622274681654790e+01
2.708999999999907e-02 4.333454029057357e+00 4.332882890755520e+00 4.333663080187145e+00 3.622274508121085e+01
2.709999999999907e-02 4.333453629681713e+00 4.332884381245753e+00 4.333661989072557e+00 3.622274335161252e+01
2.710999999999907e-02 4.333453231627580e+00 4.332885866804035e+00 4.333660901568408e+00 3.622274162773394e+01
2.711999999999906e-02 4.333452834890587e+00 4.332887347446684e+00 4.333659817662753e+00 3.622273990955620e+01
2.712999999999906e-02 4.333452439466376e+00 4.332888823189966e+00 4.333658737343682e+00 3.622273819706048e+01
2.713999999999906e-02 4.333452045350601e+00 4.332890294050094e+00 4.333657660599329e+00 3.622273649022798e+01
2.714999999999906e-02 4.333451652538935e+00 4.332891760043225e+00 4.333656587417865e+00 3.622273478904000e+01
2.715999999999906e-02 4.333451261027061e+00 4.332893221185462e+00 4.333655517787500e+00 3.622273309347787e+01
2.716999999999906e-02 4.333450870810679e+00 4.332894677492859e+00 4.333654451696486e+00 3.622273140352301e+01
2.717999999999906e-02 4.333450481885501e+00 4.332896128981413e+00 4.333653389133109e+00 3.622272971915687e+01
2.718999999999906e-02 4.333450094247257e+00 4.332897575667070e+00 4.333652330085696e+00 3.622272804036098e+01
2.719999999999906e-02 4.333449707891686e+00 4.332899017565722e+00 4.333651274542615e+00 3.622272636711695e+01
2.720999999999906e-02 4.333449322814545e+00 4.332900454693208e+00 4.333650222492269e+00 3.622272469940641e+01
2.721999999999906e-02 4.333448939011602e+00 4.332901887065318e+00 4.333649173923100e+00 3.622272303721108e+01
2.722999999999906e-02 4.333448556478644e+00 4.332903314697785e+00 4.333648128823591e+00 3.622272138051273e+01
2.723999999999906e-02 4.333448175211466e+00 4.332904737606293e+00 4.333647087182260e+00 3.622271972929319e+01
2.724999999999906e-02 4.333447795205881e+00 4.332906155806474e+00 4.333646048987664e+00 3.622271808353435e+01
2.725999999999906e-02 4.333447416457714e+00 4.332907569313907e+00 4.333645014228398e+00 3.622271644321817e+01
2.726999999999906e-02 4.333447038962804e+00 4.332908978144119e+00 4.333643982893095e+00 3.622271480832664e+01
2.727999999999906e-02 4.333446662717004e+00 4.332910382312589e+00 4.333642954970426e+00 3.622271317884186e+01
2.728999999999906e-02 4.333446287716182e+00 4.332911781834740e+00 4.333641930449097e+00 3.622271155474593e+01
2.729999999999906e-02 4.333445913956217e+00 4.332913176725948e+00 4.333640909317853e+00 3.622270993602106e+01
2.730999999999906e-02 4.333445541433003e+00 4.332914567001536e+00 4.333639891565478e+00 3.622270832264949e+01
2.731999999999906e-02 4.333445170142449e+00 4.332915952676777e+00 4.333638877180792e+00 3.622270671461352e+01
2.732999999999906e-02 4.333444800080475e+00 4.332917333766894e+00 4.333637866152649e+00 3.622270511189552e+01
2.733999999999906e-02 4.333444431243016e+00 4.332918710287058e+00 4.333636858469944e+00 3.622270351447791e+01
2.734999999999906e-02 4.333444063626020e+00 4.332920082252391e+00 4.333635854121607e+00 3.622270192234318e+01
2.735999999999906e-02 4.333443697225450e+00 4.332921449677965e+00 4.333634853096605e+00 3.622270033547385e+01
2.736999999999905e-02 4.333443332037279e+00 4.332922812578801e+00 4.333633855383940e+00 3.622269875385253e+01
2.737999999999905e-02 4.333442968057496e+00 4.332924170969870e+00 4.333632860972653e+00 3.622269717746188e+01
2.738999999999905e-02 4.333442605282102e+00 4.332925524866098e+00 4.333631869851819e+00 3.622269560628460e+01
2.739999999999905e-02 4.333442243707112e+00 4.332926874282355e+00 4.333630882010551e+00 3.622269404030346e+01
2.740999999999905e-02 4.333441883328555e+00 4.332928219233467e+00 4.333629897437997e+00 3.622269247950128e+01
2.741999999999905e-02 4.333441524142470e+00 4.332929559734207e+00 4.333628916123340e+00 3.622269092386095e+01
2.742999999999905e-02 4.333441166144913e+00 4.332930895799303e+00 4.333627938055800e+00 3.622268937336541e+01
2.743999999999905e-02 4.333440809331951e+00 4.332932227443433e+00 4.333626963224634e+00 3.622268782799763e+01
2.744999999999905e-02 4.333440453699663e+00 4.332933554681222e+00 4.333625991619131e+00 3.622268628774069e+01
2.745999999999905e-02 4.333440099244144e+00 4.332934877527254e+00 4.333625023228619e+00 3.622268475257768e+01
2.746999999999905e-02 4.333439745961498e+00 4.332936195996060e+00 4.333624058042458e+00 3.622268322249177e+01
2.747999999999905e-02 4.333439393847846e+00 4.332937510102123e+00 4.333623096050046e+00 3.622268169746618e+01
2.748999999999905e-02 4.333439042899319e+00 4.332938819859879e+00 4.333622137240816e+00 3.622268017748417e+01
2.749999999999905e-02 4.333438693112061e+00 4.332940125283718e+00 4.333621181604234e+00 3.622267866252908e+01
2.750999999999905e-02 4.333438344482231e+00 4.332941426387980e+00 4.333620229129802e+00 3.622267715258429e+01
2.751999999999905e-02 4.333437997005998e+00 4.332942723186958e+00 4.333619279807056e+00 3.622267564763324e+01
2.752999999999905e-02 4.333437650679545e+00 4.332944015694898e+00 4.333618333625568e+00 3.622267414765943e+01
2.753999999999905e-02 4.333437305499068e+00 4.332945303926000e+00 4.333617390574944e+00 3.622267265264638e+01
2.754999999999905e-02 4.333436961460774e+00 4.332946587894414e+00 4.333616450644824e+00 3.622267116257772e+01
2.755999999999905e-02 4.333436618560884e+00 4.332947867614245e+00 4.333615513824882e+00 3.622266967743710e+01
2.756999999999905e-02 4.333436276795632e+00 4.332949143099552e+00 4.333614580104827e+00 3.622266819720823e+01
2.757999999999905e-02 4.333435936161264e+00 4.332950414364348e+00 4.333613649474401e+00 3.622266672187486e+01
2.758999999999905e-02 4.333435596654035e+00 4.332951681422596e+00 4.333612721923382e+00 3.622266525142082e+01
2.759999999999905e-02 4.333435258270217e+00 4.332952944288217e+00 4.333611797441579e+00 3.622266378582998e+01
2.760999999999905e-02 4.333434921006093e+00 4.332954202975084e+00 4.333610876018835e+00 3.622266232508627e+01
2.761999999999904e-02 4.333434584857958e+00 4.332955457497023e+00 4.333609957645031e+00 3.622266086917366e+01
2.762999999999904e-02 4.333434249822119e+00 4.332956707867817e+00 4.333609042310075e+00 3.622265941807618e+01
2.763999999999904e-02 4.333433915894895e+00 4.332957954101202e+00 4.333608130003914e+00 3.622265797177791e+01
2.764999999999904e-02 4.333433583072619e+00 4.332959196210868e+00 4.333607220716525e+00 3.622265653026299e+01
2.765999999999904e-02 4.333433251351634e+00 4.332960434210460e+00 4.333606314437919e+00 3.622265509351561e+01
2.766999999999904e-02 4.333432920728296e+00 4.332961668113577e+00 4.333605411158140e+00 3.622265366152000e+01
2.767999999999904e-02 4.333432591198972e+00 4.332962897933776e+00 4.333604510867265e+00 3.622265223426047e+01
2.768999999999904e-02 4.333432262760042e+00 4.332964123684565e+00 4.333603613555404e+00 3.622265081172135e+01
2.769999999999904e-02 4.333431935407900e+00 4.332965345379412e+00 4.333602719212700e+00 3.622264939388704e+01
2.770999999999904e-02 4.333431609138948e+00 4.332966563031736e+00 4.333601827829328e+00 3.622264798074198e+01
2.771999999999904e-02 4.333431283949603e+00 4.332967776654914e+00 4.333600939395494e+00 3.622264657227068e+01
2.772999999999904e-02 4.333430959836292e+00 4.332968986262278e+00 4.333600053901441e+00 3.622264516845769e+01
2.773999999999904e-02 4.333430636795454e+00 4.332970191867116e+00 4.333599171337441e+00 3.622264376928760e+01
2.774999999999904e-02 4.333430314823541e+00 4.332971393482673e+00 4.333598291693797e+00 3.622264237474507e+01
2.775999999999904e-02 4.333429993917016e+00 4.332972591122148e+00 4.333597414960846e+00 3.622264098481480e+01
2.776999999999904e-02 4.333429674072352e+00 4.332973784798700e+00 4.333596541128958e+00 3.622263959948155e+01
2.777999999999904e-02 4.333429355286039e+00 4.332974974525440e+00 4.333595670188532e+00 3.622263821873010e+01
2.778999999999904e-02 4.333429037554571e+00 4.332976160315439e+00 4.333594802130001e+00 3.622263684254532e+01
2.779999999999904e-02 4.333428720874459e+00 4.332977342181722e+00 4.333593936943830e+00 3.622263547091211e+01
2.780999999999904e-02 4.333428405242225e+00 4.332978520137273e+00 4.333593074620512e+00 3.622263410381543e+01
2.781999999999904e-02 4.333428090654401e+00 4.332979694195033e+00 4.333592215150576e+00 3.622263274124028e+01
2.782999999999904e-02 4.333427777107532e+00 4.332980864367899e+00 4.333591358524580e+00 3.622263138317171e+01
2.783999999999904e-02 4.333427464598172e+00 4.332982030668726e+00 4.333590504733113e+00 3.622263002959482e+01
2.784999999999904e-02 4.333427153122888e+00 4.332983193110326e+00 4.333589653766797e+00 3.622262868049476e+01
2.785999999999903e-02 4.333426842678259e+00 4.332984351705470e+00 4.333588805616283e+00 3.622262733585674e+01
2.786999999999903e-02 4.333426533260875e+00 4.332985506466884e+00 4.333587960272252e+00 3.622262599566601e+01
2.787999999999903e-02 4.333426224867336e+00 4.332986657407256e+00 4.333587117725419e+00 3.622262465990785e+01
2.788999999999903e-02 4.333425917494255e+00 4.332987804539227e+00 4.333586277966529e+00 3.622262332856761e+01
2.789999999999903e-02 4.333425611138255e+00 4.332988947875402e+00 4.333585440986355e+00 3.622262200163071e+01
2.790999999999903e-02 4.333425305795970e+00 4.332990087428338e+00 4.333584606775704e+00 3.622262067908257e+01
2.791999999999903e-02 4.333425001464047e+00 4.332991223210554e+00 4.333583775325412e+00 3.622261936090868e+01
2.792999999999903e-02 4.333424698139141e+00 4.332992355234528e+00 4.333582946626343e+00 3.622261804709459e+01
2.793999999999903e-02 4.333424395817921e+00 4.332993483512696e+00 4.333582120669395e+00 3.622261673762588e+01
2.794999999999903e-02 4.333424094497066e+00 4.332994608057453e+00 4.333581297445494e+00 3.622261543248819e+01
2.795999999999903e-02 4.333423794173266e+00 4.332995728881151e+00 4.333580476945596e+00 3.622261413166719e+01
2.796999999999903e-02 4.333423494843220e+00 4.332996845996105e+00 4.333579659160689e+00 3.622261283514862e+01
2.797999999999903e-02 4.333423196503642e+00 4.332997959414585e+00 4.333578844081788e+00 3.622261154291825e+01
2.798999999999903e-02 4.333422899151253e+00 4.332999069148824e+00 4.333578031699939e+00 3.622261025496191e+01
2.799999999999903e-02 4.333422602782786e+00 4.333000175211011e+00 4.333577222006218e+00 3.622260897126546e+01
2.800999999999903e-02 4.333422307394986e+00 4.333001277613298e+00 4.333576414991730e+00 3.622260769181483e+01
2.801999999999903e-02 4.333422012984609e+00 4.333002376367795e+00 4.333575610647609e+00 3.622260641659597e+01
2.802999999999903e-02 4.333421719548421e+00 4.333003471486573e+00 4.333574808965019e+00 3.622260514559490e+01
2.803999999999903e-02 4.333421427083198e+00 4.333004562981661e+00 4.333574009935154e+00 3.622260387879768e+01
2.804999999999903e-02 4.333421135585725e+00 4.333005650865051e+00 4.333573213549236e+00 3.622260261619039e+01
2.805999999999903e-02 4.333420845052802e+00 4.333006735148693e+00 4.333572419798516e+00 3.622260135775920e+01
2.806999999999903e-02 4.333420555481237e+00 4.333007815844500e+00 4.333571628674274e+00 3.622260010349028e+01
2.807999999999903e-02 4.333420266867848e+00 4.333008892964342e+00 4.333570840167821e+00 3.622259885336989e+01
2.808999999999903e-02 4.333419979209467e+00 4.333009966520052e+00 4.333570054270492e+00 3.622259760738432e+01
2.809999999999903e-02 4.333419692502930e+00 4.333011036523425e+00 4.333569270973656e+00 3.622259636551987e+01
2.810999999999902e-02 4.333419406745089e+00 4.333012102986214e+00 4.333568490268706e+00 3.622259512776294e+01
2.811999999999902e-02 4.333419121932807e+00 4.333013165920136e+00 4.333567712147067e+00 3.622259389409994e+01
2.812999999999902e-02 4.333418838062953e+00 4.333014225336866e+00 4.333566936600191e+00 3.622259266451734e+01
2.813999999999902e-02 4.333418555132409e+00 4.333015281248043e+00 4.333566163619558e+00 3.622259143900165e+01
2.814999999999902e-02 4.333418273138068e+00 4.333016333665268e+00 4.333565393196676e+00 3.622259021753942e+01
2.815999999999902e-02 4.333417992076829e+00 4.333017382600100e+00 4.333564625323082e+00 3.622258900011725e+01
2.816999999999902e-02 4.333417711945608e+00 4.333018428064063e+00 4.333563859990340e+00 3.622258778672177e+01
2.817999999999902e-02 4.333417432741325e+00 4.333019470068643e+00 4.333563097190043e+00 3.622258657733969e+01
2.818999999999902e-02 4.333417154460915e+00 4.333020508625285e+00 4.333562336913812e+00 3.622258537195773e+01
2.819999999999902e-02 4.333416877101319e+00 4.333021543745399e+00 4.333561579153294e+00 3.622258417056266e+01
2.820999999999902e-02 4.333416600659492e+00 4.333022575440357e+00 4.333560823900164e+00 3.622258297314131e+01
2.821999999999902e-02 4.333416325132395e+00 4.333023603721492e+00 4.333560071146127e+00 3.622258177968053e+01
2.822999999999902e-02 4.333416050517003e+00 4.333024628600100e+00 4.333559320882911e+00 3.622258059016724e+01
2.823999999999902e-02 4.333415776810298e+00 4.333025650087439e+00 4.333558573102276e+00 3.622257940458838e+01
2.824999999999902e-02 4.333415504009274e+00 4.333026668194732e+00 4.333557827796007e+00 3.622257822293094e+01
2.825999999999902e-02 4.333415232110934e+00 4.333027682933162e+00 4.333557084955916e+00 3.622257704518196e+01
2.826999999999902e-02 4.333414961112291e+00 4.333028694313877e+00 4.333556344573843e+00 3.622257587132852e+01
2.827999999999902e-02 4.333414691010367e+00 4.333029702347989e+00 4.333555606641655e+00 3.622257470135773e+01
2.828999999999902e-02 4.333414421802197e+00 4.333030707046571e+00 4.333554871151244e+00 3.622257353525676e+01
2.829999999999902e-02 4.333414153484823e+00 4.333031708420658e+00 4.333554138094532e+00 3.622257237301280e+01
2.830999999999902e-02 4.333413886055295e+00 4.333032706481252e+00 4.333553407463465e+00 3.622257121461312e+01
2.831999999999902e-02 4.333413619510678e+00 4.333033701239318e+00 4.333552679250016e+00 3.622257006004499e+01
2.832999999999902e-02 4.333413353848042e+00 4.333034692705782e+00 4.333551953446187e+00 3.622256890929577e+01
2.833999999999902e-02 4.333413089064469e+00 4.333035680891538e+00 4.333551230044003e+00 3.622256776235280e+01
2.834999999999901e-02 4.333412825157051e+00 4.333036665807440e+00 4.333550509035518e+00 3.622256661920352e+01
2.835999999999901e-02 4.333412562122889e+00 4.333037647464309e+00 4.333549790412812e+00 3.622256547983537e+01
2.836999999999901e-02 4.333412299959092e+00 4.333038625872928e+00 4.333549074167991e+00 3.622256434423586e+01
2.837999999999901e-02 4.333412038662781e+00 4.333039601044045e+00 4.333548360293183e+00 3.622256321239252e+01
2.838999999999901e-02 4.333411778231086e+00 4.333040572988374e+00 4.333547648780550e+00 3.622256208429293e+01
2.839999999999901e-02 4.333411518661145e+00 4.333041541716590e+00 4.333546939622274e+00 3.622256095992472e+01
2.840999999999901e-02 4.333411259950108e+00 4.333042507239337e+00 4.333546232810565e+00 3.622255983927555e+01
2.841999999999901e-02 4.333411002095130e+00 4.333043469567222e+00 4.333545528337656e+00 3.622255872233313e+01
2.842999999999901e-02 4.333410745093381e+00 4.333044428710816e+00 4.333544826195812e+00 3.622255760908519e+01
2.843999999999901e-02 4.333410488942037e+00 4.333045384680656e+00 4.333544126377316e+00 3.622255649951953e+01
2.844999999999901e-02 4.333410233638284e+00 4.333046337487242e+00 4.333543428874483e+00 3.622255539362395e+01
2.845999999999901e-02 4.333409979179317e+00 4.333047287141043e+00 4.333542733679648e+00 3.622255429138634e+01
2.846999999999901e-02 4.333409725562341e+00 4.333048233652491e+00 4.333542040785176e+00 3.622255319279460e+01
2.847999999999901e-02 4.333409472784571e+00 4.333049177031984e+00 4.333541350183454e+00 3.622255209783666e+01
2.848999999999901e-02 4.333409220843229e+00 4.333050117289884e+00 4.333540661866896e+00 3.622255100650053e+01
2.849999999999901e-02 4.333408969735546e+00 4.333051054436521e+00 4.333539975827940e+00 3.622254991877422e+01
2.850999999999901e-02 4.333408719458766e+00 4.333051988482191e+00 4.333539292059052e+00 3.622254883464579e+01
2.851999999999901e-02 4.333408470010137e+00 4.333052919437154e+00 4.333538610552717e+00 3.622254775410335e+01
2.852999999999901e-02 4.333408221386921e+00 4.333053847311637e+00 4.333537931301450e+00 3.622254667713504e+01
2.853999999999901e-02 4.333407973586385e+00 4.333054772115834e+00 4.333537254297789e+00 3.622254560372905e+01
2.854999999999901e-02 4.333407726605809e+00 4.333055693859904e+00 4.333536579534297e+00 3.622254453387359e+01
2.855999999999901e-02 4.333407480442478e+00 4.333056612553971e+00 4.333535907003560e+00 3.622254346755693e+01
2.856999999999901e-02 4.333407235093688e+00 4.333057528208129e+00 4.333535236698191e+00 3.622254240476737e+01
2.857999999999901e-02 4.333406990556744e+00 4.333058440832438e+00 4.333534568610827e+00 3.622254134549324e+01
2.858999999999901e-02 4.333406746828960e+00 4.333059350436921e+00 4.333533902734128e+00 3.622254028972292e+01
2.859999999999900e-02 4.333406503907657e+00 4.333060257031572e+00 4.333533239060779e+00 3.622253923744481e+01
2.860999999999900e-02 4.333406261790167e+00 4.333061160626350e+00 4.333532577583490e+00 3.622253818864738e+01
2.861999999999900e-02 4.333406020473832e+00 4.333062061231183e+00 4.333531918294994e+00 3.622253714331911e+01
2.862999999999900e-02 4.333405779955999e+00 4.333062958855962e+00 4.333531261188047e+00 3.622253610144855e+01
2.863999999999900e-02 4.333405540234027e+00 4.333063853510549e+00 4.333530606255432e+00 3.622253506302425e+01
2.864999999999900e-02 4.333405301305282e+00 4.333064745204771e+00 4.333529953489954e+00 3.622253402803481e+01
2.865999999999900e-02 4.333405063167140e+00 4.333065633948426e+00 4.333529302884442e+00 3.622253299646888e+01
2.866999999999900e-02 4.333404825816983e+00 4.333066519751275e+00 4.333528654431749e+00 3.622253196831514e+01
2.867999999999900e-02 4.333404589252206e+00 4.333067402623052e+00 4.333528008124751e+00 3.622253094356230e+01
2.868999999999900e-02 4.333404353470209e+00 4.333068282573453e+00 4.333527363956347e+00 3.622252992219913e+01
2.869999999999900e-02 4.333404118468402e+00 4.333069159612145e+00 4.333526721919462e+00 3.622252890421441e+01
2.870999999999900e-02 4.333403884244203e+00 4.333070033748764e+00 4.333526082007043e+00 3.622252788959696e+01
2.871999999999900e-02 4.333403650795039e+00 4.333070904992912e+00 4.333525444212060e+00 3.622252687833566e+01
2.872999999999900e-02 4.333403418118346e+00 4.333071773354160e+00 4.333524808527505e+00 3.622252587041941e+01
2.873999999999900e-02 4.333403186211567e+00 4.333072638842046e+00 4.333524174946397e+00 3.622252486583715e+01
2.874999999999900e-02 4.333402955072155e+00 4.333073501466081e+00 4.333523543461774e+00 3.622252386457786e+01
2.875999999999900e-02 4.333402724697571e+00 4.333074361235739e+00 4.333522914066700e+00 3.622252286663054e+01
2.876999999999900e-02 4.333402495085284e+00 4.333075218160466e+00 4.333522286754260e+00 3.622252187198425e+01
2.877999999999900e-02 4.333402266232772e+00 4.333076072249675e+00 4.333521661517564e+00 3.622252088062806e+01
2.878999999999900e-02 4.333402038137520e+00 4.333076923512748e+00 4.333521038349741e+00 3.622251989255111e+01
2.879999999999900e-02 4.333401810797024e+00 4.333077771959038e+00 4.333520417243949e+00 3.622251890774253e+01
2.880999999999900e-02 4.333401584208785e+00 4.333078617597865e+00 4.333519798193361e+00 3.622251792619154e+01
2.881999999999900e-02 4.333401358370314e+00 4.333079460438518e+00 4.333519181191178e+00 3.622251694788735e+01
2.882999999999900e-02 4.333401133279131e+00 4.333080300490257e+00 4.333518566230622e+00 3.622251597281924e+01
2.883999999999899e-02 4.333400908932762e+00 4.333081137762310e+00 4.333517953304938e+00 3.622251500097649e+01
2.884999999999899e-02 4.333400685328743e+00 4.333081972263875e+00 4.333517342407392e+00 3.622251403234845e+01
2.885999999999899e-02 4.333400462464618e+00 4.333082804004118e+00 4.333516733531273e+00 3.622251306692448e+01
2.886999999999899e-02 4.333400240337938e+00 4.333083632992179e+00 4.333516126669893e+00 3.622251210469399e+01
2.887999999999899e-02 4.333400018946264e+00 4.333084459237162e+00 4.333515521816584e+00 3.622251114564641e+01
2.888999999999899e-02 4.333399798287163e+00 4.333085282748146e+00 4.333514918964702e+00 3.622251018977123e+01
2.889999999999899e-02 4.333399578358210e+00 4.333086103534176e+00 4.333514318107624e+00 3.622250923705796e+01
2.890999999999899e-02 4.333399359156990e+00 4.333086921604269e+00 4.333513719238750e+00 3.622250828749614e+01
2.891999999999899e-02 4.333399140681096e+00 4.333087736967412e+00 4.333513122351501e+00 3.622250734107534e+01
2.892999999999899e-02 4.333398922928127e+00 4.333088549632563e+00 4.333512527439320e+00 3.622250639778517e+01
2.893999999999899e-02 4.333398705895690e+00 4.333089359608648e+00 4.333511934495672e+00 3.622250545761530e+01
2.894999999999899e-02 4.333398489581403e+00 4.333090166904566e+00 4.333511343514042e+00 3.622250452055539e+01
2.895999999999899e-02 4.333398273982888e+00 4.333090971529185e+00 4.333510754487937e+00 3.622250358659517e+01
2.896999999999899e-02 4.333398059097776e+00 4.333091773491345e+00 4.333510167410889e+00 3.622250265572438e+01
2.897999999999899e-02 4.333397844923708e+00 4.333092572799855e+00 4.333509582276448e+00 3.622250172793282e+01
2.898999999999899e-02 4.333397631458331e+00 4.333093369463496e+00 4.333508999078184e+00 3.622250080321029e+01
2.899999999999899e-02 4.333397418699298e+00 4.333094163491021e+00 4.333508417809692e+00 3.622249988154664e+01
2.900999999999899e-02 4.333397206644274e+00 4.333094954891151e+00 4.333507838464587e+00 3.622249896293177e+01
2.901999999999899e-02 4.333396995290928e+00 4.333095743672581e+00 4.333507261036503e+00 3.622249804735559e+01
2.902999999999899e-02 4.333396784636939e+00 4.333096529843974e+00 4.333506685519097e+00 3.622249713480804e+01
2.903999999999899e-02 4.333396574679992e+00 4.333097313413970e+00 4.333506111906048e+00 3.622249622527912e+01
2.904999999999899e-02 4.333396365417782e+00 4.333098094391175e+00 4.333505540191052e+00 3.622249531875885e+01
2.905999999999899e-02 4.333396156848010e+00 4.333098872784167e+00 4.333504970367832e+00 3.622249441523728e+01
2.906999999999899e-02 4.333395948968383e+00 4.333099648601500e+00 4.333504402430126e+00 3.622249351470447e+01
2.907999999999899e-02 4.333395741776619e+00 4.333100421851695e+00 4.333503836371695e+00 3.622249261715058e+01
2.908999999999898e-02 4.333395535270442e+00 4.333101192543247e+00 4.333503272186321e+00 3.622249172256571e+01
2.909999999999898e-02 4.333395329447582e+00 4.333101960684622e+00 4.333502709867806e+00 3.622249083094008e+01
2.910999999999898e-02 4.333395124305779e+00 4.333102726284258e+00 4.333502149409973e+00 3.622248994226388e+01
2.911999999999898e-02 4.333394919842780e+00 4.333103489350566e+00 4.333501590806664e+00 3.622248905652737e+01
2.912999999999898e-02 4.333394716056337e+00 4.333104249891929e+00 4.333501034051744e+00 3.622248817372083e+01
2.913999999999898e-02 4.333394512944213e+00 4.333105007916701e+00 4.333500479139095e+00 3.622248729383456e+01
2.914999999999898e-02 4.333394310504175e+00 4.333105763433211e+00 4.333499926062624e+00 3.622248641685891e+01
2.915999999999898e-02 4.333394108734002e+00 4.333106516449757e+00 4.333499374816252e+00 3.622248554278425e+01
2.916999999999898e-02 4.333393907631474e+00 4.333107266974611e+00 4.333498825393925e+00 3.622248467160099e+01
2.917999999999898e-02 4.333393707194384e+00 4.333108015016020e+00 4.333498277789607e+00 3.622248380329957e+01
2.918999999999898e-02 4.333393507420529e+00 4.333108760582200e+00 4.333497731997282e+00 3.622248293787045e+01
2.919999999999898e-02 4.333393308307715e+00 4.333109503681341e+00 4.333497188010955e+00 3.622248207530414e+01
2.920999999999898e-02 4.333393109853755e+00 4.333110244321608e+00 4.333496645824648e+00 3.622248121559117e+01
2.921999999999898e-02 4.333392912056468e+00 4.333110982511136e+00 4.333496105432407e+00 3.622248035872212e+01
2.922999999999898e-02 4.333392714913683e+00 4.333111718258034e+00 4.333495566828295e+00 3.622247950468756e+01
2.923999999999898e-02 4.333392518423232e+00 4.333112451570385e+00 4.333495030006395e+00 3.622247865347813e+01
2.924999999999898e-02 4.333392322582958e+00 4.333113182456245e+00 4.333494494960810e+00 3.622247780508448e+01
2.925999999999898e-02 4.333392127390708e+00 4.333113910923642e+00 4.333493961685662e+00 3.622247695949731e+01
2.926999999999898e-02 4.333391932844338e+00 4.333114636980581e+00 4.333493430175093e+00 3.622247611670732e+01
2.927999999999898e-02 4.333391738941712e+00 4.333115360635037e+00 4.333492900423264e+00 3.622247527670527e+01
2.928999999999898e-02 4.333391545680700e+00 4.333116081894959e+00 4.333492372424355e+00 3.622247443948195e+01
2.929999999999898e-02 4.333391353059177e+00 4.333116800768270e+00 4.333491846172566e+00 3.622247360502816e+01
2.930999999999898e-02 4.333391161075030e+00 4.333117517262868e+00 4.333491321662116e+00 3.622247277333474e+01
2.931999999999898e-02 4.333390969726147e+00 4.333118231386624e+00 4.333490798887242e+00 3.622247194439257e+01
2.932999999999897e-02 4.333390779010427e+00 4.333118943147384e+00 4.333490277842202e+00 3.622247111819254e+01
2.933999999999897e-02 4.333390588925775e+00 4.333119652552965e+00 4.333489758521273e+00 3.622247029472559e+01
2.934999999999897e-02 4.333390399470104e+00 4.333120359611162e+00 4.333489240918747e+00 3.622246947398268e+01
2.935999999999897e-02 4.333390210641331e+00 4.333121064329742e+00 4.333488725028941e+00 3.622246865595481e+01
2.936999999999897e-02 4.333390022437381e+00 4.333121766716445e+00 4.333488210846187e+00 3.622246784063297e+01
2.937999999999897e-02 4.333389834856190e+00 4.333122466778989e+00 4.333487698364836e+00 3.622246702800824e+01
2.938999999999897e-02 4.333389647895694e+00 4.333123164525063e+00 4.333487187579258e+00 3.622246621807169e+01
2.939999999999897e-02 4.333389461553840e+00 4.333123859962334e+00 4.333486678483841e+00 3.622246541081444e+01
2.940999999999897e-02 4.333389275828582e+00 4.333124553098440e+00 4.333486171072995e+00 3.622246460622762e+01
2.941999999999897e-02 4.333389090717877e+00 4.333125243940995e+00 4.333485665341144e+00 3.622246380430239e+01
2.942999999999897e-02 4.333388906219695e+00 4.333125932497589e+00 4.333485161282732e+00 3.622246300502997e+01
2.943999999999897e-02 4.333388722332007e+00 4.333126618775787e+00 4.333484658892221e+00 3.622246220840157e+01
2.944999999999897e-02 4.333388539052794e+00 4.333127302783128e+00 4.333484158164094e+00 3.622246141440846e+01
2.945999999999897e-02 4.333388356380041e+00 4.333127984527125e+00 4.333483659092849e+00 3.622246062304190e+01
2.946999999999897e-02 4.333388174311743e+00 4.333128664015268e+00 4.333483161673005e+00 3.622245983429323e+01
2.947999999999897e-02 4.333387992845899e+00 4.333129341255021e+00 4.333482665899096e+00 3.622245904815377e+01
2.948999999999897e-02 4.333387811980516e+00 4.333130016253825e+00 4.333482171765676e+00 3.622245826461491e+01
2.949999999999897e-02 4.333387631713607e+00 4.333130689019093e+00 4.333481679267317e+00 3.622245748366804e+01
2.950999999999897e-02 4.333387452043191e+00 4.333131359558218e+00 4.333481188398608e+00 3.622245670530460e+01
2.951999999999897e-02 4.333387272967295e+00 4.333132027878564e+00 4.333480699154157e+00 3.622245592951603e+01
2.952999999999897e-02 4.333387094483951e+00 4.333132693987475e+00 4.333480211528591e+00 3.622245515629381e+01
2.953999999999897e-02 4.333386916591199e+00 4.333133357892268e+00 4.333479725516550e+00 3.622245438562947e+01
2.954999999999897e-02 4.333386739287085e+00 4.333134019600235e+00 4.333479241112698e+00 3.622245361751454e+01
2.955999999999897e-02 4.333386562569659e+00 4.333134679118646e+00 4.333478758311712e+00 3.622245285194060e+01
2.956999999999897e-02 4.333386386436983e+00 4.333135336454746e+00 4.333478277108290e+00 3.622245208889922e+01
2.957999999999896e-02 4.333386210887120e+00 4.333135991615757e+00 4.333477797497142e+00 3.622245132838205e+01
2.958999999999896e-02 4.333386035918142e+00 4.333136644608874e+00 4.333477319473002e+00 3.622245057038074e+01
2.959999999999896e-02 4.333385861528127e+00 4.333137295441273e+00 4.333476843030619e+00 3.622244981488696e+01
2.960999999999896e-02 4.333385687715159e+00 4.333137944120103e+00 4.333476368164757e+00 3.622244906189243e+01
2.961999999999896e-02 4.333385514477329e+00 4.333138590652489e+00 4.333475894870201e+00 3.622244831138887e+01
2.962999999999896e-02 4.333385341812733e+00 4.333139235045533e+00 4.333475423141751e+00 3.622244756336804e+01
2.963999999999896e-02 4.333385169719476e+00 4.333139877306317e+00 4.333474952974226e+00 3.622244681782174e+01
2.964999999999896e-02 4.333384998195665e+00 4.333140517441893e+00 4.333474484362459e+00 3.622244607474178e+01
2.965999999999896e-02 4.333384827239419e+00 4.333141155459296e+00 4.333474017301304e+00 3.622244533412001e+01
2.966999999999896e-02 4.333384656848857e+00 4.333141791365533e+00 4.333473551785629e+00 3.622244459594830e+01
2.967999999999896e-02 4.333384487022108e+00 4.333142425167591e+00 4.333473087810320e+00 3.622244386021853e+01
2.968999999999896e-02 4.333384317757306e+00 4.333143056872433e+00 4.333472625370280e+00 3.622244312692265e+01
2.969999999999896e-02 4.333384149052593e+00 4.333143686486996e+00 4.333472164460430e+00 3.622244239605259e+01
2.970999999999896e-02 4.333383980906114e+00 4.333144314018199e+00 4.333471705075705e+00 3.622244166760034e+01
2.971999999999896e-02 4.333383813316023e+00 4.333144939472935e+00 4.333471247211059e+00 3.622244094155788e+01
2.972999999999896e-02 4.333383646280478e+00 4.333145562858075e+00 4.333470790861463e+00 3.622244021791727e+01
2.973999999999896e-02 4.333383479797646e+00 4.333146184180467e+00 4.333470336021903e+00 3.622243949667055e+01
2.974999999999896e-02 4.333383313865697e+00 4.333146803446937e+00 4.333469882687383e+00 3.622243877780982e+01
2.975999999999896e-02 4.333383148482807e+00 4.333147420664287e+00 4.333469430852922e+00 3.622243806132717e+01
2.976999999999896e-02 4.333382983647160e+00 4.333148035839299e+00 4.333468980513557e+00 3.622243734721473e+01
2.977999999999896e-02 4.333382819356945e+00 4.333148648978730e+00 4.333468531664341e+00 3.622243663546467e+01
2.978999999999896e-02 4.333382655610357e+00 4.333149260089315e+00 4.333468084300343e+00 3.622243592606919e+01
2.979999999999896e-02 4.333382492405599e+00 4.333149869177769e+00 4.333467638416649e+00 3.622243521902048e+01
2.980999999999896e-02 4.333382329740877e+00 4.333150476250781e+00 4.333467194008359e+00 3.622243451431080e+01
2.981999999999895e-02 4.333382167614403e+00 4.333151081315021e+00 4.333466751070593e+00 3.622243381193240e+01
2.982999999999895e-02 4.333382006024397e+00 4.333151684377136e+00 4.333466309598484e+00 3.622243311187756e+01
2.983999999999895e-02 4.333381844969083e+00 4.333152285443751e+00 4.333465869587182e+00 3.622243241413862e+01
2.984999999999895e-02 4.333381684446693e+00 4.333152884521470e+00 4.333465431031854e+00 3.622243171870792e+01
2.985999999999895e-02 4.333381524455463e+00 4.333153481616872e+00 4.333464993927682e+00 3.622243102557780e+01
2.986999999999895e-02 4.333381364993635e+00 4.333154076736517e+00 4.333464558269864e+00 3.622243033474066e+01
2.987999999999895e-02 4.333381206059459e+00 4.333154669886944e+00 4.333464124053615e+00 3.622242964618894e+01
2.988999999999895e-02 4.333381047651185e+00 4.333155261074667e+00 4.333463691274163e+00 3.622242895991505e+01
2.989999999999895e-02 4.333380889767077e+00 4.333155850306183e+00 4.333463259926756e+00 3.622242827591147e+01
2.990999999999895e-02 4.333380732405399e+00 4.333156437587964e+00 4.333462830006654e+00 3.622242759417069e+01
2.991999999999895e-02 4.333380575564422e+00 4.333157022926461e+00 4.333462401509133e+00 3.622242691468522e+01
2.992999999999895e-02 4.333380419242423e+00 4.333157606328103e+00 4.333461974429489e+00 3.622242623744761e+01
2.993999999999895e-02 4.333380263437686e+00 4.333158187799302e+00 4.333461548763028e+00 3.622242556245043e+01
2.994999999999895e-02 4.333380108148498e+00 4.333158767346443e+00 4.333461124505074e+00 3.622242488968627e+01
2.995999999999895e-02 4.333379953373154e+00 4.333159344975894e+00 4.333460701650967e+00 3.622242421914772e+01
2.996999999999895e-02 4.333379799109952e+00 4.333159920694000e+00 4.333460280196062e+00 3.622242355082744e+01
2.997999999999895e-02 4.333379645357200e+00 4.333160494507087e+00 4.333459860135728e+00 3.622242288471809e+01
2.998999999999895e-02 4.333379492113206e+00 4.333161066421457e+00 4.333459441465352e+00 3.622242222081236e+01
2.999999999999895e-02 4.333379339376289e+00 4.333161636443393e+00 4.333459024180333e+00 3.622242155910295e+01
3.000999999999895e-02 4.333379187144770e+00 4.333162204579156e+00 4.333458608276088e+00 3.622242089958262e+01
3.001999999999895e-02 4.333379035416977e+00 4.333162770834988e+00 4.333458193748047e+00 3.622242024224411e+01
3.002999999999895e-02 4.333378884191244e+00 4.333163335217112e+00 4.333457780591658e+00 3.622241958708020e+01
3.003999999999895e-02 4.333378733465907e+00 4.333163897731725e+00 4.333457368802381e+00 3.622241893408370e+01
3.004999999999895e-02 4.333378583239313e+00 4.333164458385007e+00 4.333456958375692e+00 3.622241828324746e+01
3.005999999999895e-02 4.333378433509811e+00 4.333165017183118e+00 4.333456549307083e+00 3.622241763456432e+01
3.006999999999894e-02 4.333378284275756e+00 4.333165574132196e+00 4.333456141592061e+00 3.622241698802716e+01
3.007999999999894e-02 4.333378135535508e+00 4.333166129238359e+00 4.333455735226145e+00 3.622241634362888e+01
3.008999999999894e-02 4.333377987287434e+00 4.333166682507707e+00 4.333455330204871e+00 3.622241570136241e+01
3.009999999999894e-02 4.333377839529904e+00 4.333167233946315e+00 4.333454926523792e+00 3.622241506122069e+01
3.010999999999894e-02 4.333377692261297e+00 4.333167783560244e+00 4.333454524178472e+00 3.622241442319670e+01
3.011999999999894e-02 4.333377545479993e+00 4.333168331355529e+00 4.333454123164491e+00 3.622241378728344e+01
3.012999999999894e-02 4.333377399184381e+00 4.333168877338189e+00 4.333453723477443e+00 3.622241315347392e+01
3.013999999999894e-02 4.333377253372853e+00 4.333169421514222e+00 4.333453325112939e+00 3.622241252176119e+01
3.014999999999894e-02 4.333377108043807e+00 4.333169963889605e+00 4.333452928066601e+00 3.622241189213831e+01
3.015999999999894e-02 4.333376963195648e+00 4.333170504470298e+00 4.333452532334068e+00 3.622241126459836e+01
3.016999999999894e-02 4.333376818826783e+00 4.333171043262238e+00 4.333452137910993e+00 3.622241063913447e+01
3.017999999999894e-02 4.333376674935627e+00 4.333171580271346e+00 4.333451744793043e+00 3.622241001573976e+01
3.018999999999894e-02 4.333376531520599e+00 4.333172115503519e+00 4.333451352975898e+00 3.622240939440739e+01
3.019999999999894e-02 4.333376388580124e+00 4.333172648964637e+00 4.333450962455255e+00 3.622240877513054e+01
3.020999999999894e-02 4.333376246112631e+00 4.333173180660561e+00 4.333450573226824e+00 3.622240815790240e+01
3.021999999999894e-02 4.333376104116556e+00 4.333173710597132e+00 4.333450185286329e+00 3.622240754271620e+01
3.022999999999894e-02 4.333375962590337e+00 4.333174238780171e+00 4.333449798629508e+00 3.622240692956520e+01
3.023999999999894e-02 4.333375821532421e+00 4.333174765215482e+00 4.333449413252114e+00 3.622240631844266e+01
3.024999999999894e-02 4.333375680941258e+00 4.333175289908846e+00 4.333449029149913e+00 3.622240570934186e+01
3.025999999999894e-02 4.333375540815304e+00 4.333175812866028e+00 4.333448646318685e+00 3.622240510225613e+01
3.026999999999894e-02 4.333375401153019e+00 4.333176334092773e+00 4.333448264754226e+00 3.622240449717879e+01
3.027999999999894e-02 4.333375261952869e+00 4.333176853594806e+00 4.333447884452343e+00 3.622240389410319e+01
3.028999999999894e-02 4.333375123213325e+00 4.333177371377836e+00 4.333447505408857e+00 3.622240329302274e+01
3.029999999999894e-02 4.333374984932862e+00 4.333177887447549e+00 4.333447127619607e+00 3.622240269393082e+01
3.030999999999894e-02 4.333374847109962e+00 4.333178401809615e+00 4.333446751080441e+00 3.622240209682086e+01
3.031999999999893e-02 4.333374709743111e+00 4.333178914469685e+00 4.333446375787222e+00 3.622240150168629e+01
3.032999999999893e-02 4.333374572830799e+00 4.333179425433390e+00 4.333446001735829e+00 3.622240090852059e+01
3.033999999999893e-02 4.333374436371522e+00 4.333179934706345e+00 4.333445628922151e+00 3.622240031731724e+01
3.034999999999893e-02 4.333374300363782e+00 4.333180442294142e+00 4.333445257342094e+00 3.622239972806977e+01
3.035999999999893e-02 4.333374164806084e+00 4.333180948202358e+00 4.333444886991574e+00 3.622239914077169e+01
3.036999999999893e-02 4.333374029696940e+00 4.333181452436551e+00 4.333444517866526e+00 3.622239855541655e+01
3.037999999999893e-02 4.333373895034865e+00 4.333181955002261e+00 4.333444149962892e+00 3.622239797199792e+01
3.038999999999893e-02 4.333373760818379e+00 4.333182455905007e+00 4.333443783276631e+00 3.622239739050942e+01
3.039999999999893e-02 4.333373627046008e+00 4.333182955150293e+00 4.333443417803716e+00 3.622239681094464e+01
3.040999999999893e-02 4.333373493716283e+00 4.333183452743604e+00 4.333443053540130e+00 3.622239623329724e+01
3.041999999999893e-02 4.333373360827738e+00 4.333183948690404e+00 4.333442690481873e+00 3.622239565756086e+01
3.042999999999893e-02 4.333373228378915e+00 4.333184442996145e+00 4.333442328624956e+00 3.622239508372918e+01
3.043999999999893e-02 4.333373096368358e+00 4.333184935666254e+00 4.333441967965404e+00 3.622239451179591e+01
3.044999999999893e-02 4.333372964794616e+00 4.333185426706144e+00 4.333441608499256e+00 3.622239394175477e+01
3.045999999999893e-02 4.333372833656245e+00 4.333185916121209e+00 4.333441250222561e+00 3.622239337359949e+01
3.046999999999893e-02 4.333372702951804e+00 4.333186403916827e+00 4.333440893131386e+00 3.622239280732383e+01
3.047999999999893e-02 4.333372572679857e+00 4.333186890098355e+00 4.333440537221806e+00 3.622239224292159e+01
3.048999999999893e-02 4.333372442838972e+00 4.333187374671134e+00 4.333440182489911e+00 3.622239168038656e+01
3.049999999999893e-02 4.333372313427724e+00 4.333187857640488e+00 4.333439828931804e+00 3.622239111971258e+01
3.050999999999893e-02 4.333372184444690e+00 4.333188339011723e+00 4.333439476543603e+00 3.622239056089348e+01
3.051999999999893e-02 4.333372055888455e+00 4.333188818790125e+00 4.333439125321435e+00 3.622239000392313e+01
3.052999999999893e-02 4.333371927757605e+00 4.333189296980968e+00 4.333438775261443e+00 3.622238944879541e+01
3.053999999999893e-02 4.333371800050734e+00 4.333189773589502e+00 4.333438426359780e+00 3.622238889550423e+01
3.054999999999893e-02 4.333371672766438e+00 4.333190248620964e+00 4.333438078612614e+00 3.622238834404352e+01
3.055999999999892e-02 4.333371545903319e+00 4.333190722080573e+00 4.333437732016125e+00 3.622238779440720e+01
3.056999999999892e-02 4.333371419459982e+00 4.333191193973529e+00 4.333437386566504e+00 3.622238724658928e+01
3.057999999999892e-02 4.333371293435039e+00 4.333191664305017e+00 4.333437042259958e+00 3.622238670058371e+01
3.058999999999892e-02 4.333371167827107e+00 4.333192133080203e+00 4.333436699092704e+00 3.622238615638449e+01
3.059999999999892e-02 4.333371042634805e+00 4.333192600304238e+00 4.333436357060972e+00 3.622238561398567e+01
3.060999999999892e-02 4.333370917856756e+00 4.333193065982254e+00 4.333436016161004e+00 3.622238507338129e+01
3.061999999999892e-02 4.333370793491593e+00 4.333193530119366e+00 4.333435676389056e+00 3.622238453456541e+01
3.062999999999892e-02 4.333370669537946e+00 4.333193992720673e+00 4.333435337741395e+00 3.622238399753211e+01
3.063999999999892e-02 4.333370545994455e+00 4.333194453791258e+00 4.333435000214301e+00 3.622238346227549e+01
3.064999999999892e-02 4.333370422859764e+00 4.333194913336185e+00 4.333434663804066e+00 3.622238292878969e+01
3.065999999999892e-02 4.333370300132518e+00 4.333195371360502e+00 4.333434328506994e+00 3.622238239706885e+01
3.066999999999892e-02 4.333370177811370e+00 4.333195827869242e+00 4.333433994319402e+00 3.622238186710712e+01
3.067999999999892e-02 4.333370055894977e+00 4.333196282867418e+00 4.333433661237620e+00 3.622238133889867e+01
3.068999999999892e-02 4.333369934381999e+00 4.333196736360031e+00 4.333433329257987e+00 3.622238081243773e+01
3.069999999999892e-02 4.333369813271100e+00 4.333197188352060e+00 4.333432998376856e+00 3.622238028771850e+01
3.070999999999892e-02 4.333369692560950e+00 4.333197638848473e+00 4.333432668590593e+00 3.622237976473523e+01
3.071999999999892e-02 4.333369572250224e+00 4.333198087854217e+00 4.333432339895575e+00 3.622237924348217e+01
3.072999999999892e-02 4.333369452337601e+00 4.333198535374224e+00 4.333432012288191e+00 3.622237872395361e+01
3.073999999999892e-02 4.333369332821760e+00 4.333198981413413e+00 4.333431685764843e+00 3.622237820614383e+01
3.074999999999892e-02 4.333369213701391e+00 4.333199425976682e+00 4.333431360321943e+00 3.622237769004715e+01
3.075999999999892e-02 4.333369094975185e+00 4.333199869068915e+00 4.333431035955916e+00 3.622237717565790e+01
3.076999999999892e-02 4.333368976641838e+00 4.333200310694981e+00 4.333430712663198e+00 3.622237666297045e+01
3.077999999999892e-02 4.333368858700049e+00 4.333200750859729e+00 4.333430390440238e+00 3.622237615197914e+01
3.078999999999892e-02 4.333368741148524e+00 4.333201189567995e+00 4.333430069283497e+00 3.622237564267839e+01
3.079999999999892e-02 4.333368623985971e+00 4.333201626824599e+00 4.333429749189447e+00 3.622237513506258e+01
3.080999999999891e-02 4.333368507211101e+00 4.333202062634345e+00 4.333429430154571e+00 3.622237462912615e+01
3.081999999999891e-02 4.333368390822634e+00 4.333202497002020e+00 4.333429112175364e+00 3.622237412486356e+01
3.082999999999891e-02 4.333368274819289e+00 4.333202929932396e+00 4.333428795248333e+00 3.622237362226925e+01
3.083999999999891e-02 4.333368159199794e+00 4.333203361430228e+00 4.333428479369996e+00 3.622237312133772e+01
3.084999999999891e-02 4.333368043962877e+00 4.333203791500257e+00 4.333428164536883e+00 3.622237262206346e+01
3.085999999999891e-02 4.333367929107273e+00 4.333204220147207e+00 4.333427850745537e+00 3.622237212444099e+01
3.086999999999891e-02 4.333367814631720e+00 4.333204647375789e+00 4.333427537992509e+00 3.622237162846483e+01
3.087999999999891e-02 4.333367700534961e+00 4.333205073190693e+00 4.333427226274363e+00 3.622237113412957e+01
3.088999999999891e-02 4.333367586815742e+00 4.333205497596599e+00 4.333426915587677e+00 3.622237064142975e+01
3.089999999999891e-02 4.333367473472813e+00 4.333205920598169e+00 4.333426605929036e+00 3.622237015035997e+01
3.090999999999891e-02 4.333367360504930e+00 4.333206342200048e+00 4.333426297295039e+00 3.622236966091484e+01
3.091999999999891e-02 4.333367247910852e+00 4.333206762406871e+00 4.333425989682296e+00 3.622236917308899e+01
3.092999999999891e-02 4.333367135689341e+00 4.333207181223251e+00 4.333425683087427e+00 3.622236868687706e+01
3.093999999999891e-02 4.333367023839165e+00 4.333207598653791e+00 4.333425377507063e+00 3.622236820227371e+01
3.094999999999891e-02 4.333366912359096e+00 4.333208014703076e+00 4.333425072937848e+00 3.622236771927363e+01
3.095999999999891e-02 4.333366801247907e+00 4.333208429375676e+00 4.333424769376436e+00 3.622236723787149e+01
3.096999999999891e-02 4.333366690504381e+00 4.333208842676147e+00 4.333424466819493e+00 3.622236675806202e+01
3.097999999999891e-02 4.333366580127297e+00 4.333209254609029e+00 4.333424165263694e+00 3.622236627983996e+01
3.098999999999891e-02 4.333366470115446e+00 4.333209665178846e+00 4.333423864705727e+00 3.622236580320006e+01
3.099999999999891e-02 4.333366360467618e+00 4.333210074390111e+00 4.333423565142290e+00 3.622236532813707e+01
3.100999999999891e-02 4.333366251182610e+00 4.333210482247317e+00 4.333423266570093e+00 3.622236485464578e+01
3.101999999999891e-02 4.333366142259218e+00 4.333210888754945e+00 4.333422968985855e+00 3.622236438272100e+01
3.102999999999891e-02 4.333366033696249e+00 4.333211293917462e+00 4.333422672386307e+00 3.622236391235753e+01
3.103999999999891e-02 4.333365925492509e+00 4.333211697739318e+00 4.333422376768191e+00 3.622236344355023e+01
3.104999999999890e-02 4.333365817646810e+00 4.333212100224950e+00 4.333422082128259e+00 3.622236297629394e+01
3.105999999999890e-02 4.333365710157965e+00 4.333212501378778e+00 4.333421788463276e+00 3.622236251058352e+01
3.106999999999890e-02 4.333365603024795e+00 4.333212901205210e+00 4.333421495770014e+00 3.622236204641386e+01
3.107999999999890e-02 4.333365496246123e+00 4.333213299708637e+00 4.333421204045258e+00 3.622236158377987e+01
3.108999999999890e-02 4.333365389820776e+00 4.333213696893438e+00 4.333420913285805e+00 3.622236112267647e+01
3.109999999999890e-02 4.333365283747586e+00 4.333214092763976e+00 4.333420623488458e+00 3.622236066309860e+01
3.110999999999890e-02 4.333365178025386e+00 4.333214487324599e+00 4.333420334650034e+00 3.622236020504121e+01
3.111999999999890e-02 4.333365072653015e+00 4.333214880579643e+00 4.333420046767362e+00 3.622235974849927e+01
3.112999999999890e-02 4.333364967629315e+00 4.333215272533427e+00 4.333419759837278e+00 3.622235929346775e+01
3.113999999999890e-02 4.333364862953133e+00 4.333215663190257e+00 4.333419473856630e+00 3.622235883994168e+01
3.114999999999890e-02 4.333364758623319e+00 4.333216052554425e+00 4.333419188822275e+00 3.622235838791608e+01
3.115999999999890e-02 4.333364654638727e+00 4.333216440630207e+00 4.333418904731085e+00 3.622235793738597e+01
3.116999999999890e-02 4.333364550998214e+00 4.333216827421868e+00 4.333418621579938e+00 3.622235748834640e+01
3.117999999999890e-02 4.333364447700641e+00 4.333217212933656e+00 4.333418339365721e+00 3.622235704079247e+01
3.118999999999890e-02 4.333364344744876e+00 4.333217597169805e+00 4.333418058085337e+00 3.622235659471923e+01
3.119999999999890e-02 4.333364242129785e+00 4.333217980134538e+00 4.333417777735694e+00 3.622235615012180e+01
3.120999999999890e-02 4.333364139854242e+00 4.333218361832063e+00 4.333417498313714e+00 3.622235570699529e+01
3.121999999999890e-02 4.333364037917124e+00 4.333218742266570e+00 4.333417219816325e+00 3.622235526533485e+01
3.122999999999890e-02 4.333363936317309e+00 4.333219121442240e+00 4.333416942240469e+00 3.622235482513561e+01
3.123999999999890e-02 4.333363835053683e+00 4.333219499363238e+00 4.333416665583097e+00 3.622235438639276e+01
3.124999999999890e-02 4.333363734125133e+00 4.333219876033715e+00 4.333416389841170e+00 3.622235394910145e+01
3.125999999999890e-02 4.333363633530550e+00 4.333220251457810e+00 4.333416115011657e+00 3.622235351325691e+01
3.126999999999890e-02 4.333363533268829e+00 4.333220625639647e+00 4.333415841091540e+00 3.622235307885433e+01
3.127999999999891e-02 4.333363433338868e+00 4.333220998583338e+00 4.333415568077810e+00 3.622235264588896e+01
3.128999999999891e-02 4.333363333739571e+00 4.333221370292978e+00 4.333415295967469e+00 3.622235221435602e+01
3.129999999999891e-02 4.333363234469843e+00 4.333221740772649e+00 4.333415024757525e+00 3.622235178425080e+01
3.130999999999892e-02 4.333363135528592e+00 4.333222110026424e+00 4.333414754445001e+00 3.622235135556857e+01
3.131999999999892e-02 4.333363036914733e+00 4.333222478058357e+00 4.333414485026926e+00 3.622235092830461e+01
3.132999999999892e-02 4.333362938627181e+00 4.333222844872494e+00 4.333414216500342e+00 3.622235050245424e+01
3.133999999999892e-02 4.333362840664859e+00 4.333223210472862e+00 4.333413948862297e+00 3.622235007801277e+01
3.134999999999893e-02 4.333362743026687e+00 4.333223574863478e+00 4.333413682109852e+00 3.622234965497557e+01
3.135999999999893e-02 4.333362645711596e+00 4.333223938048345e+00 4.333413416240076e+00 3.622234923333797e+01
3.136999999999893e-02 4.333362548718515e+00 4.333224300031453e+00 4.333413151250049e+00 3.622234881309534e+01
3.137999999999894e-02 4.333362452046378e+00 4.333224660816778e+00 4.333412887136860e+00 3.622234839424307e+01
3.138999999999894e-02 4.333362355694124e+00 4.333225020408284e+00 4.333412623897607e+00 3.622234797677656e+01
3.139999999999894e-02 4.333362259660695e+00 4.333225378809921e+00 4.333412361529399e+00 3.622234756069123e+01
3.140999999999895e-02 4.333362163945035e+00 4.333225736025626e+00 4.333412100029354e+00 3.622234714598250e+01
3.141999999999895e-02 4.333362068546093e+00 4.333226092059324e+00 4.333411839394597e+00 3.622234673264582e+01
3.142999999999895e-02 4.333361973462822e+00 4.333226446914925e+00 4.333411579622267e+00 3.622234632067666e+01
3.143999999999895e-02 4.333361878694176e+00 4.333226800596329e+00 4.333411320709510e+00 3.622234591007050e+01
3.144999999999896e-02 4.333361784239114e+00 4.333227153107419e+00 4.333411062653482e+00 3.622234550082281e+01
3.145999999999896e-02 4.333361690096599e+00 4.333227504452070e+00 4.333410805451347e+00 3.622234509292912e+01
3.146999999999896e-02 4.333361596265596e+00 4.333227854634140e+00 4.333410549100280e+00 3.622234468638493e+01
3.147999999999897e-02 4.333361502745075e+00 4.333228203657477e+00 4.333410293597464e+00 3.622234428118578e+01
3.148999999999897e-02 4.333361409534009e+00 4.333228551525914e+00 4.333410038940094e+00 3.622234387732723e+01
3.149999999999897e-02 4.333361316631372e+00 4.333228898243274e+00 4.333409785125371e+00 3.622234347480484e+01
3.150999999999898e-02 4.333361224036145e+00 4.333229243813363e+00 4.333409532150508e+00 3.622234307361420e+01
3.151999999999898e-02 4.333361131747312e+00 4.333229588239981e+00 4.333409280012725e+00 3.622234267375089e+01
3.152999999999898e-02 4.333361039763856e+00 4.333229931526908e+00 4.333409028709251e+00 3.622234227521054e+01
3.153999999999899e-02 4.333360948084769e+00 4.333230273677919e+00 4.333408778237328e+00 3.622234187798874e+01
3.154999999999899e-02 4.333360856709043e+00 4.333230614696769e+00 4.333408528594203e+00 3.622234148208116e+01
3.155999999999899e-02 4.333360765635675e+00 4.333230954587207e+00 4.333408279777134e+00 3.622234108748342e+01
3.156999999999899e-02 4.333360674863663e+00 4.333231293352966e+00 4.333408031783387e+00 3.622234069419122e+01
3.157999999999900e-02 4.333360584392012e+00 4.333231630997766e+00 4.333407784610238e+00 3.622234030220022e+01
3.158999999999900e-02 4.333360494219726e+00 4.333231967525318e+00 4.333407538254971e+00 3.622233991150613e+01
3.159999999999900e-02 4.333360404345815e+00 4.333232302939319e+00 4.333407292714881e+00 3.622233952210466e+01
3.160999999999901e-02 4.333360314769292e+00 4.333232637243452e+00 4.333407047987270e+00 3.622233913399152e+01
3.161999999999901e-02 4.333360225489173e+00 4.333232970441392e+00 4.333406804069448e+00 3.622233874716245e+01
3.162999999999901e-02 4.333360136504478e+00 4.333233302536797e+00 4.333406560958739e+00 3.622233836161321e+01
3.163999999999902e-02 4.333360047814228e+00 4.333233633533317e+00 4.333406318652469e+00 3.622233797733956e+01
3.164999999999902e-02 4.333359959417449e+00 4.333233963434587e+00 4.333406077147978e+00 3.622233759433728e+01
3.165999999999902e-02 4.333359871313171e+00 4.333234292244232e+00 4.333405836442612e+00 3.622233721260218e+01
3.166999999999903e-02 4.333359783500424e+00 4.333234619965863e+00 4.333405596533727e+00 3.622233683213005e+01
3.167999999999903e-02 4.333359695978246e+00 4.333234946603080e+00 4.333405357418688e+00 3.622233645291671e+01
3.168999999999903e-02 4.333359608745673e+00 4.333235272159474e+00 4.333405119094868e+00 3.622233607495801e+01
3.169999999999903e-02 4.333359521801748e+00 4.333235596638618e+00 4.333404881559648e+00 3.622233569824979e+01
3.170999999999904e-02 4.333359435145516e+00 4.333235920044078e+00 4.333404644810420e+00 3.622233532278792e+01
3.171999999999904e-02 4.333359348776025e+00 4.333236242379408e+00 4.333404408844582e+00 3.622233494856827e+01
3.172999999999904e-02 4.333359262692326e+00 4.333236563648146e+00 4.333404173659542e+00 3.622233457558674e+01
3.173999999999905e-02 4.333359176893474e+00 4.333236883853824e+00 4.333403939252716e+00 3.622233420383922e+01
3.174999999999905e-02 4.333359091378525e+00 4.333237202999959e+00 4.333403705621531e+00 3.622233383332165e+01
3.175999999999905e-02 4.333359006146541e+00 4.333237521090056e+00 4.333403472763417e+00 3.622233346402994e+01
3.176999999999906e-02 4.333358921196584e+00 4.333237838127610e+00 4.333403240675819e+00 3.622233309596005e+01
3.177999999999906e-02 4.333358836527722e+00 4.333238154116103e+00 4.333403009356187e+00 3.622233272910792e+01
3.178999999999906e-02 4.333358752139025e+00 4.333238469059007e+00 4.333402778801979e+00 3.622233236346953e+01
3.179999999999907e-02 4.333358668029566e+00 4.333238782959783e+00 4.333402549010662e+00 3.622233199904087e+01
3.180999999999907e-02 4.333358584198421e+00 4.333239095821878e+00 4.333402319979713e+00 3.622233163581793e+01
3.181999999999907e-02 4.333358500644668e+00 4.333239407648730e+00 4.333402091706615e+00 3.622233127379673e+01
3.182999999999907e-02 4.333358417367390e+00 4.333239718443762e+00 4.333401864188859e+00 3.622233091297328e+01
3.183999999999908e-02 4.333358334365672e+00 4.333240028210391e+00 4.333401637423949e+00 3.622233055334364e+01
3.184999999999908e-02 4.333358251638602e+00 4.333240336952019e+00 4.333401411409390e+00 3.622233019490384e+01
3.185999999999908e-02 4.333358169185272e+00 4.333240644672038e+00 4.333401186142702e+00 3.622232983764996e+01
3.186999999999909e-02 4.333358087004775e+00 4.333240951373829e+00 4.333400961621408e+00 3.622232948157806e+01
3.187999999999909e-02 4.333358005096208e+00 4.333241257060759e+00 4.333400737843045e+00 3.622232912668424e+01
3.188999999999909e-02 4.333357923458674e+00 4.333241561736187e+00 4.333400514805152e+00 3.622232877296460e+01
3.189999999999910e-02 4.333357842091274e+00 4.333241865403461e+00 4.333400292505279e+00 3.622232842041527e+01
3.190999999999910e-02 4.333357760993114e+00 4.333242168065916e+00 4.333400070940985e+00 3.622232806903235e+01
3.191999999999910e-02 4.333357680163303e+00 4.333242469726877e+00 4.333399850109834e+00 3.622232771881200e+01
3.192999999999910e-02 4.333357599600954e+00 4.333242770389658e+00 4.333399630009402e+00 3.622232736975038e+01
3.193999999999911e-02 4.333357519305181e+00 4.333243070057562e+00 4.333399410637270e+00 3.622232702184365e+01
3.194999999999911e-02 4.333357439275103e+00 4.333243368733881e+00 4.333399191991029e+00 3.622232667508798e+01
3.195999999999911e-02 4.333357359509839e+00 4.333243666421897e+00 4.333398974068277e+00 3.622232632947957e+01
3.196999999999912e-02 4.333357280008515e+00 4.333243963124878e+00 4.333398756866619e+00 3.622232598501463e+01
3.197999999999912e-02 4.333357200770257e+00 4.333244258846086e+00 4.333398540383670e+00 3.622232564168936e+01
3.198999999999912e-02 4.333357121794193e+00 4.333244553588768e+00 4.333398324617052e+00 3.622232529950001e+01
3.199999999999913e-02 4.333357043079457e+00 4.333244847356163e+00 4.333398109564393e+00 3.622232495844281e+01
3.200999999999913e-02 4.333356964625183e+00 4.333245140151496e+00 4.333397895223332e+00 3.622232461851402e+01
3.201999999999913e-02 4.333356886430511e+00 4.333245431977987e+00 4.333397681591514e+00 3.622232427970991e+01
3.202999999999914e-02 4.333356808494581e+00 4.333245722838838e+00 4.333397468666591e+00 3.622232394202675e+01
3.203999999999914e-02 4.333356730816536e+00 4.333246012737247e+00 4.333397256446227e+00 3.622232360546084e+01
3.204999999999914e-02 4.333356653395525e+00 4.333246301676398e+00 4.333397044928088e+00 3.622232327000847e+01
3.205999999999914e-02 4.333356576230694e+00 4.333246589659464e+00 4.333396834109851e+00 3.622232293566598e+01
3.206999999999915e-02 4.333356499321198e+00 4.333246876689611e+00 4.333396623989201e+00 3.622232260242967e+01
3.207999999999915e-02 4.333356422666192e+00 4.333247162769990e+00 4.333396414563829e+00 3.622232227029590e+01
3.208999999999915e-02 4.333356346264833e+00 4.333247447903744e+00 4.333396205831434e+00 3.622232193926101e+01
3.209999999999916e-02 4.333356270116282e+00 4.333247732094007e+00 4.333395997789723e+00 3.622232160932138e+01
3.210999999999916e-02 4.333356194219702e+00 4.333248015343899e+00 4.333395790436412e+00 3.622232128047338e+01
3.211999999999916e-02 4.333356118574260e+00 4.333248297656533e+00 4.333395583769220e+00 3.622232095271340e+01
3.212999999999917e-02 4.333356043179124e+00 4.333248579035009e+00 4.333395377785879e+00 3.622232062603783e+01
3.213999999999917e-02 4.333355968033468e+00 4.333248859482418e+00 4.333395172484127e+00 3.622232030044310e+01
3.214999999999917e-02 4.333355893136464e+00 4.333249139001842e+00 4.333394967861707e+00 3.622231997592563e+01
3.215999999999918e-02 4.333355818487290e+00 4.333249417596353e+00 4.333394763916370e+00 3.622231965248184e+01
3.216999999999918e-02 4.333355744085125e+00 4.333249695269008e+00 4.333394560645879e+00 3.622231933010819e+01
3.217999999999918e-02 4.333355669929154e+00 4.333249972022860e+00 4.333394358047999e+00 3.622231900880114e+01
3.218999999999918e-02 4.333355596018562e+00 4.333250247860947e+00 4.333394156120503e+00 3.622231868855717e+01
3.219999999999919e-02 4.333355522352535e+00 4.333250522786302e+00 4.333393954861175e+00 3.622231836937274e+01
3.220999999999919e-02 4.333355448930265e+00 4.333250796801943e+00 4.333393754267804e+00 3.622231805124436e+01
3.221999999999919e-02 4.333355375750946e+00 4.333251069910881e+00 4.333393554338184e+00 3.622231773416855e+01
3.222999999999920e-02 4.333355302813772e+00 4.333251342116117e+00 4.333393355070122e+00 3.622231741814181e+01
3.223999999999920e-02 4.333355230117944e+00 4.333251613420640e+00 4.333393156461426e+00 3.622231710316066e+01
3.224999999999920e-02 4.333355157662663e+00 4.333251883827431e+00 4.333392958509916e+00 3.622231678922166e+01
3.225999999999921e-02 4.333355085447132e+00 4.333252153339461e+00 4.333392761213417e+00 3.622231647632135e+01
3.226999999999921e-02 4.333355013470559e+00 4.333252421959689e+00 4.333392564569762e+00 3.622231616445631e+01
3.227999999999921e-02 4.333354941732153e+00 4.333252689691069e+00 4.333392368576789e+00 3.622231585362309e+01
3.228999999999922e-02 4.333354870231124e+00 4.333252956536539e+00 4.333392173232347e+00 3.622231554381830e+01
3.229999999999922e-02 4.333354798966689e+00 4.333253222499032e+00 4.333391978534290e+00 3.622231523503854e+01
3.230999999999922e-02 4.333354727938064e+00 4.333253487581469e+00 4.333391784480478e+00 3.622231492728039e+01
3.231999999999922e-02 4.333354657144469e+00 4.333253751786762e+00 4.333391591068779e+00 3.622231462054049e+01
3.232999999999923e-02 4.333354586585127e+00 4.333254015117814e+00 4.333391398297069e+00 3.622231431481548e+01
3.233999999999923e-02 4.333354516259262e+00 4.333254277577518e+00 4.333391206163230e+00 3.622231401010198e+01
3.234999999999923e-02 4.333354446166100e+00 4.333254539168758e+00 4.333391014665152e+00 3.622231370639665e+01
3.235999999999924e-02 4.333354376304873e+00 4.333254799894406e+00 4.333390823800731e+00 3.622231340369616e+01
3.236999999999924e-02 4.333354306674813e+00 4.333255059757326e+00 4.333390633567871e+00 3.622231310199719e+01
3.237999999999924e-02 4.333354237275155e+00 4.333255318760375e+00 4.333390443964480e+00 3.622231280129643e+01
3.238999999999925e-02 4.333354168105137e+00 4.333255576906397e+00 4.333390254988476e+00 3.622231250159057e+01
3.239999999999925e-02 4.333354099163999e+00 4.333255834198226e+00 4.333390066637785e+00 3.622231220287631e+01
3.240999999999925e-02 4.333354030450983e+00 4.333256090638691e+00 4.333389878910335e+00 3.622231190515038e+01
3.241999999999925e-02 4.333353961965336e+00 4.333256346230608e+00 4.333389691804066e+00 3.622231160840951e+01
3.242999999999926e-02 4.333353893706303e+00 4.333256600976786e+00 4.333389505316921e+00 3.622231131265044e+01
3.243999999999926e-02 4.333353825673136e+00 4.333256854880022e+00 4.333389319446852e+00 3.622231101786993e+01
3.244999999999926e-02 4.333353757865087e+00 4.333257107943106e+00 4.333389134191817e+00 3.622231072406472e+01
3.245999999999927e-02 4.333353690281410e+00 4.333257360168817e+00 4.333388949549780e+00 3.622231043123161e+01
3.246999999999927e-02 4.333353622921366e+00 4.333257611559928e+00 4.333388765518714e+00 3.622231013936737e+01
3.247999999999927e-02 4.333353555784211e+00 4.333257862119199e+00 4.333388582096598e+00 3.622230984846879e+01
3.248999999999928e-02 4.333353488869211e+00 4.333258111849383e+00 4.333388399281414e+00 3.622230955853269e+01
3.249999999999928e-02 4.333353422175628e+00 4.333258360753223e+00 4.333388217071157e+00 3.622230926955587e+01
3.250999999999928e-02 4.333353355702730e+00 4.333258608833454e+00 4.333388035463824e+00 3.622230898153516e+01
3.251999999999929e-02 4.333353289449788e+00 4.333258856092800e+00 4.333387854457420e+00 3.622230869446742e+01
3.252999999999929e-02 4.333353223416074e+00 4.333259102533979e+00 4.333387674049956e+00 3.622230840834946e+01
3.253999999999929e-02 4.333353157600861e+00 4.333259348159697e+00 4.333387494239450e+00 3.622230812317817e+01
3.254999999999929e-02 4.333353092003428e+00 4.333259592972653e+00 4.333387315023928e+00 3.622230783895039e+01
3.255999999999930e-02 4.333353026623052e+00 4.333259836975536e+00 4.333387136401421e+00 3.622230755566301e+01
3.256999999999930e-02 4.333352961459017e+00 4.333260080171026e+00 4.333386958369966e+00 3.622230727331294e+01
3.257999999999930e-02 4.333352896510606e+00 4.333260322561796e+00 4.333386780927607e+00 3.622230699189704e+01
3.258999999999931e-02 4.333352831777106e+00 4.333260564150508e+00 4.333386604072396e+00 3.622230671141226e+01
3.259999999999931e-02 4.333352767257805e+00 4.333260804939815e+00 4.333386427802388e+00 3.622230643185549e+01
3.260999999999931e-02 4.333352702951996e+00 4.333261044932364e+00 4.333386252115649e+00 3.622230615322368e+01
3.261999999999932e-02 4.333352638858971e+00 4.333261284130790e+00 4.333386077010248e+00 3.622230587551375e+01
3.262999999999932e-02 4.333352574978026e+00 4.333261522537723e+00 4.333385902484261e+00 3.622230559872266e+01
3.263999999999932e-02 4.333352511308459e+00 4.333261760155779e+00 4.333385728535772e+00 3.622230532284736e+01
3.264999999999933e-02 4.333352447849572e+00 4.333261996987569e+00 4.333385555162868e+00 3.622230504788484e+01
3.265999999999933e-02 4.333352384600667e+00 4.333262233035696e+00 4.333385382363646e+00 3.622230477383208e+01
3.266999999999933e-02 4.333352321561049e+00 4.333262468302753e+00 4.333385210136207e+00 3.622230450068605e+01
3.267999999999933e-02 4.333352258730025e+00 4.333262702791323e+00 4.333385038478659e+00 3.622230422844377e+01
3.268999999999934e-02 4.333352196106907e+00 4.333262936503984e+00 4.333384867389118e+00 3.622230395710223e+01
3.269999999999934e-02 4.333352133691005e+00 4.333263169443302e+00 4.333384696865702e+00 3.622230368665846e+01
3.270999999999934e-02 4.333352071481634e+00 4.333263401611836e+00 4.333384526906539e+00 3.622230341710950e+01
3.271999999999935e-02 4.333352009478111e+00 4.333263633012137e+00 4.333384357509761e+00 3.622230314845238e+01
3.272999999999935e-02 4.333351947679754e+00 4.333263863646748e+00 4.333384188673508e+00 3.622230288068414e+01
3.273999999999935e-02 4.333351886085883e+00 4.333264093518199e+00 4.333384020395926e+00 3.622230261380186e+01
3.274999999999936e-02 4.333351824695824e+00 4.333264322629019e+00 4.333383852675165e+00 3.622230234780260e+01
3.275999999999936e-02 4.333351763508901e+00 4.333264550981724e+00 4.333383685509383e+00 3.622230208268343e+01
3.276999999999936e-02 4.333351702524443e+00 4.333264778578823e+00 4.333383518896743e+00 3.622230181844145e+01
3.277999999999937e-02 4.333351641741778e+00 4.333265005422814e+00 4.333383352835416e+00 3.622230155507376e+01
3.278999999999937e-02 4.333351581160240e+00 4.333265231516191e+00 4.333383187323576e+00 3.622230129257745e+01
3.279999999999937e-02 4.333351520779163e+00 4.333265456861437e+00 4.333383022359407e+00 3.622230103094965e+01
3.280999999999937e-02 4.333351460597884e+00 4.333265681461027e+00 4.333382857941095e+00 3.622230077018748e+01
3.281999999999938e-02 4.333351400615741e+00 4.333265905317430e+00 4.333382694066835e+00 3.622230051028809e+01
3.282999999999938e-02 4.333351340832077e+00 4.333266128433104e+00 4.333382530734825e+00 3.622230025124861e+01
3.283999999999938e-02 4.333351281246233e+00 4.333266350810501e+00 4.333382367943273e+00 3.622229999306620e+01
3.284999999999939e-02 4.333351221857556e+00 4.333266572452063e+00 4.333382205690389e+00 3.622229973573803e+01
3.285999999999939e-02 4.333351162665392e+00 4.333266793360224e+00 4.333382043974392e+00 3.622229947926127e+01
3.286999999999939e-02 4.333351103669092e+00 4.333267013537412e+00 4.333381882793503e+00 3.622229922363309e+01
3.287999999999940e-02 4.333351044868008e+00 4.333267232986046e+00 4.333381722145954e+00 3.622229896885071e+01
3.288999999999940e-02 4.333350986261493e+00 4.333267451708536e+00 4.333381562029978e+00 3.622229871491132e+01
3.289999999999940e-02 4.333350927848904e+00 4.333267669707284e+00 4.333381402443818e+00 3.622229846181212e+01
3.290999999999941e-02 4.333350869629599e+00 4.333267886984688e+00 4.333381243385720e+00 3.622229820955035e+01
3.291999999999941e-02 4.333350811602939e+00 4.333268103543132e+00 4.333381084853936e+00 3.622229795812322e+01
3.292999999999941e-02 4.333350753768286e+00 4.333268319384995e+00 4.333380926846725e+00 3.622229770752798e+01
3.293999999999941e-02 4.333350696125005e+00 4.333268534512650e+00 4.333380769362352e+00 3.622229745776187e+01
3.294999999999942e-02 4.333350638672462e+00 4.333268748928459e+00 4.333380612399086e+00 3.622229720882216e+01
3.295999999999942e-02 4.333350581410027e+00 4.333268962634777e+00 4.333380455955203e+00 3.622229696070610e+01
3.296999999999942e-02 4.333350524337070e+00 4.333269175633952e+00 4.333380300028985e+00 3.622229671341098e+01
3.297999999999943e-02 4.333350467452965e+00 4.333269387928325e+00 4.333380144618718e+00 3.622229646693408e+01
3.298999999999943e-02 4.333350410757085e+00 4.333269599520227e+00 4.333379989722696e+00 3.622229622127268e+01
3.299999999999943e-02 4.333350354248810e+00 4.333269810411983e+00 4.333379835339215e+00 3.622229597642409e+01
3.300999999999944e-02 4.333350297927518e+00 4.333270020605910e+00 4.333379681466582e+00 3.622229573238563e+01
3.301999999999944e-02 4.333350241792589e+00 4.333270230104316e+00 4.333379528103104e+00 3.622229548915461e+01
3.302999999999944e-02 4.333350185843408e+00 4.333270438909503e+00 4.333379375247099e+00 3.622229524672836e+01
3.303999999999944e-02 4.333350130079360e+00 4.333270647023765e+00 4.333379222896885e+00 3.622229500510422e+01
3.304999999999945e-02 4.333350074499831e+00 4.333270854449388e+00 4.333379071050790e+00 3.622229476427953e+01
3.305999999999945e-02 4.333350019104213e+00 4.333271061188651e+00 4.333378919707146e+00 3.622229452425166e+01
3.306999999999945e-02 4.333349963891895e+00 4.333271267243825e+00 4.333378768864289e+00 3.622229428501796e+01
3.307999999999946e-02 4.333349908862273e+00 4.333271472617173e+00 4.333378618520564e+00 3.622229404657580e+01
3.308999999999946e-02 4.333349854014740e+00 4.333271677310952e+00 4.333378468674319e+00 3.622229380892258e+01
3.309999999999946e-02 4.333349799348695e+00 4.333271881327410e+00 4.333378319323906e+00 3.622229357205567e+01
3.310999999999947e-02 4.333349744863536e+00 4.333272084668788e+00 4.333378170467685e+00 3.622229333597248e+01
3.311999999999947e-02 4.333349690558666e+00 4.333272287337322e+00 4.333378022104021e+00 3.622229310067041e+01
3.312999999999947e-02 4.333349636433488e+00 4.333272489335235e+00 4.333377874231286e+00 3.622229286614688e+01
3.313999999999948e-02 4.333349582487408e+00 4.333272690664749e+00 4.333377726847853e+00 3.622229263239932e+01
3.314999999999948e-02 4.333349528719832e+00 4.333272891328074e+00 4.333377579952104e+00 3.622229239942514e+01
3.315999999999948e-02 4.333349475130170e+00 4.333273091327414e+00 4.333377433542425e+00 3.622229216722181e+01
3.316999999999948e-02 4.333349421717834e+00 4.333273290664969e+00 4.333377287617208e+00 3.622229193578676e+01
3.317999999999949e-02 4.333349368482236e+00 4.333273489342925e+00 4.333377142174849e+00 3.622229170511746e+01
3.318999999999949e-02 4.333349315422792e+00 4.333273687363468e+00 4.333376997213752e+00 3.622229147521137e+01
3.319999999999949e-02 4.333349262538918e+00 4.333273884728770e+00 4.333376852732323e+00 3.622229124606597e+01
3.320999999999950e-02 4.333349209830034e+00 4.333274081441002e+00 4.333376708728975e+00 3.622229101767875e+01
3.321999999999950e-02 4.333349157295562e+00 4.333274277502323e+00 4.333376565202125e+00 3.622229079004718e+01
3.322999999999950e-02 4.333349104934923e+00 4.333274472914887e+00 4.333376422150200e+00 3.622229056316878e+01
3.323999999999951e-02 4.333349052747542e+00 4.333274667680842e+00 4.333376279571625e+00 3.622229033704104e+01
3.324999999999951e-02 4.333349000732848e+00 4.333274861802328e+00 4.333376137464835e+00 3.622229011166149e+01
3.325999999999951e-02 4.333348948890266e+00 4.333275055281475e+00 4.333375995828268e+00 3.622228988702766e+01
3.326999999999952e-02 4.333348897219229e+00 4.333275248120410e+00 4.333375854660369e+00 3.622228966313707e+01
3.327999999999952e-02 4.333348845719168e+00 4.333275440321252e+00 4.333375713959588e+00 3.622228943998726e+01
3.328999999999952e-02 4.333348794389519e+00 4.333275631886112e+00 4.333375573724378e+00 3.622228921757578e+01
3.329999999999952e-02 4.333348743229716e+00 4.333275822817094e+00 4.333375433953198e+00 3.622228899590020e+01
3.330999999999953e-02 4.333348692239198e+00 4.333276013116296e+00 4.333375294644513e+00 3.622228877495807e+01
3.331999999999953e-02 4.333348641417406e+00 4.333276202785808e+00 4.333375155796793e+00 3.622228855474698e+01
3.332999999999953e-02 4.333348590763781e+00 4.333276391827714e+00 4.333375017408514e+00 3.622228833526449e+01
3.333999999999954e-02 4.333348540277766e+00 4.333276580244091e+00 4.333374879478153e+00 3.622228811650821e+01
3.334999999999954e-02 4.333348489958806e+00 4.333276768037007e+00 4.333374742004198e+00 3.622228789847573e+01
3.335999999999954e-02 4.333348439806349e+00 4.333276955208526e+00 4.333374604985136e+00 3.622228768116464e+01
3.336999999999955e-02 4.333348389819843e+00 4.333277141760706e+00 4.333374468419462e+00 3.622228746457258e+01
3.337999999999955e-02 4.333348339998740e+00 4.333277327695595e+00 4.333374332305676e+00 3.622228724869716e+01
3.338999999999955e-02 4.333348290342493e+00 4.333277513015235e+00 4.333374196642285e+00 3.622228703353599e+01
3.339999999999956e-02 4.333348240850555e+00 4.333277697721662e+00 4.333374061427795e+00 3.622228681908674e+01
3.340999999999956e-02 4.333348191522384e+00 4.333277881816906e+00 4.333373926660723e+00 3.622228660534703e+01
3.341999999999956e-02 4.333348142357436e+00 4.333278065302988e+00 4.333373792339589e+00 3.622228639231452e+01
3.342999999999956e-02 4.333348093355172e+00 4.333278248181924e+00 4.333373658462915e+00 3.622228617998688e+01
3.343999999999957e-02 4.333348044515055e+00 4.333278430455724e+00 4.333373525029233e+00 3.622228596836176e+01
3.344999999999957e-02 4.333347995836546e+00 4.333278612126390e+00 4.333373392037076e+00 3.622228575743685e+01
3.345999999999957e-02 4.333347947319113e+00 4.333278793195918e+00 4.333373259484982e+00 3.622228554720983e+01
3.346999999999958e-02 4.333347898962221e+00 4.333278973666296e+00 4.333373127371495e+00 3.622228533767839e+01
3.347999999999958e-02 4.333347850765340e+00 4.333279153539507e+00 4.333372995695166e+00 3.622228512884023e+01
3.348999999999958e-02 4.333347802727939e+00 4.333279332817527e+00 4.333372864454546e+00 3.622228492069306e+01
3.349999999999959e-02 4.333347754849492e+00 4.333279511502326e+00 4.333372733648194e+00 3.622228471323458e+01
3.350999999999959e-02 4.333347707129471e+00 4.333279689595867e+00 4.333372603274674e+00 3.622228450646252e+01
3.351999999999959e-02 4.333347659567353e+00 4.333279867100106e+00 4.333372473332552e+00 3.622228430037461e+01
3.352999999999959e-02 4.333347612162616e+00 4.333280044016994e+00 4.333372343820401e+00 3.622228409496859e+01
3.353999999999960e-02 4.333347564914739e+00 4.333280220348472e+00 4.333372214736801e+00 3.622228389024219e+01
3.354999999999960e-02 4.333347517823202e+00 4.333280396096479e+00 4.333372086080330e+00 3.622228368619317e+01
3.355999999999960e-02 4.333347470887489e+00 4.333280571262946e+00 4.333371957849577e+00 3.622228348281930e+01
3.356999999999961e-02 4.333347424107084e+00 4.333280745849796e+00 4.333371830043133e+00 3.622228328011833e+01
3.357999999999961e-02 4.333347377481472e+00 4.333280919858947e+00 4.333371702659592e+00 3.622228307808805e+01
3.358999999999961e-02 4.333347331010142e+00 4.333281093292312e+00 4.333371575697558e+00 3.622228287672622e+01
3.359999999999962e-02 4.333347284692583e+00 4.333281266151795e+00 4.333371449155633e+00 3.622228267603064e+01
3.360999999999962e-02 4.333347238528286e+00 4.333281438439295e+00 4.333371323032429e+00 3.622228247599912e+01
3.361999999999962e-02 4.333347192516745e+00 4.333281610156705e+00 4.333371197326560e+00 3.622228227662944e+01
3.362999999999963e-02 4.333347146657453e+00 4.333281781305912e+00 4.333371072036646e+00 3.622228207791941e+01
3.363999999999963e-02 4.333347100949907e+00 4.333281951888795e+00 4.333370947161309e+00 3.622228187986686e+01
3.364999999999963e-02 4.333347055393605e+00 4.333282121907229e+00 4.333370822699178e+00 3.622228168246961e+01
3.365999999999963e-02 4.333347009988047e+00 4.333282291363081e+00 4.333370698648884e+00 3.622228148572550e+01
3.366999999999964e-02 4.333346964732733e+00 4.333282460258213e+00 4.333370575009067e+00 3.622228128963236e+01
3.367999999999964e-02 4.333346919627166e+00 4.333282628594478e+00 4.333370451778367e+00 3.622228109418804e+01
3.368999999999964e-02 4.333346874670851e+00 4.333282796373729e+00 4.333370328955430e+00 3.622228089939039e+01
3.369999999999965e-02 4.333346829863294e+00 4.333282963597807e+00 4.333370206538909e+00 3.622228070523727e+01
3.370999999999965e-02 4.333346785204003e+00 4.333283130268550e+00 4.333370084527457e+00 3.622228051172655e+01
3.371999999999965e-02 4.333346740692487e+00 4.333283296387789e+00 4.333369962919735e+00 3.622228031885611e+01
3.372999999999966e-02 4.333346696328257e+00 4.333283461957348e+00 4.333369841714407e+00 3.622228012662382e+01
3.373999999999966e-02 4.333346652110826e+00 4.333283626979045e+00 4.333369720910139e+00 3.622227993502757e+01
3.374999999999966e-02 4.333346608039709e+00 4.333283791454695e+00 4.333369600505607e+00 3.622227974406526e+01
3.375999999999967e-02 4.333346564114420e+00 4.333283955386104e+00 4.333369480499488e+00 3.622227955373479e+01
3.376999999999967e-02 4.333346520334477e+00 4.333284118775073e+00 4.333369360890462e+00 3.622227936403407e+01
3.377999999999967e-02 4.333346476699401e+00 4.333284281623397e+00 4.333369241677215e+00 3.622227917496102e+01
3.378999999999967e-02 4.333346433208710e+00 4.333284443932864e+00 4.333369122858439e+00 3.622227898651357e+01
3.379999999999968e-02 4.333346389861928e+00 4.333284605705257e+00 4.333369004432828e+00 3.622227879868964e+01
3.380999999999968e-02 4.333346346658578e+00 4.333284766942355e+00 4.333368886399080e+00 3.622227861148717e+01
3.381999999999968e-02 4.333346303598185e+00 4.333284927645927e+00 4.333368768755901e+00 3.622227842490410e+01
3.382999999999969e-02 4.333346260680277e+00 4.333285087817740e+00 4.333368651501996e+00 3.622227823893839e+01
3.383999999999969e-02 4.333346217904381e+00 4.333285247459553e+00 4.333368534636077e+00 3.622227805358798e+01
3.384999999999969e-02 4.333346175270029e+00 4.333285406573120e+00 4.333368418156862e+00 3.622227786885085e+01
3.385999999999970e-02 4.333346132776752e+00 4.333285565160189e+00 4.333368302063071e+00 3.622227768472497e+01
3.386999999999970e-02 4.333346090424083e+00 4.333285723222501e+00 4.333368186353427e+00 3.622227750120832e+01
3.387999999999970e-02 4.333346048211557e+00 4.333285880761794e+00 4.333368071026660e+00 3.622227731829887e+01
3.388999999999971e-02 4.333346006138710e+00 4.333286037779799e+00 4.333367956081503e+00 3.622227713599462e+01
3.389999999999971e-02 4.333345964205079e+00 4.333286194278240e+00 4.333367841516693e+00 3.622227695429357e+01
3.390999999999971e-02 4.333345922410205e+00 4.333286350258835e+00 4.333367727330971e+00 3.622227677319372e+01
3.391999999999971e-02 4.333345880753627e+00 4.333286505723298e+00 4.333367613523085e+00 3.622227659269308e+01
3.392999999999972e-02 4.333345839234888e+00 4.333286660673338e+00 4.333367500091782e+00 3.622227641278968e+01
3.393999999999972e-02 4.333345797853533e+00 4.333286815110657e+00 4.333367387035818e+00 3.622227623348153e+01
3.394999999999972e-02 4.333345756609106e+00 4.333286969036951e+00 4.333367274353951e+00 3.622227605476666e+01
3.395999999999973e-02 4.333345715501157e+00 4.333287122453911e+00 4.333367162044941e+00 3.622227587664312e+01
3.396999999999973e-02 4.333345674529230e+00 4.333287275363223e+00 4.333367050107555e+00 3.622227569910894e+01
3.397999999999973e-02 4.333345633692877e+00 4.333287427766567e+00 4.333366938540565e+00 3.622227552216217e+01
3.398999999999974e-02 4.333345592991650e+00 4.333287579665615e+00 4.333366827342744e+00 3.622227534580087e+01
3.399999999999974e-02 4.333345552425101e+00 4.333287731062038e+00 4.333366716512871e+00 3.622227517002312e+01
3.400999999999974e-02 4.333345511992784e+00 4.333287881957498e+00 4.333366606049728e+00 3.622227499482696e+01
3.401999999999974e-02 4.333345471694256e+00 4.333288032353654e+00 4.333366495952101e+00 3.622227482021049e+01
3.402999999999975e-02 4.333345431529073e+00 4.333288182252156e+00 4.333366386218780e+00 3.622227464617178e+01
3.403999999999975e-02 4.333345391496795e+00 4.333288331654652e+00 4.333366276848562e+00 3.622227447270892e+01
3.404999999999975e-02 4.333345351596981e+00 4.333288480562783e+00 4.333366167840244e+00 3.622227429982000e+01
3.405999999999976e-02 4.333345311829194e+00 4.333288628978186e+00 4.333366059192628e+00 3.622227412750313e+01
3.406999999999976e-02 4.333345272192996e+00 4.333288776902490e+00 4.333365950904522e+00 3.622227395575641e+01
3.407999999999976e-02 4.333345232687952e+00 4.333288924337321e+00 4.333365842974735e+00 3.622227378457796e+01
3.408999999999977e-02 4.333345193313629e+00 4.333289071284297e+00 4.333365735402082e+00 3.622227361396590e+01
3.409999999999977e-02 4.333345154069593e+00 4.333289217745034e+00 4.333365628185381e+00 3.622227344391835e+01
3.410999999999977e-02 4.333345114955414e+00 4.333289363721141e+00 4.333365521323454e+00 3.622227327443343e+01
3.411999999999978e-02 4.333345075970660e+00 4.333289509214221e+00 4.333365414815128e+00 3.622227310550932e+01
3.412999999999978e-02 4.333345037114906e+00 4.333289654225871e+00 4.333365308659231e+00 3.622227293714413e+01
3.413999999999978e-02 4.333344998387723e+00 4.333289798757685e+00 4.333365202854599e+00 3.622227276933602e+01
3.414999999999978e-02 4.333344959788686e+00 4.333289942811253e+00 4.333365097400069e+00 3.622227260208314e+01
3.415999999999979e-02 4.333344921317372e+00 4.333290086388153e+00 4.333364992294483e+00 3.622227243538367e+01
3.416999999999979e-02 4.333344882973357e+00 4.333290229489966e+00 4.333364887536685e+00 3.622227226923577e+01
3.417999999999979e-02 4.333344844756220e+00 4.333290372118263e+00 4.333364783125525e+00 3.622227210363760e+01
3.418999999999980e-02 4.333344806665541e+00 4.333290514274610e+00 4.333364679059856e+00 3.622227193858735e+01
3.419999999999980e-02 4.333344768700902e+00 4.333290655960570e+00 4.333364575338535e+00 3.622227177408322e+01
3.420999999999980e-02 4.333344730861887e+00 4.333290797177699e+00 4.333364471960421e+00 3.622227161012339e+01
3.421999999999981e-02 4.333344693148079e+00 4.333290937927548e+00 4.333364368924381e+00 3.622227144670607e+01
3.422999999999981e-02 4.333344655559064e+00 4.333291078211663e+00 4.333364266229282e+00 3.622227128382945e+01
3.423999999999981e-02 4.333344618094428e+00 4.333291218031586e+00 4.333364163873995e+00 3.622227112149175e+01
3.424999999999982e-02 4.333344580753761e+00 4.333291357388852e+00 4.333364061857395e+00 3.622227095969119e+01
3.425999999999982e-02 4.333344543536652e+00 4.333291496284992e+00 4.333363960178364e+00 3.622227079842600e+01
3.426999999999982e-02 4.333344506442693e+00 4.333291634721532e+00 4.333363858835782e+00 3.622227063769439e+01
3.427999999999982e-02 4.333344469471475e+00 4.333291772699993e+00 4.333363757828538e+00 3.622227047749460e+01
3.428999999999983e-02 4.333344432622594e+00 4.333291910221891e+00 4.333363657155521e+00 3.622227031782489e+01
3.429999999999983e-02 4.333344395895644e+00 4.333292047288736e+00 4.333363556815627e+00 3.622227015868347e+01
3.430999999999983e-02 4.333344359290221e+00 4.333292183902034e+00 4.333363456807751e+00 3.622227000006862e+01
3.431999999999984e-02 4.333344322805924e+00 4.333292320063286e+00 4.333363357130796e+00 3.622226984197859e+01
3.432999999999984e-02 4.333344286442351e+00 4.333292455773988e+00 4.333363257783667e+00 3.622226968441164e+01
3.433999999999984e-02 4.333344250199103e+00 4.333292591035631e+00 4.333363158765272e+00 3.622226952736604e+01
3.434999999999985e-02 4.333344214075781e+00 4.333292725849700e+00 4.333363060074524e+00 3.622226937084007e+01
3.435999999999985e-02 4.333344178071990e+00 4.333292860217677e+00 4.333362961710339e+00 3.622226921483202e+01
3.436999999999985e-02 4.333344142187333e+00 4.333292994141037e+00 4.333362863671635e+00 3.622226905934015e+01
3.437999999999986e-02 4.333344106421418e+00 4.333293127621253e+00 4.333362765957335e+00 3.622226890436277e+01
3.438999999999986e-02 4.333344070773849e+00 4.333293260659789e+00 4.333362668566368e+00 3.622226874989817e+01
3.439999999999986e-02 4.333344035244237e+00 4.333293393258108e+00 4.333362571497661e+00 3.622226859594467e+01
3.440999999999986e-02 4.333343999832190e+00 4.333293525417666e+00 4.333362474750150e+00 3.622226844250056e+01
3.441999999999987e-02 4.333343964537320e+00 4.333293657139915e+00 4.333362378322770e+00 3.622226828956417e+01
3.442999999999987e-02 4.333343929359238e+00 4.333293788426302e+00 4.333362282214464e+00 3.622226813713380e+01
3.443999999999987e-02 4.333343894297558e+00 4.333293919278271e+00 4.333362186424174e+00 3.622226798520779e+01
3.444999999999988e-02 4.333343859351896e+00 4.333294049697257e+00 4.333362090950851e+00 3.622226783378447e+01
3.445999999999988e-02 4.333343824521867e+00 4.333294179684693e+00 4.333361995793442e+00 3.622226768286217e+01
3.446999999999988e-02 4.333343789807089e+00 4.333294309242008e+00 4.333361900950905e+00 3.622226753243925e+01
3.447999999999989e-02 4.333343755207181e+00 4.333294438370626e+00 4.333361806422197e+00 3.622226738251405e+01
3.448999999999989e-02 4.333343720721762e+00 4.333294567071963e+00 4.333361712206279e+00 3.622226723308490e+01
3.449999999999989e-02 4.333343686350452e+00 4.333294695347435e+00 4.333361618302116e+00 3.622226708415018e+01
3.450999999999989e-02 4.333343652092876e+00 4.333294823198450e+00 4.333361524708677e+00 3.622226693570826e+01
3.451999999999990e-02 4.333343617948656e+00 4.333294950626413e+00 4.333361431424935e+00 3.622226678775749e+01
3.452999999999990e-02 4.333343583917418e+00 4.333295077632724e+00 4.333361338449863e+00 3.622226664029626e+01
3.453999999999990e-02 4.333343549998787e+00 4.333295204218778e+00 4.333361245782441e+00 3.622226649332295e+01
3.454999999999991e-02 4.333343516192392e+00 4.333295330385965e+00 4.333361153421650e+00 3.622226634683594e+01
3.455999999999991e-02 4.333343482497860e+00 4.333295456135672e+00 4.333361061366475e+00 3.622226620083362e+01
3.456999999999991e-02 4.333343448914820e+00 4.333295581469280e+00 4.333360969615906e+00 3.622226605531441e+01
3.457999999999992e-02 4.333343415442906e+00 4.333295706388165e+00 4.333360878168935e+00 3.622226591027668e+01
3.458999999999992e-02 4.333343382081749e+00 4.333295830893700e+00 4.333360787024557e+00 3.622226576571884e+01
3.459999999999992e-02 4.333343348830981e+00 4.333295954987253e+00 4.333360696181771e+00 3.622226562163932e+01
3.460999999999993e-02 4.333343315690239e+00 4.333296078670188e+00 4.333360605639578e+00 3.622226547803652e+01
3.461999999999993e-02 4.333343282659158e+00 4.333296201943862e+00 4.333360515396986e+00 3.622226533490887e+01
3.462999999999993e-02 4.333343249737374e+00 4.333296324809631e+00 4.333360425453002e+00 3.622226519225480e+01
3.463999999999993e-02 4.333343216924527e+00 4.333296447268843e+00 4.333360335806637e+00 3.622226505007274e+01
3.464999999999994e-02 4.333343184220256e+00 4.333296569322844e+00 4.333360246456906e+00 3.622226490836114e+01
3.465999999999994e-02 4.333343151624202e+00 4.333296690972975e+00 4.333360157402829e+00 3.622226476711843e+01
3.466999999999994e-02 4.333343119136006e+00 4.333296812220572e+00 4.333360068643428e+00 3.622226462634306e+01
3.467999999999995e-02 4.333343086755312e+00 4.333296933066968e+00 4.333359980177726e+00 3.622226448603349e+01
3.468999999999995e-02 4.333343054481763e+00 4.333297053513490e+00 4.333359892004752e+00 3.622226434618817e+01
3.469999999999995e-02 4.333343022315006e+00 4.333297173561460e+00 4.333359804123538e+00 3.622226420680557e+01
3.470999999999996e-02 4.333342990254687e+00 4.333297293212198e+00 4.333359716533119e+00 3.622226406788415e+01
3.471999999999996e-02 4.333342958300455e+00 4.333297412467019e+00 4.333359629232532e+00 3.622226392942240e+01
3.472999999999996e-02 4.333342926451957e+00 4.333297531327231e+00 4.333359542220816e+00 3.622226379141880e+01
3.473999999999997e-02 4.333342894708844e+00 4.333297649794141e+00 4.333359455497019e+00 3.622226365387181e+01
3.474999999999997e-02 4.333342863070767e+00 4.333297767869051e+00 4.333359369060187e+00 3.622226351677994e+01
3.475999999999997e-02 4.333342831537379e+00 4.333297885553257e+00 4.333359282909369e+00 3.622226338014168e+01
3.476999999999997e-02 4.333342800108333e+00 4.333298002848053e+00 4.333359197043618e+00 3.622226324395552e+01
3.477999999999998e-02 4.333342768783284e+00 4.333298119754727e+00 4.333359111461994e+00 3.622226310821998e+01
3.478999999999998e-02 4.333342737561888e+00 4.333298236274563e+00 4.333359026163555e+00 3.622226297293355e+01
3.479999999999998e-02 4.333342706443801e+00 4.333298352408841e+00 4.333358941147363e+00 3.622226283809476e+01
3.480999999999999e-02 4.333342675428683e+00 4.333298468158836e+00 4.333358856412485e+00 3.622226270370212e+01
3.481999999999999e-02 4.333342644516192e+00 4.333298583525822e+00 4.333358771957990e+00 3.622226256975416e+01
3.482999999999999e-02 4.333342613705990e+00 4.333298698511063e+00 4.333358687782951e+00 3.622226243624942e+01
3.484000000000000e-02 4.333342582997736e+00 4.333298813115825e+00 4.333358603886443e+00 3.622226230318640e+01
3.485000000000000e-02 4.333342552391096e+00 4.333298927341366e+00 4.333358520267543e+00 3.622226217056367e+01
3.486000000000000e-02 4.333342521885729e+00 4.333299041188941e+00 4.333358436925334e+00 3.622226203837975e+01
3.487000000000001e-02 4.333342491481305e+00 4.333299154659801e+00 4.333358353858899e+00 3.622226190663321e+01
3.488000000000001e-02 4.333342461177486e+00 4.333299267755192e+00 4.333358271067327e+00 3.622226177532259e+01
3.489000000000001e-02 4.333342430973941e+00 4.333299380476355e+00 4.333358188549709e+00 3.622226164444645e+01
3.490000000000001e-02 4.333342400870338e+00 4.333299492824531e+00 4.333358106305136e+00 3.622226151400335e+01
3.491000000000002e-02 4.333342370866346e+00 4.333299604800952e+00 4.333358024332706e+00 3.622226138399186e+01
3.492000000000002e-02 4.333342340961635e+00 4.333299716406850e+00 4.333357942631519e+00 3.622226125441055e+01
3.493000000000002e-02 4.333342311155878e+00 4.333299827643450e+00 4.333357861200676e+00 3.622226112525800e+01
3.494000000000003e-02 4.333342281448746e+00 4.333299938511974e+00 4.333357780039284e+00 3.622226099653279e+01
3.495000000000003e-02 4.333342251839914e+00 4.333300049013640e+00 4.333357699146450e+00 3.622226086823350e+01
3.496000000000003e-02 4.333342222329057e+00 4.333300159149662e+00 4.333357618521287e+00 3.622226074035874e+01
3.497000000000004e-02 4.333342192915849e+00 4.333300268921250e+00 4.333357538162907e+00 3.622226061290709e+01
3.498000000000004e-02 4.333342163599967e+00 4.333300378329610e+00 4.333357458070430e+00 3.622226048587714e+01
3.499000000000004e-02 4.333342134381090e+00 4.333300487375943e+00 4.333357378242974e+00 3.622226035926752e+01
3.500000000000004e-02 4.333342105258897e+00 4.333300596061448e+00 4.333357298679663e+00 3.622226023307682e+01
3.501000000000005e-02 4.333342076233067e+00 4.333300704387318e+00 4.333357219379621e+00 3.622226010730368e+01
3.502000000000005e-02 4.333342047303282e+00 4.333300812354743e+00 4.333357140341980e+00 3.622225998194669e+01
3.503000000000005e-02 4.333342018469225e+00 4.333300919964910e+00 4.333357061565870e+00 3.622225985700447e+01
3.504000000000006e-02 4.333341989730578e+00 4.333301027219001e+00 4.333356983050426e+00 3.622225973247566e+01
3.505000000000006e-02 4.333341961087026e+00 4.333301134118194e+00 4.333356904794785e+00 3.622225960835890e+01
3.506000000000006e-02 4.333341932538254e+00 4.333301240663663e+00 4.333356826798088e+00 3.622225948465282e+01
3.507000000000007e-02 4.333341904083948e+00 4.333301346856579e+00 4.333356749059478e+00 3.622225936135605e+01
3.508000000000007e-02 4.333341875723796e+00 4.333301452698108e+00 4.333356671578101e+00 3.622225923846725e+01
3.509000000000007e-02 4.333341847457486e+00 4.333301558189413e+00 4.333356594353106e+00 3.622225911598506e+01
3.510000000000008e-02 4.333341819284708e+00 4.333301663331652e+00 4.333356517383644e+00 3.622225899390814e+01
3.511000000000008e-02 4.333341791205151e+00 4.333301768125983e+00 4.333356440668870e+00 3.622225887223515e+01
3.512000000000008e-02 4.333341763218509e+00 4.333301872573554e+00 4.333356364207940e+00 3.622225875096476e+01
3.513000000000008e-02 4.333341735324472e+00 4.333301976675515e+00 4.333356288000016e+00 3.622225863009562e+01
3.514000000000009e-02 4.333341707522735e+00 4.333302080433008e+00 4.333356212044260e+00 3.622225850962641e+01
3.515000000000009e-02 4.333341679812994e+00 4.333302183847172e+00 4.333356136339837e+00 3.622225838955583e+01
3.516000000000009e-02 4.333341652194942e+00 4.333302286919145e+00 4.333356060885915e+00 3.622225826988252e+01
3.517000000000010e-02 4.333341624668277e+00 4.333302389650058e+00 4.333355985681667e+00 3.622225815060520e+01
3.518000000000010e-02 4.333341597232696e+00 4.333302492041040e+00 4.333355910726266e+00 3.622225803172254e+01
3.519000000000010e-02 4.333341569887899e+00 4.333302594093215e+00 4.333355836018889e+00 3.622225791323324e+01
3.520000000000011e-02 4.333341542633583e+00 4.333302695807705e+00 4.333355761558714e+00 3.622225779513600e+01
3.521000000000011e-02 4.333341515469451e+00 4.333302797185628e+00 4.333355687344923e+00 3.622225767742952e+01
3.522000000000011e-02 4.333341488395203e+00 4.333302898228097e+00 4.333355613376702e+00 3.622225756011252e+01
3.523000000000012e-02 4.333341461410543e+00 4.333302998936222e+00 4.333355539653239e+00 3.622225744318369e+01
3.524000000000012e-02 4.333341434515173e+00 4.333303099311108e+00 4.333355466173722e+00 3.622225732664175e+01
3.525000000000012e-02 4.333341407708798e+00 4.333303199353860e+00 4.333355392937345e+00 3.622225721048543e+01
3.526000000000012e-02 4.333341380991125e+00 4.333303299065576e+00 4.333355319943303e+00 3.622225709471345e+01
3.527000000000013e-02 4.333341354361858e+00 4.333303398447351e+00 4.333355247190794e+00 3.622225697932453e+01
3.528000000000013e-02 4.333341327820706e+00 4.333303497500276e+00 4.333355174679020e+00 3.622225686431742e+01
3.529000000000013e-02 4.333341301367379e+00 4.333303596225441e+00 4.333355102407183e+00 3.622225674969085e+01
3.530000000000014e-02 4.333341275001583e+00 4.333303694623930e+00 4.333355030374490e+00 3.622225663544356e+01
3.531000000000014e-02 4.333341248723031e+00 4.333303792696823e+00 4.333354958580149e+00 3.622225652157429e+01
3.532000000000014e-02 4.333341222531431e+00 4.333303890445198e+00 4.333354887023372e+00 3.622225640808179e+01
3.533000000000015e-02 4.333341196426500e+00 4.333303987870130e+00 4.333354815703372e+00 3.622225629496482e+01
3.534000000000015e-02 4.333341170407948e+00 4.333304084972687e+00 4.333354744619366e+00 3.622225618222213e+01
3.535000000000015e-02 4.333341144475490e+00 4.333304181753937e+00 4.333354673770573e+00 3.622225606985248e+01
3.536000000000016e-02 4.333341118628842e+00 4.333304278214944e+00 4.333354603156216e+00 3.622225595785465e+01
3.537000000000016e-02 4.333341092867718e+00 4.333304374356767e+00 4.333354532775517e+00 3.622225584622740e+01
3.538000000000016e-02 4.333341067191837e+00 4.333304470180462e+00 4.333354462627705e+00 3.622225573496949e+01
3.539000000000016e-02 4.333341041600915e+00 4.333304565687080e+00 4.333354392712008e+00 3.622225562407973e+01
3.540000000000017e-02 4.333341016094673e+00 4.333304660877674e+00 4.333354323027658e+00 3.622225551355687e+01
3.541000000000017e-02 4.333340990672830e+00 4.333304755753285e+00 4.333354253573890e+00 3.622225540339972e+01
3.542000000000017e-02 4.333340965335106e+00 4.333304850314958e+00 4.333354184349940e+00 3.622225529360706e+01
3.543000000000018e-02 4.333340940081223e+00 4.333304944563732e+00 4.333354115355048e+00 3.622225518417769e+01
3.544000000000018e-02 4.333340914910904e+00 4.333305038500642e+00 4.333354046588457e+00 3.622225507511040e+01
3.545000000000018e-02 4.333340889823872e+00 4.333305132126720e+00 4.333353978049411e+00 3.622225496640399e+01
3.546000000000019e-02 4.333340864819851e+00 4.333305225442993e+00 4.333353909737157e+00 3.622225485805728e+01
3.547000000000019e-02 4.333340839898568e+00 4.333305318450489e+00 4.333353841650945e+00 3.622225475006906e+01
3.548000000000019e-02 4.333340815059748e+00 4.333305411150229e+00 4.333353773790027e+00 3.622225464243814e+01
3.549000000000020e-02 4.333340790303118e+00 4.333305503543229e+00 4.333353706153655e+00 3.622225453516338e+01
3.550000000000020e-02 4.333340765628406e+00 4.333305595630506e+00 4.333353638741090e+00 3.622225442824355e+01
3.551000000000020e-02 4.333340741035341e+00 4.333305687413071e+00 4.333353571551589e+00 3.622225432167751e+01
3.552000000000020e-02 4.333340716523654e+00 4.333305778891932e+00 4.333353504584414e+00 3.622225421546408e+01
3.553000000000021e-02 4.333340692093076e+00 4.333305870068095e+00 4.333353437838830e+00 3.622225410960208e+01
3.554000000000021e-02 4.333340667743336e+00 4.333305960942561e+00 4.333353371314104e+00 3.622225400409037e+01
3.555000000000021e-02 4.333340643474168e+00 4.333306051516329e+00 4.333353305009505e+00 3.622225389892778e+01
3.556000000000022e-02 4.333340619285305e+00 4.333306141790393e+00 4.333353238924304e+00 3.622225379411314e+01
3.557000000000022e-02 4.333340595176482e+00 4.333306231765745e+00 4.333353173057775e+00 3.622225368964533e+01
3.558000000000022e-02 4.333340571147434e+00 4.333306321443373e+00 4.333353107409195e+00 3.622225358552318e+01
3.559000000000023e-02 4.333340547197897e+00 4.333306410824263e+00 4.333353041977843e+00 3.622225348174555e+01
3.560000000000023e-02 4.333340523327608e+00 4.333306499909396e+00 4.333352976762999e+00 3.622225337831130e+01
3.561000000000023e-02 4.333340499536304e+00 4.333306588699751e+00 4.333352911763948e+00 3.622225327521930e+01
3.562000000000023e-02 4.333340475823723e+00 4.333306677196305e+00 4.333352846979975e+00 3.622225317246841e+01
3.563000000000024e-02 4.333340452189607e+00 4.333306765400026e+00 4.333352782410369e+00 3.622225307005752e+01
3.564000000000024e-02 4.333340428633695e+00 4.333306853311887e+00 4.333352718054420e+00 3.622225296798548e+01
3.565000000000024e-02 4.333340405155727e+00 4.333306940932852e+00 4.333352653911422e+00 3.622225286625118e+01
3.566000000000025e-02 4.333340381755447e+00 4.333307028263884e+00 4.333352589980669e+00 3.622225276485351e+01
3.567000000000025e-02 4.333340358432598e+00 4.333307115305943e+00 4.333352526261460e+00 3.622225266379134e+01
3.568000000000025e-02 4.333340335186923e+00 4.333307202059984e+00 4.333352462753094e+00 3.622225256306356e+01
3.569000000000026e-02 4.333340312018167e+00 4.333307288526961e+00 4.333352399454874e+00 3.622225246266908e+01
3.570000000000026e-02 4.333340288926074e+00 4.333307374707823e+00 4.333352336366104e+00 3.622225236260679e+01
3.571000000000026e-02 4.333340265910392e+00 4.333307460603518e+00 4.333352273486092e+00 3.622225226287559e+01
3.572000000000027e-02 4.333340242970867e+00 4.333307546214987e+00 4.333352210814146e+00 3.622225216347438e+01
3.573000000000027e-02 4.333340220107249e+00 4.333307631543174e+00 4.333352148349578e+00 3.622225206440208e+01
3.574000000000027e-02 4.333340197319284e+00 4.333307716589013e+00 4.333352086091703e+00 3.622225196565758e+01
3.575000000000027e-02 4.333340174606724e+00 4.333307801353441e+00 4.333352024039836e+00 3.622225186723982e+01
3.576000000000028e-02 4.333340151969319e+00 4.333307885837388e+00 4.333351962193294e+00 3.622225176914770e+01
3.577000000000028e-02 4.333340129406819e+00 4.333307970041782e+00 4.333351900551400e+00 3.622225167138016e+01
3.578000000000028e-02 4.333340106918978e+00 4.333308053967548e+00 4.333351839113475e+00 3.622225157393611e+01
3.579000000000029e-02 4.333340084505548e+00 4.333308137615608e+00 4.333351777878845e+00 3.622225147681448e+01
3.580000000000029e-02 4.333340062166283e+00 4.333308220986882e+00 4.333351716846837e+00 3.622225138001422e+01
3.581000000000029e-02 4.333340039900937e+00 4.333308304082284e+00 4.333351656016782e+00 3.622225128353425e+01
3.582000000000030e-02 4.333340017709266e+00 4.333308386902728e+00 4.333351595388009e+00 3.622225118737352e+01
3.583000000000030e-02 4.333339995591025e+00 4.333308469449125e+00 4.333351534959853e+00 3.622225109153096e+01
3.584000000000030e-02 4.333339973545973e+00 4.333308551722379e+00 4.333351474731651e+00 3.622225099600554e+01
3.585000000000031e-02 4.333339951573867e+00 4.333308633723395e+00 4.333351414702740e+00 3.622225090079620e+01
3.586000000000031e-02 4.333339929674466e+00 4.333308715453074e+00 4.333351354872462e+00 3.622225080590189e+01
3.587000000000031e-02 4.333339907847528e+00 4.333308796912315e+00 4.333351295240160e+00 3.622225071132156e+01
3.588000000000031e-02 4.333339886092815e+00 4.333308878102010e+00 4.333351235805178e+00 3.622225061705419e+01
3.589000000000032e-02 4.333339864410086e+00 4.333308959023054e+00 4.333351176566863e+00 3.622225052309874e+01
3.590000000000032e-02 4.333339842799105e+00 4.333309039676334e+00 4.333351117524564e+00 3.622225042945416e+01
3.591000000000032e-02 4.333339821259633e+00 4.333309120062736e+00 4.333351058677633e+00 3.622225033611944e+01
3.592000000000033e-02 4.333339799791434e+00 4.333309200183145e+00 4.333351000025423e+00 3.622225024309355e+01
3.593000000000033e-02 4.333339778394273e+00 4.333309280038440e+00 4.333350941567289e+00 3.622225015037547e+01
3.594000000000033e-02 4.333339757067914e+00 4.333309359629498e+00 4.333350883302590e+00 3.622225005796419e+01
3.595000000000034e-02 4.333339735812122e+00 4.333309438957194e+00 4.333350825230687e+00 3.622224996585867e+01
3.596000000000034e-02 4.333339714626664e+00 4.333309518022398e+00 4.333350767350940e+00 3.622224987405792e+01
3.597000000000034e-02 4.333339693511308e+00 4.333309596825980e+00 4.333350709662716e+00 3.622224978256092e+01
3.598000000000035e-02 4.333339672465821e+00 4.333309675368804e+00 4.333350652165378e+00 3.622224969136667e+01
3.599000000000035e-02 4.333339651489974e+00 4.333309753651735e+00 4.333350594858295e+00 3.622224960047417e+01
3.600000000000035e-02 4.333339630583533e+00 4.333309831675631e+00 4.333350537740839e+00 3.622224950988242e+01
3.601000000000035e-02 4.333339609746272e+00 4.333309909441351e+00 4.333350480812380e+00 3.622224941959042e+01
3.602000000000036e-02 4.333339588977959e+00 4.333309986949748e+00 4.333350424072296e+00 3.622224932959718e+01
3.603000000000036e-02 4.333339568278368e+00 4.333310064201675e+00 4.333350367519960e+00 3.622224923990171e+01
3.604000000000036e-02 4.333339547647270e+00 4.333310141197980e+00 4.333350311154754e+00 3.622224915050304e+01
3.605000000000037e-02 4.333339527084441e+00 4.333310217939506e+00 4.333350254976057e+00 3.622224906140017e+01
3.606000000000037e-02 4.333339506589652e+00 4.333310294427100e+00 4.333350198983253e+00 3.622224897259213e+01
3.607000000000037e-02 4.333339486162679e+00 4.333310370661600e+00 4.333350143175726e+00 3.622224888407794e+01
3.608000000000038e-02 4.333339465803297e+00 4.333310446643845e+00 4.333350087552863e+00 3.622224879585663e+01
3.609000000000038e-02 4.333339445511284e+00 4.333310522374668e+00 4.333350032114053e+00 3.622224870792723e+01
3.610000000000038e-02 4.333339425286416e+00 4.333310597854902e+00 4.333349976858687e+00 3.622224862028878e+01
3.611000000000038e-02 4.333339405128472e+00 4.333310673085375e+00 4.333349921786158e+00 3.622224853294031e+01
3.612000000000039e-02 4.333339385037228e+00 4.333310748066915e+00 4.333349866895860e+00 3.622224844588087e+01
3.613000000000039e-02 4.333339365012466e+00 4.333310822800346e+00 4.333349812187191e+00 3.622224835910948e+01
3.614000000000039e-02 4.333339345053965e+00 4.333310897286488e+00 4.333349757659551e+00 3.622224827262521e+01
3.615000000000040e-02 4.333339325161505e+00 4.333310971526159e+00 4.333349703312340e+00 3.622224818642710e+01
3.616000000000040e-02 4.333339305334868e+00 4.333311045520174e+00 4.333349649144961e+00 3.622224810051421e+01
3.617000000000040e-02 4.333339285573836e+00 4.333311119269347e+00 4.333349595156818e+00 3.622224801488560e+01
3.618000000000041e-02 4.333339265878193e+00 4.333311192774489e+00 4.333349541347320e+00 3.622224792954032e+01
3.619000000000041e-02 4.333339246247721e+00 4.333311266036406e+00 4.333349487715874e+00 3.622224784447743e+01
3.620000000000041e-02 4.333339226682206e+00 4.333311339055904e+00 4.333349434261892e+00 3.622224775969600e+01
3.621000000000042e-02 4.333339207181433e+00 4.333311411833784e+00 4.333349380984787e+00 3.622224767519509e+01
3.622000000000042e-02 4.333339187745185e+00 4.333311484370846e+00 4.333349327883973e+00 3.622224759097379e+01
3.623000000000042e-02 4.333339168373252e+00 4.333311556667887e+00 4.333349274958866e+00 3.622224750703116e+01
3.624000000000042e-02 4.333339149065419e+00 4.333311628725700e+00 4.333349222208885e+00 3.622224742336629e+01
3.625000000000043e-02 4.333339129821475e+00 4.333311700545078e+00 4.333349169633451e+00 3.622224733997826e+01
3.626000000000043e-02 4.333339110641208e+00 4.333311772126810e+00 4.333349117231987e+00 3.622224725686614e+01
3.627000000000043e-02 4.333339091524407e+00 4.333311843471681e+00 4.333349065003916e+00 3.622224717402903e+01
3.628000000000044e-02 4.333339072470863e+00 4.333311914580476e+00 4.333349012948665e+00 3.622224709146601e+01
3.629000000000044e-02 4.333339053480366e+00 4.333311985453975e+00 4.333348961065663e+00 3.622224700917619e+01
3.630000000000044e-02 4.333339034552707e+00 4.333312056092959e+00 4.333348909354338e+00 3.622224692715864e+01
3.631000000000045e-02 4.333339015687679e+00 4.333312126498202e+00 4.333348857814124e+00 3.622224684541248e+01
3.632000000000045e-02 4.333338996885074e+00 4.333312196670478e+00 4.333348806444453e+00 3.622224676393681e+01
3.633000000000045e-02 4.333338978144686e+00 4.333312266610557e+00 4.333348755244761e+00 3.622224668273073e+01
3.634000000000046e-02 4.333338959466309e+00 4.333312336319208e+00 4.333348704214486e+00 3.622224660179335e+01
3.635000000000046e-02 4.333338940849738e+00 4.333312405797198e+00 4.333348653353068e+00 3.622224652112378e+01
3.636000000000046e-02 4.333338922294768e+00 4.333312475045288e+00 4.333348602659948e+00 3.622224644072114e+01
3.637000000000046e-02 4.333338903801196e+00 4.333312544064240e+00 4.333348552134568e+00 3.622224636058453e+01
3.638000000000047e-02 4.333338885368819e+00 4.333312612854813e+00 4.333348501776374e+00 3.622224628071308e+01
3.639000000000047e-02 4.333338866997432e+00 4.333312681417760e+00 4.333348451584812e+00 3.622224620110592e+01
3.640000000000047e-02 4.333338848686835e+00 4.333312749753837e+00 4.333348401559332e+00 3.622224612176217e+01
3.641000000000048e-02 4.333338830436827e+00 4.333312817863794e+00 4.333348351699382e+00 3.622224604268095e+01
3.642000000000048e-02 4.333338812247208e+00 4.333312885748378e+00 4.333348302004418e+00 3.622224596386140e+01
3.643000000000048e-02 4.333338794117776e+00 4.333312953408336e+00 4.333348252473892e+00 3.622224588530266e+01
3.644000000000049e-02 4.333338776048334e+00 4.333313020844410e+00 4.333348203107259e+00 3.622224580700384e+01
3.645000000000049e-02 4.333338758038684e+00 4.333313088057342e+00 4.333348153903978e+00 3.622224572896412e+01
3.646000000000049e-02 4.333338740088626e+00 4.333313155047870e+00 4.333348104863507e+00 3.622224565118261e+01
3.647000000000050e-02 4.333338722197964e+00 4.333313221816730e+00 4.333348055985310e+00 3.622224557365848e+01
3.648000000000050e-02 4.333338704366501e+00 4.333313288364655e+00 4.333348007268847e+00 3.622224549639085e+01
3.649000000000050e-02 4.333338686594042e+00 4.333313354692377e+00 4.333347958713585e+00 3.622224541937890e+01
3.650000000000050e-02 4.333338668880391e+00 4.333313420800625e+00 4.333347910318989e+00 3.622224534262177e+01
3.651000000000051e-02 4.333338651225354e+00 4.333313486690123e+00 4.333347862084528e+00 3.622224526611862e+01
3.652000000000051e-02 4.333338633628736e+00 4.333313552361598e+00 4.333347814009673e+00 3.622224518986860e+01
3.653000000000051e-02 4.333338616090344e+00 4.333313617815768e+00 4.333347766093895e+00 3.622224511387088e+01
3.654000000000052e-02 4.333338598609985e+00 4.333313683053354e+00 4.333347718336667e+00 3.622224503812463e+01
3.655000000000052e-02 4.333338581187468e+00 4.333313748075073e+00 4.333347670737465e+00 3.622224496262902e+01
3.656000000000052e-02 4.333338563822601e+00 4.333313812881638e+00 4.333347623295767e+00 3.622224488738321e+01
3.657000000000053e-02 4.333338546515194e+00 4.333313877473762e+00 4.333347576011051e+00 3.622224481238638e+01
3.658000000000053e-02 4.333338529265056e+00 4.333313941852153e+00 4.333347528882797e+00 3.622224473763770e+01
3.659000000000053e-02 4.333338512071998e+00 4.333314006017520e+00 4.333347481910488e+00 3.622224466313636e+01
3.660000000000053e-02 4.333338494935831e+00 4.333314069970568e+00 4.333347435093608e+00 3.622224458888153e+01
3.661000000000054e-02 4.333338477856366e+00 4.333314133711998e+00 4.333347388431643e+00 3.622224451487240e+01
3.662000000000054e-02 4.333338460833417e+00 4.333314197242511e+00 4.333347341924079e+00 3.622224444110816e+01
3.663000000000054e-02 4.333338443866795e+00 4.333314260562805e+00 4.333347295570407e+00 3.622224436758798e+01
3.664000000000055e-02 4.333338426956315e+00 4.333314323673575e+00 4.333347249370116e+00 3.622224429431108e+01
3.665000000000055e-02 4.333338410101790e+00 4.333314386575515e+00 4.333347203322701e+00 3.622224422127664e+01
3.666000000000055e-02 4.333338393303038e+00 4.333314449269317e+00 4.333347157427652e+00 3.622224414848387e+01
3.667000000000056e-02 4.333338376559871e+00 4.333314511755668e+00 4.333347111684468e+00 3.622224407593195e+01
3.668000000000056e-02 4.333338359872106e+00 4.333314574035255e+00 4.333347066092646e+00 3.622224400362010e+01
3.669000000000056e-02 4.333338343239559e+00 4.333314636108762e+00 4.333347020651685e+00 3.622224393154752e+01
3.670000000000057e-02 4.333338326662049e+00 4.333314697976872e+00 4.333346975361086e+00 3.622224385971342e+01
3.671000000000057e-02 4.333338310139393e+00 4.333314759640262e+00 4.333346930220351e+00 3.622224378811701e+01
3.672000000000057e-02 4.333338293671409e+00 4.333314821099613e+00 4.333346885228984e+00 3.622224371675749e+01
3.673000000000057e-02 4.333338277257917e+00 4.333314882355597e+00 4.333346840386491e+00 3.622224364563410e+01
3.674000000000058e-02 4.333338260898737e+00 4.333314943408889e+00 4.333346795692379e+00 3.622224357474605e+01
3.675000000000058e-02 4.333338244593688e+00 4.333315004260159e+00 4.333346751146158e+00 3.622224350409255e+01
3.676000000000058e-02 4.333338228342592e+00 4.333315064910075e+00 4.333346706747339e+00 3.622224343367284e+01
3.677000000000059e-02 4.333338212145271e+00 4.333315125359304e+00 4.333346662495432e+00 3.622224336348614e+01
3.678000000000059e-02 4.333338196001545e+00 4.333315185608510e+00 4.333346618389952e+00 3.622224329353167e+01
3.679000000000059e-02 4.333338179911238e+00 4.333315245658354e+00 4.333346574430415e+00 3.622224322380868e+01
3.680000000000060e-02 4.333338163874173e+00 4.333315305509496e+00 4.333346530616337e+00 3.622224315431639e+01
3.681000000000060e-02 4.333338147890173e+00 4.333315365162594e+00 4.333346486947239e+00 3.622224308505404e+01
3.682000000000060e-02 4.333338131959064e+00 4.333315424618304e+00 4.333346443422639e+00 3.622224301602087e+01
3.683000000000061e-02 4.333338116080669e+00 4.333315483877278e+00 4.333346400042059e+00 3.622224294721612e+01
3.684000000000061e-02 4.333338100254815e+00 4.333315542940166e+00 4.333346356805023e+00 3.622224287863905e+01
3.685000000000061e-02 4.333338084481329e+00 4.333315601807620e+00 4.333346313711056e+00 3.622224281028888e+01
3.686000000000061e-02 4.333338068760035e+00 4.333315660480284e+00 4.333346270759685e+00 3.622224274216487e+01
3.687000000000062e-02 4.333338053090763e+00 4.333315718958803e+00 4.333346227950437e+00 3.622224267426628e+01
3.688000000000062e-02 4.333338037473339e+00 4.333315777243819e+00 4.333346185282843e+00 3.622224260659235e+01
3.689000000000062e-02 4.333338021907593e+00 4.333315835335974e+00 4.333346142756434e+00 3.622224253914235e+01
3.690000000000063e-02 4.333338006393354e+00 4.333315893235905e+00 4.333346100370743e+00 3.622224247191553e+01
3.691000000000063e-02 4.333337990930450e+00 4.333315950944248e+00 4.333346058125303e+00 3.622224240491116e+01
3.692000000000063e-02 4.333337975518712e+00 4.333316008461638e+00 4.333346016019652e+00 3.622224233812849e+01
3.693000000000064e-02 4.333337960157971e+00 4.333316065788706e+00 4.333345974053326e+00 3.622224227156680e+01
3.694000000000064e-02 4.333337944848057e+00 4.333316122926081e+00 4.333345932225863e+00 3.622224220522536e+01
3.695000000000064e-02 4.333337929588803e+00 4.333316179874392e+00 4.333345890536807e+00 3.622224213910343e+01
3.696000000000065e-02 4.333337914380042e+00 4.333316236634264e+00 4.333345848985696e+00 3.622224207320028e+01
3.697000000000065e-02 4.333337899221606e+00 4.333316293206321e+00 4.333345807572077e+00 3.622224200751520e+01
3.698000000000065e-02 4.333337884113328e+00 4.333316349591184e+00 4.333345766295493e+00 3.622224194204747e+01
3.699000000000065e-02 4.333337869055041e+00 4.333316405789471e+00 4.333345725155491e+00 3.622224187679636e+01
3.700000000000066e-02 4.333337854046583e+00 4.333316461801802e+00 4.333345684151618e+00 3.622224181176117e+01
3.701000000000066e-02 4.333337839087786e+00 4.333316517628791e+00 4.333345643283425e+00 3.622224174694116e+01
3.702000000000066e-02 4.333337824178487e+00 4.333316573271052e+00 4.333345602550462e+00 3.622224168233564e+01
3.703000000000067e-02 4.333337809318523e+00 4.333316628729196e+00 4.333345561952283e+00 3.622224161794388e+01
3.704000000000067e-02 4.333337794507729e+00 4.333316684003831e+00 4.333345521488441e+00 3.622224155376519e+01
3.705000000000067e-02 4.333337779745943e+00 4.333316739095566e+00 4.333345481158493e+00 3.622224148979885e+01
3.706000000000068e-02 4.333337765033002e+00 4.333316794005006e+00 4.333345440961994e+00 3.622224142604418e+01
3.707000000000068e-02 4.333337750368747e+00 4.333316848732752e+00 4.333345400898502e+00 3.622224136250045e+01
3.708000000000068e-02 4.333337735753014e+00 4.333316903279408e+00 4.333345360967579e+00 3.622224129916700e+01
3.709000000000068e-02 4.333337721185645e+00 4.333316957645571e+00 4.333345321168784e+00 3.622224123604310e+01
3.710000000000069e-02 4.333337706666478e+00 4.333317011831840e+00 4.333345281501682e+00 3.622224117312808e+01
3.711000000000069e-02 4.333337692195354e+00 4.333317065838810e+00 4.333345241965836e+00 3.622224111042122e+01
3.712000000000069e-02 4.333337677772114e+00 4.333317119667073e+00 4.333345202560813e+00 3.622224104792186e+01
3.713000000000070e-02 4.333337663396600e+00 4.333317173317222e+00 4.333345163286178e+00 3.622224098562930e+01
3.714000000000070e-02 4.333337649068654e+00 4.333317226789846e+00 4.333345124141501e+00 3.622224092354286e+01
3.715000000000070e-02 4.333337634788118e+00 4.333317280085531e+00 4.333345085126352e+00 3.622224086166185e+01
3.716000000000071e-02 4.333337620554836e+00 4.333317333204864e+00 4.333345046240302e+00 3.622224079998560e+01
3.717000000000071e-02 4.333337606368651e+00 4.333317386148427e+00 4.333345007482924e+00 3.622224073851343e+01
3.718000000000071e-02 4.333337592229407e+00 4.333317438916803e+00 4.333344968853792e+00 3.622224067724466e+01
3.719000000000072e-02 4.333337578136949e+00 4.333317491510572e+00 4.333344930352481e+00 3.622224061617862e+01
3.720000000000072e-02 4.333337564091122e+00 4.333317543930310e+00 4.333344891978569e+00 3.622224055531466e+01
3.721000000000072e-02 4.333337550091773e+00 4.333317596176594e+00 4.333344853731634e+00 3.622224049465207e+01
3.722000000000072e-02 4.333337536138747e+00 4.333317648249998e+00 4.333344815611256e+00 3.622224043419021e+01
3.723000000000073e-02 4.333337522231891e+00 4.333317700151095e+00 4.333344777617017e+00 3.622224037392841e+01
3.724000000000073e-02 4.333337508371050e+00 4.333317751880453e+00 4.333344739748499e+00 3.622224031386600e+01
3.725000000000073e-02 4.333337494556075e+00 4.333317803438642e+00 4.333344702005286e+00 3.622224025400234e+01
3.726000000000074e-02 4.333337480786813e+00 4.333317854826227e+00 4.333344664386963e+00 3.622224019433676e+01
3.727000000000074e-02 4.333337467063113e+00 4.333317906043773e+00 4.333344626893116e+00 3.622224013486861e+01
3.728000000000074e-02 4.333337453384823e+00 4.333317957091844e+00 4.333344589523335e+00 3.622224007559722e+01
3.729000000000075e-02 4.333337439751795e+00 4.333318007970999e+00 4.333344552277209e+00 3.622224001652197e+01
3.730000000000075e-02 4.333337426163878e+00 4.333318058681798e+00 4.333344515154328e+00 3.622223995764218e+01
3.731000000000075e-02 4.333337412620922e+00 4.333318109224798e+00 4.333344478154284e+00 3.622223989895722e+01
3.732000000000076e-02 4.333337399122779e+00 4.333318159600554e+00 4.333344441276672e+00 3.622223984046644e+01
3.733000000000076e-02 4.333337385669300e+00 4.333318209809619e+00 4.333344404521085e+00 3.622223978216920e+01
3.734000000000076e-02 4.333337372260339e+00 4.333318259852544e+00 4.333344367887121e+00 3.622223972406487e+01
3.735000000000076e-02 4.333337358895747e+00 4.333318309729880e+00 4.333344331374376e+00 3.622223966615280e+01
3.736000000000077e-02 4.333337345575377e+00 4.333318359442175e+00 4.333344294982451e+00 3.622223960843233e+01
3.737000000000077e-02 4.333337332299084e+00 4.333318408989975e+00 4.333344258710945e+00 3.622223955090286e+01
3.738000000000077e-02 4.333337319066723e+00 4.333318458373823e+00 4.333344222559458e+00 3.622223949356376e+01
3.739000000000078e-02 4.333337305878145e+00 4.333318507594263e+00 4.333344186527595e+00 3.622223943641438e+01
3.740000000000078e-02 4.333337292733209e+00 4.333318556651835e+00 4.333344150614961e+00 3.622223937945410e+01
3.741000000000078e-02 4.333337279631768e+00 4.333318605547078e+00 4.333344114821158e+00 3.622223932268230e+01
3.742000000000079e-02 4.333337266573679e+00 4.333318654280530e+00 4.333344079145796e+00 3.622223926609834e+01
3.743000000000079e-02 4.333337253558799e+00 4.333318702852726e+00 4.333344043588482e+00 3.622223920970161e+01
3.744000000000079e-02 4.333337240586983e+00 4.333318751264198e+00 4.333344008148824e+00 3.622223915349150e+01
3.745000000000080e-02 4.333337227658092e+00 4.333318799515479e+00 4.333343972826435e+00 3.622223909746738e+01
3.746000000000080e-02 4.333337214771981e+00 4.333318847607100e+00 4.333343937620925e+00 3.622223904162863e+01
3.747000000000080e-02 4.333337201928509e+00 4.333318895539588e+00 4.333343902531908e+00 3.622223898597466e+01
3.748000000000080e-02 4.333337189127536e+00 4.333318943313471e+00 4.333343867558999e+00 3.622223893050482e+01
3.749000000000081e-02 4.333337176368921e+00 4.333318990929272e+00 4.333343832701813e+00 3.622223887521854e+01
3.750000000000081e-02 4.333337163652524e+00 4.333319038387515e+00 4.333343797959968e+00 3.622223882011519e+01
3.751000000000081e-02 4.333337150978203e+00 4.333319085688720e+00 4.333343763333082e+00 3.622223876519418e+01
3.752000000000082e-02 4.333337138345822e+00 4.333319132833410e+00 4.333343728820775e+00 3.622223871045489e+01
3.753000000000082e-02 4.333337125755241e+00 4.333319179822099e+00 4.333343694422666e+00 3.622223865589673e+01
3.754000000000082e-02 4.333337113206322e+00 4.333319226655306e+00 4.333343660138380e+00 3.622223860151909e+01
3.755000000000083e-02 4.333337100698926e+00 4.333319273333544e+00 4.333343625967538e+00 3.622223854732138e+01
3.756000000000083e-02 4.333337088232915e+00 4.333319319857326e+00 4.333343591909766e+00 3.622223849330301e+01
3.757000000000083e-02 4.333337075808155e+00 4.333319366227164e+00 4.333343557964689e+00 3.622223843946337e+01
3.758000000000083e-02 4.333337063424508e+00 4.333319412443566e+00 4.333343524131934e+00 3.622223838580189e+01
3.759000000000084e-02 4.333337051081837e+00 4.333319458507041e+00 4.333343490411131e+00 3.622223833231797e+01
3.760000000000084e-02 4.333337038780007e+00 4.333319504418093e+00 4.333343456801908e+00 3.622223827901102e+01
3.761000000000084e-02 4.333337026518883e+00 4.333319550177229e+00 4.333343423303895e+00 3.622223822588045e+01
3.762000000000085e-02 4.333337014298331e+00 4.333319595784950e+00 4.333343389916727e+00 3.622223817292569e+01
3.763000000000085e-02 4.333337002118215e+00 4.333319641241758e+00 4.333343356640034e+00 3.622223812014614e+01
3.764000000000085e-02 4.333336989978403e+00 4.333319686548151e+00 4.333343323473452e+00 3.622223806754124e+01
3.765000000000086e-02 4.333336977878761e+00 4.333319731704629e+00 4.333343290416616e+00 3.622223801511041e+01
3.766000000000086e-02 4.333336965819157e+00 4.333319776711686e+00 4.333343257469163e+00 3.622223796285306e+01
3.767000000000086e-02 4.333336953799457e+00 4.333319821569817e+00 4.333343224630733e+00 3.622223791076863e+01
3.768000000000087e-02 4.333336941819530e+00 4.333319866279515e+00 4.333343191900962e+00 3.622223785885653e+01
3.769000000000087e-02 4.333336929879244e+00 4.333319910841271e+00 4.333343159279493e+00 3.622223780711620e+01
3.770000000000087e-02 4.333336917978468e+00 4.333319955255575e+00 4.333343126765966e+00 3.622223775554708e+01
3.771000000000087e-02 4.333336906117070e+00 4.333319999522914e+00 4.333343094360025e+00 3.622223770414860e+01
3.772000000000088e-02 4.333336894294921e+00 4.333320043643774e+00 4.333343062061314e+00 3.622223765292019e+01
3.773000000000088e-02 4.333336882511890e+00 4.333320087618642e+00 4.333343029869476e+00 3.622223760186128e+01
3.774000000000088e-02 4.333336870767850e+00 4.333320131447998e+00 4.333342997784160e+00 3.622223755097133e+01
3.775000000000089e-02 4.333336859062669e+00 4.333320175132325e+00 4.333342965805013e+00 3.622223750024976e+01
3.776000000000089e-02 4.333336847396220e+00 4.333320218672104e+00 4.333342933931682e+00 3.622223744969603e+01
3.777000000000089e-02 4.333336835768375e+00 4.333320262067812e+00 4.333342902163819e+00 3.622223739930958e+01
3.778000000000090e-02 4.333336824179005e+00 4.333320305319925e+00 4.333342870501075e+00 3.622223734908984e+01
3.779000000000090e-02 4.333336812627985e+00 4.333320348428920e+00 4.333342838943100e+00 3.622223729903629e+01
3.780000000000090e-02 4.333336801115186e+00 4.333320391395270e+00 4.333342807489549e+00 3.622223724914834e+01
3.781000000000091e-02 4.333336789640483e+00 4.333320434219446e+00 4.333342776140076e+00 3.622223719942548e+01
3.782000000000091e-02 4.333336778203749e+00 4.333320476901918e+00 4.333342744894337e+00 3.622223714986714e+01
3.783000000000091e-02 4.333336766804858e+00 4.333320519443158e+00 4.333342713751988e+00 3.622223710047278e+01
3.784000000000091e-02 4.333336755443685e+00 4.333320561843631e+00 4.333342682712688e+00 3.622223705124187e+01
3.785000000000092e-02 4.333336744120107e+00 4.333320604103803e+00 4.333342651776095e+00 3.622223700217386e+01
3.786000000000092e-02 4.333336732833997e+00 4.333320646224138e+00 4.333342620941870e+00 3.622223695326820e+01
3.787000000000092e-02 4.333336721585233e+00 4.333320688205100e+00 4.333342590209673e+00 3.622223690452437e+01
3.788000000000093e-02 4.333336710373690e+00 4.333320730047148e+00 4.333342559579167e+00 3.622223685594184e+01
3.789000000000093e-02 4.333336699199244e+00 4.333320771750743e+00 4.333342529050016e+00 3.622223680752005e+01
3.790000000000093e-02 4.333336688061776e+00 4.333320813316344e+00 4.333342498621885e+00 3.622223675925849e+01
3.791000000000094e-02 4.333336676961160e+00 4.333320854744406e+00 4.333342468294439e+00 3.622223671115661e+01
3.792000000000094e-02 4.333336665897276e+00 4.333320896035384e+00 4.333342438067344e+00 3.622223666321390e+01
3.793000000000094e-02 4.333336654870001e+00 4.333320937189733e+00 4.333342407940270e+00 3.622223661542982e+01
3.794000000000095e-02 4.333336643879215e+00 4.333320978207905e+00 4.333342377912884e+00 3.622223656780386e+01
3.795000000000095e-02 4.333336632924797e+00 4.333321019090350e+00 4.333342347984857e+00 3.622223652033549e+01
3.796000000000095e-02 4.333336622006626e+00 4.333321059837517e+00 4.333342318155861e+00 3.622223647302418e+01
3.797000000000095e-02 4.333336611124583e+00 4.333321100449854e+00 4.333342288425567e+00 3.622223642586943e+01
3.798000000000096e-02 4.333336600278549e+00 4.333321140927806e+00 4.333342258793649e+00 3.622223637887070e+01
3.799000000000096e-02 4.333336589468402e+00 4.333321181271820e+00 4.333342229259781e+00 3.622223633202749e+01
3.800000000000096e-02 4.333336578694027e+00 4.333321221482337e+00 4.333342199823639e+00 3.622223628533928e+01
3.801000000000097e-02 4.333336567955303e+00 4.333321261559800e+00 4.333342170484901e+00 3.622223623880555e+01
3.802000000000097e-02 4.333336557252113e+00 4.333321301504649e+00 4.333342141243242e+00 3.622223619242580e+01
3.803000000000097e-02 4.333336546584339e+00 4.333321341317323e+00 4.333342112098342e+00 3.622223614619951e+01
3.804000000000098e-02 4.333336535951864e+00 4.333321380998258e+00 4.333342083049881e+00 3.622223610012619e+01
3.805000000000098e-02 4.333336525354572e+00 4.333321420547891e+00 4.333342054097540e+00 3.622223605420531e+01
3.806000000000098e-02 4.333336514792346e+00 4.333321459966657e+00 4.333342025241000e+00 3.622223600843638e+01
3.807000000000098e-02 4.333336504265070e+00 4.333321499254988e+00 4.333341996479946e+00 3.622223596281890e+01
3.808000000000099e-02 4.333336493772627e+00 4.333321538413316e+00 4.333341967814061e+00 3.622223591735236e+01
3.809000000000099e-02 4.333336483314904e+00 4.333321577442071e+00 4.333341939243029e+00 3.622223587203627e+01
3.810000000000099e-02 4.333336472891784e+00 4.333321616341682e+00 4.333341910766538e+00 3.622223582687012e+01
3.811000000000100e-02 4.333336462503153e+00 4.333321655112577e+00 4.333341882384273e+00 3.622223578185341e+01
3.812000000000100e-02 4.333336452148899e+00 4.333321693755181e+00 4.333341854095925e+00 3.622223573698567e+01
3.813000000000100e-02 4.333336441828906e+00 4.333321732269918e+00 4.333341825901180e+00 3.622223569226639e+01
3.814000000000101e-02 4.333336431543061e+00 4.333321770657212e+00 4.333341797799731e+00 3.622223564769508e+01
3.815000000000101e-02 4.333336421291252e+00 4.333321808917486e+00 4.333341769791268e+00 3.622223560327125e+01
3.816000000000101e-02 4.333336411073366e+00 4.333321847051158e+00 4.333341741875483e+00 3.622223555899441e+01
3.817000000000102e-02 4.333336400889289e+00 4.333321885058647e+00 4.333341714052069e+00 3.622223551486410e+01
3.818000000000102e-02 4.333336390738912e+00 4.333321922940372e+00 4.333341686320722e+00 3.622223547087979e+01
3.819000000000102e-02 4.333336380622121e+00 4.333321960696748e+00 4.333341658681137e+00 3.622223542704102e+01
3.820000000000102e-02 4.333336370538806e+00 4.333321998328190e+00 4.333341631133010e+00 3.622223538334731e+01
3.821000000000103e-02 4.333336360488857e+00 4.333322035835111e+00 4.333341603676037e+00 3.622223533979819e+01
3.822000000000103e-02 4.333336350472162e+00 4.333322073217924e+00 4.333341576309918e+00 3.622223529639317e+01
3.823000000000103e-02 4.333336340488612e+00 4.333322110477039e+00 4.333341549034352e+00 3.622223525313176e+01
3.824000000000104e-02 4.333336330538098e+00 4.333322147612867e+00 4.333341521849040e+00 3.622223521001350e+01
3.825000000000104e-02 4.333336320620509e+00 4.333322184625813e+00 4.333341494753683e+00 3.622223516703792e+01
3.826000000000104e-02 4.333336310735737e+00 4.333322221516286e+00 4.333341467747982e+00 3.622223512420453e+01
3.827000000000105e-02 4.333336300883673e+00 4.333322258284690e+00 4.333341440831642e+00 3.622223508151288e+01
3.828000000000105e-02 4.333336291064208e+00 4.333322294931430e+00 4.333341414004368e+00 3.622223503896249e+01
3.829000000000105e-02 4.333336281277236e+00 4.333322331456908e+00 4.333341387265862e+00 3.622223499655289e+01
3.830000000000106e-02 4.333336271522649e+00 4.333322367861525e+00 4.333341360615833e+00 3.622223495428362e+01
3.831000000000106e-02 4.333336261800339e+00 4.333322404145681e+00 4.333341334053987e+00 3.622223491215422e+01
3.832000000000106e-02 4.333336252110199e+00 4.333322440309774e+00 4.333341307580033e+00 3.622223487016422e+01
3.833000000000106e-02 4.333336242452123e+00 4.333322476354203e+00 4.333341281193681e+00 3.622223482831316e+01
3.834000000000107e-02 4.333336232826006e+00 4.333322512279363e+00 4.333341254894639e+00 3.622223478660059e+01
3.835000000000107e-02 4.333336223231741e+00 4.333322548085648e+00 4.333341228682619e+00 3.622223474502603e+01
3.836000000000107e-02 4.333336213669222e+00 4.333322583773452e+00 4.333341202557333e+00 3.622223470358905e+01
3.837000000000108e-02 4.333336204138345e+00 4.333322619343166e+00 4.333341176518495e+00 3.622223466228917e+01
3.838000000000108e-02 4.333336194639006e+00 4.333322654795182e+00 4.333341150565817e+00 3.622223462112595e+01
3.839000000000108e-02 4.333336185171100e+00 4.333322690129890e+00 4.333341124699015e+00 3.622223458009894e+01
3.840000000000109e-02 4.333336175734522e+00 4.333322725347677e+00 4.333341098917805e+00 3.622223453920768e+01
3.841000000000109e-02 4.333336166329170e+00 4.333322760448930e+00 4.333341073221904e+00 3.622223449845173e+01
3.842000000000109e-02 4.333336156954940e+00 4.333322795434035e+00 4.333341047611030e+00 3.622223445783062e+01
3.843000000000110e-02 4.333336147611728e+00 4.333322830303376e+00 4.333341022084901e+00 3.622223441734393e+01
3.844000000000110e-02 4.333336138299432e+00 4.333322865057337e+00 4.333340996643236e+00 3.622223437699121e+01
3.845000000000110e-02 4.333336129017951e+00 4.333322899696299e+00 4.333340971285756e+00 3.622223433677201e+01
3.846000000000110e-02 4.333336119767181e+00 4.333322934220642e+00 4.333340946012183e+00 3.622223429668590e+01
3.847000000000111e-02 4.333336110547021e+00 4.333322968630746e+00 4.333340920822239e+00 3.622223425673242e+01
3.848000000000111e-02 4.333336101357371e+00 4.333323002926988e+00 4.333340895715646e+00 3.622223421691115e+01
3.849000000000111e-02 4.333336092198127e+00 4.333323037109746e+00 4.333340870692130e+00 3.622223417722164e+01
3.850000000000112e-02 4.333336083069192e+00 4.333323071179396e+00 4.333340845751415e+00 3.622223413766346e+01
3.851000000000112e-02 4.333336073970464e+00 4.333323105136310e+00 4.333340820893228e+00 3.622223409823618e+01
3.852000000000112e-02 4.333336064901844e+00 4.333323138980863e+00 4.333340796117295e+00 3.622223405893935e+01
3.853000000000113e-02 4.333336055863231e+00 4.333323172713427e+00 4.333340771423345e+00 3.622223401977255e+01
3.854000000000113e-02 4.333336046854526e+00 4.333323206334371e+00 4.333340746811106e+00 3.622223398073535e+01
3.855000000000113e-02 4.333336037875631e+00 4.333323239844066e+00 4.333340722280307e+00 3.622223394182731e+01
3.856000000000114e-02 4.333336028926445e+00 4.333323273242878e+00 4.333340697830679e+00 3.622223390304803e+01
3.857000000000114e-02 4.333336020006873e+00 4.333323306531176e+00 4.333340673461954e+00 3.622223386439707e+01
3.858000000000114e-02 4.333336011116814e+00 4.333323339709325e+00 4.333340649173863e+00 3.622223382587399e+01
3.859000000000114e-02 4.333336002256173e+00 4.333323372777689e+00 4.333340624966141e+00 3.622223378747839e+01
3.860000000000115e-02 4.333335993424851e+00 4.333323405736631e+00 4.333340600838521e+00 3.622223374920983e+01
3.861000000000115e-02 4.333335984622751e+00 4.333323438586514e+00 4.333340576790738e+00 3.622223371106789e+01
3.862000000000115e-02 4.333335975849777e+00 4.333323471327699e+00 4.333340552822527e+00 3.622223367305217e+01
3.863000000000116e-02 4.333335967105833e+00 4.333323503960544e+00 4.333340528933626e+00 3.622223363516223e+01
3.864000000000116e-02 4.333335958390822e+00 4.333323536485410e+00 4.333340505123772e+00 3.622223359739768e+01
3.865000000000116e-02 4.333335949704648e+00 4.333323568902653e+00 4.333340481392703e+00 3.622223355975807e+01
3.866000000000117e-02 4.333335941047217e+00 4.333323601212629e+00 4.333340457740160e+00 3.622223352224302e+01
3.867000000000117e-02 4.333335932418432e+00 4.333323633415692e+00 4.333340434165882e+00 3.622223348485210e+01
3.868000000000117e-02 4.333335923818200e+00 4.333323665512197e+00 4.333340410669609e+00 3.622223344758490e+01
3.869000000000117e-02 4.333335915246424e+00 4.333323697502497e+00 4.333340387251085e+00 3.622223341044101e+01
3.870000000000118e-02 4.333335906703013e+00 4.333323729386942e+00 4.333340363910051e+00 3.622223337342004e+01
3.871000000000118e-02 4.333335898187871e+00 4.333323761165883e+00 4.333340340646251e+00 3.622223333652156e+01
3.872000000000118e-02 4.333335889700905e+00 4.333323792839670e+00 4.333340317459430e+00 3.622223329974518e+01
3.873000000000119e-02 4.333335881242022e+00 4.333323824408650e+00 4.333340294349333e+00 3.622223326309047e+01
3.874000000000119e-02 4.333335872811130e+00 4.333323855873170e+00 4.333340271315706e+00 3.622223322655707e+01
3.875000000000119e-02 4.333335864408135e+00 4.333323887233575e+00 4.333340248358295e+00 3.622223319014455e+01
3.876000000000120e-02 4.333335856032945e+00 4.333323918490210e+00 4.333340225476850e+00 3.622223315385251e+01
3.877000000000120e-02 4.333335847685468e+00 4.333323949643419e+00 4.333340202671118e+00 3.622223311768056e+01
3.878000000000120e-02 4.333335839365612e+00 4.333323980693543e+00 4.333340179940849e+00 3.622223308162830e+01
3.879000000000121e-02 4.333335831073286e+00 4.333324011640925e+00 4.333340157285793e+00 3.622223304569534e+01
3.880000000000121e-02 4.333335822808399e+00 4.333324042485903e+00 4.333340134705701e+00 3.622223300988127e+01
3.881000000000121e-02 4.333335814570860e+00 4.333324073228816e+00 4.333340112200326e+00 3.622223297418572e+01
3.882000000000121e-02 4.333335806360578e+00 4.333324103870003e+00 4.333340089769420e+00 3.622223293860826e+01
3.883000000000122e-02 4.333335798177465e+00 4.333324134409801e+00 4.333340067412737e+00 3.622223290314854e+01
3.884000000000122e-02 4.333335790021428e+00 4.333324164848543e+00 4.333340045130032e+00 3.622223286780614e+01
3.885000000000122e-02 4.333335781892379e+00 4.333324195186566e+00 4.333340022921058e+00 3.622223283258069e+01
3.886000000000123e-02 4.333335773790229e+00 4.333324225424201e+00 4.333340000785572e+00 3.622223279747180e+01
3.887000000000123e-02 4.333335765714889e+00 4.333324255561783e+00 4.333339978723331e+00 3.622223276247907e+01
3.888000000000123e-02 4.333335757666269e+00 4.333324285599640e+00 4.333339956734093e+00 3.622223272760214e+01
3.889000000000124e-02 4.333335749644283e+00 4.333324315538103e+00 4.333339934817617e+00 3.622223269284061e+01
3.890000000000124e-02 4.333335741648839e+00 4.333324345377502e+00 4.333339912973661e+00 3.622223265819411e+01
3.891000000000124e-02 4.333335733679853e+00 4.333324375118163e+00 4.333339891201986e+00 3.622223262366224e+01
3.892000000000125e-02 4.333335725737236e+00 4.333324404760415e+00 4.333339869502352e+00 3.622223258924464e+01
3.893000000000125e-02 4.333335717820900e+00 4.333324434304582e+00 4.333339847874520e+00 3.622223255494092e+01
3.894000000000125e-02 4.333335709930759e+00 4.333324463750989e+00 4.333339826318254e+00 3.622223252075071e+01
3.895000000000125e-02 4.333335702066726e+00 4.333324493099959e+00 4.333339804833316e+00 3.622223248667363e+01
3.896000000000126e-02 4.333335694228715e+00 4.333324522351815e+00 4.333339783419471e+00 3.622223245270931e+01
3.897000000000126e-02 4.333335686416639e+00 4.333324551506879e+00 4.333339762076483e+00 3.622223241885738e+01
3.898000000000126e-02 4.333335678630412e+00 4.333324580565470e+00 4.333339740804118e+00 3.622223238511746e+01
3.899000000000127e-02 4.333335670869950e+00 4.333324609527907e+00 4.333339719602143e+00 3.622223235148918e+01
3.900000000000127e-02 4.333335663135166e+00 4.333324638394510e+00 4.333339698470323e+00 3.622223231797217e+01
3.901000000000127e-02 4.333335655425977e+00 4.333324667165594e+00 4.333339677408427e+00 3.622223228456608e+01
3.902000000000128e-02 4.333335647742298e+00 4.333324695841476e+00 4.333339656416223e+00 3.622223225127052e+01
3.903000000000128e-02 4.333335640084043e+00 4.333324724422472e+00 4.333339635493482e+00 3.622223221808513e+01
3.904000000000128e-02 4.333335632451130e+00 4.333324752908894e+00 4.333339614639974e+00 3.622223218500955e+01
3.905000000000129e-02 4.333335624843473e+00 4.333324781301056e+00 4.333339593855468e+00 3.622223215204340e+01
3.906000000000129e-02 4.333335617260989e+00 4.333324809599270e+00 4.333339573139738e+00 3.622223211918634e+01
3.907000000000129e-02 4.333335609703595e+00 4.333324837803848e+00 4.333339552492554e+00 3.622223208643801e+01
3.908000000000129e-02 4.333335602171209e+00 4.333324865915098e+00 4.333339531913691e+00 3.622223205379802e+01
3.909000000000130e-02 4.333335594663746e+00 4.333324893933328e+00 4.333339511402922e+00 3.622223202126605e+01
3.910000000000130e-02 4.333335587181125e+00 4.333324921858849e+00 4.333339490960022e+00 3.622223198884173e+01
3.911000000000130e-02 4.333335579723264e+00 4.333324949691965e+00 4.333339470584767e+00 3.622223195652469e+01
3.912000000000131e-02 4.333335572290080e+00 4.333324977432984e+00 4.333339450276933e+00 3.622223192431458e+01
3.913000000000131e-02 4.333335564881493e+00 4.333325005082208e+00 4.333339430036296e+00 3.622223189221105e+01
3.914000000000131e-02 4.333335557497420e+00 4.333325032639943e+00 4.333339409862634e+00 3.622223186021375e+01
3.915000000000132e-02 4.333335550137780e+00 4.333325060106490e+00 4.333339389755726e+00 3.622223182832234e+01
3.916000000000132e-02 4.333335542802493e+00 4.333325087482153e+00 4.333339369715350e+00 3.622223179653644e+01
3.917000000000132e-02 4.333335535491478e+00 4.333325114767231e+00 4.333339349741287e+00 3.622223176485572e+01
3.918000000000132e-02 4.333335528204655e+00 4.333325141962024e+00 4.333339329833318e+00 3.622223173327983e+01
3.919000000000133e-02 4.333335520941944e+00 4.333325169066830e+00 4.333339309991223e+00 3.622223170180842e+01
3.920000000000133e-02 4.333335513703265e+00 4.333325196081948e+00 4.333339290214782e+00 3.622223167044115e+01
3.921000000000133e-02 4.333335506488538e+00 4.333325223007675e+00 4.333339270503783e+00 3.622223163917768e+01
3.922000000000134e-02 4.333335499297685e+00 4.333325249844306e+00 4.333339250858005e+00 3.622223160801764e+01
3.923000000000134e-02 4.333335492130625e+00 4.333325276592136e+00 4.333339231277234e+00 3.622223157696072e+01
3.924000000000134e-02 4.333335484987281e+00 4.333325303251459e+00 4.333339211761255e+00 3.622223154600655e+01
3.925000000000135e-02 4.333335477867574e+00 4.333325329822568e+00 4.333339192309854e+00 3.622223151515482e+01
3.926000000000135e-02 4.333335470771426e+00 4.333325356305754e+00 4.333339172922816e+00 3.622223148440516e+01
3.927000000000135e-02 4.333335463698758e+00 4.333325382701309e+00 4.333339153599929e+00 3.622223145375726e+01
3.928000000000136e-02 4.333335456649494e+00 4.333325409009523e+00 4.333339134340980e+00 3.622223142321077e+01
3.929000000000136e-02 4.333335449623555e+00 4.333325435230684e+00 4.333339115145758e+00 3.622223139276535e+01
3.930000000000136e-02 4.333335442620864e+00 4.333325461365080e+00 4.333339096014052e+00 3.622223136242068e+01
3.931000000000136e-02 4.333335435641345e+00 4.333325487412998e+00 4.333339076945652e+00 3.622223133217641e+01
3.932000000000137e-02 4.333335428684921e+00 4.333325513374726e+00 4.333339057940348e+00 3.622223130203222e+01
3.933000000000137e-02 4.333335421751515e+00 4.333325539250549e+00 4.333339038997932e+00 3.622223127198777e+01
3.934000000000137e-02 4.333335414841053e+00 4.333325565040749e+00 4.333339020118196e+00 3.622223124204273e+01
3.935000000000138e-02 4.333335407953456e+00 4.333325590745610e+00 4.333339001300931e+00 3.622223121219679e+01
3.936000000000138e-02 4.333335401088649e+00 4.333325616365416e+00 4.333338982545930e+00 3.622223118244960e+01
3.937000000000138e-02 4.333335394246559e+00 4.333325641900447e+00 4.333338963852991e+00 3.622223115280084e+01
3.938000000000139e-02 4.333335387427107e+00 4.333325667350985e+00 4.333338945221905e+00 3.622223112325018e+01
3.939000000000139e-02 4.333335380630222e+00 4.333325692717308e+00 4.333338926652467e+00 3.622223109379730e+01
3.940000000000139e-02 4.333335373855827e+00 4.333325717999695e+00 4.333338908144476e+00 3.622223106444189e+01
3.941000000000140e-02 4.333335367103848e+00 4.333325743198424e+00 4.333338889697726e+00 3.622223103518360e+01
3.942000000000140e-02 4.333335360374210e+00 4.333325768313771e+00 4.333338871312015e+00 3.622223100602213e+01
3.943000000000140e-02 4.333335353666842e+00 4.333325793346013e+00 4.333338852987142e+00 3.622223097695716e+01
3.944000000000140e-02 4.333335346981667e+00 4.333325818295425e+00 4.333338834722904e+00 3.622223094798836e+01
3.945000000000141e-02 4.333335340318613e+00 4.333325843162281e+00 4.333338816519102e+00 3.622223091911540e+01
3.946000000000141e-02 4.333335333677607e+00 4.333325867946853e+00 4.333338798375536e+00 3.622223089033800e+01
3.947000000000141e-02 4.333335327058576e+00 4.333325892649415e+00 4.333338780292006e+00 3.622223086165581e+01
3.948000000000142e-02 4.333335320461447e+00 4.333325917270238e+00 4.333338762268312e+00 3.622223083306853e+01
3.949000000000142e-02 4.333335313886146e+00 4.333325941809592e+00 4.333338744304258e+00 3.622223080457584e+01
3.950000000000142e-02 4.333335307332604e+00 4.333325966267746e+00 4.333338726399647e+00 3.622223077617743e+01
3.951000000000143e-02 4.333335300800746e+00 4.333325990644970e+00 4.333338708554280e+00 3.622223074787299e+01
3.952000000000143e-02 4.333335294290502e+00 4.333326014941530e+00 4.333338690767964e+00 3.622223071966221e+01
3.953000000000143e-02 4.333335287801800e+00 4.333326039157695e+00 4.333338673040501e+00 3.622223069154477e+01
3.954000000000144e-02 4.333335281334569e+00 4.333326063293730e+00 4.333338655371698e+00 3.622223066352037e+01
3.955000000000144e-02 4.333335274888737e+00 4.333326087349899e+00 4.333338637761359e+00 3.622223063558871e+01
3.956000000000144e-02 4.333335268464236e+00 4.333326111326468e+00 4.333338620209291e+00 3.622223060774947e+01
3.957000000000144e-02 4.333335262060992e+00 4.333326135223700e+00 4.333338602715304e+00 3.622223058000234e+01
3.958000000000145e-02 4.333335255678936e+00 4.333326159041857e+00 4.333338585279202e+00 3.622223055234703e+01
3.959000000000145e-02 4.333335249317997e+00 4.333326182781201e+00 4.333338567900796e+00 3.622223052478323e+01
3.960000000000145e-02 4.333335242978108e+00 4.333326206441994e+00 4.333338550579894e+00 3.622223049731063e+01
3.961000000000146e-02 4.333335236659195e+00 4.333326230024494e+00 4.333338533316306e+00 3.622223046992893e+01
3.962000000000146e-02 4.333335230361192e+00 4.333326253528960e+00 4.333338516109842e+00 3.622223044263784e+01
3.963000000000146e-02 4.333335224084029e+00 4.333326276955652e+00 4.333338498960313e+00 3.622223041543706e+01
3.964000000000147e-02 4.333335217827637e+00 4.333326300304826e+00 4.333338481867532e+00 3.622223038832628e+01
3.965000000000147e-02 4.333335211591947e+00 4.333326323576739e+00 4.333338464831310e+00 3.622223036130520e+01
3.966000000000147e-02 4.333335205376890e+00 4.333326346771646e+00 4.333338447851458e+00 3.622223033437354e+01
3.967000000000147e-02 4.333335199182399e+00 4.333326369889802e+00 4.333338430927793e+00 3.622223030753100e+01
3.968000000000148e-02 4.333335193008404e+00 4.333326392931461e+00 4.333338414060128e+00 3.622223028077727e+01
3.969000000000148e-02 4.333335186854839e+00 4.333326415896877e+00 4.333338397248276e+00 3.622223025411208e+01
3.970000000000148e-02 4.333335180721637e+00 4.333326438786301e+00 4.333338380492054e+00 3.622223022753511e+01
3.971000000000149e-02 4.333335174608728e+00 4.333326461599986e+00 4.333338363791277e+00 3.622223020104608e+01
3.972000000000149e-02 4.333335168516046e+00 4.333326484338182e+00 4.333338347145763e+00 3.622223017464470e+01
3.973000000000149e-02 4.333335162443525e+00 4.333326507001139e+00 4.333338330555327e+00 3.622223014833068e+01
3.974000000000150e-02 4.333335156391098e+00 4.333326529589105e+00 4.333338314019789e+00 3.622223012210372e+01
3.975000000000150e-02 4.333335150358699e+00 4.333326552102329e+00 4.333338297538966e+00 3.622223009596356e+01
3.976000000000150e-02 4.333335144346259e+00 4.333326574541057e+00 4.333338281112677e+00 3.622223006990989e+01
3.977000000000151e-02 4.333335138353715e+00 4.333326596905537e+00 4.333338264740743e+00 3.622223004394242e+01
3.978000000000151e-02 4.333335132380999e+00 4.333326619196014e+00 4.333338248422981e+00 3.622223001806089e+01
3.979000000000151e-02 4.333335126428048e+00 4.333326641412733e+00 4.333338232159215e+00 3.622222999226499e+01
3.980000000000151e-02 4.333335120494794e+00 4.333326663555938e+00 4.333338215949263e+00 3.622222996655446e+01
3.981000000000152e-02 4.333335114581173e+00 4.333326685625872e+00 4.333338199792951e+00 3.622222994092899e+01
3.982000000000152e-02 4.333335108687120e+00 4.333326707622778e+00 4.333338183690097e+00 3.622222991538832e+01
3.983000000000152e-02 4.333335102812570e+00 4.333326729546897e+00 4.333338167640528e+00 3.622222988993216e+01
3.984000000000153e-02 4.333335096957458e+00 4.333326751398470e+00 4.333338151644066e+00 3.622222986456023e+01
3.985000000000153e-02 4.333335091121721e+00 4.333326773177738e+00 4.333338135700535e+00 3.622222983927226e+01
3.986000000000153e-02 4.333335085305293e+00 4.333326794884940e+00 4.333338119809761e+00 3.622222981406796e+01
3.987000000000154e-02 4.333335079508112e+00 4.333326816520313e+00 4.333338103971568e+00 3.622222978894706e+01
3.988000000000154e-02 4.333335073730114e+00 4.333326838084097e+00 4.333338088185783e+00 3.622222976390928e+01
3.989000000000154e-02 4.333335067971235e+00 4.333326859576527e+00 4.333338072452232e+00 3.622222973895435e+01
3.990000000000155e-02 4.333335062231411e+00 4.333326880997840e+00 4.333338056770742e+00 3.622222971408200e+01
3.991000000000155e-02 4.333335056510580e+00 4.333326902348270e+00 4.333338041141142e+00 3.622222968929194e+01
3.992000000000155e-02 4.333335050808680e+00 4.333326923628054e+00 4.333338025563259e+00 3.622222966458392e+01
3.993000000000155e-02 4.333335045125647e+00 4.333326944837423e+00 4.333338010036923e+00 3.622222963995765e+01
3.994000000000156e-02 4.333335039461419e+00 4.333326965976612e+00 4.333337994561962e+00 3.622222961541287e+01
3.995000000000156e-02 4.333335033815933e+00 4.333326987045853e+00 4.333337979138207e+00 3.622222959094930e+01
3.996000000000156e-02 4.333335028189127e+00 4.333327008045376e+00 4.333337963765489e+00 3.622222956656668e+01
3.997000000000157e-02 4.333335022580941e+00 4.333327028975413e+00 4.333337948443639e+00 3.622222954226474e+01
3.998000000000157e-02 4.333335016991312e+00 4.333327049836194e+00 4.333337933172487e+00 3.622222951804321e+01
3.999000000000157e-02 4.333335011420179e+00 4.333327070627947e+00 4.333337917951868e+00 3.622222949390184e+01
4.000000000000158e-02 4.333335005867479e+00 4.333327091350902e+00 4.333337902781612e+00 3.622222946984034e+01
4.001000000000158e-02 4.333335000333153e+00 4.333327112005286e+00 4.333337887661554e+00 3.622222944585845e+01
4.002000000000158e-02 4.333334994817140e+00 4.333327132591325e+00 4.333337872591527e+00 3.622222942195593e+01
4.003000000000159e-02 4.333334989319381e+00 4.333327153109247e+00 4.333337857571366e+00 3.622222939813250e+01
4.004000000000159e-02 4.333334983839812e+00 4.333327173559275e+00 4.333337842600906e+00 3.622222937438790e+01
4.005000000000159e-02 4.333334978378375e+00 4.333327193941636e+00 4.333337827679983e+00 3.622222935072187e+01
4.006000000000159e-02 4.333334972935011e+00 4.333327214256553e+00 4.333337812808431e+00 3.622222932713414e+01
4.007000000000160e-02 4.333334967509657e+00 4.333327234504248e+00 4.333337797986089e+00 3.622222930362447e+01
4.008000000000160e-02 4.333334962102255e+00 4.333327254684945e+00 4.333337783212794e+00 3.622222928019259e+01
4.009000000000160e-02 4.333334956712746e+00 4.333327274798865e+00 4.333337768488382e+00 3.622222925683823e+01
4.010000000000161e-02 4.333334951341071e+00 4.333327294846229e+00 4.333337753812693e+00 3.622222923356116e+01
4.011000000000161e-02 4.333334945987170e+00 4.333327314827258e+00 4.333337739185565e+00 3.622222921036111e+01
4.012000000000161e-02 4.333334940650985e+00 4.333327334742171e+00 4.333337724606837e+00 3.622222918723782e+01
4.013000000000162e-02 4.333334935332458e+00 4.333327354591185e+00 4.333337710076350e+00 3.622222916419105e+01
4.014000000000162e-02 4.333334930031529e+00 4.333327374374521e+00 4.333337695593943e+00 3.622222914122054e+01
4.015000000000162e-02 4.333334924748140e+00 4.333327394092395e+00 4.333337681159457e+00 3.622222911832604e+01
4.016000000000162e-02 4.333334919482234e+00 4.333327413745024e+00 4.333337666772734e+00 3.622222909550729e+01
4.017000000000163e-02 4.333334914233752e+00 4.333327433332623e+00 4.333337652433617e+00 3.622222907276405e+01
4.018000000000163e-02 4.333334909002638e+00 4.333327452855407e+00 4.333337638141946e+00 3.622222905009607e+01
4.019000000000163e-02 4.333334903788834e+00 4.333327472313592e+00 4.333337623897565e+00 3.622222902750309e+01
4.020000000000164e-02 4.333334898592281e+00 4.333327491707392e+00 4.333337609700319e+00 3.622222900498487e+01
4.021000000000164e-02 4.333334893412924e+00 4.333327511037017e+00 4.333337595550051e+00 3.622222898254116e+01
4.022000000000164e-02 4.333334888250705e+00 4.333327530302681e+00 4.333337581446606e+00 3.622222896017172e+01
4.023000000000165e-02 4.333334883105567e+00 4.333327549504598e+00 4.333337567389827e+00 3.622222893787630e+01
4.024000000000165e-02 4.333334877977454e+00 4.333327568642976e+00 4.333337553379562e+00 3.622222891565465e+01
4.025000000000165e-02 4.333334872866310e+00 4.333327587718026e+00 4.333337539415656e+00 3.622222889350652e+01
4.026000000000166e-02 4.333334867772078e+00 4.333327606729958e+00 4.333337525497956e+00 3.622222887143168e+01
4.027000000000166e-02 4.333334862694702e+00 4.333327625678979e+00 4.333337511626310e+00 3.622222884942989e+01
4.028000000000166e-02 4.333334857634127e+00 4.333327644565300e+00 4.333337497800563e+00 3.622222882750090e+01
4.029000000000166e-02 4.333334852590298e+00 4.333327663389127e+00 4.333337484020565e+00 3.622222880564447e+01
4.030000000000167e-02 4.333334847563158e+00 4.333327682150668e+00 4.333337470286164e+00 3.622222878386036e+01
4.031000000000167e-02 4.333334842552653e+00 4.333327700850127e+00 4.333337456597209e+00 3.622222876214833e+01
4.032000000000167e-02 4.333334837558727e+00 4.333327719487711e+00 4.333337442953551e+00 3.622222874050815e+01
4.033000000000168e-02 4.333334832581326e+00 4.333327738063623e+00 4.333337429355040e+00 3.622222871893958e+01
4.034000000000168e-02 4.333334827620395e+00 4.333327756578069e+00 4.333337415801524e+00 3.622222869744237e+01
4.035000000000168e-02 4.333334822675880e+00 4.333327775031252e+00 4.333337402292857e+00 3.622222867601629e+01
4.036000000000169e-02 4.333334817747726e+00 4.333327793423375e+00 4.333337388828888e+00 3.622222865466112e+01
4.037000000000169e-02 4.333334812835879e+00 4.333327811754638e+00 4.333337375409472e+00 3.622222863337660e+01
4.038000000000169e-02 4.333334807940285e+00 4.333327830025246e+00 4.333337362034459e+00 3.622222861216251e+01
4.039000000000170e-02 4.333334803060890e+00 4.333327848235396e+00 4.333337348703703e+00 3.622222859101862e+01
4.040000000000170e-02 4.333334798197641e+00 4.333327866385290e+00 4.333337335417059e+00 3.622222856994470e+01
4.041000000000170e-02 4.333334793350484e+00 4.333327884475127e+00 4.333337322174379e+00 3.622222854894050e+01
4.042000000000170e-02 4.333334788519366e+00 4.333327902505105e+00 4.333337308975518e+00 3.622222852800581e+01
4.043000000000171e-02 4.333334783704234e+00 4.333327920475423e+00 4.333337295820332e+00 3.622222850714039e+01
4.044000000000171e-02 4.333334778905034e+00 4.333327938386278e+00 4.333337282708676e+00 3.622222848634401e+01
4.045000000000171e-02 4.333334774121716e+00 4.333327956237867e+00 4.333337269640406e+00 3.622222846561644e+01
4.046000000000172e-02 4.333334769354225e+00 4.333327974030387e+00 4.333337256615378e+00 3.622222844495746e+01
4.047000000000172e-02 4.333334764602508e+00 4.333327991764031e+00 4.333337243633449e+00 3.622222842436684e+01
4.048000000000172e-02 4.333334759866515e+00 4.333328009438997e+00 4.333337230694476e+00 3.622222840384435e+01
4.049000000000173e-02 4.333334755146193e+00 4.333328027055477e+00 4.333337217798318e+00 3.622222838338977e+01
4.050000000000173e-02 4.333334750441492e+00 4.333328044613665e+00 4.333337204944833e+00 3.622222836300287e+01
4.051000000000173e-02 4.333334745752357e+00 4.333328062113753e+00 4.333337192133879e+00 3.622222834268343e+01
4.052000000000174e-02 4.333334741078740e+00 4.333328079555935e+00 4.333337179365316e+00 3.622222832243123e+01
4.053000000000174e-02 4.333334736420586e+00 4.333328096940401e+00 4.333337166639002e+00 3.622222830224604e+01
4.054000000000174e-02 4.333334731777845e+00 4.333328114267344e+00 4.333337153954800e+00 3.622222828212764e+01
4.055000000000174e-02 4.333334727150468e+00 4.333328131536953e+00 4.333337141312570e+00 3.622222826207580e+01
4.056000000000175e-02 4.333334722538401e+00 4.333328148749417e+00 4.333337128712172e+00 3.622222824209032e+01
4.057000000000175e-02 4.333334717941597e+00 4.333328165904926e+00 4.333337116153468e+00 3.622222822217097e+01
4.058000000000175e-02 4.333334713360003e+00 4.333328183003668e+00 4.333337103636319e+00 3.622222820231753e+01
4.059000000000176e-02 4.333334708793569e+00 4.333328200045832e+00 4.333337091160590e+00 3.622222818252978e+01
4.060000000000176e-02 4.333334704242244e+00 4.333328217031604e+00 4.333337078726141e+00 3.622222816280751e+01
4.061000000000176e-02 4.333334699705981e+00 4.333328233961171e+00 4.333337066332839e+00 3.622222814315050e+01
4.062000000000177e-02 4.333334695184728e+00 4.333328250834719e+00 4.333337053980545e+00 3.622222812355853e+01
4.063000000000177e-02 4.333334690678436e+00 4.333328267652433e+00 4.333337041669123e+00 3.622222810403139e+01
4.064000000000177e-02 4.333334686187055e+00 4.333328284414499e+00 4.333337029398439e+00 3.622222808456886e+01
4.065000000000177e-02 4.333334681710534e+00 4.333328301121099e+00 4.333337017168359e+00 3.622222806517073e+01
4.066000000000178e-02 4.333334677248827e+00 4.333328317772419e+00 4.333337004978748e+00 3.622222804583679e+01
4.067000000000178e-02 4.333334672801882e+00 4.333328334368639e+00 4.333336992829471e+00 3.622222802656682e+01
4.068000000000178e-02 4.333334668369653e+00 4.333328350909945e+00 4.333336980720396e+00 3.622222800736063e+01
4.069000000000179e-02 4.333334663952090e+00 4.333328367396516e+00 4.333336968651389e+00 3.622222798821798e+01
4.070000000000179e-02 4.333334659549144e+00 4.333328383828533e+00 4.333336956622317e+00 3.622222796913867e+01
4.071000000000179e-02 4.333334655160768e+00 4.333328400206178e+00 4.333336944633048e+00 3.622222795012249e+01
4.072000000000180e-02 4.333334650786912e+00 4.333328416529630e+00 4.333336932683451e+00 3.622222793116924e+01
4.073000000000180e-02 4.333334646427529e+00 4.333328432799069e+00 4.333336920773395e+00 3.622222791227870e+01
4.074000000000180e-02 4.333334642082571e+00 4.333328449014674e+00 4.333336908902750e+00 3.622222789345067e+01
4.075000000000181e-02 4.333334637751991e+00 4.333328465176622e+00 4.333336897071383e+00 3.622222787468494e+01
4.076000000000181e-02 4.333334633435739e+00 4.333328481285092e+00 4.333336885279166e+00 3.622222785598130e+01
4.077000000000181e-02 4.333334629133771e+00 4.333328497340258e+00 4.333336873525968e+00 3.622222783733956e+01
4.078000000000181e-02 4.333334624846036e+00 4.333328513342298e+00 4.333336861811661e+00 3.622222781875950e+01
4.079000000000182e-02 4.333334620572490e+00 4.333328529291389e+00 4.333336850136116e+00 3.622222780024092e+01
4.080000000000182e-02 4.333334616313085e+00 4.333328545187705e+00 4.333336838499205e+00 3.622222778178362e+01
4.081000000000182e-02 4.333334612067774e+00 4.333328561031421e+00 4.333336826900800e+00 3.622222776338739e+01
4.082000000000183e-02 4.333334607836511e+00 4.333328576822711e+00 4.333336815340774e+00 3.622222774505203e+01
4.083000000000183e-02 4.333334603619249e+00 4.333328592561749e+00 4.333336803818999e+00 3.622222772677733e+01
4.084000000000183e-02 4.333334599415941e+00 4.333328608248707e+00 4.333336792335349e+00 3.622222770856311e+01
4.085000000000184e-02 4.333334595226542e+00 4.333328623883758e+00 4.333336780889697e+00 3.622222769040916e+01
4.086000000000184e-02 4.333334591051005e+00 4.333328639467073e+00 4.333336769481918e+00 3.622222767231528e+01
4.087000000000184e-02 4.333334586889285e+00 4.333328654998823e+00 4.333336758111887e+00 3.622222765428128e+01
4.088000000000185e-02 4.333334582741336e+00 4.333328670479180e+00 4.333336746779479e+00 3.622222763630695e+01
4.089000000000185e-02 4.333334578607111e+00 4.333328685908313e+00 4.333336735484570e+00 3.622222761839208e+01
4.090000000000185e-02 4.333334574486567e+00 4.333328701286392e+00 4.333336724227035e+00 3.622222760053650e+01
4.091000000000185e-02 4.333334570379658e+00 4.333328716613587e+00 4.333336713006750e+00 3.622222758274000e+01
4.092000000000186e-02 4.333334566286338e+00 4.333328731890064e+00 4.333336701823593e+00 3.622222756500238e+01
4.093000000000186e-02 4.333334562206563e+00 4.333328747115992e+00 4.333336690677440e+00 3.622222754732347e+01
4.094000000000186e-02 4.333334558140288e+00 4.333328762291538e+00 4.333336679568169e+00 3.622222752970305e+01
4.095000000000187e-02 4.333334554087468e+00 4.333328777416869e+00 4.333336668495658e+00 3.622222751214093e+01
4.096000000000187e-02 4.333334550048058e+00 4.333328792492152e+00 4.333336657459785e+00 3.622222749463693e+01
4.097000000000187e-02 4.333334546022015e+00 4.333328807517550e+00 4.333336646460430e+00 3.622222747719085e+01
4.098000000000188e-02 4.333334542009293e+00 4.333328822493231e+00 4.333336635497471e+00 3.622222745980249e+01
4.099000000000188e-02 4.333334538009850e+00 4.333328837419358e+00 4.333336624570787e+00 3.622222744247168e+01
4.100000000000188e-02 4.333334534023640e+00 4.333328852296095e+00 4.333336613680260e+00 3.622222742519821e+01
4.101000000000189e-02 4.333334530050621e+00 4.333328867123606e+00 4.333336602825768e+00 3.622222740798189e+01
4.102000000000189e-02 4.333334526090748e+00 4.333328881902053e+00 4.333336592007194e+00 3.622222739082253e+01
4.103000000000189e-02 4.333334522143978e+00 4.333328896631600e+00 4.333336581224418e+00 3.622222737371996e+01
4.104000000000189e-02 4.333334518210267e+00 4.333328911312408e+00 4.333336570477321e+00 3.622222735667398e+01
4.105000000000190e-02 4.333334514289573e+00 4.333328925944636e+00 4.333336559765786e+00 3.622222733968441e+01
4.106000000000190e-02 4.333334510381853e+00 4.333328940528448e+00 4.333336549089695e+00 3.622222732275105e+01
4.107000000000190e-02 4.333334506487063e+00 4.333328955064003e+00 4.333336538448930e+00 3.622222730587372e+01
4.108000000000191e-02 4.333334502605160e+00 4.333328969551460e+00 4.333336527843374e+00 3.622222728905224e+01
4.109000000000191e-02 4.333334498736102e+00 4.333328983990979e+00 4.333336517272913e+00 3.622222727228642e+01
4.110000000000191e-02 4.333334494879847e+00 4.333328998382719e+00 4.333336506737428e+00 3.622222725557608e+01
4.111000000000192e-02 4.333334491036353e+00 4.333329012726837e+00 4.333336496236805e+00 3.622222723892103e+01
4.112000000000192e-02 4.333334487205575e+00 4.333329027023492e+00 4.333336485770928e+00 3.622222722232109e+01
4.113000000000192e-02 4.333334483387474e+00 4.333329041272839e+00 4.333336475339681e+00 3.622222720577608e+01
4.114000000000193e-02 4.333334479582007e+00 4.333329055475036e+00 4.333336464942952e+00 3.622222718928582e+01
4.115000000000193e-02 4.333334475789131e+00 4.333329069630239e+00 4.333336454580624e+00 3.622222717285012e+01
4.116000000000193e-02 4.333334472008807e+00 4.333329083738604e+00 4.333336444252584e+00 3.622222715646880e+01
4.117000000000193e-02 4.333334468240992e+00 4.333329097800283e+00 4.333336433958720e+00 3.622222714014170e+01
4.118000000000194e-02 4.333334464485644e+00 4.333329111815434e+00 4.333336423698918e+00 3.622222712386861e+01
4.119000000000194e-02 4.333334460742721e+00 4.333329125784210e+00 4.333336413473064e+00 3.622222710764937e+01
4.120000000000194e-02 4.333334457012184e+00 4.333329139706763e+00 4.333336403281048e+00 3.622222709148380e+01
4.121000000000195e-02 4.333334453293991e+00 4.333329153583247e+00 4.333336393122757e+00 3.622222707537173e+01
4.122000000000195e-02 4.333334449588102e+00 4.333329167413814e+00 4.333336382998079e+00 3.622222705931296e+01
4.123000000000195e-02 4.333334445894475e+00 4.333329181198618e+00 4.333336372906903e+00 3.622222704330732e+01
4.124000000000196e-02 4.333334442213070e+00 4.333329194937808e+00 4.333336362849118e+00 3.622222702735466e+01
4.125000000000196e-02 4.333334438543846e+00 4.333329208631536e+00 4.333336352824614e+00 3.622222701145477e+01
4.126000000000196e-02 4.333334434886765e+00 4.333329222279953e+00 4.333336342833280e+00 3.622222699560750e+01
4.127000000000196e-02 4.333334431241783e+00 4.333329235883207e+00 4.333336332875007e+00 3.622222697981267e+01
4.128000000000197e-02 4.333334427608864e+00 4.333329249441449e+00 4.333336322949685e+00 3.622222696407010e+01
4.129000000000197e-02 4.333334423987965e+00 4.333329262954827e+00 4.333336313057206e+00 3.622222694837962e+01
4.130000000000197e-02 4.333334420379048e+00 4.333329276423490e+00 4.333336303197460e+00 3.622222693274107e+01
4.131000000000198e-02 4.333334416782073e+00 4.333329289847586e+00 4.333336293370340e+00 3.622222691715426e+01
4.132000000000198e-02 4.333334413196999e+00 4.333329303227262e+00 4.333336283575736e+00 3.622222690161902e+01
4.133000000000198e-02 4.333334409623788e+00 4.333329316562667e+00 4.333336273813543e+00 3.622222688613519e+01
4.134000000000199e-02 4.333334406062401e+00 4.333329329853944e+00 4.333336264083652e+00 3.622222687070260e+01
4.135000000000199e-02 4.333334402512799e+00 4.333329343101242e+00 4.333336254385957e+00 3.622222685532107e+01
4.136000000000199e-02 4.333334398974942e+00 4.333329356304705e+00 4.333336244720351e+00 3.622222683999044e+01
4.137000000000200e-02 4.333334395448791e+00 4.333329369464479e+00 4.333336235086728e+00 3.622222682471053e+01
4.138000000000200e-02 4.333334391934308e+00 4.333329382580708e+00 4.333336225484983e+00 3.622222680948119e+01
4.139000000000200e-02 4.333334388431455e+00 4.333329395653536e+00 4.333336215915009e+00 3.622222679430223e+01
4.140000000000200e-02 4.333334384940192e+00 4.333329408683106e+00 4.333336206376701e+00 3.622222677917350e+01
4.141000000000201e-02 4.333334381460481e+00 4.333329421669562e+00 4.333336196869954e+00 3.622222676409484e+01
4.142000000000201e-02 4.333334377992284e+00 4.333329434613047e+00 4.333336187394666e+00 3.622222674906607e+01
4.143000000000201e-02 4.333334374535564e+00 4.333329447513703e+00 4.333336177950731e+00 3.622222673408702e+01
4.144000000000202e-02 4.333334371090282e+00 4.333329460371671e+00 4.333336168538045e+00 3.622222671915754e+01
4.145000000000202e-02 4.333334367656400e+00 4.333329473187092e+00 4.333336159156505e+00 3.622222670427746e+01
4.146000000000202e-02 4.333334364233880e+00 4.333329485960109e+00 4.333336149806009e+00 3.622222668944661e+01
4.147000000000203e-02 4.333334360822685e+00 4.333329498690859e+00 4.333336140486452e+00 3.622222667466485e+01
4.148000000000203e-02 4.333334357422778e+00 4.333329511379485e+00 4.333336131197733e+00 3.622222665993201e+01
4.149000000000203e-02 4.333334354034121e+00 4.333329524026124e+00 4.333336121939751e+00 3.622222664524790e+01
4.150000000000204e-02 4.333334350656678e+00 4.333329536630917e+00 4.333336112712402e+00 3.622222663061238e+01
4.151000000000204e-02 4.333334347290410e+00 4.333329549194000e+00 4.333336103515586e+00 3.622222661602530e+01
4.152000000000204e-02 4.333334343935280e+00 4.333329561715513e+00 4.333336094349202e+00 3.622222660148648e+01
4.153000000000204e-02 4.333334340591253e+00 4.333329574195593e+00 4.333336085213150e+00 3.622222658699577e+01
4.154000000000205e-02 4.333334337258290e+00 4.333329586634378e+00 4.333336076107327e+00 3.622222657255301e+01
4.155000000000205e-02 4.333334333936357e+00 4.333329599032003e+00 4.333336067031635e+00 3.622222655815804e+01
4.156000000000205e-02 4.333334330625415e+00 4.333329611388605e+00 4.333336057985973e+00 3.622222654381070e+01
4.157000000000206e-02 4.333334327325429e+00 4.333329623704319e+00 4.333336048970244e+00 3.622222652951083e+01
4.158000000000206e-02 4.333334324036362e+00 4.333329635979282e+00 4.333336039984347e+00 3.622222651525828e+01
4.159000000000206e-02 4.333334320758179e+00 4.333329648213627e+00 4.333336031028185e+00 3.622222650105289e+01
4.160000000000207e-02 4.333334317490843e+00 4.333329660407489e+00 4.333336022101657e+00 3.622222648689451e+01
4.161000000000207e-02 4.333334314234319e+00 4.333329672561002e+00 4.333336013204668e+00 3.622222647278298e+01
4.162000000000207e-02 4.333334310988571e+00 4.333329684674300e+00 4.333336004337118e+00 3.622222645871814e+01
4.163000000000208e-02 4.333334307753562e+00 4.333329696747517e+00 4.333335995498911e+00 3.622222644469984e+01
4.164000000000208e-02 4.333334304529258e+00 4.333329708780783e+00 4.333335986689948e+00 3.622222643072791e+01
4.165000000000208e-02 4.333334301315622e+00 4.333329720774232e+00 4.333335977910134e+00 3.622222641680223e+01
4.166000000000208e-02 4.333334298112621e+00 4.333329732727996e+00 4.333335969159372e+00 3.622222640292262e+01
4.167000000000209e-02 4.333334294920218e+00 4.333329744642206e+00 4.333335960437566e+00 3.622222638908894e+01
4.168000000000209e-02 4.333334291738379e+00 4.333329756516991e+00 4.333335951744619e+00 3.622222637530103e+01
4.169000000000209e-02 4.333334288567068e+00 4.333329768352484e+00 4.333335943080438e+00 3.622222636155875e+01
4.170000000000210e-02 4.333334285406251e+00 4.333329780148814e+00 4.333335934444925e+00 3.622222634786193e+01
4.171000000000210e-02 4.333334282255894e+00 4.333329791906110e+00 4.333335925837987e+00 3.622222633421045e+01
4.172000000000210e-02 4.333334279115960e+00 4.333329803624502e+00 4.333335917259529e+00 3.622222632060413e+01
4.173000000000211e-02 4.333334275986417e+00 4.333329815304118e+00 4.333335908709456e+00 3.622222630704284e+01
4.174000000000211e-02 4.333334272867228e+00 4.333329826945088e+00 4.333335900187675e+00 3.622222629352642e+01
4.175000000000211e-02 4.333334269758361e+00 4.333329838547537e+00 4.333335891694093e+00 3.622222628005472e+01
4.176000000000211e-02 4.333334266659781e+00 4.333329850111595e+00 4.333335883228615e+00 3.622222626662761e+01
4.177000000000212e-02 4.333334263571454e+00 4.333329861637388e+00 4.333335874791149e+00 3.622222625324492e+01
4.178000000000212e-02 4.333334260493346e+00 4.333329873125042e+00 4.333335866381602e+00 3.622222623990652e+01
4.179000000000212e-02 4.333334257425423e+00 4.333329884574685e+00 4.333335857999882e+00 3.622222622661225e+01
4.180000000000213e-02 4.333334254367652e+00 4.333329895986442e+00 4.333335849645896e+00 3.622222621336197e+01
4.181000000000213e-02 4.333334251319999e+00 4.333329907360438e+00 4.333335841319554e+00 3.622222620015553e+01
4.182000000000213e-02 4.333334248282431e+00 4.333329918696798e+00 4.333335833020763e+00 3.622222618699278e+01
4.183000000000214e-02 4.333334245254914e+00 4.333329929995647e+00 4.333335824749431e+00 3.622222617387360e+01
4.184000000000214e-02 4.333334242237414e+00 4.333329941257108e+00 4.333335816505470e+00 3.622222616079783e+01
4.185000000000214e-02 4.333334239229900e+00 4.333329952481305e+00 4.333335808288788e+00 3.622222614776533e+01
4.186000000000215e-02 4.333334236232337e+00 4.333329963668363e+00 4.333335800099293e+00 3.622222613477594e+01
4.187000000000215e-02 4.333334233244692e+00 4.333329974818403e+00 4.333335791936897e+00 3.622222612182954e+01
4.188000000000215e-02 4.333334230266933e+00 4.333329985931548e+00 4.333335783801510e+00 3.622222610892599e+01
4.189000000000215e-02 4.333334227299028e+00 4.333329997007921e+00 4.333335775693042e+00 3.622222609606512e+01
4.190000000000216e-02 4.333334224340944e+00 4.333330008047642e+00 4.333335767611405e+00 3.622222608324681e+01
4.191000000000216e-02 4.333334221392648e+00 4.333330019050833e+00 4.333335759556511e+00 3.622222607047091e+01
4.192000000000216e-02 4.333334218454108e+00 4.333330030017615e+00 4.333335751528270e+00 3.622222605773729e+01
4.193000000000217e-02 4.333334215525291e+00 4.333330040948109e+00 4.333335743526593e+00 3.622222604504580e+01
4.194000000000217e-02 4.333334212606165e+00 4.333330051842434e+00 4.333335735551394e+00 3.622222603239631e+01
4.195000000000217e-02 4.333334209696699e+00 4.333330062700711e+00 4.333335727602583e+00 3.622222601978868e+01
4.196000000000218e-02 4.333334206796859e+00 4.333330073523058e+00 4.333335719680075e+00 3.622222600722277e+01
4.197000000000218e-02 4.333334203906616e+00 4.333330084309595e+00 4.333335711783783e+00 3.622222599469843e+01
4.198000000000218e-02 4.333334201025936e+00 4.333330095060440e+00 4.333335703913618e+00 3.622222598221553e+01
4.199000000000219e-02 4.333334198154788e+00 4.333330105775710e+00 4.333335696069496e+00 3.622222596977394e+01
4.200000000000219e-02 4.333334195293141e+00 4.333330116455524e+00 4.333335688251329e+00 3.622222595737352e+01
4.201000000000219e-02 4.333334192440963e+00 4.333330127100000e+00 4.333335680459032e+00 3.622222594501414e+01
4.202000000000219e-02 4.333334189598221e+00 4.333330137709254e+00 4.333335672692519e+00 3.622222593269564e+01
4.203000000000220e-02 4.333334186764887e+00 4.333330148283403e+00 4.333335664951706e+00 3.622222592041791e+01
4.204000000000220e-02 4.333334183940928e+00 4.333330158822561e+00 4.333335657236507e+00 3.622222590818080e+01
4.205000000000220e-02 4.333334181126314e+00 4.333330169326847e+00 4.333335649546836e+00 3.622222589598419e+01
4.206000000000221e-02 4.333334178321012e+00 4.333330179796373e+00 4.333335641882610e+00 3.622222588382793e+01
4.207000000000221e-02 4.333334175524993e+00 4.333330190231258e+00 4.333335634243745e+00 3.622222587171191e+01
4.208000000000221e-02 4.333334172738227e+00 4.333330200631613e+00 4.333335626630156e+00 3.622222585963597e+01
4.209000000000222e-02 4.333334169960681e+00 4.333330210997555e+00 4.333335619041760e+00 3.622222584759999e+01
4.210000000000222e-02 4.333334167192326e+00 4.333330221329195e+00 4.333335611478473e+00 3.622222583560384e+01
4.211000000000222e-02 4.333334164433132e+00 4.333330231626650e+00 4.333335603940213e+00 3.622222582364737e+01
4.212000000000223e-02 4.333334161683068e+00 4.333330241890030e+00 4.333335596426897e+00 3.622222581173047e+01
4.213000000000223e-02 4.333334158942104e+00 4.333330252119450e+00 4.333335588938443e+00 3.622222579985301e+01
4.214000000000223e-02 4.333334156210209e+00 4.333330262315020e+00 4.333335581474767e+00 3.622222578801484e+01
4.215000000000223e-02 4.333334153487354e+00 4.333330272476855e+00 4.333335574035788e+00 3.622222577621585e+01
4.216000000000224e-02 4.333334150773509e+00 4.333330282605063e+00 4.333335566621424e+00 3.622222576445590e+01
4.217000000000224e-02 4.333334148068643e+00 4.333330292699759e+00 4.333335559231594e+00 3.622222575273486e+01
4.218000000000224e-02 4.333334145372728e+00 4.333330302761052e+00 4.333335551866217e+00 3.622222574105260e+01
4.219000000000225e-02 4.333334142685733e+00 4.333330312789053e+00 4.333335544525211e+00 3.622222572940901e+01
4.220000000000225e-02 4.333334140007630e+00 4.333330322783871e+00 4.333335537208496e+00 3.622222571780394e+01
4.221000000000225e-02 4.333334137338388e+00 4.333330332745617e+00 4.333335529915992e+00 3.622222570623727e+01
4.222000000000226e-02 4.333334134677980e+00 4.333330342674400e+00 4.333335522647618e+00 3.622222569470888e+01
4.223000000000226e-02 4.333334132026373e+00 4.333330352570330e+00 4.333335515403295e+00 3.622222568321862e+01
4.224000000000226e-02 4.333334129383540e+00 4.333330362433514e+00 4.333335508182943e+00 3.622222567176640e+01
4.225000000000226e-02 4.333334126749453e+00 4.333330372264061e+00 4.333335500986482e+00 3.622222566035206e+01
4.226000000000227e-02 4.333334124124081e+00 4.333330382062081e+00 4.333335493813835e+00 3.622222564897550e+01
4.227000000000227e-02 4.333334121507397e+00 4.333330391827678e+00 4.333335486664922e+00 3.622222563763658e+01
4.228000000000227e-02 4.333334118899372e+00 4.333330401560961e+00 4.333335479539663e+00 3.622222562633518e+01
4.229000000000228e-02 4.333334116299977e+00 4.333330411262039e+00 4.333335472437982e+00 3.622222561507117e+01
4.230000000000228e-02 4.333334113709182e+00 4.333330420931016e+00 4.333335465359800e+00 3.622222560384444e+01
4.231000000000228e-02 4.333334111126961e+00 4.333330430567998e+00 4.333335458305039e+00 3.622222559265485e+01
4.232000000000229e-02 4.333334108553283e+00 4.333330440173093e+00 4.333335451273622e+00 3.622222558150229e+01
4.233000000000229e-02 4.333334105988122e+00 4.333330449746405e+00 4.333335444265471e+00 3.622222557038663e+01
4.234000000000229e-02 4.333334103431449e+00 4.333330459288039e+00 4.333335437280510e+00 3.622222555930776e+01
4.235000000000230e-02 4.333334100883236e+00 4.333330468798100e+00 4.333335430318662e+00 3.622222554826554e+01
4.236000000000230e-02 4.333334098343455e+00 4.333330478276693e+00 4.333335423379851e+00 3.622222553725986e+01
4.237000000000230e-02 4.333334095812077e+00 4.333330487723922e+00 4.333335416464000e+00 3.622222552629059e+01
4.238000000000230e-02 4.333334093289077e+00 4.333330497139890e+00 4.333335409571033e+00 3.622222551535763e+01
4.239000000000231e-02 4.333334090774423e+00 4.333330506524701e+00 4.333335402700874e+00 3.622222550446084e+01
4.240000000000231e-02 4.333334088268092e+00 4.333330515878459e+00 4.333335395853449e+00 3.622222549360010e+01
4.241000000000231e-02 4.333334085770054e+00 4.333330525201266e+00 4.333335389028681e+00 3.622222548277531e+01
4.242000000000232e-02 4.333334083280281e+00 4.333330534493224e+00 4.333335382226496e+00 3.622222547198633e+01
4.243000000000232e-02 4.333334080798747e+00 4.333330543754434e+00 4.333335375446819e+00 3.622222546123306e+01
4.244000000000232e-02 4.333334078325424e+00 4.333330552985001e+00 4.333335368689576e+00 3.622222545051536e+01
4.245000000000233e-02 4.333334075860285e+00 4.333330562185024e+00 4.333335361954692e+00 3.622222543983313e+01
4.246000000000233e-02 4.333334073403303e+00 4.333330571354605e+00 4.333335355242093e+00 3.622222542918625e+01
4.247000000000233e-02 4.333334070954451e+00 4.333330580493843e+00 4.333335348551707e+00 3.622222541857460e+01
4.248000000000234e-02 4.333334068513702e+00 4.333330589602841e+00 4.333335341883457e+00 3.622222540799805e+01
4.249000000000234e-02 4.333334066081030e+00 4.333330598681698e+00 4.333335335237273e+00 3.622222539745651e+01
4.250000000000234e-02 4.333334063656408e+00 4.333330607730513e+00 4.333335328613081e+00 3.622222538694985e+01
4.251000000000234e-02 4.333334061239809e+00 4.333330616749386e+00 4.333335322010807e+00 3.622222537647796e+01
4.252000000000235e-02 4.333334058831205e+00 4.333330625738416e+00 4.333335315430381e+00 3.622222536604072e+01
4.253000000000235e-02 4.333334056430571e+00 4.333330634697702e+00 4.333335308871729e+00 3.622222535563801e+01
4.254000000000235e-02 4.333334054037881e+00 4.333330643627342e+00 4.333335302334778e+00 3.622222534526973e+01
4.255000000000236e-02 4.333334051653108e+00 4.333330652527434e+00 4.333335295819459e+00 3.622222533493575e+01
4.256000000000236e-02 4.333334049276226e+00 4.333330661398077e+00 4.333335289325698e+00 3.622222532463597e+01
4.257000000000236e-02 4.333334046907209e+00 4.333330670239367e+00 4.333335282853424e+00 3.622222531437027e+01
4.258000000000237e-02 4.333334044546032e+00 4.333330679051402e+00 4.333335276402567e+00 3.622222530413854e+01
4.259000000000237e-02 4.333334042192668e+00 4.333330687834279e+00 4.333335269973055e+00 3.622222529394066e+01
4.260000000000237e-02 4.333334039847090e+00 4.333330696588092e+00 4.333335263564819e+00 3.622222528377653e+01
4.261000000000238e-02 4.333334037509274e+00 4.333330705312941e+00 4.333335257177787e+00 3.622222527364603e+01
4.262000000000238e-02 4.333334035179194e+00 4.333330714008919e+00 4.333335250811889e+00 3.622222526354905e+01
4.263000000000238e-02 4.333334032856824e+00 4.333330722676123e+00 4.333335244467056e+00 3.622222525348548e+01
4.264000000000238e-02 4.333334030542138e+00 4.333330731314646e+00 4.333335238143218e+00 3.622222524345521e+01
4.265000000000239e-02 4.333334028235112e+00 4.333330739924586e+00 4.333335231840304e+00 3.622222523345813e+01
4.266000000000239e-02 4.333334025935719e+00 4.333330748506036e+00 4.333335225558247e+00 3.622222522349414e+01
4.267000000000239e-02 4.333334023643935e+00 4.333330757059090e+00 4.333335219296976e+00 3.622222521356311e+01
4.268000000000240e-02 4.333334021359734e+00 4.333330765583844e+00 4.333335213056423e+00 3.622222520366493e+01
4.269000000000240e-02 4.333334019083091e+00 4.333330774080388e+00 4.333335206836521e+00 3.622222519379952e+01
4.270000000000240e-02 4.333334016813983e+00 4.333330782548819e+00 4.333335200637200e+00 3.622222518396674e+01
4.271000000000241e-02 4.333334014552382e+00 4.333330790989227e+00 4.333335194458392e+00 3.622222517416650e+01
4.272000000000241e-02 4.333334012298264e+00 4.333330799401707e+00 4.333335188300030e+00 3.622222516439869e+01
4.273000000000241e-02 4.333334010051606e+00 4.333330807786350e+00 4.333335182162045e+00 3.622222515466321e+01
4.274000000000241e-02 4.333334007812382e+00 4.333330816143249e+00 4.333335176044371e+00 3.622222514495993e+01
4.275000000000242e-02 4.333334005580567e+00 4.333330824472496e+00 4.333335169946939e+00 3.622222513528876e+01
4.276000000000242e-02 4.333334003356137e+00 4.333330832774181e+00 4.333335163869683e+00 3.622222512564959e+01
4.277000000000242e-02 4.333334001139068e+00 4.333330841048397e+00 4.333335157812536e+00 3.622222511604233e+01
4.278000000000243e-02 4.333333998929335e+00 4.333330849295233e+00 4.333335151775433e+00 3.622222510646685e+01
4.279000000000243e-02 4.333333996726914e+00 4.333330857514781e+00 4.333335145758306e+00 3.622222509692306e+01
4.280000000000243e-02 4.333333994531781e+00 4.333330865707132e+00 4.333335139761090e+00 3.622222508741084e+01
4.281000000000244e-02 4.333333992343911e+00 4.333330873872375e+00 4.333335133783717e+00 3.622222507793010e+01
4.282000000000244e-02 4.333333990163280e+00 4.333330882010599e+00 4.333335127826124e+00 3.622222506848073e+01
4.283000000000244e-02 4.333333987989865e+00 4.333330890121894e+00 4.333335121888244e+00 3.622222505906263e+01
4.284000000000245e-02 4.333333985823641e+00 4.333330898206349e+00 4.333335115970012e+00 3.622222504967569e+01
4.285000000000245e-02 4.333333983664586e+00 4.333330906264053e+00 4.333335110071363e+00 3.622222504031982e+01
4.286000000000245e-02 4.333333981512675e+00 4.333330914295095e+00 4.333335104192232e+00 3.622222503099491e+01
4.287000000000245e-02 4.333333979367885e+00 4.333330922299562e+00 4.333335098332555e+00 3.622222502170084e+01
4.288000000000246e-02 4.333333977230192e+00 4.333330930277543e+00 4.333335092492268e+00 3.622222501243753e+01
4.289000000000246e-02 4.333333975099571e+00 4.333330938229126e+00 4.333335086671306e+00 3.622222500320488e+01
4.290000000000246e-02 4.333333972976002e+00 4.333330946154397e+00 4.333335080869604e+00 3.622222499400277e+01
4.291000000000247e-02 4.333333970859458e+00 4.333330954053443e+00 4.333335075087101e+00 3.622222498483112e+01
4.292000000000247e-02 4.333333968749919e+00 4.333330961926352e+00 4.333335069323732e+00 3.622222497568981e+01
4.293000000000247e-02 4.333333966647360e+00 4.333330969773210e+00 4.333335063579433e+00 3.622222496657874e+01
4.294000000000248e-02 4.333333964551757e+00 4.333330977594104e+00 4.333335057854142e+00 3.622222495749783e+01
4.295000000000248e-02 4.333333962463089e+00 4.333330985389118e+00 4.333335052147795e+00 3.622222494844696e+01
4.296000000000248e-02 4.333333960381332e+00 4.333330993158340e+00 4.333335046460331e+00 3.622222493942604e+01
4.297000000000249e-02 4.333333958306464e+00 4.333331000901852e+00 4.333335040791686e+00 3.622222493043498e+01
4.298000000000249e-02 4.333333956238461e+00 4.333331008619743e+00 4.333335035141797e+00 3.622222492147366e+01
4.299000000000249e-02 4.333333954177302e+00 4.333331016312094e+00 4.333335029510605e+00 3.622222491254200e+01
4.300000000000249e-02 4.333333952122963e+00 4.333331023978993e+00 4.333335023898045e+00 3.622222490363988e+01
4.301000000000250e-02 4.333333950075422e+00 4.333331031620522e+00 4.333335018304058e+00 3.622222489476723e+01
4.302000000000250e-02 4.333333948034656e+00 4.333331039236766e+00 4.333335012728580e+00 3.622222488592394e+01
4.303000000000250e-02 4.333333946000642e+00 4.333331046827809e+00 4.333335007171551e+00 3.622222487710991e+01
4.304000000000251e-02 4.333333943973359e+00 4.333331054393732e+00 4.333335001632911e+00 3.622222486832504e+01
4.305000000000251e-02 4.333333941952784e+00 4.333331061934620e+00 4.333334996112598e+00 3.622222485956924e+01
4.306000000000251e-02 4.333333939938895e+00 4.333331069450557e+00 4.333334990610550e+00 3.622222485084241e+01
4.307000000000252e-02 4.333333937931670e+00 4.333331076941623e+00 4.333334985126709e+00 3.622222484214446e+01
4.308000000000252e-02 4.333333935931087e+00 4.333331084407901e+00 4.333334979661014e+00 3.622222483347529e+01
4.309000000000252e-02 4.333333933937123e+00 4.333331091849474e+00 4.333334974213405e+00 3.622222482483481e+01
4.310000000000253e-02 4.333333931949758e+00 4.333331099266424e+00 4.333334968783821e+00 3.622222481622292e+01
4.311000000000253e-02 4.333333929968969e+00 4.333331106658831e+00 4.333334963372203e+00 3.622222480763952e+01
4.312000000000253e-02 4.333333927994733e+00 4.333331114026778e+00 4.333334957978493e+00 3.622222479908452e+01
4.313000000000253e-02 4.333333926027031e+00 4.333331121370344e+00 4.333334952602629e+00 3.622222479055784e+01
4.314000000000254e-02 4.333333924065839e+00 4.333331128689611e+00 4.333334947244555e+00 3.622222478205936e+01
4.315000000000254e-02 4.333333922111136e+00 4.333331135984658e+00 4.333334941904210e+00 3.622222477358901e+01
4.316000000000254e-02 4.333333920162903e+00 4.333331143255567e+00 4.333334936581536e+00 3.622222476514668e+01
4.317000000000255e-02 4.333333918221116e+00 4.333331150502416e+00 4.333334931276474e+00 3.622222475673230e+01
4.318000000000255e-02 4.333333916285754e+00 4.333331157725286e+00 4.333334925988965e+00 3.622222474834575e+01
4.319000000000255e-02 4.333333914356795e+00 4.333331164924257e+00 4.333334920718953e+00 3.622222473998696e+01
4.320000000000256e-02 4.333333912434219e+00 4.333331172099406e+00 4.333334915466380e+00 3.622222473165581e+01
4.321000000000256e-02 4.333333910518006e+00 4.333331179250813e+00 4.333334910231186e+00 3.622222472335225e+01
4.322000000000256e-02 4.333333908608132e+00 4.333331186378556e+00 4.333334905013316e+00 3.622222471507616e+01
4.323000000000256e-02 4.333333906704580e+00 4.333331193482713e+00 4.333334899812711e+00 3.622222470682745e+01
4.324000000000257e-02 4.333333904807326e+00 4.333331200563364e+00 4.333334894629315e+00 3.622222469860604e+01
4.325000000000257e-02 4.333333902916349e+00 4.333331207620584e+00 4.333334889463071e+00 3.622222469041184e+01
4.326000000000257e-02 4.333333901031629e+00 4.333331214654453e+00 4.333334884313921e+00 3.622222468224474e+01
4.327000000000258e-02 4.333333899153146e+00 4.333331221665047e+00 4.333334879181810e+00 3.622222467410467e+01
4.328000000000258e-02 4.333333897280879e+00 4.333331228652444e+00 4.333334874066680e+00 3.622222466599154e+01
4.329000000000258e-02 4.333333895414807e+00 4.333331235616719e+00 4.333334868968477e+00 3.622222465790525e+01
4.330000000000259e-02 4.333333893554909e+00 4.333331242557951e+00 4.333334863887143e+00 3.622222464984571e+01
4.331000000000259e-02 4.333333891701166e+00 4.333331249476214e+00 4.333334858822623e+00 3.622222464181285e+01
4.332000000000259e-02 4.333333889853557e+00 4.333331256371585e+00 4.333334853774860e+00 3.622222463380657e+01
4.333000000000260e-02 4.333333888012061e+00 4.333331263244139e+00 4.333334848743801e+00 3.622222462582678e+01
4.334000000000260e-02 4.333333886176659e+00 4.333331270093952e+00 4.333334843729389e+00 3.622222461787340e+01
4.335000000000260e-02 4.333333884347330e+00 4.333331276921100e+00 4.333334838731570e+00 3.622222460994633e+01
4.336000000000260e-02 4.333333882524055e+00 4.333331283725657e+00 4.333334833750288e+00 3.622222460204549e+01
4.337000000000261e-02 4.333333880706813e+00 4.333331290507697e+00 4.333334828785490e+00 3.622222459417080e+01
4.338000000000261e-02 4.333333878895584e+00 4.333331297267297e+00 4.333334823837119e+00 3.622222458632216e+01
4.339000000000261e-02 4.333333877090347e+00 4.333331304004530e+00 4.333334818905122e+00 3.622222457849949e+01
4.340000000000262e-02 4.333333875291084e+00 4.333331310719470e+00 4.333334813989445e+00 3.622222457070271e+01
4.341000000000262e-02 4.333333873497774e+00 4.333331317412191e+00 4.333334809090034e+00 3.622222456293171e+01
4.342000000000262e-02 4.333333871710400e+00 4.333331324082765e+00 4.333334804206834e+00 3.622222455518645e+01
4.343000000000263e-02 4.333333869928939e+00 4.333331330731268e+00 4.333334799339793e+00 3.622222454746680e+01
4.344000000000263e-02 4.333333868153373e+00 4.333331337357770e+00 4.333334794488857e+00 3.622222453977270e+01
4.345000000000263e-02 4.333333866383682e+00 4.333331343962345e+00 4.333334789653971e+00 3.622222453210407e+01
4.346000000000264e-02 4.333333864619846e+00 4.333331350545066e+00 4.333334784835085e+00 3.622222452446081e+01
4.347000000000264e-02 4.333333862861848e+00 4.333331357106005e+00 4.333334780032144e+00 3.622222451684284e+01
4.348000000000264e-02 4.333333861109667e+00 4.333331363645235e+00 4.333334775245095e+00 3.622222450925008e+01
4.349000000000264e-02 4.333333859363283e+00 4.333331370162827e+00 4.333334770473886e+00 3.622222450168243e+01
4.350000000000265e-02 4.333333857622679e+00 4.333331376658852e+00 4.333334765718465e+00 3.622222449413984e+01
4.351000000000265e-02 4.333333855887834e+00 4.333331383133383e+00 4.333334760978779e+00 3.622222448662220e+01
4.352000000000265e-02 4.333333854158729e+00 4.333331389586490e+00 4.333334756254778e+00 3.622222447912942e+01
4.353000000000266e-02 4.333333852435346e+00 4.333331396018243e+00 4.333334751546407e+00 3.622222447166145e+01
4.354000000000266e-02 4.333333850717666e+00 4.333331402428715e+00 4.333334746853617e+00 3.622222446421819e+01
4.355000000000266e-02 4.333333849005669e+00 4.333331408817974e+00 4.333334742176355e+00 3.622222445679955e+01
4.356000000000267e-02 4.333333847299337e+00 4.333331415186092e+00 4.333334737514569e+00 3.622222444940547e+01
4.357000000000267e-02 4.333333845598651e+00 4.333331421533138e+00 4.333334732868209e+00 3.622222444203585e+01
4.358000000000267e-02 4.333333843903593e+00 4.333331427859182e+00 4.333334728237223e+00 3.622222443469062e+01
4.359000000000268e-02 4.333333842214143e+00 4.333331434164293e+00 4.333334723621561e+00 3.622222442736970e+01
4.360000000000268e-02 4.333333840530284e+00 4.333331440448542e+00 4.333334719021171e+00 3.622222442007300e+01
4.361000000000268e-02 4.333333838851996e+00 4.333331446711996e+00 4.333334714436005e+00 3.622222441280044e+01
4.362000000000268e-02 4.333333837179262e+00 4.333331452954725e+00 4.333334709866011e+00 3.622222440555194e+01
4.363000000000269e-02 4.333333835512064e+00 4.333331459176796e+00 4.333334705311138e+00 3.622222439832743e+01
4.364000000000269e-02 4.333333833850381e+00 4.333331465378279e+00 4.333334700771338e+00 3.622222439112682e+01
4.365000000000269e-02 4.333333832194198e+00 4.333331471559242e+00 4.333334696246559e+00 3.622222438395005e+01
4.366000000000270e-02 4.333333830543493e+00 4.333331477719752e+00 4.333334691736752e+00 3.622222437679702e+01
4.367000000000270e-02 4.333333828898252e+00 4.333331483859877e+00 4.333334687241869e+00 3.622222436966766e+01
4.368000000000270e-02 4.333333827258454e+00 4.333331489979685e+00 4.333334682761858e+00 3.622222436256189e+01
4.369000000000271e-02 4.333333825624083e+00 4.333331496079243e+00 4.333334678296672e+00 3.622222435547963e+01
4.370000000000271e-02 4.333333823995119e+00 4.333331502158618e+00 4.333334673846260e+00 3.622222434842080e+01
4.371000000000271e-02 4.333333822371546e+00 4.333331508217877e+00 4.333334669410575e+00 3.622222434138533e+01
4.372000000000272e-02 4.333333820753345e+00 4.333331514257085e+00 4.333334664989567e+00 3.622222433437314e+01
4.373000000000272e-02 4.333333819140498e+00 4.333331520276310e+00 4.333334660583189e+00 3.622222432738416e+01
4.374000000000272e-02 4.333333817532989e+00 4.333331526275619e+00 4.333334656191391e+00 3.622222432041830e+01
4.375000000000272e-02 4.333333815930798e+00 4.333331532255076e+00 4.333334651814124e+00 3.622222431347549e+01
4.376000000000273e-02 4.333333814333908e+00 4.333331538214747e+00 4.333334647451342e+00 3.622222430655566e+01
4.377000000000273e-02 4.333333812742303e+00 4.333331544154698e+00 4.333334643102996e+00 3.622222429965873e+01
4.378000000000273e-02 4.333333811155965e+00 4.333331550074994e+00 4.333334638769039e+00 3.622222429278460e+01
4.379000000000274e-02 4.333333809574875e+00 4.333331555975700e+00 4.333334634449423e+00 3.622222428593323e+01
4.380000000000274e-02 4.333333807999018e+00 4.333331561856881e+00 4.333334630144099e+00 3.622222427910453e+01
4.381000000000274e-02 4.333333806428374e+00 4.333331567718601e+00 4.333334625853023e+00 3.622222427229843e+01
4.382000000000275e-02 4.333333804862928e+00 4.333331573560925e+00 4.333334621576145e+00 3.622222426551484e+01
4.383000000000275e-02 4.333333803302662e+00 4.333331579383917e+00 4.333334617313419e+00 3.622222425875370e+01
4.384000000000275e-02 4.333333801747559e+00 4.333331585187641e+00 4.333334613064798e+00 3.622222425201493e+01
4.385000000000275e-02 4.333333800197602e+00 4.333331590972161e+00 4.333334608830236e+00 3.622222424529846e+01
4.386000000000276e-02 4.333333798652773e+00 4.333331596737541e+00 4.333334604609686e+00 3.622222423860422e+01
4.387000000000276e-02 4.333333797113056e+00 4.333331602483843e+00 4.333334600403100e+00 3.622222423193213e+01
4.388000000000276e-02 4.333333795578434e+00 4.333331608211131e+00 4.333334596210435e+00 3.622222422528211e+01
4.389000000000277e-02 4.333333794048890e+00 4.333331613919467e+00 4.333334592031642e+00 3.622222421865411e+01
4.390000000000277e-02 4.333333792524407e+00 4.333331619608915e+00 4.333334587866677e+00 3.622222421204803e+01
4.391000000000277e-02 4.333333791004968e+00 4.333331625279536e+00 4.333334583715494e+00 3.622222420546382e+01
4.392000000000278e-02 4.333333789490557e+00 4.333331630931395e+00 4.333334579578046e+00 3.622222419890139e+01
4.393000000000278e-02 4.333333787981157e+00 4.333331636564551e+00 4.333334575454289e+00 3.622222419236067e+01
4.394000000000278e-02 4.333333786476752e+00 4.333331642179068e+00 4.333334571344178e+00 3.622222418584160e+01
4.395000000000279e-02 4.333333784977325e+00 4.333331647775006e+00 4.333334567247666e+00 3.622222417934410e+01
4.396000000000279e-02 4.333333783482860e+00 4.333331653352428e+00 4.333334563164711e+00 3.622222417286809e+01
4.397000000000279e-02 4.333333781993339e+00 4.333331658911395e+00 4.333334559095265e+00 3.622222416641352e+01
4.398000000000279e-02 4.333333780508748e+00 4.333331664451967e+00 4.333334555039285e+00 3.622222415998031e+01
4.399000000000280e-02 4.333333779029068e+00 4.333331669974205e+00 4.333334550996725e+00 3.622222415356838e+01
4.400000000000280e-02 4.333333777554286e+00 4.333331675478171e+00 4.333334546967542e+00 3.622222414717766e+01
4.401000000000280e-02 4.333333776084382e+00 4.333331680963926e+00 4.333334542951692e+00 3.622222414080809e+01
4.402000000000281e-02 4.333333774619343e+00 4.333331686431527e+00 4.333334538949130e+00 3.622222413445961e+01
4.403000000000281e-02 4.333333773159151e+00 4.333331691881036e+00 4.333334534959813e+00 3.622222412813213e+01
4.404000000000281e-02 4.333333771703791e+00 4.333331697312513e+00 4.333334530983696e+00 3.622222412182558e+01
4.405000000000282e-02 4.333333770253248e+00 4.333331702726017e+00 4.333334527020735e+00 3.622222411553990e+01
4.406000000000282e-02 4.333333768807504e+00 4.333331708121609e+00 4.333334523070888e+00 3.622222410927503e+01
4.407000000000282e-02 4.333333767366542e+00 4.333331713499347e+00 4.333334519134111e+00 3.622222410303088e+01
4.408000000000283e-02 4.333333765930350e+00 4.333331718859291e+00 4.333334515210360e+00 3.622222409680739e+01
4.409000000000283e-02 4.333333764498909e+00 4.333331724201499e+00 4.333334511299592e+00 3.622222409060449e+01
4.410000000000283e-02 4.333333763072206e+00 4.333331729526030e+00 4.333334507401765e+00 3.622222408442212e+01
4.411000000000283e-02 4.333333761650223e+00 4.333331734832941e+00 4.333334503516835e+00 3.622222407826022e+01
4.412000000000284e-02 4.333333760232946e+00 4.333331740122293e+00 4.333334499644761e+00 3.622222407211869e+01
4.413000000000284e-02 4.333333758820359e+00 4.333331745394143e+00 4.333334495785500e+00 3.622222406599749e+01
4.414000000000284e-02 4.333333757412445e+00 4.333331750648548e+00 4.333334491939008e+00 3.622222405989655e+01
4.415000000000285e-02 4.333333756009190e+00 4.333331755885567e+00 4.333334488105244e+00 3.622222405381579e+01
4.416000000000285e-02 4.333333754610578e+00 4.333331761105256e+00 4.333334484284166e+00 3.622222404775515e+01
4.417000000000285e-02 4.333333753216595e+00 4.333331766307674e+00 4.333334480475733e+00 3.622222404171456e+01
4.418000000000286e-02 4.333333751827224e+00 4.333331771492878e+00 4.333334476679901e+00 3.622222403569396e+01
4.419000000000286e-02 4.333333750442451e+00 4.333331776660924e+00 4.333334472896628e+00 3.622222402969329e+01
4.420000000000286e-02 4.333333749062259e+00 4.333331781811870e+00 4.333334469125875e+00 3.622222402371246e+01
4.421000000000287e-02 4.333333747686634e+00 4.333331786945771e+00 4.333334465367598e+00 3.622222401775144e+01
4.422000000000287e-02 4.333333746315561e+00 4.333331792062684e+00 4.333334461621758e+00 3.622222401181013e+01
4.423000000000287e-02 4.333333744949025e+00 4.333331797162665e+00 4.333334457888312e+00 3.622222400588849e+01
4.424000000000287e-02 4.333333743587011e+00 4.333331802245771e+00 4.333334454167220e+00 3.622222399998645e+01
4.425000000000288e-02 4.333333742229504e+00 4.333331807312057e+00 4.333334450458441e+00 3.622222399410393e+01
4.426000000000288e-02 4.333333740876489e+00 4.333331812361579e+00 4.333334446761934e+00 3.622222398824087e+01
4.427000000000288e-02 4.333333739527950e+00 4.333331817394393e+00 4.333334443077659e+00 3.622222398239721e+01
4.428000000000289e-02 4.333333738183873e+00 4.333331822410553e+00 4.333334439405574e+00 3.622222397657290e+01
4.429000000000289e-02 4.333333736844244e+00 4.333331827410115e+00 4.333334435745640e+00 3.622222397076786e+01
4.430000000000289e-02 4.333333735509048e+00 4.333331832393134e+00 4.333334432097818e+00 3.622222396498201e+01
4.431000000000290e-02 4.333333734178270e+00 4.333331837359665e+00 4.333334428462065e+00 3.622222395921533e+01
4.432000000000290e-02 4.333333732851895e+00 4.333331842309761e+00 4.333334424838343e+00 3.622222395346771e+01
4.433000000000290e-02 4.333333731529910e+00 4.333331847243477e+00 4.333334421226612e+00 3.622222394773912e+01
4.434000000000290e-02 4.333333730212299e+00 4.333331852160868e+00 4.333334417626832e+00 3.622222394202948e+01
4.435000000000291e-02 4.333333728899048e+00 4.333331857061988e+00 4.333334414038963e+00 3.622222393633874e+01
4.436000000000291e-02 4.333333727590142e+00 4.333331861946890e+00 4.333334410462967e+00 3.622222393066682e+01
4.437000000000291e-02 4.333333726285567e+00 4.333331866815628e+00 4.333334406898803e+00 3.622222392501367e+01
4.438000000000292e-02 4.333333724985309e+00 4.333331871668256e+00 4.333334403346432e+00 3.622222391937923e+01
4.439000000000292e-02 4.333333723689354e+00 4.333331876504827e+00 4.333334399805817e+00 3.622222391376344e+01
4.440000000000292e-02 4.333333722397688e+00 4.333331881325394e+00 4.333334396276917e+00 3.622222390816622e+01
4.441000000000293e-02 4.333333721110296e+00 4.333331886130011e+00 4.333334392759694e+00 3.622222390258753e+01
4.442000000000293e-02 4.333333719827163e+00 4.333331890918728e+00 4.333334389254109e+00 3.622222389702730e+01
4.443000000000293e-02 4.333333718548276e+00 4.333331895691601e+00 4.333334385760123e+00 3.622222389148546e+01
4.444000000000294e-02 4.333333717273620e+00 4.333331900448679e+00 4.333334382277699e+00 3.622222388596197e+01
4.445000000000294e-02 4.333333716003183e+00 4.333331905190017e+00 4.333334378806799e+00 3.622222388045675e+01
4.446000000000294e-02 4.333333714736948e+00 4.333331909915667e+00 4.333334375347384e+00 3.622222387496975e+01
4.447000000000294e-02 4.333333713474905e+00 4.333331914625679e+00 4.333334371899416e+00 3.622222386950090e+01
4.448000000000295e-02 4.333333712217037e+00 4.333331919320106e+00 4.333334368462856e+00 3.622222386405015e+01
4.449000000000295e-02 4.333333710963331e+00 4.333331923998998e+00 4.333334365037668e+00 3.622222385861744e+01
4.450000000000295e-02 4.333333709713775e+00 4.333331928662410e+00 4.333334361623814e+00 3.622222385320270e+01
4.451000000000296e-02 4.333333708468351e+00 4.333331933310391e+00 4.333334358221256e+00 3.622222384780588e+01
4.452000000000296e-02 4.333333707227049e+00 4.333331937942991e+00 4.333334354829956e+00 3.622222384242692e+01
4.453000000000296e-02 4.333333705989855e+00 4.333331942560263e+00 4.333334351449879e+00 3.622222383706575e+01
4.454000000000297e-02 4.333333704756754e+00 4.333331947162256e+00 4.333334348080985e+00 3.622222383172233e+01
4.455000000000297e-02 4.333333703527734e+00 4.333331951749022e+00 4.333334344723240e+00 3.622222382639659e+01
4.456000000000297e-02 4.333333702302780e+00 4.333331956320611e+00 4.333334341376605e+00 3.622222382108847e+01
4.457000000000298e-02 4.333333701081880e+00 4.333331960877072e+00 4.333334338041044e+00 3.622222381579792e+01
4.458000000000298e-02 4.333333699865020e+00 4.333331965418455e+00 4.333334334716520e+00 3.622222381052487e+01
4.459000000000298e-02 4.333333698652186e+00 4.333331969944812e+00 4.333334331402997e+00 3.622222380526927e+01
4.460000000000298e-02 4.333333697443366e+00 4.333331974456191e+00 4.333334328100438e+00 3.622222380003105e+01
4.461000000000299e-02 4.333333696238545e+00 4.333331978952642e+00 4.333334324808807e+00 3.622222379481017e+01
4.462000000000299e-02 4.333333695037711e+00 4.333331983434215e+00 4.333334321528069e+00 3.622222378960656e+01
4.463000000000299e-02 4.333333693840851e+00 4.333331987900959e+00 4.333334318258186e+00 3.622222378442017e+01
4.464000000000300e-02 4.333333692647951e+00 4.333331992352922e+00 4.333334314999123e+00 3.622222377925095e+01
4.465000000000300e-02 4.333333691458999e+00 4.333331996790154e+00 4.333334311750844e+00 3.622222377409883e+01
4.466000000000300e-02 4.333333690273981e+00 4.333332001212703e+00 4.333334308513312e+00 3.622222376896376e+01
4.467000000000301e-02 4.333333689092883e+00 4.333332005620619e+00 4.333334305286495e+00 3.622222376384568e+01
4.468000000000301e-02 4.333333687915694e+00 4.333332010013949e+00 4.333334302070354e+00 3.622222375874453e+01
4.469000000000301e-02 4.333333686742400e+00 4.333332014392743e+00 4.333334298864855e+00 3.622222375366026e+01
4.470000000000302e-02 4.333333685572988e+00 4.333332018757046e+00 4.333334295669964e+00 3.622222374859282e+01
4.471000000000302e-02 4.333333684407446e+00 4.333332023106909e+00 4.333334292485644e+00 3.622222374354214e+01
4.472000000000302e-02 4.333333683245760e+00 4.333332027442378e+00 4.333334289311860e+00 3.622222373850818e+01
4.473000000000302e-02 4.333333682087918e+00 4.333332031763501e+00 4.333334286148578e+00 3.622222373349088e+01
4.474000000000303e-02 4.333333680933908e+00 4.333332036070326e+00 4.333334282995764e+00 3.622222372849017e+01
4.475000000000303e-02 4.333333679783716e+00 4.333332040362899e+00 4.333334279853382e+00 3.622222372350602e+01
4.476000000000303e-02 4.333333678637330e+00 4.333332044641269e+00 4.333334276721398e+00 3.622222371853835e+01
4.477000000000304e-02 4.333333677494738e+00 4.333332048905481e+00 4.333334273599778e+00 3.622222371358713e+01
4.478000000000304e-02 4.333333676355926e+00 4.333332053155584e+00 4.333334270488487e+00 3.622222370865228e+01
4.479000000000304e-02 4.333333675220883e+00 4.333332057391623e+00 4.333334267387492e+00 3.622222370373377e+01
4.480000000000305e-02 4.333333674089595e+00 4.333332061613646e+00 4.333334264296757e+00 3.622222369883153e+01
4.481000000000305e-02 4.333333672962051e+00 4.333332065821699e+00 4.333334261216248e+00 3.622222369394551e+01
4.482000000000305e-02 4.333333671838238e+00 4.333332070015826e+00 4.333334258145934e+00 3.622222368907565e+01
4.483000000000305e-02 4.333333670718143e+00 4.333332074196075e+00 4.333334255085778e+00 3.622222368422192e+01
4.484000000000306e-02 4.333333669601755e+00 4.333332078362493e+00 4.333334252035749e+00 3.622222367938425e+01
4.485000000000306e-02 4.333333668489061e+00 4.333332082515123e+00 4.333334248995812e+00 3.622222367456258e+01
4.486000000000306e-02 4.333333667380049e+00 4.333332086654013e+00 4.333334245965935e+00 3.622222366975687e+01
4.487000000000307e-02 4.333333666274706e+00 4.333332090779208e+00 4.333334242946083e+00 3.622222366496706e+01
4.488000000000307e-02 4.333333665173021e+00 4.333332094890753e+00 4.333334239936224e+00 3.622222366019310e+01
4.489000000000307e-02 4.333333664074981e+00 4.333332098988692e+00 4.333334236936324e+00 3.622222365543494e+01
4.490000000000308e-02 4.333333662980576e+00 4.333332103073072e+00 4.333334233946350e+00 3.622222365069252e+01
4.491000000000308e-02 4.333333661889791e+00 4.333332107143937e+00 4.333334230966270e+00 3.622222364596580e+01
4.492000000000308e-02 4.333333660802615e+00 4.333332111201332e+00 4.333334227996051e+00 3.622222364125471e+01
4.493000000000309e-02 4.333333659719036e+00 4.333332115245302e+00 4.333334225035660e+00 3.622222363655921e+01
4.494000000000309e-02 4.333333658639043e+00 4.333332119275889e+00 4.333334222085065e+00 3.622222363187925e+01
4.495000000000309e-02 4.333333657562624e+00 4.333332123293140e+00 4.333334219144233e+00 3.622222362721477e+01
4.496000000000309e-02 4.333333656489768e+00 4.333332127297098e+00 4.333334216213133e+00 3.622222362256573e+01
4.497000000000310e-02 4.333333655420461e+00 4.333332131287807e+00 4.333334213291731e+00 3.622222361793207e+01
4.498000000000310e-02 4.333333654354692e+00 4.333332135265310e+00 4.333334210379996e+00 3.622222361331374e+01
4.499000000000310e-02 4.333333653292449e+00 4.333332139229653e+00 4.333334207477896e+00 3.622222360871070e+01
4.500000000000311e-02 4.333333652233722e+00 4.333332143180878e+00 4.333334204585399e+00 3.622222360412289e+01
4.501000000000311e-02 4.333333651178497e+00 4.333332147119029e+00 4.333334201702473e+00 3.622222359955025e+01
4.502000000000311e-02 4.333333650126765e+00 4.333332151044149e+00 4.333334198829086e+00 3.622222359499275e+01
4.503000000000312e-02 4.333333649078512e+00 4.333332154956280e+00 4.333334195965207e+00 3.622222359045033e+01
4.504000000000312e-02 4.333333648033729e+00 4.333332158855467e+00 4.333334193110805e+00 3.622222358592294e+01
4.505000000000312e-02 4.333333646992402e+00 4.333332162741751e+00 4.333334190265847e+00 3.622222358141054e+01
4.506000000000313e-02 4.333333645954521e+00 4.333332166615175e+00 4.333334187430304e+00 3.622222357691306e+01
4.507000000000313e-02 4.333333644920074e+00 4.333332170475783e+00 4.333334184604143e+00 3.622222357243047e+01
4.508000000000313e-02 4.333333643889050e+00 4.333332174323616e+00 4.333334181787333e+00 3.622222356796271e+01
4.509000000000313e-02 4.333333642861438e+00 4.333332178158718e+00 4.333334178979845e+00 3.622222356350973e+01
4.510000000000314e-02 4.333333641837226e+00 4.333332181981128e+00 4.333334176181646e+00 3.622222355907148e+01
4.511000000000314e-02 4.333333640816403e+00 4.333332185790891e+00 4.333334173392706e+00 3.622222355464792e+01
4.512000000000314e-02 4.333333639798958e+00 4.333332189588047e+00 4.333334170612995e+00 3.622222355023900e+01
4.513000000000315e-02 4.333333638784881e+00 4.333332193372638e+00 4.333334167842481e+00 3.622222354584467e+01
4.514000000000315e-02 4.333333637774158e+00 4.333332197144706e+00 4.333334165081135e+00 3.622222354146488e+01
4.515000000000315e-02 4.333333636766779e+00 4.333332200904294e+00 4.333334162328926e+00 3.622222353709959e+01
4.516000000000316e-02 4.333333635762735e+00 4.333332204651440e+00 4.333334159585824e+00 3.622222353274873e+01
4.517000000000316e-02 4.333333634762011e+00 4.333332208386188e+00 4.333334156851799e+00 3.622222352841227e+01
4.518000000000316e-02 4.333333633764600e+00 4.333332212108577e+00 4.333334154126821e+00 3.622222352409016e+01
4.519000000000317e-02 4.333333632770490e+00 4.333332215818650e+00 4.333334151410861e+00 3.622222351978235e+01
4.520000000000317e-02 4.333333631779668e+00 4.333332219516445e+00 4.333334148703886e+00 3.622222351548879e+01
4.521000000000317e-02 4.333333630792125e+00 4.333332223202006e+00 4.333334146005869e+00 3.622222351120944e+01
4.522000000000317e-02 4.333333629807850e+00 4.333332226875370e+00 4.333334143316780e+00 3.622222350694425e+01
4.523000000000318e-02 4.333333628826831e+00 4.333332230536580e+00 4.333334140636588e+00 3.622222350269318e+01
4.524000000000318e-02 4.333333627849059e+00 4.333332234185676e+00 4.333334137965265e+00 3.622222349845617e+01
4.525000000000318e-02 4.333333626874522e+00 4.333332237822696e+00 4.333334135302781e+00 3.622222349423319e+01
4.526000000000319e-02 4.333333625903210e+00 4.333332241447682e+00 4.333334132649107e+00 3.622222349002418e+01
4.527000000000319e-02 4.333333624935112e+00 4.333332245060673e+00 4.333334130004214e+00 3.622222348582910e+01
4.528000000000319e-02 4.333333623970218e+00 4.333332248661709e+00 4.333334127368073e+00 3.622222348164789e+01
4.529000000000320e-02 4.333333623008516e+00 4.333332252250829e+00 4.333334124740655e+00 3.622222347748053e+01
4.530000000000320e-02 4.333333622049997e+00 4.333332255828073e+00 4.333334122121931e+00 3.622222347332695e+01
4.531000000000320e-02 4.333333621094649e+00 4.333332259393480e+00 4.333334119511872e+00 3.622222346918711e+01
4.532000000000320e-02 4.333333620142462e+00 4.333332262947089e+00 4.333334116910450e+00 3.622222346506097e+01
4.533000000000321e-02 4.333333619193427e+00 4.333332266488940e+00 4.333334114317636e+00 3.622222346094849e+01
4.534000000000321e-02 4.333333618247531e+00 4.333332270019071e+00 4.333334111733401e+00 3.622222345684962e+01
4.535000000000321e-02 4.333333617304765e+00 4.333332273537520e+00 4.333334109157716e+00 3.622222345276431e+01
4.536000000000322e-02 4.333333616365119e+00 4.333332277044327e+00 4.333334106590555e+00 3.622222344869252e+01
4.537000000000322e-02 4.333333615428582e+00 4.333332280539531e+00 4.333334104031888e+00 3.622222344463421e+01
4.538000000000322e-02 4.333333614495145e+00 4.333332284023169e+00 4.333334101481688e+00 3.622222344058932e+01
4.539000000000323e-02 4.333333613564796e+00 4.333332287495280e+00 4.333334098939926e+00 3.622222343655781e+01
4.540000000000323e-02 4.333333612637524e+00 4.333332290955902e+00 4.333334096406575e+00 3.622222343253965e+01
4.541000000000323e-02 4.333333611713321e+00 4.333332294405072e+00 4.333334093881606e+00 3.622222342853478e+01
4.542000000000324e-02 4.333333610792176e+00 4.333332297842830e+00 4.333334091364994e+00 3.622222342454316e+01
4.543000000000324e-02 4.333333609874080e+00 4.333332301269212e+00 4.333334088856708e+00 3.622222342056475e+01
4.544000000000324e-02 4.333333608959022e+00 4.333332304684256e+00 4.333334086356722e+00 3.622222341659950e+01
4.545000000000324e-02 4.333333608046991e+00 4.333332308088000e+00 4.333334083865009e+00 3.622222341264737e+01
4.546000000000325e-02 4.333333607137978e+00 4.333332311480482e+00 4.333334081381540e+00 3.622222340870831e+01
4.547000000000325e-02 4.333333606231973e+00 4.333332314861738e+00 4.333334078906289e+00 3.622222340478229e+01
4.548000000000325e-02 4.333333605328966e+00 4.333332318231805e+00 4.333334076439228e+00 3.622222340086928e+01
4.549000000000326e-02 4.333333604428947e+00 4.333332321590722e+00 4.333334073980331e+00 3.622222339696920e+01
4.550000000000326e-02 4.333333603531906e+00 4.333332324938524e+00 4.333334071529570e+00 3.622222339308203e+01
4.551000000000326e-02 4.333333602637834e+00 4.333332328275247e+00 4.333334069086918e+00 3.622222338920773e+01
4.552000000000327e-02 4.333333601746720e+00 4.333332331600930e+00 4.333334066652349e+00 3.622222338534624e+01
4.553000000000327e-02 4.333333600858555e+00 4.333332334915609e+00 4.333334064225836e+00 3.622222338149754e+01
4.554000000000327e-02 4.333333599973328e+00 4.333332338219320e+00 4.333334061807352e+00 3.622222337766156e+01
4.555000000000328e-02 4.333333599091031e+00 4.333332341512099e+00 4.333334059396870e+00 3.622222337383827e+01
4.556000000000328e-02 4.333333598211652e+00 4.333332344793982e+00 4.333334056994365e+00 3.622222337002763e+01
4.557000000000328e-02 4.333333597335184e+00 4.333332348065006e+00 4.333334054599810e+00 3.622222336622961e+01
4.558000000000328e-02 4.333333596461616e+00 4.333332351325206e+00 4.333334052213178e+00 3.622222336244416e+01
4.559000000000329e-02 4.333333595590938e+00 4.333332354574618e+00 4.333334049834443e+00 3.622222335867123e+01
4.560000000000329e-02 4.333333594723142e+00 4.333332357813278e+00 4.333334047463580e+00 3.622222335491078e+01
4.561000000000329e-02 4.333333593858216e+00 4.333332361041221e+00 4.333334045100561e+00 3.622222335116277e+01
4.562000000000330e-02 4.333333592996154e+00 4.333332364258483e+00 4.333334042745362e+00 3.622222334742717e+01
4.563000000000330e-02 4.333333592136944e+00 4.333332367465100e+00 4.333334040397956e+00 3.622222334370393e+01
4.564000000000330e-02 4.333333591280577e+00 4.333332370661106e+00 4.333334038058317e+00 3.622222333999301e+01
4.565000000000331e-02 4.333333590427043e+00 4.333332373846536e+00 4.333334035726420e+00 3.622222333629437e+01
4.566000000000331e-02 4.333333589576333e+00 4.333332377021426e+00 4.333334033402239e+00 3.622222333260797e+01
4.567000000000331e-02 4.333333588728438e+00 4.333332380185810e+00 4.333334031085748e+00 3.622222332893377e+01
4.568000000000332e-02 4.333333587883350e+00 4.333332383339724e+00 4.333334028776923e+00 3.622222332527172e+01
4.569000000000332e-02 4.333333587041057e+00 4.333332386483201e+00 4.333334026475737e+00 3.622222332162179e+01
4.570000000000332e-02 4.333333586201552e+00 4.333332389616278e+00 4.333334024182165e+00 3.622222331798394e+01
4.571000000000332e-02 4.333333585364825e+00 4.333332392738987e+00 4.333334021896183e+00 3.622222331435813e+01
4.572000000000333e-02 4.333333584530866e+00 4.333332395851363e+00 4.333334019617766e+00 3.622222331074432e+01
4.573000000000333e-02 4.333333583699667e+00 4.333332398953440e+00 4.333334017346887e+00 3.622222330714246e+01
4.574000000000333e-02 4.333333582871218e+00 4.333332402045253e+00 4.333334015083524e+00 3.622222330355252e+01
4.575000000000334e-02 4.333333582045510e+00 4.333332405126835e+00 4.333334012827649e+00 3.622222329997447e+01
4.576000000000334e-02 4.333333581222535e+00 4.333332408198221e+00 4.333334010579239e+00 3.622222329640824e+01
4.577000000000334e-02 4.333333580402283e+00 4.333332411259443e+00 4.333334008338269e+00 3.622222329285381e+01
4.578000000000335e-02 4.333333579584745e+00 4.333332414310536e+00 4.333334006104713e+00 3.622222328931115e+01
4.579000000000335e-02 4.333333578769913e+00 4.333332417351533e+00 4.333334003878548e+00 3.622222328578022e+01
4.580000000000335e-02 4.333333577957776e+00 4.333332420382468e+00 4.333334001659750e+00 3.622222328226096e+01
4.581000000000335e-02 4.333333577148327e+00 4.333332423403373e+00 4.333333999448294e+00 3.622222327875335e+01
4.582000000000336e-02 4.333333576341556e+00 4.333332426414283e+00 4.333333997244154e+00 3.622222327525735e+01
4.583000000000336e-02 4.333333575537455e+00 4.333332429415229e+00 4.333333995047309e+00 3.622222327177292e+01
4.584000000000336e-02 4.333333574736014e+00 4.333332432406245e+00 4.333333992857733e+00 3.622222326830001e+01
4.585000000000337e-02 4.333333573937225e+00 4.333332435387365e+00 4.333333990675403e+00 3.622222326483860e+01
4.586000000000337e-02 4.333333573141080e+00 4.333332438358620e+00 4.333333988500294e+00 3.622222326138864e+01
4.587000000000337e-02 4.333333572347569e+00 4.333332441320043e+00 4.333333986332382e+00 3.622222325795010e+01
4.588000000000338e-02 4.333333571556683e+00 4.333332444271667e+00 4.333333984171643e+00 3.622222325452293e+01
4.589000000000338e-02 4.333333570768415e+00 4.333332447213524e+00 4.333333982018054e+00 3.622222325110710e+01
4.590000000000338e-02 4.333333569982755e+00 4.333332450145647e+00 4.333333979871592e+00 3.622222324770257e+01
4.591000000000339e-02 4.333333569199695e+00 4.333332453068068e+00 4.333333977732231e+00 3.622222324430932e+01
4.592000000000339e-02 4.333333568419226e+00 4.333332455980818e+00 4.333333975599950e+00 3.622222324092729e+01
4.593000000000339e-02 4.333333567641340e+00 4.333332458883930e+00 4.333333973474724e+00 3.622222323755646e+01
4.594000000000339e-02 4.333333566866027e+00 4.333332461777436e+00 4.333333971356531e+00 3.622222323419677e+01
4.595000000000340e-02 4.333333566093280e+00 4.333332464661368e+00 4.333333969245347e+00 3.622222323084821e+01
4.596000000000340e-02 4.333333565323090e+00 4.333332467535756e+00 4.333333967141148e+00 3.622222322751072e+01
4.597000000000340e-02 4.333333564555448e+00 4.333332470400634e+00 4.333333965043912e+00 3.622222322418428e+01
4.598000000000341e-02 4.333333563790347e+00 4.333332473256031e+00 4.333333962953616e+00 3.622222322086884e+01
4.599000000000341e-02 4.333333563027777e+00 4.333332476101981e+00 4.333333960870236e+00 3.622222321756438e+01
4.600000000000341e-02 4.333333562267730e+00 4.333332478938514e+00 4.333333958793751e+00 3.622222321427084e+01
4.601000000000342e-02 4.333333561510198e+00 4.333332481765661e+00 4.333333956724136e+00 3.622222321098821e+01
4.602000000000342e-02 4.333333560755174e+00 4.333332484583452e+00 4.333333954661369e+00 3.622222320771644e+01
4.603000000000342e-02 4.333333560002647e+00 4.333332487391920e+00 4.333333952605428e+00 3.622222320445549e+01
4.604000000000343e-02 4.333333559252610e+00 4.333332490191094e+00 4.333333950556290e+00 3.622222320120533e+01
4.605000000000343e-02 4.333333558505055e+00 4.333332492981007e+00 4.333333948513933e+00 3.622222319796593e+01
4.606000000000343e-02 4.333333557759974e+00 4.333332495761687e+00 4.333333946478334e+00 3.622222319473725e+01
4.607000000000343e-02 4.333333557017358e+00 4.333332498533166e+00 4.333333944449470e+00 3.622222319151925e+01
4.608000000000344e-02 4.333333556277200e+00 4.333332501295475e+00 4.333333942427320e+00 3.622222318831190e+01
4.609000000000344e-02 4.333333555539491e+00 4.333332504048643e+00 4.333333940411860e+00 3.622222318511517e+01
4.610000000000344e-02 4.333333554804224e+00 4.333332506792702e+00 4.333333938403070e+00 3.622222318192900e+01
4.611000000000345e-02 4.333333554071388e+00 4.333332509527681e+00 4.333333936400928e+00 3.622222317875338e+01
4.612000000000345e-02 4.333333553340978e+00 4.333332512253610e+00 4.333333934405410e+00 3.622222317558828e+01
4.613000000000345e-02 4.333333552612985e+00 4.333332514970518e+00 4.333333932416495e+00 3.622222317243364e+01
4.614000000000346e-02 4.333333551887401e+00 4.333332517678437e+00 4.333333930434161e+00 3.622222316928944e+01
4.615000000000346e-02 4.333333551164217e+00 4.333332520377394e+00 4.333333928458386e+00 3.622222316615565e+01
4.616000000000346e-02 4.333333550443426e+00 4.333332523067422e+00 4.333333926489150e+00 3.622222316303223e+01
4.617000000000347e-02 4.333333549725021e+00 4.333332525748548e+00 4.333333924526429e+00 3.622222315991914e+01
4.618000000000347e-02 4.333333549008993e+00 4.333332528420803e+00 4.333333922570203e+00 3.622222315681636e+01
4.619000000000347e-02 4.333333548295334e+00 4.333332531084214e+00 4.333333920620450e+00 3.622222315372384e+01
4.620000000000347e-02 4.333333547584036e+00 4.333332533738814e+00 4.333333918677148e+00 3.622222315064155e+01
4.621000000000348e-02 4.333333546875092e+00 4.333332536384629e+00 4.333333916740277e+00 3.622222314756947e+01
4.622000000000348e-02 4.333333546168494e+00 4.333332539021689e+00 4.333333914809815e+00 3.622222314450755e+01
4.623000000000348e-02 4.333333545464233e+00 4.333332541650024e+00 4.333333912885741e+00 3.622222314145575e+01
4.624000000000349e-02 4.333333544762303e+00 4.333332544269662e+00 4.333333910968033e+00 3.622222313841405e+01
4.625000000000349e-02 4.333333544062697e+00 4.333332546880631e+00 4.333333909056670e+00 3.622222313538242e+01
4.626000000000349e-02 4.333333543365405e+00 4.333332549482960e+00 4.333333907151633e+00 3.622222313236082e+01
4.627000000000350e-02 4.333333542670420e+00 4.333332552076679e+00 4.333333905252900e+00 3.622222312934922e+01
4.628000000000350e-02 4.333333541977735e+00 4.333332554661815e+00 4.333333903360449e+00 3.622222312634759e+01
4.629000000000350e-02 4.333333541287342e+00 4.333332557238397e+00 4.333333901474260e+00 3.622222312335589e+01
4.630000000000351e-02 4.333333540599233e+00 4.333332559806453e+00 4.333333899594312e+00 3.622222312037409e+01
4.631000000000351e-02 4.333333539913401e+00 4.333332562366012e+00 4.333333897720585e+00 3.622222311740216e+01
4.632000000000351e-02 4.333333539229838e+00 4.333332564917102e+00 4.333333895853058e+00 3.622222311444006e+01
4.633000000000351e-02 4.333333538548538e+00 4.333332567459750e+00 4.333333893991711e+00 3.622222311148776e+01
4.634000000000352e-02 4.333333537869492e+00 4.333332569993984e+00 4.333333892136522e+00 3.622222310854524e+01
4.635000000000352e-02 4.333333537192693e+00 4.333332572519833e+00 4.333333890287472e+00 3.622222310561244e+01
4.636000000000352e-02 4.333333536518133e+00 4.333332575037324e+00 4.333333888444541e+00 3.622222310268935e+01
4.637000000000353e-02 4.333333535845806e+00 4.333332577546484e+00 4.333333886607708e+00 3.622222309977593e+01
4.638000000000353e-02 4.333333535175703e+00 4.333332580047341e+00 4.333333884776952e+00 3.622222309687216e+01
4.639000000000353e-02 4.333333534507816e+00 4.333332582539924e+00 4.333333882952255e+00 3.622222309397799e+01
4.640000000000354e-02 4.333333533842141e+00 4.333332585024259e+00 4.333333881133595e+00 3.622222309109340e+01
4.641000000000354e-02 4.333333533178668e+00 4.333332587500373e+00 4.333333879320953e+00 3.622222308821836e+01
4.642000000000354e-02 4.333333532517390e+00 4.333332589968294e+00 4.333333877514310e+00 3.622222308535283e+01
4.643000000000354e-02 4.333333531858300e+00 4.333332592428049e+00 4.333333875713643e+00 3.622222308249678e+01
4.644000000000355e-02 4.333333531201392e+00 4.333332594879665e+00 4.333333873918936e+00 3.622222307965018e+01
4.645000000000355e-02 4.333333530546658e+00 4.333332597323168e+00 4.333333872130167e+00 3.622222307681300e+01
4.646000000000355e-02 4.333333529894089e+00 4.333332599758585e+00 4.333333870347317e+00 3.622222307398521e+01
4.647000000000356e-02 4.333333529243681e+00 4.333332602185945e+00 4.333333868570366e+00 3.622222307116677e+01
4.648000000000356e-02 4.333333528595423e+00 4.333332604605273e+00 4.333333866799296e+00 3.622222306835766e+01
4.649000000000356e-02 4.333333527949311e+00 4.333332607016595e+00 4.333333865034086e+00 3.622222306555784e+01
4.650000000000357e-02 4.333333527305338e+00 4.333332609419938e+00 4.333333863274717e+00 3.622222306276728e+01
4.651000000000357e-02 4.333333526663495e+00 4.333332611815329e+00 4.333333861521170e+00 3.622222305998596e+01
4.652000000000357e-02 4.333333526023776e+00 4.333332614202793e+00 4.333333859773425e+00 3.622222305721385e+01
4.653000000000358e-02 4.333333525386173e+00 4.333332616582358e+00 4.333333858031462e+00 3.622222305445091e+01
4.654000000000358e-02 4.333333524750681e+00 4.333332618954048e+00 4.333333856295265e+00 3.622222305169711e+01
4.655000000000358e-02 4.333333524117291e+00 4.333332621317891e+00 4.333333854564811e+00 3.622222304895242e+01
4.656000000000358e-02 4.333333523485998e+00 4.333332623673912e+00 4.333333852840085e+00 3.622222304621681e+01
4.657000000000359e-02 4.333333522856794e+00 4.333332626022137e+00 4.333333851121066e+00 3.622222304349026e+01
4.658000000000359e-02 4.333333522229672e+00 4.333332628362592e+00 4.333333849407734e+00 3.622222304077273e+01
4.659000000000359e-02 4.333333521604624e+00 4.333332630695302e+00 4.333333847700072e+00 3.622222303806419e+01
4.660000000000360e-02 4.333333520981644e+00 4.333332633020293e+00 4.333333845998060e+00 3.622222303536462e+01
4.661000000000360e-02 4.333333520360727e+00 4.333332635337591e+00 4.333333844301680e+00 3.622222303267398e+01
4.662000000000360e-02 4.333333519741863e+00 4.333332637647222e+00 4.333333842610913e+00 3.622222302999224e+01
4.663000000000361e-02 4.333333519125047e+00 4.333332639949210e+00 4.333333840925741e+00 3.622222302731937e+01
4.664000000000361e-02 4.333333518510272e+00 4.333332642243581e+00 4.333333839246145e+00 3.622222302465534e+01
4.665000000000361e-02 4.333333517897532e+00 4.333332644530359e+00 4.333333837572106e+00 3.622222302200014e+01
4.666000000000362e-02 4.333333517286818e+00 4.333332646809571e+00 4.333333835903607e+00 3.622222301935373e+01
4.667000000000362e-02 4.333333516678127e+00 4.333332649081241e+00 4.333333834240629e+00 3.622222301671606e+01
4.668000000000362e-02 4.333333516071449e+00 4.333332651345394e+00 4.333333832583154e+00 3.622222301408713e+01
4.669000000000362e-02 4.333333515466779e+00 4.333332653602056e+00 4.333333830931163e+00 3.622222301146689e+01
4.670000000000363e-02 4.333333514864109e+00 4.333332655851250e+00 4.333333829284638e+00 3.622222300885532e+01
4.671000000000363e-02 4.333333514263434e+00 4.333332658093002e+00 4.333333827643562e+00 3.622222300625239e+01
4.672000000000363e-02 4.333333513664746e+00 4.333332660327335e+00 4.333333826007916e+00 3.622222300365809e+01
4.673000000000364e-02 4.333333513068039e+00 4.333332662554276e+00 4.333333824377682e+00 3.622222300107236e+01
4.674000000000364e-02 4.333333512473307e+00 4.333332664773847e+00 4.333333822752843e+00 3.622222299849519e+01
4.675000000000364e-02 4.333333511880543e+00 4.333332666986074e+00 4.333333821133381e+00 3.622222299592655e+01
4.676000000000365e-02 4.333333511289740e+00 4.333332669190981e+00 4.333333819519276e+00 3.622222299336641e+01
4.677000000000365e-02 4.333333510700892e+00 4.333332671388592e+00 4.333333817910512e+00 3.622222299081474e+01
4.678000000000365e-02 4.333333510113992e+00 4.333332673578932e+00 4.333333816307073e+00 3.622222298827151e+01
4.679000000000366e-02 4.333333509529035e+00 4.333332675762024e+00 4.333333814708939e+00 3.622222298573669e+01
4.680000000000366e-02 4.333333508946013e+00 4.333332677937892e+00 4.333333813116092e+00 3.622222298321027e+01
4.681000000000366e-02 4.333333508364920e+00 4.333332680106560e+00 4.333333811528517e+00 3.622222298069220e+01
4.682000000000366e-02 4.333333507785750e+00 4.333332682268052e+00 4.333333809946195e+00 3.622222297818247e+01
4.683000000000367e-02 4.333333507208496e+00 4.333332684422393e+00 4.333333808369109e+00 3.622222297568103e+01
4.684000000000367e-02 4.333333506633153e+00 4.333332686569604e+00 4.333333806797241e+00 3.622222297318788e+01
4.685000000000367e-02 4.333333506059714e+00 4.333332688709710e+00 4.333333805230574e+00 3.622222297070298e+01
4.686000000000368e-02 4.333333505488172e+00 4.333332690842735e+00 4.333333803669092e+00 3.622222296822630e+01
4.687000000000368e-02 4.333333504918521e+00 4.333332692968701e+00 4.333333802112776e+00 3.622222296575782e+01
4.688000000000368e-02 4.333333504350755e+00 4.333332695087633e+00 4.333333800561610e+00 3.622222296329750e+01
4.689000000000369e-02 4.333333503784868e+00 4.333332697199554e+00 4.333333799015578e+00 3.622222296084532e+01
4.690000000000369e-02 4.333333503220853e+00 4.333332699304487e+00 4.333333797474660e+00 3.622222295840126e+01
4.691000000000369e-02 4.333333502658705e+00 4.333332701402454e+00 4.333333795938842e+00 3.622222295596529e+01
4.692000000000369e-02 4.333333502098416e+00 4.333332703493479e+00 4.333333794408105e+00 3.622222295353737e+01
4.693000000000370e-02 4.333333501539982e+00 4.333332705577585e+00 4.333333792882434e+00 3.622222295111748e+01
4.694000000000370e-02 4.333333500983395e+00 4.333332707654795e+00 4.333333791361811e+00 3.622222294870561e+01
4.695000000000370e-02 4.333333500428650e+00 4.333332709725132e+00 4.333333789846220e+00 3.622222294630171e+01
4.696000000000371e-02 4.333333499875741e+00 4.333332711788618e+00 4.333333788335644e+00 3.622222294390577e+01
4.697000000000371e-02 4.333333499324662e+00 4.333332713845276e+00 4.333333786830066e+00 3.622222294151776e+01
4.698000000000371e-02 4.333333498775406e+00 4.333332715895128e+00 4.333333785329469e+00 3.622222293913765e+01
4.699000000000372e-02 4.333333498227967e+00 4.333332717938198e+00 4.333333783833837e+00 3.622222293676542e+01
4.700000000000372e-02 4.333333497682340e+00 4.333332719974507e+00 4.333333782343155e+00 3.622222293440104e+01
4.701000000000372e-02 4.333333497138518e+00 4.333332722004078e+00 4.333333780857406e+00 3.622222293204448e+01
4.702000000000373e-02 4.333333496596496e+00 4.333332724026934e+00 4.333333779376573e+00 3.622222292969572e+01
4.703000000000373e-02 4.333333496056267e+00 4.333332726043096e+00 4.333333777900640e+00 3.622222292735473e+01
4.704000000000373e-02 4.333333495517826e+00 4.333332728052587e+00 4.333333776429591e+00 3.622222292502148e+01
4.705000000000373e-02 4.333333494981166e+00 4.333332730055428e+00 4.333333774963409e+00 3.622222292269596e+01
4.706000000000374e-02 4.333333494446283e+00 4.333332732051642e+00 4.333333773502079e+00 3.622222292037814e+01
4.707000000000374e-02 4.333333493913169e+00 4.333332734041250e+00 4.333333772045584e+00 3.622222291806798e+01
4.708000000000374e-02 4.333333493381819e+00 4.333332736024276e+00 4.333333770593909e+00 3.622222291576546e+01
4.709000000000375e-02 4.333333492852226e+00 4.333332738000739e+00 4.333333769147038e+00 3.622222291347057e+01
4.710000000000375e-02 4.333333492324387e+00 4.333332739970662e+00 4.333333767704954e+00 3.622222291118327e+01
4.711000000000375e-02 4.333333491798294e+00 4.333332741934067e+00 4.333333766267643e+00 3.622222290890353e+01
4.712000000000376e-02 4.333333491273942e+00 4.333332743890976e+00 4.333333764835086e+00 3.622222290663134e+01
4.713000000000376e-02 4.333333490751325e+00 4.333332745841409e+00 4.333333763407270e+00 3.622222290436667e+01
4.714000000000376e-02 4.333333490230437e+00 4.333332747785388e+00 4.333333761984179e+00 3.622222290210949e+01
4.715000000000377e-02 4.333333489711273e+00 4.333332749722935e+00 4.333333760565797e+00 3.622222289985978e+01
4.716000000000377e-02 4.333333489193826e+00 4.333332751654070e+00 4.333333759152107e+00 3.622222289761751e+01
4.717000000000377e-02 4.333333488678092e+00 4.333332753578815e+00 4.333333757743095e+00 3.622222289538266e+01
4.718000000000377e-02 4.333333488164064e+00 4.333332755497191e+00 4.333333756338747e+00 3.622222289315521e+01
4.719000000000378e-02 4.333333487651738e+00 4.333332757409220e+00 4.333333754939045e+00 3.622222289093513e+01
4.720000000000378e-02 4.333333487141107e+00 4.333332759314922e+00 4.333333753543974e+00 3.622222288872240e+01
4.721000000000378e-02 4.333333486632165e+00 4.333332761214319e+00 4.333333752153520e+00 3.622222288651699e+01
4.722000000000379e-02 4.333333486124908e+00 4.333332763107430e+00 4.333333750767665e+00 3.622222288431887e+01
4.723000000000379e-02 4.333333485619328e+00 4.333332764994276e+00 4.333333749386398e+00 3.622222288212804e+01
4.724000000000379e-02 4.333333485115422e+00 4.333332766874880e+00 4.333333748009701e+00 3.622222287994445e+01
4.725000000000380e-02 4.333333484613183e+00 4.333332768749260e+00 4.333333746637559e+00 3.622222287776808e+01
4.726000000000380e-02 4.333333484112607e+00 4.333332770617438e+00 4.333333745269958e+00 3.622222287559892e+01
4.727000000000380e-02 4.333333483613686e+00 4.333332772479434e+00 4.333333743906882e+00 3.622222287343693e+01
4.728000000000381e-02 4.333333483116416e+00 4.333332774335269e+00 4.333333742548317e+00 3.622222287128210e+01
4.729000000000381e-02 4.333333482620792e+00 4.333332776184964e+00 4.333333741194247e+00 3.622222286913439e+01
4.730000000000381e-02 4.333333482126807e+00 4.333332778028538e+00 4.333333739844657e+00 3.622222286699380e+01
4.731000000000381e-02 4.333333481634457e+00 4.333332779866012e+00 4.333333738499533e+00 3.622222286486028e+01
4.732000000000382e-02 4.333333481143737e+00 4.333332781697406e+00 4.333333737158861e+00 3.622222286273382e+01
4.733000000000382e-02 4.333333480654640e+00 4.333332783522740e+00 4.333333735822624e+00 3.622222286061441e+01
4.734000000000382e-02 4.333333480167163e+00 4.333332785342034e+00 4.333333734490808e+00 3.622222285850201e+01
4.735000000000383e-02 4.333333479681298e+00 4.333332787155308e+00 4.333333733163400e+00 3.622222285639659e+01
4.736000000000383e-02 4.333333479197040e+00 4.333332788962582e+00 4.333333731840384e+00 3.622222285429814e+01
4.737000000000383e-02 4.333333478714384e+00 4.333332790763875e+00 4.333333730521745e+00 3.622222285220663e+01
4.738000000000384e-02 4.333333478233326e+00 4.333332792559208e+00 4.333333729207470e+00 3.622222285012205e+01
4.739000000000384e-02 4.333333477753860e+00 4.333332794348601e+00 4.333333727897544e+00 3.622222284804437e+01
4.740000000000384e-02 4.333333477275981e+00 4.333332796132072e+00 4.333333726591952e+00 3.622222284597356e+01
4.741000000000384e-02 4.333333476799683e+00 4.333332797909642e+00 4.333333725290680e+00 3.622222284390961e+01
4.742000000000385e-02 4.333333476324960e+00 4.333332799681330e+00 4.333333723993714e+00 3.622222284185248e+01
4.743000000000385e-02 4.333333475851809e+00 4.333332801447155e+00 4.333333722701039e+00 3.622222283980216e+01
4.744000000000385e-02 4.333333475380224e+00 4.333332803207138e+00 4.333333721412642e+00 3.622222283775863e+01
4.745000000000386e-02 4.333333474910198e+00 4.333332804961297e+00 4.333333720128508e+00 3.622222283572185e+01
4.746000000000386e-02 4.333333474441727e+00 4.333332806709652e+00 4.333333718848624e+00 3.622222283369181e+01
4.747000000000386e-02 4.333333473974808e+00 4.333332808452222e+00 4.333333717572974e+00 3.622222283166849e+01
4.748000000000387e-02 4.333333473509432e+00 4.333332810189026e+00 4.333333716301546e+00 3.622222282965186e+01
4.749000000000387e-02 4.333333473045597e+00 4.333332811920083e+00 4.333333715034325e+00 3.622222282764191e+01
4.750000000000387e-02 4.333333472583297e+00 4.333332813645411e+00 4.333333713771297e+00 3.622222282563861e+01
4.751000000000388e-02 4.333333472122526e+00 4.333332815365030e+00 4.333333712512448e+00 3.622222282364194e+01
4.752000000000388e-02 4.333333471663280e+00 4.333332817078960e+00 4.333333711257764e+00 3.622222282165188e+01
4.753000000000388e-02 4.333333471205552e+00 4.333332818787218e+00 4.333333710007233e+00 3.622222281966839e+01
4.754000000000388e-02 4.333333470749340e+00 4.333332820489823e+00 4.333333708760839e+00 3.622222281769147e+01
4.755000000000389e-02 4.333333470294638e+00 4.333332822186795e+00 4.333333707518570e+00 3.622222281572110e+01
4.756000000000389e-02 4.333333469841441e+00 4.333332823878151e+00 4.333333706280411e+00 3.622222281375724e+01
4.757000000000389e-02 4.333333469389743e+00 4.333332825563911e+00 4.333333705046349e+00 3.622222281179988e+01
4.758000000000390e-02 4.333333468939539e+00 4.333332827244092e+00 4.333333703816370e+00 3.622222280984900e+01
4.759000000000390e-02 4.333333468490825e+00 4.333332828918715e+00 4.333333702590462e+00 3.622222280790458e+01
4.760000000000390e-02 4.333333468043596e+00 4.333332830587795e+00 4.333333701368610e+00 3.622222280596660e+01
4.761000000000391e-02 4.333333467597848e+00 4.333332832251354e+00 4.333333700150801e+00 3.622222280403502e+01
4.762000000000391e-02 4.333333467153574e+00 4.333332833909407e+00 4.333333698937022e+00 3.622222280210983e+01
4.763000000000391e-02 4.333333466710770e+00 4.333332835561974e+00 4.333333697727259e+00 3.622222280019101e+01
4.764000000000392e-02 4.333333466269431e+00 4.333332837209072e+00 4.333333696521499e+00 3.622222279827855e+01
4.765000000000392e-02 4.333333465829552e+00 4.333332838850721e+00 4.333333695319729e+00 3.622222279637241e+01
4.766000000000392e-02 4.333333465391129e+00 4.333332840486937e+00 4.333333694121935e+00 3.622222279447259e+01
4.767000000000392e-02 4.333333464954157e+00 4.333332842117740e+00 4.333333692928105e+00 3.622222279257904e+01
4.768000000000393e-02 4.333333464518630e+00 4.333332843743145e+00 4.333333691738225e+00 3.622222279069177e+01
4.769000000000393e-02 4.333333464084545e+00 4.333332845363173e+00 4.333333690552283e+00 3.622222278881073e+01
4.770000000000393e-02 4.333333463651896e+00 4.333332846977840e+00 4.333333689370265e+00 3.622222278693592e+01
4.771000000000394e-02 4.333333463220678e+00 4.333332848587164e+00 4.333333688192157e+00 3.622222278506731e+01
4.772000000000394e-02 4.333333462790888e+00 4.333332850191163e+00 4.333333687017949e+00 3.622222278320488e+01
4.773000000000394e-02 4.333333462362519e+00 4.333332851789855e+00 4.333333685847625e+00 3.622222278134862e+01
4.774000000000395e-02 4.333333461935569e+00 4.333332853383257e+00 4.333333684681175e+00 3.622222277949850e+01
4.775000000000395e-02 4.333333461510031e+00 4.333332854971386e+00 4.333333683518584e+00 3.622222277765451e+01
4.776000000000395e-02 4.333333461085901e+00 4.333332856554259e+00 4.333333682359840e+00 3.622222277581661e+01
4.777000000000396e-02 4.333333460663174e+00 4.333332858131895e+00 4.333333681204930e+00 3.622222277398480e+01
4.778000000000396e-02 4.333333460241846e+00 4.333332859704311e+00 4.333333680053842e+00 3.622222277215905e+01
4.779000000000396e-02 4.333333459821913e+00 4.333332861271523e+00 4.333333678906563e+00 3.622222277033934e+01
4.780000000000396e-02 4.333333459403369e+00 4.333332862833550e+00 4.333333677763080e+00 3.622222276852565e+01
4.781000000000397e-02 4.333333458986210e+00 4.333332864390409e+00 4.333333676623381e+00 3.622222276671796e+01
4.782000000000397e-02 4.333333458570432e+00 4.333332865942116e+00 4.333333675487452e+00 3.622222276491625e+01
4.783000000000397e-02 4.333333458156029e+00 4.333332867488688e+00 4.333333674355282e+00 3.622222276312051e+01
4.784000000000398e-02 4.333333457742998e+00 4.333332869030142e+00 4.333333673226860e+00 3.622222276133071e+01
4.785000000000398e-02 4.333333457331332e+00 4.333332870566497e+00 4.333333672102171e+00 3.622222275954682e+01
4.786000000000398e-02 4.333333456921030e+00 4.333332872097767e+00 4.333333670981203e+00 3.622222275776884e+01
4.787000000000399e-02 4.333333456512086e+00 4.333332873623970e+00 4.333333669863944e+00 3.622222275599675e+01
4.788000000000399e-02 4.333333456104493e+00 4.333332875145124e+00 4.333333668750382e+00 3.622222275423052e+01
4.789000000000399e-02 4.333333455698250e+00 4.333332876661244e+00 4.333333667640505e+00 3.622222275247013e+01
4.790000000000399e-02 4.333333455293351e+00 4.333332878172348e+00 4.333333666534300e+00 3.622222275071557e+01
4.791000000000400e-02 4.333333454889792e+00 4.333332879678450e+00 4.333333665431756e+00 3.622222274896681e+01
4.792000000000400e-02 4.333333454487569e+00 4.333332881179570e+00 4.333333664332860e+00 3.622222274722385e+01
4.793000000000400e-02 4.333333454086675e+00 4.333332882675722e+00 4.333333663237601e+00 3.622222274548664e+01
4.794000000000401e-02 4.333333453687110e+00 4.333332884166924e+00 4.333333662145966e+00 3.622222274375518e+01
4.795000000000401e-02 4.333333453288866e+00 4.333332885653191e+00 4.333333661057943e+00 3.622222274202946e+01
4.796000000000401e-02 4.333333452891939e+00 4.333332887134541e+00 4.333333659973520e+00 3.622222274030944e+01
4.797000000000402e-02 4.333333452496325e+00 4.333332888610989e+00 4.333333658892685e+00 3.622222273859512e+01
4.798000000000402e-02 4.333333452102022e+00 4.333332890082550e+00 4.333333657815427e+00 3.622222273688647e+01
4.799000000000402e-02 4.333333451709023e+00 4.333332891549244e+00 4.333333656741733e+00 3.622222273518347e+01
4.800000000000403e-02 4.333333451317324e+00 4.333332893011084e+00 4.333333655671591e+00 3.622222273348611e+01
4.801000000000403e-02 4.333333450926921e+00 4.333332894468087e+00 4.333333654604991e+00 3.622222273179437e+01
4.802000000000403e-02 4.333333450537811e+00 4.333332895920268e+00 4.333333653541921e+00 3.622222273010823e+01
4.803000000000403e-02 4.333333450149988e+00 4.333332897367645e+00 4.333333652482367e+00 3.622222272842767e+01
4.804000000000404e-02 4.333333449763448e+00 4.333332898810231e+00 4.333333651426321e+00 3.622222272675266e+01
4.805000000000404e-02 4.333333449378188e+00 4.333332900248045e+00 4.333333650373769e+00 3.622222272508319e+01
4.806000000000404e-02 4.333333448994201e+00 4.333332901681100e+00 4.333333649324699e+00 3.622222272341926e+01
4.807000000000405e-02 4.333333448611486e+00 4.333332903109414e+00 4.333333648279101e+00 3.622222272176082e+01
4.808000000000405e-02 4.333333448230037e+00 4.333332904533003e+00 4.333333647236962e+00 3.622222272010788e+01
4.809000000000405e-02 4.333333447849849e+00 4.333332905951880e+00 4.333333646198272e+00 3.622222271846040e+01
4.810000000000406e-02 4.333333447470920e+00 4.333332907366062e+00 4.333333645163019e+00 3.622222271681838e+01
4.811000000000406e-02 4.333333447093246e+00 4.333332908775565e+00 4.333333644131191e+00 3.622222271518179e+01
4.812000000000406e-02 4.333333446716821e+00 4.333332910180403e+00 4.333333643102777e+00 3.622222271355061e+01
4.813000000000407e-02 4.333333446341642e+00 4.333332911580594e+00 4.333333642077767e+00 3.622222271192484e+01
4.814000000000407e-02 4.333333445967703e+00 4.333332912976151e+00 4.333333641056147e+00 3.622222271030444e+01
4.815000000000407e-02 4.333333445595002e+00 4.333332914367090e+00 4.333333640037909e+00 3.622222270868940e+01
4.816000000000407e-02 4.333333445223534e+00 4.333332915753427e+00 4.333333639023040e+00 3.622222270707971e+01
4.817000000000408e-02 4.333333444853295e+00 4.333332917135176e+00 4.333333638011529e+00 3.622222270547534e+01
4.818000000000408e-02 4.333333444484282e+00 4.333332918512353e+00 4.333333637003366e+00 3.622222270387628e+01
4.819000000000408e-02 4.333333444116490e+00 4.333332919884973e+00 4.333333635998539e+00 3.622222270228252e+01
4.820000000000409e-02 4.333333443749914e+00 4.333332921253051e+00 4.333333634997036e+00 3.622222270069403e+01
4.821000000000409e-02 4.333333443384552e+00 4.333332922616602e+00 4.333333633998847e+00 3.622222269911079e+01
4.822000000000409e-02 4.333333443020399e+00 4.333332923975641e+00 4.333333633003961e+00 3.622222269753279e+01
4.823000000000410e-02 4.333333442657450e+00 4.333332925330184e+00 4.333333632012367e+00 3.622222269596001e+01
4.824000000000410e-02 4.333333442295702e+00 4.333332926680245e+00 4.333333631024054e+00 3.622222269439244e+01
4.825000000000410e-02 4.333333441935151e+00 4.333332928025838e+00 4.333333630039012e+00 3.622222269283005e+01
4.826000000000411e-02 4.333333441575793e+00 4.333332929366978e+00 4.333333629057228e+00 3.622222269127284e+01
4.827000000000411e-02 4.333333441217625e+00 4.333332930703681e+00 4.333333628078694e+00 3.622222268972078e+01
4.828000000000411e-02 4.333333440860642e+00 4.333332932035960e+00 4.333333627103398e+00 3.622222268817386e+01
4.829000000000411e-02 4.333333440504839e+00 4.333332933363832e+00 4.333333626131329e+00 3.622222268663205e+01
4.830000000000412e-02 4.333333440150215e+00 4.333332934687309e+00 4.333333625162475e+00 3.622222268509535e+01
4.831000000000412e-02 4.333333439796763e+00 4.333332936006408e+00 4.333333624196829e+00 3.622222268356373e+01
4.832000000000412e-02 4.333333439444481e+00 4.333332937321141e+00 4.333333623234378e+00 3.622222268203718e+01
4.833000000000413e-02 4.333333439093365e+00 4.333332938631524e+00 4.333333622275110e+00 3.622222268051568e+01
4.834000000000413e-02 4.333333438743411e+00 4.333332939937571e+00 4.333333621319018e+00 3.622222267899921e+01
4.835000000000413e-02 4.333333438394614e+00 4.333332941239296e+00 4.333333620366089e+00 3.622222267748776e+01
4.836000000000414e-02 4.333333438046973e+00 4.333332942536714e+00 4.333333619416313e+00 3.622222267598131e+01
4.837000000000414e-02 4.333333437700481e+00 4.333332943829839e+00 4.333333618469680e+00 3.622222267447984e+01
4.838000000000414e-02 4.333333437355136e+00 4.333332945118685e+00 4.333333617526178e+00 3.622222267298335e+01
4.839000000000414e-02 4.333333437010934e+00 4.333332946403266e+00 4.333333616585799e+00 3.622222267149181e+01
4.840000000000415e-02 4.333333436667870e+00 4.333332947683597e+00 4.333333615648532e+00 3.622222267000520e+01
4.841000000000415e-02 4.333333436325941e+00 4.333332948959691e+00 4.333333614714366e+00 3.622222266852351e+01
4.842000000000415e-02 4.333333435985144e+00 4.333332950231562e+00 4.333333613783291e+00 3.622222266704673e+01
4.843000000000416e-02 4.333333435645475e+00 4.333332951499226e+00 4.333333612855298e+00 3.622222266557483e+01
4.844000000000416e-02 4.333333435306930e+00 4.333332952762694e+00 4.333333611930374e+00 3.622222266410780e+01
4.845000000000416e-02 4.333333434969505e+00 4.333332954021982e+00 4.333333611008512e+00 3.622222266264563e+01
4.846000000000417e-02 4.333333434633196e+00 4.333332955277103e+00 4.333333610089699e+00 3.622222266118829e+01
4.847000000000417e-02 4.333333434298000e+00 4.333332956528071e+00 4.333333609173927e+00 3.622222265973578e+01
4.848000000000417e-02 4.333333433963913e+00 4.333332957774900e+00 4.333333608261185e+00 3.622222265828807e+01
4.849000000000418e-02 4.333333433630933e+00 4.333332959017603e+00 4.333333607351464e+00 3.622222265684515e+01
4.850000000000418e-02 4.333333433299053e+00 4.333332960256193e+00 4.333333606444753e+00 3.622222265540701e+01
4.851000000000418e-02 4.333333432968272e+00 4.333332961490685e+00 4.333333605541042e+00 3.622222265397362e+01
4.852000000000418e-02 4.333333432638585e+00 4.333332962721093e+00 4.333333604640321e+00 3.622222265254498e+01
4.853000000000419e-02 4.333333432309989e+00 4.333332963947429e+00 4.333333603742581e+00 3.622222265112106e+01
4.854000000000419e-02 4.333333431982481e+00 4.333332965169707e+00 4.333333602847811e+00 3.622222264970186e+01
4.855000000000419e-02 4.333333431656055e+00 4.333332966387941e+00 4.333333601956002e+00 3.622222264828736e+01
4.856000000000420e-02 4.333333431330711e+00 4.333332967602144e+00 4.333333601067144e+00 3.622222264687754e+01
4.857000000000420e-02 4.333333431006444e+00 4.333332968812329e+00 4.333333600181227e+00 3.622222264547239e+01
4.858000000000420e-02 4.333333430683249e+00 4.333332970018509e+00 4.333333599298242e+00 3.622222264407187e+01
4.859000000000421e-02 4.333333430361123e+00 4.333332971220699e+00 4.333333598418179e+00 3.622222264267599e+01
4.860000000000421e-02 4.333333430040064e+00 4.333332972418910e+00 4.333333597541027e+00 3.622222264128473e+01
4.861000000000421e-02 4.333333429720066e+00 4.333332973613157e+00 4.333333596666778e+00 3.622222263989808e+01
4.862000000000422e-02 4.333333429401128e+00 4.333332974803452e+00 4.333333595795422e+00 3.622222263851601e+01
4.863000000000422e-02 4.333333429083244e+00 4.333332975989808e+00 4.333333594926949e+00 3.622222263713852e+01
4.864000000000422e-02 4.333333428766413e+00 4.333332977172239e+00 4.333333594061350e+00 3.622222263576558e+01
4.865000000000422e-02 4.333333428450630e+00 4.333332978350756e+00 4.333333593198615e+00 3.622222263439719e+01
4.866000000000423e-02 4.333333428135892e+00 4.333332979525374e+00 4.333333592338735e+00 3.622222263303333e+01
4.867000000000423e-02 4.333333427822195e+00 4.333332980696105e+00 4.333333591481700e+00 3.622222263167398e+01
4.868000000000423e-02 4.333333427509537e+00 4.333332981862963e+00 4.333333590627500e+00 3.622222263031913e+01
4.869000000000424e-02 4.333333427197913e+00 4.333332983025959e+00 4.333333589776128e+00 3.622222262896876e+01
4.870000000000424e-02 4.333333426887321e+00 4.333332984185107e+00 4.333333588927573e+00 3.622222262762286e+01
4.871000000000424e-02 4.333333426577756e+00 4.333332985340419e+00 4.333333588081826e+00 3.622222262628141e+01
4.872000000000425e-02 4.333333426269215e+00 4.333332986491909e+00 4.333333587238877e+00 3.622222262494439e+01
4.873000000000425e-02 4.333333425961695e+00 4.333332987639589e+00 4.333333586398717e+00 3.622222262361181e+01
4.874000000000425e-02 4.333333425655193e+00 4.333332988783472e+00 4.333333585561338e+00 3.622222262228362e+01
4.875000000000426e-02 4.333333425349705e+00 4.333332989923568e+00 4.333333584726729e+00 3.622222262095984e+01
4.876000000000426e-02 4.333333425045229e+00 4.333332991059893e+00 4.333333583894882e+00 3.622222261964043e+01
4.877000000000426e-02 4.333333424741759e+00 4.333332992192457e+00 4.333333583065787e+00 3.622222261832540e+01
4.878000000000426e-02 4.333333424439293e+00 4.333332993321275e+00 4.333333582239436e+00 3.622222261701471e+01
4.879000000000427e-02 4.333333424137829e+00 4.333332994446356e+00 4.333333581415819e+00 3.622222261570836e+01
4.880000000000427e-02 4.333333423837361e+00 4.333332995567715e+00 4.333333580594927e+00 3.622222261440633e+01
4.881000000000427e-02 4.333333423537888e+00 4.333332996685363e+00 4.333333579776752e+00 3.622222261310862e+01
4.882000000000428e-02 4.333333423239406e+00 4.333332997799313e+00 4.333333578961285e+00 3.622222261181520e+01
4.883000000000428e-02 4.333333422941911e+00 4.333332998909577e+00 4.333333578148514e+00 3.622222261052606e+01
4.884000000000428e-02 4.333333422645401e+00 4.333333000016167e+00 4.333333577338434e+00 3.622222260924119e+01
4.885000000000429e-02 4.333333422349872e+00 4.333333001119096e+00 4.333333576531034e+00 3.622222260796056e+01
4.886000000000429e-02 4.333333422055321e+00 4.333333002218374e+00 4.333333575726306e+00 3.622222260668418e+01
4.887000000000429e-02 4.333333421761744e+00 4.333333003314015e+00 4.333333574924241e+00 3.622222260541202e+01
4.888000000000430e-02 4.333333421469140e+00 4.333333004406032e+00 4.333333574124830e+00 3.622222260414406e+01
4.889000000000430e-02 4.333333421177503e+00 4.333333005494435e+00 4.333333573328064e+00 3.622222260288030e+01
4.890000000000430e-02 4.333333420886832e+00 4.333333006579236e+00 4.333333572533934e+00 3.622222260162073e+01
4.891000000000430e-02 4.333333420597122e+00 4.333333007660448e+00 4.333333571742432e+00 3.622222260036532e+01
4.892000000000431e-02 4.333333420308371e+00 4.333333008738082e+00 4.333333570953548e+00 3.622222259911407e+01
4.893000000000431e-02 4.333333420020575e+00 4.333333009812151e+00 4.333333570167276e+00 3.622222259786695e+01
4.894000000000431e-02 4.333333419733732e+00 4.333333010882665e+00 4.333333569383605e+00 3.622222259662396e+01
4.895000000000432e-02 4.333333419447837e+00 4.333333011949636e+00 4.333333568602527e+00 3.622222259538508e+01
4.896000000000432e-02 4.333333419162888e+00 4.333333013013077e+00 4.333333567824034e+00 3.622222259415032e+01
4.897000000000432e-02 4.333333418878883e+00 4.333333014073000e+00 4.333333567048117e+00 3.622222259291963e+01
4.898000000000433e-02 4.333333418595817e+00 4.333333015129416e+00 4.333333566274767e+00 3.622222259169301e+01
4.899000000000433e-02 4.333333418313688e+00 4.333333016182335e+00 4.333333565503977e+00 3.622222259047045e+01
4.900000000000433e-02 4.333333418032493e+00 4.333333017231770e+00 4.333333564735737e+00 3.622222258925194e+01
4.901000000000433e-02 4.333333417752228e+00 4.333333018277734e+00 4.333333563970038e+00 3.622222258803747e+01
4.902000000000434e-02 4.333333417472891e+00 4.333333019320236e+00 4.333333563206875e+00 3.622222258682700e+01
4.903000000000434e-02 4.333333417194477e+00 4.333333020359288e+00 4.333333562446235e+00 3.622222258562054e+01
4.904000000000434e-02 4.333333416916984e+00 4.333333021394902e+00 4.333333561688113e+00 3.622222258441808e+01
4.905000000000435e-02 4.333333416640411e+00 4.333333022427089e+00 4.333333560932499e+00 3.622222258321959e+01
4.906000000000435e-02 4.333333416364752e+00 4.333333023455861e+00 4.333333560179386e+00 3.622222258202507e+01
4.907000000000435e-02 4.333333416090006e+00 4.333333024481228e+00 4.333333559428765e+00 3.622222258083450e+01
4.908000000000436e-02 4.333333415816169e+00 4.333333025503203e+00 4.333333558680628e+00 3.622222257964788e+01
4.909000000000436e-02 4.333333415543238e+00 4.333333026521796e+00 4.333333557934965e+00 3.622222257846519e+01
4.910000000000436e-02 4.333333415271210e+00 4.333333027537019e+00 4.333333557191771e+00 3.622222257728640e+01
4.911000000000437e-02 4.333333415000082e+00 4.333333028548883e+00 4.333333556451035e+00 3.622222257611151e+01
4.912000000000437e-02 4.333333414729851e+00 4.333333029557398e+00 4.333333555712750e+00 3.622222257494051e+01
4.913000000000437e-02 4.333333414460514e+00 4.333333030562576e+00 4.333333554976909e+00 3.622222257377339e+01
4.914000000000437e-02 4.333333414192069e+00 4.333333031564428e+00 4.333333554243502e+00 3.622222257261013e+01
4.915000000000438e-02 4.333333413924511e+00 4.333333032562965e+00 4.333333553512523e+00 3.622222257145071e+01
4.916000000000438e-02 4.333333413657839e+00 4.333333033558199e+00 4.333333552783961e+00 3.622222257029514e+01
4.917000000000438e-02 4.333333413392050e+00 4.333333034550138e+00 4.333333552057811e+00 3.622222256914338e+01
4.918000000000439e-02 4.333333413127140e+00 4.333333035538796e+00 4.333333551334063e+00 3.622222256799544e+01
4.919000000000439e-02 4.333333412863107e+00 4.333333036524182e+00 4.333333550612711e+00 3.622222256685129e+01
4.920000000000439e-02 4.333333412599947e+00 4.333333037506308e+00 4.333333549893745e+00 3.622222256571094e+01
4.921000000000440e-02 4.333333412337658e+00 4.333333038485184e+00 4.333333549177159e+00 3.622222256457435e+01
4.922000000000440e-02 4.333333412076237e+00 4.333333039460821e+00 4.333333548462943e+00 3.622222256344152e+01
4.923000000000440e-02 4.333333411815681e+00 4.333333040433230e+00 4.333333547751091e+00 3.622222256231244e+01
4.924000000000441e-02 4.333333411555986e+00 4.333333041402421e+00 4.333333547041595e+00 3.622222256118710e+01
4.925000000000441e-02 4.333333411297152e+00 4.333333042368404e+00 4.333333546334446e+00 3.622222256006549e+01
4.926000000000441e-02 4.333333411039174e+00 4.333333043331192e+00 4.333333545629636e+00 3.622222255894759e+01
4.927000000000441e-02 4.333333410782050e+00 4.333333044290793e+00 4.333333544927159e+00 3.622222255783338e+01
4.928000000000442e-02 4.333333410525776e+00 4.333333045247219e+00 4.333333544227007e+00 3.622222255672286e+01
4.929000000000442e-02 4.333333410270350e+00 4.333333046200480e+00 4.333333543529172e+00 3.622222255561601e+01
4.930000000000442e-02 4.333333410015769e+00 4.333333047150588e+00 4.333333542833645e+00 3.622222255451283e+01
4.931000000000443e-02 4.333333409762032e+00 4.333333048097551e+00 4.333333542140420e+00 3.622222255341330e+01
4.932000000000443e-02 4.333333409509134e+00 4.333333049041381e+00 4.333333541449488e+00 3.622222255231740e+01
4.933000000000443e-02 4.333333409257072e+00 4.333333049982088e+00 4.333333540760843e+00 3.622222255122514e+01
4.934000000000444e-02 4.333333409005845e+00 4.333333050919682e+00 4.333333540074476e+00 3.622222255013649e+01
4.935000000000444e-02 4.333333408755449e+00 4.333333051854174e+00 4.333333539390381e+00 3.622222254905144e+01
4.936000000000444e-02 4.333333408505880e+00 4.333333052785574e+00 4.333333538708549e+00 3.622222254796998e+01
4.937000000000445e-02 4.333333408257139e+00 4.333333053713891e+00 4.333333538028974e+00 3.622222254689211e+01
4.938000000000445e-02 4.333333408009220e+00 4.333333054639136e+00 4.333333537351647e+00 3.622222254581779e+01
4.939000000000445e-02 4.333333407762122e+00 4.333333055561321e+00 4.333333536676562e+00 3.622222254474703e+01
4.940000000000445e-02 4.333333407515840e+00 4.333333056480453e+00 4.333333536003710e+00 3.622222254367981e+01
4.941000000000446e-02 4.333333407270374e+00 4.333333057396544e+00 4.333333535333084e+00 3.622222254261613e+01
4.942000000000446e-02 4.333333407025719e+00 4.333333058309604e+00 4.333333534664678e+00 3.622222254155597e+01
4.943000000000446e-02 4.333333406781875e+00 4.333333059219643e+00 4.333333533998483e+00 3.622222254049932e+01
4.944000000000447e-02 4.333333406538839e+00 4.333333060126670e+00 4.333333533334493e+00 3.622222253944616e+01
4.945000000000447e-02 4.333333406296606e+00 4.333333061030697e+00 4.333333532672699e+00 3.622222253839648e+01
4.946000000000447e-02 4.333333406055175e+00 4.333333061931731e+00 4.333333532013096e+00 3.622222253735028e+01
4.947000000000448e-02 4.333333405814543e+00 4.333333062829785e+00 4.333333531355676e+00 3.622222253630753e+01
4.948000000000448e-02 4.333333405574706e+00 4.333333063724867e+00 4.333333530700430e+00 3.622222253526824e+01
4.949000000000448e-02 4.333333405335662e+00 4.333333064616987e+00 4.333333530047353e+00 3.622222253423239e+01
4.950000000000448e-02 4.333333405097410e+00 4.333333065506155e+00 4.333333529396437e+00 3.622222253319997e+01
4.951000000000449e-02 4.333333404859947e+00 4.333333066392380e+00 4.333333528747675e+00 3.622222253217096e+01
4.952000000000449e-02 4.333333404623270e+00 4.333333067275674e+00 4.333333528101059e+00 3.622222253114536e+01
4.953000000000449e-02 4.333333404387375e+00 4.333333068156044e+00 4.333333527456583e+00 3.622222253012315e+01
4.954000000000450e-02 4.333333404152261e+00 4.333333069033501e+00 4.333333526814239e+00 3.622222252910433e+01
4.955000000000450e-02 4.333333403917925e+00 4.333333069908055e+00 4.333333526174021e+00 3.622222252808887e+01
4.956000000000450e-02 4.333333403684364e+00 4.333333070779715e+00 4.333333525535922e+00 3.622222252707677e+01
4.957000000000451e-02 4.333333403451577e+00 4.333333071648491e+00 4.333333524899934e+00 3.622222252606803e+01
4.958000000000451e-02 4.333333403219560e+00 4.333333072514392e+00 4.333333524266051e+00 3.622222252506262e+01
4.959000000000451e-02 4.333333402988310e+00 4.333333073377428e+00 4.333333523634264e+00 3.622222252406053e+01
4.960000000000452e-02 4.333333402757825e+00 4.333333074237609e+00 4.333333523004569e+00 3.622222252306177e+01
4.961000000000452e-02 4.333333402528103e+00 4.333333075094942e+00 4.333333522376957e+00 3.622222252206631e+01
4.962000000000452e-02 4.333333402299141e+00 4.333333075949439e+00 4.333333521751422e+00 3.622222252107414e+01
4.963000000000452e-02 4.333333402070937e+00 4.333333076801109e+00 4.333333521127956e+00 3.622222252008525e+01
4.964000000000453e-02 4.333333401843488e+00 4.333333077649961e+00 4.333333520506554e+00 3.622222251909964e+01
4.965000000000453e-02 4.333333401616792e+00 4.333333078496003e+00 4.333333519887208e+00 3.622222251811728e+01
4.966000000000453e-02 4.333333401390846e+00 4.333333079339246e+00 4.333333519269911e+00 3.622222251713819e+01
4.967000000000454e-02 4.333333401165646e+00 4.333333080179699e+00 4.333333518654658e+00 3.622222251616233e+01
4.968000000000454e-02 4.333333400941193e+00 4.333333081017371e+00 4.333333518041440e+00 3.622222251518969e+01
4.969000000000454e-02 4.333333400717482e+00 4.333333081852270e+00 4.333333517430250e+00 3.622222251422028e+01
4.970000000000455e-02 4.333333400494512e+00 4.333333082684407e+00 4.333333516821083e+00 3.622222251325407e+01
4.971000000000455e-02 4.333333400272279e+00 4.333333083513791e+00 4.333333516213933e+00 3.622222251229106e+01
4.972000000000455e-02 4.333333400050781e+00 4.333333084340430e+00 4.333333515608791e+00 3.622222251133124e+01
4.973000000000456e-02 4.333333399830018e+00 4.333333085164334e+00 4.333333515005651e+00 3.622222251037459e+01
4.974000000000456e-02 4.333333399609984e+00 4.333333085985512e+00 4.333333514404507e+00 3.622222250942112e+01
4.975000000000456e-02 4.333333399390678e+00 4.333333086803973e+00 4.333333513805352e+00 3.622222250847079e+01
4.976000000000456e-02 4.333333399172097e+00 4.333333087619724e+00 4.333333513208180e+00 3.622222250752361e+01
4.977000000000457e-02 4.333333398954240e+00 4.333333088432777e+00 4.333333512612984e+00 3.622222250657957e+01
4.978000000000457e-02 4.333333398737104e+00 4.333333089243141e+00 4.333333512019757e+00 3.622222250563865e+01
4.979000000000457e-02 4.333333398520687e+00 4.333333090050822e+00 4.333333511428493e+00 3.622222250470084e+01
4.980000000000458e-02 4.333333398304985e+00 4.333333090855830e+00 4.333333510839186e+00 3.622222250376613e+01
4.981000000000458e-02 4.333333398089997e+00 4.333333091658175e+00 4.333333510251828e+00 3.622222250283453e+01
4.982000000000458e-02 4.333333397875720e+00 4.333333092457865e+00 4.333333509666414e+00 3.622222250190600e+01
4.983000000000459e-02 4.333333397662154e+00 4.333333093254909e+00 4.333333509082937e+00 3.622222250098054e+01
4.984000000000459e-02 4.333333397449293e+00 4.333333094049316e+00 4.333333508501391e+00 3.622222250005814e+01
4.985000000000459e-02 4.333333397237137e+00 4.333333094841095e+00 4.333333507921769e+00 3.622222249913879e+01
4.986000000000460e-02 4.333333397025682e+00 4.333333095630253e+00 4.333333507344065e+00 3.622222249822249e+01
4.987000000000460e-02 4.333333396814927e+00 4.333333096416800e+00 4.333333506768272e+00 3.622222249730923e+01
4.988000000000460e-02 4.333333396604869e+00 4.333333097200744e+00 4.333333506194386e+00 3.622222249639898e+01
4.989000000000460e-02 4.333333396395507e+00 4.333333097982093e+00 4.333333505622398e+00 3.622222249549174e+01
4.990000000000461e-02 4.333333396186838e+00 4.333333098760858e+00 4.333333505052303e+00 3.622222249458751e+01
4.991000000000461e-02 4.333333395978858e+00 4.333333099537046e+00 4.333333504484094e+00 3.622222249368626e+01
4.992000000000461e-02 4.333333395771567e+00 4.333333100310665e+00 4.333333503917765e+00 3.622222249278800e+01
4.993000000000462e-02 4.333333395564962e+00 4.333333101081725e+00 4.333333503353311e+00 3.622222249189271e+01
4.994000000000462e-02 4.333333395359041e+00 4.333333101850233e+00 4.333333502790723e+00 3.622222249100038e+01
4.995000000000462e-02 4.333333395153802e+00 4.333333102616198e+00 4.333333502229998e+00 3.622222249011101e+01
4.996000000000463e-02 4.333333394949241e+00 4.333333103379628e+00 4.333333501671127e+00 3.622222248922458e+01
4.997000000000463e-02 4.333333394745358e+00 4.333333104140532e+00 4.333333501114106e+00 3.622222248834109e+01
4.998000000000463e-02 4.333333394542149e+00 4.333333104898919e+00 4.333333500558929e+00 3.622222248746051e+01
4.999000000000463e-02 4.333333394339612e+00 4.333333105654796e+00 4.333333500005589e+00 3.622222248658286e+01
5.000000000000000e-02 4.333333394137745e+00 4.333333106408172e+00 4.333333499454079e+00 3.622222248570810e+01
